hotel,checkin,bid,fam,c3,sg,in_other,p2,p1,only1,vs
22land-residence-2,2026-10-01,bbasic_0,"('bbasic_0',)",?,False,False,905169.0,,False,run1
22land-residence-2,2026-10-01,1552871001_427146946_0_1_0,"('1552871001', '427146946', '1', '0', '')",0,False,True,958968.0,958968.0,False,run1
22land-residence-2,2026-10-01,1552871001_437413543_2_1_0_1335003,"('1552871001', '437413543', '1', '0', '1335003')",N>=2,False,True,1009440.0,1009440.0,False,run1
22land-residence-2,2026-10-01,1552871002_bbasic_0,"('1552871002_bbasic_0',)",0,False,False,929359.0,,False,run1
22land-residence-2,2026-10-01,1552871002_427146946_2_1_0,"('1552871002', '427146946', '1', '0', '')",N>=2,False,True,984960.0,984960.0,False,run1
22land-residence-2,2026-10-01,1552871002_437413543_2_1_0_1335003,"('1552871002', '437413543', '1', '0', '1335003')",N>=2,False,True,1036800.0,1036800.0,False,run1
22land-residence-2,2026-10-01,1552871003_bbasic_0,"('1552871003_bbasic_0',)",0,False,False,989443.0,,False,run1
22land-residence-2,2026-10-01,1552871003_427146946_0_1_0,"('1552871003', '427146946', '1', '0', '')",0,False,True,1048572.0,1048572.0,False,run1
22land-residence-2,2026-10-01,1552871003_437413543_2_1_0_1335003,"('1552871003', '437413543', '1', '0', '1335003')",N>=2,False,True,1103760.0,1103760.0,False,run1
22land-residence-2,2026-10-01,1552871004_bbasic_0,"('1552871004_bbasic_0',)",0,False,False,1050048.0,,False,run1
22land-residence-2,2026-10-01,1552871004_427146946_0_1_0,"('1552871004', '427146946', '1', '0', '')",0,False,True,1114920.0,1114920.0,False,run1
22land-residence-2,2026-10-01,1552871004_437413543_2_1_0_1335003,"('1552871004', '437413543', '1', '0', '1335003')",N>=2,False,True,1173600.0,1173600.0,False,run1
22land-residence-2,2026-10-01,1552871005_427146946_0_1_0,"('1552871005', '427146946', '1', '0', '')",0,False,True,1176480.0,1176480.0,False,run1
22land-residence-2,2026-10-01,1552871005_437413543_2_1_0_1335003,"('1552871005', '437413543', '1', '0', '1335003')",N>=2,False,True,1238400.0,1238400.0,False,run1
22land-residence-2,2026-10-01,1552871006_427146946_0_1_0,"('1552871006', '427146946', '1', '0', '')",0,False,True,1176480.0,1176480.0,False,run1
22land-residence-2,2026-10-01,1552871006_437413543_2_1_0_1335003,"('1552871006', '437413543', '1', '0', '1335003')",N>=2,False,True,1238400.0,1238400.0,False,run1
22land-residence-2,2026-10-01,1552871007_427146946_0_1_0,"('1552871007', '427146946', '1', '0', '')",0,False,True,1244880.0,1244880.0,False,run1
22land-residence-2,2026-10-01,1552871007_437413543_2_1_0_1335003,"('1552871007', '437413543', '1', '0', '1335003')",N>=2,False,True,1310400.0,1310400.0,False,run1
22land-residence-2,2026-10-01,1552871008_427146946_0_1_0,"('1552871008', '427146946', '1', '0', '')",0,False,True,1928880.0,1928880.0,False,run1
22land-residence-2,2026-10-01,1552871008_437413543_4_1_0_1335003,"('1552871008', '437413543', '1', '0', '1335003')",N>=2,False,True,2030400.0,2030400.0,False,run1
22land-residence-2,2026-10-11,bbasic_0,"('bbasic_0',)",?,False,False,989443.0,,False,run1
22land-residence-2,2026-10-11,1552871003_427146946_0_1_0,"('1552871003', '427146946', '1', '0', '')",0,False,True,1048572.0,1048572.0,False,run1
22land-residence-2,2026-10-11,1552871003_437413543_2_1_0_1335003,"('1552871003', '437413543', '1', '0', '1335003')",N>=2,False,True,1103760.0,1103760.0,False,run1
22land-residence-2,2026-10-11,1552871004_bbasic_0,"('1552871004_bbasic_0',)",0,False,False,1049788.0,,False,run1
22land-residence-2,2026-10-11,1552871004_427146946_0_1_0,"('1552871004', '427146946', '1', '0', '')",0,False,True,1114920.0,1114920.0,False,run1
22land-residence-2,2026-10-11,1552871004_437413543_2_1_0_1335003,"('1552871004', '437413543', '1', '0', '1335003')",N>=2,False,True,1173600.0,1173600.0,False,run1
22land-residence-2,2026-10-11,1552871005_bbasic_0,"('1552871005_bbasic_0',)",0,False,False,1110133.0,,False,run1
22land-residence-2,2026-10-11,1552871005_427146946_0_1_0,"('1552871005', '427146946', '1', '0', '')",0,False,True,1176480.0,1176480.0,False,run1
22land-residence-2,2026-10-11,1552871005_437413543_2_1_0_1335003,"('1552871005', '437413543', '1', '0', '1335003')",N>=2,False,True,1238400.0,1238400.0,False,run1
22land-residence-2,2026-11-18,bbasic_0,"('bbasic_0',)",?,False,False,909851.0,,False,run1
22land-residence-2,2026-11-18,1552871001_427146946_0_1_0,"('1552871001', '427146946', '1', '0', '')",0,False,True,958968.0,958968.0,False,run1
22land-residence-2,2026-11-18,1552871001_437413543_2_1_0_1335003,"('1552871001', '437413543', '1', '0', '1335003')",N>=2,False,True,1009440.0,1009440.0,False,run1
22land-residence-2,2026-11-18,1552871002_bbasic_0,"('1552871002_bbasic_0',)",0,False,False,934041.0,,False,run1
22land-residence-2,2026-11-18,1552871002_427146946_2_1_0,"('1552871002', '427146946', '1', '0', '')",N>=2,False,True,984960.0,984960.0,False,run1
22land-residence-2,2026-11-18,1552871002_437413543_2_1_0_1335003,"('1552871002', '437413543', '1', '0', '1335003')",N>=2,False,True,1036800.0,1036800.0,False,run1
22land-residence-2,2026-11-18,1552871003_bbasic_0,"('1552871003_bbasic_0',)",0,False,False,994385.0,,False,run1
22land-residence-2,2026-11-18,1552871003_427146946_0_1_0,"('1552871003', '427146946', '1', '0', '')",0,False,True,1048572.0,1048572.0,False,run1
22land-residence-2,2026-11-18,1552871003_437413543_2_1_0_1335003,"('1552871003', '437413543', '1', '0', '1335003')",N>=2,False,True,1103760.0,1103760.0,False,run1
22land-residence-2,2026-11-18,1552871004_bbasic_0,"('1552871004_bbasic_0',)",0,False,False,1055510.0,,False,run1
22land-residence-2,2026-11-18,1552871004_427146946_0_1_0,"('1552871004', '427146946', '1', '0', '')",0,False,True,1114920.0,1114920.0,False,run1
22land-residence-2,2026-11-18,1552871004_437413543_2_1_0_1335003,"('1552871004', '437413543', '1', '0', '1335003')",N>=2,False,True,1173600.0,1173600.0,False,run1
22land-residence-2,2026-11-18,1552871005_427146946_0_1_0,"('1552871005', '427146946', '1', '0', '')",0,False,True,1176480.0,1176480.0,False,run1
22land-residence-2,2026-11-18,1552871005_437413543_2_1_0_1335003,"('1552871005', '437413543', '1', '0', '1335003')",N>=2,False,True,1238400.0,1238400.0,False,run1
22land-residence-2,2026-11-18,1552871006_427146946_0_1_0,"('1552871006', '427146946', '1', '0', '')",0,False,True,1176480.0,1176480.0,False,run1
22land-residence-2,2026-11-18,1552871006_437413543_2_1_0_1335003,"('1552871006', '437413543', '1', '0', '1335003')",N>=2,False,True,1238400.0,1238400.0,False,run1
22land-residence-2,2026-11-18,1552871007_427146946_0_1_0,"('1552871007', '427146946', '1', '0', '')",0,False,True,1244880.0,1244880.0,False,run1
22land-residence-2,2026-11-18,1552871007_437413543_2_1_0_1335003,"('1552871007', '437413543', '1', '0', '1335003')",N>=2,False,True,1310400.0,1310400.0,False,run1
22land-residence-2,2026-11-18,1552871008_427146946_0_1_0,"('1552871008', '427146946', '1', '0', '')",0,False,True,1928880.0,1928880.0,False,run1
22land-residence-2,2026-11-18,1552871008_437413543_4_1_0_1335003,"('1552871008', '437413543', '1', '0', '1335003')",N>=2,False,True,2030400.0,2030400.0,False,run1
b-amp-k-homestay-glocery-store,2026-10-01,954924803_367993291_2_0_0,"('954924803', '367993291', '0', '0', '')",N>=2,False,False,810000.0,,False,run1
b-amp-k-homestay-glocery-store,2026-10-01,954924803_367993302_2_0_0,"('954924803', '367993302', '0', '0', '')",N>=2,False,False,900000.0,,False,run1
b-amp-k-homestay-glocery-store,2026-10-01,954924803_367993302_1_0_0,"('954924803', '367993302', '0', '0', '')",1,True,True,810000.0,810000.0,False,run1
b-amp-k-homestay-glocery-store,2026-10-01,954924804_367993302_2_0_0,"('954924804', '367993302', '0', '0', '')",N>=2,False,True,900000.0,900000.0,False,run1
b-amp-k-homestay-glocery-store,2026-10-01,954924802_367993291_2_0_0,"('954924802', '367993291', '0', '0', '')",N>=2,False,False,972000.0,,False,run1
b-amp-k-homestay-glocery-store,2026-10-01,954924802_367993302_2_0_0,"('954924802', '367993302', '0', '0', '')",N>=2,False,False,1080000.0,,False,run1
b-amp-k-homestay-glocery-store,2026-10-01,954924802_367993291_1_0_0,"('954924802', '367993291', '0', '0', '')",1,True,True,918000.0,918000.0,False,run1
b-amp-k-homestay-glocery-store,2026-10-01,954924802_367993302_1_0_0,"('954924802', '367993302', '0', '0', '')",1,True,True,1020000.0,1020000.0,False,run1
b-amp-k-homestay-glocery-store,2026-10-11,bbasic_0,"('bbasic_0',)",?,False,False,855489.0,,False,run1
b-amp-k-homestay-glocery-store,2026-10-11,954924804_367993302_2_0_0,"('954924804', '367993302', '0', '0', '')",N>=2,False,True,900000.0,900000.0,False,run1
b-amp-k-homestay-glocery-store,2026-11-18,bbasic_0,"('bbasic_0',)",?,False,True,1059152.0,1059152.0,False,run1
b-amp-k-homestay-glocery-store,2026-11-18,954924803_367993291_2_0_0,"('954924803', '367993291', '0', '0', '')",N>=2,False,False,1260000.0,,False,run1
b-amp-k-homestay-glocery-store,2026-11-18,954924803_367993302_2_0_0,"('954924803', '367993302', '0', '0', '')",N>=2,False,False,1400000.0,,False,run1
b-amp-k-homestay-glocery-store,2026-11-18,954924803_367993302_1_0_0,"('954924803', '367993302', '0', '0', '')",1,True,True,1260000.0,1260000.0,False,run1
b-amp-k-homestay-glocery-store,2026-11-18,954924804_367993302_2_0_0,"('954924804', '367993302', '0', '0', '')",N>=2,False,True,1400000.0,1400000.0,False,run1
b-amp-k-homestay-glocery-store,2026-11-18,954924802_bbasic_0,"('954924802_bbasic_0',)",0,False,False,1352291.0,,False,run1
b-amp-k-homestay-glocery-store,2026-11-18,954924802_367993291_2_0_0,"('954924802', '367993291', '0', '0', '')",N>=2,False,False,1458000.0,,False,run1
b-amp-k-homestay-glocery-store,2026-11-18,954924802_367993302_2_0_0,"('954924802', '367993302', '0', '0', '')",N>=2,False,False,1620000.0,,False,run1
b-amp-k-homestay-glocery-store,2026-11-18,954924802_367993291_1_0_0,"('954924802', '367993291', '0', '0', '')",1,True,True,1377000.0,1377000.0,False,run1
b-amp-k-homestay-glocery-store,2026-11-18,954924802_367993302_1_0_0,"('954924802', '367993302', '0', '0', '')",1,True,True,1530000.0,1530000.0,False,run1
diamond-sea-vung-tau,2026-10-01,222442401_391131631_2_0_0,"('222442401', '391131631', '0', '0', '')",N>=2,False,True,410001.0,410001.0,False,run1
diamond-sea-vung-tau,2026-10-01,222442401_428810522_0_0_0,"('222442401', '428810522', '0', '0', '')",0,False,True,471500.0,471500.0,False,run1
diamond-sea-vung-tau,2026-10-01,222442402_391131631_2_0_0,"('222442402', '391131631', '0', '0', '')",N>=2,False,True,476667.0,476667.0,False,run1
diamond-sea-vung-tau,2026-10-01,222442402_428810522_0_0_0,"('222442402', '428810522', '0', '0', '')",0,False,True,548167.0,548167.0,False,run1
diamond-sea-vung-tau,2026-10-01,222442406_391131631_2_0_0,"('222442406', '391131631', '0', '0', '')",N>=2,False,True,611111.0,611111.0,False,run1
diamond-sea-vung-tau,2026-10-01,222442406_428810522_0_0_0,"('222442406', '428810522', '0', '0', '')",0,False,True,702778.0,702778.0,False,run1
diamond-sea-vung-tau,2026-10-01,222442407_391131631_2_0_0,"('222442407', '391131631', '0', '0', '')",N>=2,False,True,733334.0,733334.0,False,run1
diamond-sea-vung-tau,2026-10-01,222442407_428810522_0_0_0,"('222442407', '428810522', '0', '0', '')",0,False,True,843334.0,843334.0,False,run1
diamond-sea-vung-tau,2026-10-01,222442403_391131631_4_0_0,"('222442403', '391131631', '0', '0', '')",N>=2,False,True,743334.0,743334.0,False,run1
diamond-sea-vung-tau,2026-10-01,222442403_428810522_0_0_0,"('222442403', '428810522', '0', '0', '')",0,False,True,854834.0,854834.0,False,run1
diamond-sea-vung-tau,2026-10-01,222442404_391131631_4_0_0,"('222442404', '391131631', '0', '0', '')",N>=2,False,True,854445.0,854445.0,False,run1
diamond-sea-vung-tau,2026-10-01,222442404_428810522_0_0_0,"('222442404', '428810522', '0', '0', '')",0,False,True,982611.0,982611.0,False,run1
diamond-sea-vung-tau,2026-10-01,222442408_391131631_4_0_0,"('222442408', '391131631', '0', '0', '')",N>=2,False,True,1666667.0,1666667.0,False,run1
diamond-sea-vung-tau,2026-10-01,222442405_391131631_6_0_0,"('222442405', '391131631', '0', '0', '')",N>=2,False,True,1077778.0,1077778.0,False,run1
diamond-sea-vung-tau,2026-10-01,222442405_428810522_0_0_0,"('222442405', '428810522', '0', '0', '')",0,False,True,1239445.0,1239445.0,False,run1
diamond-sea-vung-tau,2026-10-01,222442409_391131631_6_0_0,"('222442409', '391131631', '0', '0', '')",N>=2,False,True,2500000.0,2500000.0,False,run1
diamond-sea-vung-tau,2026-10-11,222442402_391131631_2_0_0,"('222442402', '391131631', '0', '0', '')",N>=2,False,True,476667.0,476667.0,False,run1
diamond-sea-vung-tau,2026-10-11,222442402_428810522_0_0_0,"('222442402', '428810522', '0', '0', '')",0,False,True,548167.0,548167.0,False,run1
diamond-sea-vung-tau,2026-10-11,222442401_391131631_2_0_0,"('222442401', '391131631', '0', '0', '')",N>=2,False,True,410001.0,410001.0,False,run1
diamond-sea-vung-tau,2026-10-11,222442401_428810522_0_0_0,"('222442401', '428810522', '0', '0', '')",0,False,True,471500.0,471500.0,False,run1
diamond-sea-vung-tau,2026-10-11,222442406_391131631_2_0_0,"('222442406', '391131631', '0', '0', '')",N>=2,False,True,611111.0,611111.0,False,run1
diamond-sea-vung-tau,2026-10-11,222442406_428810522_0_0_0,"('222442406', '428810522', '0', '0', '')",0,False,True,702778.0,702778.0,False,run1
diamond-sea-vung-tau,2026-10-11,222442407_391131631_2_0_0,"('222442407', '391131631', '0', '0', '')",N>=2,False,True,733334.0,733334.0,False,run1
diamond-sea-vung-tau,2026-10-11,222442407_428810522_0_0_0,"('222442407', '428810522', '0', '0', '')",0,False,True,843334.0,843334.0,False,run1
diamond-sea-vung-tau,2026-10-11,222442403_391131631_4_0_0,"('222442403', '391131631', '0', '0', '')",N>=2,False,True,743334.0,743334.0,False,run1
diamond-sea-vung-tau,2026-10-11,222442403_428810522_0_0_0,"('222442403', '428810522', '0', '0', '')",0,False,True,854834.0,854834.0,False,run1
diamond-sea-vung-tau,2026-10-11,222442404_391131631_4_0_0,"('222442404', '391131631', '0', '0', '')",N>=2,False,True,854445.0,854445.0,False,run1
diamond-sea-vung-tau,2026-10-11,222442404_428810522_0_0_0,"('222442404', '428810522', '0', '0', '')",0,False,True,982611.0,982611.0,False,run1
diamond-sea-vung-tau,2026-10-11,222442408_391131631_4_0_0,"('222442408', '391131631', '0', '0', '')",N>=2,False,True,1666667.0,1666667.0,False,run1
diamond-sea-vung-tau,2026-10-11,222442405_391131631_6_0_0,"('222442405', '391131631', '0', '0', '')",N>=2,False,True,1077778.0,1077778.0,False,run1
diamond-sea-vung-tau,2026-10-11,222442405_428810522_0_0_0,"('222442405', '428810522', '0', '0', '')",0,False,True,1239445.0,1239445.0,False,run1
diamond-sea-vung-tau,2026-10-11,222442409_391131631_6_0_0,"('222442409', '391131631', '0', '0', '')",N>=2,False,True,2500000.0,2500000.0,False,run1
diamond-sea-vung-tau,2026-11-18,222442401_391131631_2_0_0,"('222442401', '391131631', '0', '0', '')",N>=2,False,True,410001.0,410001.0,False,run1
diamond-sea-vung-tau,2026-11-18,222442401_428810522_0_0_0,"('222442401', '428810522', '0', '0', '')",0,False,True,471500.0,471500.0,False,run1
diamond-sea-vung-tau,2026-11-18,222442402_391131631_2_0_0,"('222442402', '391131631', '0', '0', '')",N>=2,False,True,476667.0,476667.0,False,run1
diamond-sea-vung-tau,2026-11-18,222442402_428810522_0_0_0,"('222442402', '428810522', '0', '0', '')",0,False,True,548167.0,548167.0,False,run1
diamond-sea-vung-tau,2026-11-18,222442406_391131631_2_0_0,"('222442406', '391131631', '0', '0', '')",N>=2,False,True,611111.0,611111.0,False,run1
diamond-sea-vung-tau,2026-11-18,222442406_428810522_0_0_0,"('222442406', '428810522', '0', '0', '')",0,False,True,702778.0,702778.0,False,run1
diamond-sea-vung-tau,2026-11-18,222442407_391131631_2_0_0,"('222442407', '391131631', '0', '0', '')",N>=2,False,True,733334.0,733334.0,False,run1
diamond-sea-vung-tau,2026-11-18,222442407_428810522_0_0_0,"('222442407', '428810522', '0', '0', '')",0,False,True,843334.0,843334.0,False,run1
diamond-sea-vung-tau,2026-11-18,222442403_391131631_4_0_0,"('222442403', '391131631', '0', '0', '')",N>=2,False,True,743334.0,743334.0,False,run1
diamond-sea-vung-tau,2026-11-18,222442403_428810522_0_0_0,"('222442403', '428810522', '0', '0', '')",0,False,True,854834.0,854834.0,False,run1
diamond-sea-vung-tau,2026-11-18,222442404_391131631_4_0_0,"('222442404', '391131631', '0', '0', '')",N>=2,False,True,854445.0,854445.0,False,run1
diamond-sea-vung-tau,2026-11-18,222442404_428810522_0_0_0,"('222442404', '428810522', '0', '0', '')",0,False,True,982611.0,982611.0,False,run1
diamond-sea-vung-tau,2026-11-18,222442408_391131631_4_0_0,"('222442408', '391131631', '0', '0', '')",N>=2,False,True,1666667.0,1666667.0,False,run1
diamond-sea-vung-tau,2026-11-18,222442405_391131631_6_0_0,"('222442405', '391131631', '0', '0', '')",N>=2,False,True,1077778.0,1077778.0,False,run1
diamond-sea-vung-tau,2026-11-18,222442405_428810522_0_0_0,"('222442405', '428810522', '0', '0', '')",0,False,True,1239445.0,1239445.0,False,run1
diamond-sea-vung-tau,2026-11-18,222442409_391131631_6_0_0,"('222442409', '391131631', '0', '0', '')",N>=2,False,True,2500000.0,2500000.0,False,run1
dusit-le-palais-tu-hoa-hanoi,2026-10-01,bbasic_0,"('bbasic_0',)",?,False,False,3178236.0,,False,run1
dusit-le-palais-tu-hoa-hanoi,2026-10-01,1331064701_405638420_2_0_0,"('1331064701', '405638420', '0', '0', '')",N>=2,False,True,3826683.0,3826683.0,False,run1
dusit-le-palais-tu-hoa-hanoi,2026-10-01,1331064701_405638420_2_1_0,"('1331064701', '405638420', '1', '0', '')",N>=2,False,False,4302963.0,,False,run1
dusit-le-palais-tu-hoa-hanoi,2026-10-01,1331064701_416423956_2_2_0,"('1331064701', '416423956', '2', '0', '')",N>=2,False,True,4501980.0,4501980.0,False,run1
dusit-le-palais-tu-hoa-hanoi,2026-10-01,1331064701_416423956_2_1_0,"('1331064701', '416423956', '1', '0', '')",N>=2,False,False,4978260.0,,False,run1
dusit-le-palais-tu-hoa-hanoi,2026-10-01,1331064701_405638420_1_1_0,"('1331064701', '405638420', '1', '0', '')",1,True,True,4064823.0,4064823.0,False,run1
dusit-le-palais-tu-hoa-hanoi,2026-10-01,1331064701_416423956_1_1_0,"('1331064701', '416423956', '1', '0', '')",1,True,True,4740120.0,4740120.0,False,run1
dusit-le-palais-tu-hoa-hanoi,2026-10-01,1331064702_bbasic_0,"('1331064702_bbasic_0',)",0,False,False,3178236.0,,False,run1
dusit-le-palais-tu-hoa-hanoi,2026-10-01,1331064702_405638420_2_0_0,"('1331064702', '405638420', '0', '0', '')",N>=2,False,True,3826683.0,3826683.0,False,run1
dusit-le-palais-tu-hoa-hanoi,2026-10-01,1331064702_405638420_2_1_0,"('1331064702', '405638420', '1', '0', '')",N>=2,False,False,4302963.0,,False,run1
dusit-le-palais-tu-hoa-hanoi,2026-10-01,1331064702_416423956_2_2_0,"('1331064702', '416423956', '2', '0', '')",N>=2,False,True,4501980.0,4501980.0,False,run1
dusit-le-palais-tu-hoa-hanoi,2026-10-01,1331064702_416423956_2_1_0,"('1331064702', '416423956', '1', '0', '')",N>=2,False,False,4978260.0,,False,run1
dusit-le-palais-tu-hoa-hanoi,2026-10-01,1331064702_405638420_1_1_0,"('1331064702', '405638420', '1', '0', '')",1,True,True,4064823.0,4064823.0,False,run1
dusit-le-palais-tu-hoa-hanoi,2026-10-01,1331064702_416423956_1_1_0,"('1331064702', '416423956', '1', '0', '')",1,True,True,4740120.0,4740120.0,False,run1
dusit-le-palais-tu-hoa-hanoi,2026-10-01,1331064703_405638420_2_0_0,"('1331064703', '405638420', '0', '0', '')",N>=2,False,True,4308633.0,4308633.0,False,run1
dusit-le-palais-tu-hoa-hanoi,2026-10-01,1331064703_405638420_2_1_0,"('1331064703', '405638420', '1', '0', '')",N>=2,False,False,4784913.0,,False,run1
dusit-le-palais-tu-hoa-hanoi,2026-10-01,1331064703_416423956_2_2_0,"('1331064703', '416423956', '2', '0', '')",N>=2,False,True,5068980.0,5068980.0,False,run1
dusit-le-palais-tu-hoa-hanoi,2026-10-01,1331064703_416423956_2_1_0,"('1331064703', '416423956', '1', '0', '')",N>=2,False,False,5545260.0,,False,run1
dusit-le-palais-tu-hoa-hanoi,2026-10-01,1331064703_405638420_1_1_0,"('1331064703', '405638420', '1', '0', '')",1,True,True,4546773.0,4546773.0,False,run1
dusit-le-palais-tu-hoa-hanoi,2026-10-01,1331064703_416423956_1_1_0,"('1331064703', '416423956', '1', '0', '')",1,True,True,5307120.0,5307120.0,False,run1
dusit-le-palais-tu-hoa-hanoi,2026-10-01,1331064704_405638420_2_0_0,"('1331064704', '405638420', '0', '0', '')",N>=2,False,True,4597803.0,4597803.0,False,run1
dusit-le-palais-tu-hoa-hanoi,2026-10-01,1331064704_405638420_2_1_0,"('1331064704', '405638420', '1', '0', '')",N>=2,False,False,5074083.0,,False,run1
dusit-le-palais-tu-hoa-hanoi,2026-10-01,1331064704_416423956_2_2_0,"('1331064704', '416423956', '2', '0', '')",N>=2,False,True,5409180.0,5409180.0,False,run1
dusit-le-palais-tu-hoa-hanoi,2026-10-01,1331064704_416423956_2_1_0,"('1331064704', '416423956', '1', '0', '')",N>=2,False,False,5885460.0,,False,run1
dusit-le-palais-tu-hoa-hanoi,2026-10-01,1331064704_405638420_1_1_0,"('1331064704', '405638420', '1', '0', '')",1,True,True,4835943.0,4835943.0,False,run1
dusit-le-palais-tu-hoa-hanoi,2026-10-01,1331064704_416423956_1_1_0,"('1331064704', '416423956', '1', '0', '')",1,True,True,5647320.0,5647320.0,False,run1
dusit-le-palais-tu-hoa-hanoi,2026-10-01,1331064711_432042635_2_2_0,"('1331064711', '432042635', '2', '0', '')",N>=2,False,False,4758264.0,,False,run1
dusit-le-palais-tu-hoa-hanoi,2026-10-01,1331064711_432042635_1_2_0,"('1331064711', '432042635', '2', '0', '')",1,True,True,4293324.0,4293324.0,False,run1
dusit-le-palais-tu-hoa-hanoi,2026-10-01,1331064712_432042635_2_2_0,"('1331064712', '432042635', '2', '0', '')",N>=2,False,False,4758264.0,,False,run1
dusit-le-palais-tu-hoa-hanoi,2026-10-01,1331064712_432042635_1_2_0,"('1331064712', '432042635', '2', '0', '')",1,True,True,4293324.0,4293324.0,False,run1
dusit-le-palais-tu-hoa-hanoi,2026-10-01,1331064705_405638420_2_0_0,"('1331064705', '405638420', '0', '0', '')",N>=2,False,True,5079753.0,5079753.0,False,run1
dusit-le-palais-tu-hoa-hanoi,2026-10-01,1331064705_405638420_2_1_0,"('1331064705', '405638420', '1', '0', '')",N>=2,False,False,5556033.0,,False,run1
dusit-le-palais-tu-hoa-hanoi,2026-10-01,1331064705_416423956_2_2_0,"('1331064705', '416423956', '2', '0', '')",N>=2,False,True,5976180.0,5976180.0,False,run1
dusit-le-palais-tu-hoa-hanoi,2026-10-01,1331064705_416423956_2_1_0,"('1331064705', '416423956', '1', '0', '')",N>=2,False,False,6452460.0,,False,run1
dusit-le-palais-tu-hoa-hanoi,2026-10-01,1331064705_405638420_1_1_0,"('1331064705', '405638420', '1', '0', '')",1,True,True,5317893.0,5317893.0,False,run1
dusit-le-palais-tu-hoa-hanoi,2026-10-01,1331064705_416423956_1_1_0,"('1331064705', '416423956', '1', '0', '')",1,True,True,6214320.0,6214320.0,False,run1
dusit-le-palais-tu-hoa-hanoi,2026-10-01,1331064713_432042635_2_2_0,"('1331064713', '432042635', '2', '0', '')",N>=2,False,False,5211864.0,,False,run1
dusit-le-palais-tu-hoa-hanoi,2026-10-01,1331064713_432042635_1_2_0,"('1331064713', '432042635', '2', '0', '')",1,True,True,4746924.0,4746924.0,False,run1
dusit-le-palais-tu-hoa-hanoi,2026-10-01,1331064706_405638420_2_0_0,"('1331064706', '405638420', '0', '0', '')",N>=2,False,True,5368923.0,5368923.0,False,run1
dusit-le-palais-tu-hoa-hanoi,2026-10-01,1331064706_405638420_2_1_0,"('1331064706', '405638420', '1', '0', '')",N>=2,False,False,5845203.0,,False,run1
dusit-le-palais-tu-hoa-hanoi,2026-10-01,1331064706_416423956_2_2_0,"('1331064706', '416423956', '2', '0', '')",N>=2,False,True,6316380.0,6316380.0,False,run1
dusit-le-palais-tu-hoa-hanoi,2026-10-01,1331064706_416423956_2_1_0,"('1331064706', '416423956', '1', '0', '')",N>=2,False,False,6792660.0,,False,run1
dusit-le-palais-tu-hoa-hanoi,2026-10-01,1331064706_405638420_1_1_0,"('1331064706', '405638420', '1', '0', '')",1,True,True,5607063.0,5607063.0,False,run1
dusit-le-palais-tu-hoa-hanoi,2026-10-01,1331064706_416423956_1_1_0,"('1331064706', '416423956', '1', '0', '')",1,True,True,6554520.0,6554520.0,False,run1
dusit-le-palais-tu-hoa-hanoi,2026-10-01,1331064714_432042635_2_2_0,"('1331064714', '432042635', '2', '0', '')",N>=2,False,False,5484024.0,,False,run1
dusit-le-palais-tu-hoa-hanoi,2026-10-01,1331064714_432042635_1_2_0,"('1331064714', '432042635', '2', '0', '')",1,True,True,5019084.0,5019084.0,False,run1
dusit-le-palais-tu-hoa-hanoi,2026-10-01,1331064715_432042635_2_2_0,"('1331064715', '432042635', '2', '0', '')",N>=2,False,False,5937624.0,,False,run1
dusit-le-palais-tu-hoa-hanoi,2026-10-01,1331064715_432042635_1_2_0,"('1331064715', '432042635', '2', '0', '')",1,True,True,5472684.0,5472684.0,False,run1
dusit-le-palais-tu-hoa-hanoi,2026-10-01,1331064707_405638420_2_0_0,"('1331064707', '405638420', '0', '0', '')",N>=2,False,True,5947263.0,5947263.0,False,run1
dusit-le-palais-tu-hoa-hanoi,2026-10-01,1331064707_405638420_2_1_0,"('1331064707', '405638420', '1', '0', '')",N>=2,False,False,6423543.0,,False,run1
dusit-le-palais-tu-hoa-hanoi,2026-10-01,1331064707_416423956_2_2_0,"('1331064707', '416423956', '2', '0', '')",N>=2,False,True,6996780.0,6996780.0,False,run1
dusit-le-palais-tu-hoa-hanoi,2026-10-01,1331064707_416423956_2_1_0,"('1331064707', '416423956', '1', '0', '')",N>=2,False,False,7473060.0,,False,run1
dusit-le-palais-tu-hoa-hanoi,2026-10-01,1331064707_405638420_1_1_0,"('1331064707', '405638420', '1', '0', '')",1,True,True,6185403.0,6185403.0,False,run1
dusit-le-palais-tu-hoa-hanoi,2026-10-01,1331064707_416423956_1_1_0,"('1331064707', '416423956', '1', '0', '')",1,True,True,7234920.0,7234920.0,False,run1
dusit-le-palais-tu-hoa-hanoi,2026-10-01,1331064716_432042635_2_2_0,"('1331064716', '432042635', '2', '0', '')",N>=2,False,False,6209784.0,,False,run1
dusit-le-palais-tu-hoa-hanoi,2026-10-01,1331064716_432042635_1_2_0,"('1331064716', '432042635', '2', '0', '')",1,True,True,5744844.0,5744844.0,False,run1
dusit-le-palais-tu-hoa-hanoi,2026-10-01,1331064708_405638420_2_0_0,"('1331064708', '405638420', '0', '0', '')",N>=2,False,True,6429213.0,6429213.0,False,run1
dusit-le-palais-tu-hoa-hanoi,2026-10-01,1331064708_405638420_2_1_0,"('1331064708', '405638420', '1', '0', '')",N>=2,False,False,6905493.0,,False,run1
dusit-le-palais-tu-hoa-hanoi,2026-10-01,1331064708_416423956_2_2_0,"('1331064708', '416423956', '2', '0', '')",N>=2,False,True,7563780.0,7563780.0,False,run1
dusit-le-palais-tu-hoa-hanoi,2026-10-01,1331064708_416423956_2_1_0,"('1331064708', '416423956', '1', '0', '')",N>=2,False,False,8040060.0,,False,run1
dusit-le-palais-tu-hoa-hanoi,2026-10-01,1331064708_405638420_1_1_0,"('1331064708', '405638420', '1', '0', '')",1,True,True,6667353.0,6667353.0,False,run1
dusit-le-palais-tu-hoa-hanoi,2026-10-01,1331064708_416423956_1_1_0,"('1331064708', '416423956', '1', '0', '')",1,True,True,7801920.0,7801920.0,False,run1
dusit-le-palais-tu-hoa-hanoi,2026-10-01,1331064717_432042635_2_2_0,"('1331064717', '432042635', '2', '0', '')",N>=2,False,False,6754104.0,,False,run1
dusit-le-palais-tu-hoa-hanoi,2026-10-01,1331064717_432042635_1_2_0,"('1331064717', '432042635', '2', '0', '')",1,True,True,6289164.0,6289164.0,False,run1
dusit-le-palais-tu-hoa-hanoi,2026-10-01,1331064709_405638420_2_0_0,"('1331064709', '405638420', '0', '0', '')",N>=2,False,True,6911163.0,6911163.0,False,run1
dusit-le-palais-tu-hoa-hanoi,2026-10-01,1331064709_405638420_2_1_0,"('1331064709', '405638420', '1', '0', '')",N>=2,False,False,7387443.0,,False,run1
dusit-le-palais-tu-hoa-hanoi,2026-10-01,1331064709_416423956_2_2_0,"('1331064709', '416423956', '2', '0', '')",N>=2,False,True,8130780.0,8130780.0,False,run1
dusit-le-palais-tu-hoa-hanoi,2026-10-01,1331064709_416423956_2_1_0,"('1331064709', '416423956', '1', '0', '')",N>=2,False,False,8607060.0,,False,run1
dusit-le-palais-tu-hoa-hanoi,2026-10-01,1331064709_405638420_1_1_0,"('1331064709', '405638420', '1', '0', '')",1,True,True,7149303.0,7149303.0,False,run1
dusit-le-palais-tu-hoa-hanoi,2026-10-01,1331064709_416423956_1_1_0,"('1331064709', '416423956', '1', '0', '')",1,True,True,8368920.0,8368920.0,False,run1
dusit-le-palais-tu-hoa-hanoi,2026-10-01,1331064718_432042635_2_2_0,"('1331064718', '432042635', '2', '0', '')",N>=2,False,False,7207704.0,,False,run1
dusit-le-palais-tu-hoa-hanoi,2026-10-01,1331064718_432042635_1_2_0,"('1331064718', '432042635', '2', '0', '')",1,True,True,6742764.0,6742764.0,False,run1
dusit-le-palais-tu-hoa-hanoi,2026-10-01,1331064719_432042635_2_2_0,"('1331064719', '432042635', '2', '0', '')",N>=2,False,False,7661304.0,,False,run1
dusit-le-palais-tu-hoa-hanoi,2026-10-01,1331064719_432042635_1_2_0,"('1331064719', '432042635', '2', '0', '')",1,True,True,7196364.0,7196364.0,False,run1
dusit-le-palais-tu-hoa-hanoi,2026-10-11,1331064702_405638420_2_0_0,"('1331064702', '405638420', '0', '0', '')",N>=2,False,True,3633903.0,3633903.0,False,run1
dusit-le-palais-tu-hoa-hanoi,2026-10-11,1331064702_405638420_2_1_0,"('1331064702', '405638420', '1', '0', '')",N>=2,False,False,4110183.0,,False,run1
dusit-le-palais-tu-hoa-hanoi,2026-10-11,1331064702_416423956_2_2_0,"('1331064702', '416423956', '2', '0', '')",N>=2,False,True,4275180.0,4275180.0,False,run1
dusit-le-palais-tu-hoa-hanoi,2026-10-11,1331064702_416423956_2_1_0,"('1331064702', '416423956', '1', '0', '')",N>=2,False,False,4751460.0,,False,run1
dusit-le-palais-tu-hoa-hanoi,2026-10-11,1331064702_405638420_1_1_0,"('1331064702', '405638420', '1', '0', '')",1,True,True,3872043.0,3872043.0,False,run1
dusit-le-palais-tu-hoa-hanoi,2026-10-11,1331064702_416423956_1_1_0,"('1331064702', '416423956', '1', '0', '')",1,True,True,4513320.0,4513320.0,False,run1
dusit-le-palais-tu-hoa-hanoi,2026-10-11,1331064701_405638420_2_0_0,"('1331064701', '405638420', '0', '0', '')",N>=2,False,True,3633903.0,3633903.0,False,run1
dusit-le-palais-tu-hoa-hanoi,2026-10-11,1331064701_405638420_2_1_0,"('1331064701', '405638420', '1', '0', '')",N>=2,False,False,4110183.0,,False,run1
dusit-le-palais-tu-hoa-hanoi,2026-10-11,1331064701_416423956_2_2_0,"('1331064701', '416423956', '2', '0', '')",N>=2,False,True,4275180.0,4275180.0,False,run1
dusit-le-palais-tu-hoa-hanoi,2026-10-11,1331064701_416423956_2_1_0,"('1331064701', '416423956', '1', '0', '')",N>=2,False,False,4751460.0,,False,run1
dusit-le-palais-tu-hoa-hanoi,2026-10-11,1331064701_405638420_1_1_0,"('1331064701', '405638420', '1', '0', '')",1,True,True,3872043.0,3872043.0,False,run1
dusit-le-palais-tu-hoa-hanoi,2026-10-11,1331064701_416423956_1_1_0,"('1331064701', '416423956', '1', '0', '')",1,True,True,4513320.0,4513320.0,False,run1
dusit-le-palais-tu-hoa-hanoi,2026-10-11,1331064703_405638420_2_0_0,"('1331064703', '405638420', '0', '0', '')",N>=2,False,True,4115853.0,4115853.0,False,run1
dusit-le-palais-tu-hoa-hanoi,2026-10-11,1331064703_405638420_2_1_0,"('1331064703', '405638420', '1', '0', '')",N>=2,False,False,4592133.0,,False,run1
dusit-le-palais-tu-hoa-hanoi,2026-10-11,1331064703_416423956_2_2_0,"('1331064703', '416423956', '2', '0', '')",N>=2,False,True,4842180.0,4842180.0,False,run1
dusit-le-palais-tu-hoa-hanoi,2026-10-11,1331064703_416423956_2_1_0,"('1331064703', '416423956', '1', '0', '')",N>=2,False,False,5318460.0,,False,run1
dusit-le-palais-tu-hoa-hanoi,2026-10-11,1331064703_405638420_1_1_0,"('1331064703', '405638420', '1', '0', '')",1,True,True,4353993.0,4353993.0,False,run1
dusit-le-palais-tu-hoa-hanoi,2026-10-11,1331064703_416423956_1_1_0,"('1331064703', '416423956', '1', '0', '')",1,True,True,5080320.0,5080320.0,False,run1
dusit-le-palais-tu-hoa-hanoi,2026-10-11,1331064704_405638420_2_0_0,"('1331064704', '405638420', '0', '0', '')",N>=2,False,True,4405023.0,4405023.0,False,run1
dusit-le-palais-tu-hoa-hanoi,2026-10-11,1331064704_405638420_2_1_0,"('1331064704', '405638420', '1', '0', '')",N>=2,False,False,4881303.0,,False,run1
dusit-le-palais-tu-hoa-hanoi,2026-10-11,1331064704_416423956_2_2_0,"('1331064704', '416423956', '2', '0', '')",N>=2,False,True,5182380.0,5182380.0,False,run1
dusit-le-palais-tu-hoa-hanoi,2026-10-11,1331064704_416423956_2_1_0,"('1331064704', '416423956', '1', '0', '')",N>=2,False,False,5658660.0,,False,run1
dusit-le-palais-tu-hoa-hanoi,2026-10-11,1331064704_405638420_1_1_0,"('1331064704', '405638420', '1', '0', '')",1,True,True,4643163.0,4643163.0,False,run1
dusit-le-palais-tu-hoa-hanoi,2026-10-11,1331064704_416423956_1_1_0,"('1331064704', '416423956', '1', '0', '')",1,True,True,5420520.0,5420520.0,False,run1
dusit-le-palais-tu-hoa-hanoi,2026-10-11,1331064711_432042635_2_2_0,"('1331064711', '432042635', '2', '0', '')",N>=2,False,False,4576824.0,,False,run1
dusit-le-palais-tu-hoa-hanoi,2026-10-11,1331064711_432042635_1_2_0,"('1331064711', '432042635', '2', '0', '')",1,True,True,4111884.0,4111884.0,False,run1
dusit-le-palais-tu-hoa-hanoi,2026-10-11,1331064712_432042635_2_2_0,"('1331064712', '432042635', '2', '0', '')",N>=2,False,False,4576824.0,,False,run1
dusit-le-palais-tu-hoa-hanoi,2026-10-11,1331064712_432042635_1_2_0,"('1331064712', '432042635', '2', '0', '')",1,True,True,4111884.0,4111884.0,False,run1
dusit-le-palais-tu-hoa-hanoi,2026-10-11,1331064705_405638420_2_0_0,"('1331064705', '405638420', '0', '0', '')",N>=2,False,True,4886973.0,4886973.0,False,run1
dusit-le-palais-tu-hoa-hanoi,2026-10-11,1331064705_405638420_2_1_0,"('1331064705', '405638420', '1', '0', '')",N>=2,False,False,5363253.0,,False,run1
dusit-le-palais-tu-hoa-hanoi,2026-10-11,1331064705_416423956_2_2_0,"('1331064705', '416423956', '2', '0', '')",N>=2,False,True,5749380.0,5749380.0,False,run1
dusit-le-palais-tu-hoa-hanoi,2026-10-11,1331064705_416423956_2_1_0,"('1331064705', '416423956', '1', '0', '')",N>=2,False,False,6225660.0,,False,run1
dusit-le-palais-tu-hoa-hanoi,2026-10-11,1331064705_405638420_1_1_0,"('1331064705', '405638420', '1', '0', '')",1,True,True,5125113.0,5125113.0,False,run1
dusit-le-palais-tu-hoa-hanoi,2026-10-11,1331064705_416423956_1_1_0,"('1331064705', '416423956', '1', '0', '')",1,True,True,5987520.0,5987520.0,False,run1
dusit-le-palais-tu-hoa-hanoi,2026-10-11,1331064713_432042635_2_2_0,"('1331064713', '432042635', '2', '0', '')",N>=2,False,False,5030424.0,,False,run1
dusit-le-palais-tu-hoa-hanoi,2026-10-11,1331064713_432042635_1_2_0,"('1331064713', '432042635', '2', '0', '')",1,True,True,4565484.0,4565484.0,False,run1
dusit-le-palais-tu-hoa-hanoi,2026-10-11,1331064706_405638420_2_0_0,"('1331064706', '405638420', '0', '0', '')",N>=2,False,True,5176143.0,5176143.0,False,run1
dusit-le-palais-tu-hoa-hanoi,2026-10-11,1331064706_405638420_2_1_0,"('1331064706', '405638420', '1', '0', '')",N>=2,False,False,5652423.0,,False,run1
dusit-le-palais-tu-hoa-hanoi,2026-10-11,1331064706_416423956_2_2_0,"('1331064706', '416423956', '2', '0', '')",N>=2,False,True,6089580.0,6089580.0,False,run1
dusit-le-palais-tu-hoa-hanoi,2026-10-11,1331064706_416423956_2_1_0,"('1331064706', '416423956', '1', '0', '')",N>=2,False,False,6565860.0,,False,run1
dusit-le-palais-tu-hoa-hanoi,2026-10-11,1331064706_405638420_1_1_0,"('1331064706', '405638420', '1', '0', '')",1,True,True,5414283.0,5414283.0,False,run1
dusit-le-palais-tu-hoa-hanoi,2026-10-11,1331064706_416423956_1_1_0,"('1331064706', '416423956', '1', '0', '')",1,True,True,6327720.0,6327720.0,False,run1
dusit-le-palais-tu-hoa-hanoi,2026-10-11,1331064714_432042635_2_2_0,"('1331064714', '432042635', '2', '0', '')",N>=2,False,False,5302584.0,,False,run1
dusit-le-palais-tu-hoa-hanoi,2026-10-11,1331064714_432042635_1_2_0,"('1331064714', '432042635', '2', '0', '')",1,True,True,4837644.0,4837644.0,False,run1
dusit-le-palais-tu-hoa-hanoi,2026-10-11,1331064707_405638420_2_0_0,"('1331064707', '405638420', '0', '0', '')",N>=2,False,True,5754483.0,5754483.0,False,run1
dusit-le-palais-tu-hoa-hanoi,2026-10-11,1331064707_405638420_2_1_0,"('1331064707', '405638420', '1', '0', '')",N>=2,False,False,6230763.0,,False,run1
dusit-le-palais-tu-hoa-hanoi,2026-10-11,1331064707_416423956_2_2_0,"('1331064707', '416423956', '2', '0', '')",N>=2,False,True,6769980.0,6769980.0,False,run1
dusit-le-palais-tu-hoa-hanoi,2026-10-11,1331064707_416423956_2_1_0,"('1331064707', '416423956', '1', '0', '')",N>=2,False,False,7246260.0,,False,run1
dusit-le-palais-tu-hoa-hanoi,2026-10-11,1331064707_405638420_1_1_0,"('1331064707', '405638420', '1', '0', '')",1,True,True,5992623.0,5992623.0,False,run1
dusit-le-palais-tu-hoa-hanoi,2026-10-11,1331064707_416423956_1_1_0,"('1331064707', '416423956', '1', '0', '')",1,True,True,7008120.0,7008120.0,False,run1
dusit-le-palais-tu-hoa-hanoi,2026-10-11,1331064715_432042635_2_2_0,"('1331064715', '432042635', '2', '0', '')",N>=2,False,False,5756184.0,,False,run1
dusit-le-palais-tu-hoa-hanoi,2026-10-11,1331064715_432042635_1_2_0,"('1331064715', '432042635', '2', '0', '')",1,True,True,5291244.0,5291244.0,False,run1
dusit-le-palais-tu-hoa-hanoi,2026-10-11,1331064716_432042635_2_2_0,"('1331064716', '432042635', '2', '0', '')",N>=2,False,False,6028344.0,,False,run1
dusit-le-palais-tu-hoa-hanoi,2026-10-11,1331064716_432042635_1_2_0,"('1331064716', '432042635', '2', '0', '')",1,True,True,5563404.0,5563404.0,False,run1
dusit-le-palais-tu-hoa-hanoi,2026-10-11,1331064708_405638420_2_0_0,"('1331064708', '405638420', '0', '0', '')",N>=2,False,True,6236433.0,6236433.0,False,run1
dusit-le-palais-tu-hoa-hanoi,2026-10-11,1331064708_405638420_2_1_0,"('1331064708', '405638420', '1', '0', '')",N>=2,False,False,6712713.0,,False,run1
dusit-le-palais-tu-hoa-hanoi,2026-10-11,1331064708_416423956_2_2_0,"('1331064708', '416423956', '2', '0', '')",N>=2,False,True,7336980.0,7336980.0,False,run1
dusit-le-palais-tu-hoa-hanoi,2026-10-11,1331064708_416423956_2_1_0,"('1331064708', '416423956', '1', '0', '')",N>=2,False,False,7813260.0,,False,run1
dusit-le-palais-tu-hoa-hanoi,2026-10-11,1331064708_405638420_1_1_0,"('1331064708', '405638420', '1', '0', '')",1,True,True,6474573.0,6474573.0,False,run1
dusit-le-palais-tu-hoa-hanoi,2026-10-11,1331064708_416423956_1_1_0,"('1331064708', '416423956', '1', '0', '')",1,True,True,7575120.0,7575120.0,False,run1
dusit-le-palais-tu-hoa-hanoi,2026-10-11,1331064717_432042635_2_2_0,"('1331064717', '432042635', '2', '0', '')",N>=2,False,False,6572664.0,,False,run1
dusit-le-palais-tu-hoa-hanoi,2026-10-11,1331064717_432042635_1_2_0,"('1331064717', '432042635', '2', '0', '')",1,True,True,6107724.0,6107724.0,False,run1
dusit-le-palais-tu-hoa-hanoi,2026-10-11,1331064709_405638420_2_0_0,"('1331064709', '405638420', '0', '0', '')",N>=2,False,True,6718383.0,6718383.0,False,run1
dusit-le-palais-tu-hoa-hanoi,2026-10-11,1331064709_405638420_2_1_0,"('1331064709', '405638420', '1', '0', '')",N>=2,False,False,7194663.0,,False,run1
dusit-le-palais-tu-hoa-hanoi,2026-10-11,1331064709_416423956_2_2_0,"('1331064709', '416423956', '2', '0', '')",N>=2,False,True,7903980.0,7903980.0,False,run1
dusit-le-palais-tu-hoa-hanoi,2026-10-11,1331064709_416423956_2_1_0,"('1331064709', '416423956', '1', '0', '')",N>=2,False,False,8380260.0,,False,run1
dusit-le-palais-tu-hoa-hanoi,2026-10-11,1331064709_405638420_1_1_0,"('1331064709', '405638420', '1', '0', '')",1,True,True,6956523.0,6956523.0,False,run1
dusit-le-palais-tu-hoa-hanoi,2026-10-11,1331064709_416423956_1_1_0,"('1331064709', '416423956', '1', '0', '')",1,True,True,8142120.0,8142120.0,False,run1
dusit-le-palais-tu-hoa-hanoi,2026-10-11,1331064718_432042635_2_2_0,"('1331064718', '432042635', '2', '0', '')",N>=2,False,False,7026264.0,,False,run1
dusit-le-palais-tu-hoa-hanoi,2026-10-11,1331064718_432042635_1_2_0,"('1331064718', '432042635', '2', '0', '')",1,True,True,6561324.0,6561324.0,False,run1
dusit-le-palais-tu-hoa-hanoi,2026-10-11,1331064719_432042635_2_2_0,"('1331064719', '432042635', '2', '0', '')",N>=2,False,False,7479864.0,,False,run1
dusit-le-palais-tu-hoa-hanoi,2026-10-11,1331064719_432042635_1_2_0,"('1331064719', '432042635', '2', '0', '')",1,True,True,7014924.0,7014924.0,False,run1
dusit-le-palais-tu-hoa-hanoi,2026-11-18,bbasic_0,"('bbasic_0',)",?,False,False,3704950.0,,False,run1
dusit-le-palais-tu-hoa-hanoi,2026-11-18,1331064701_bbasic_0,"('1331064701_bbasic_0',)",0,False,False,3704950.0,,False,run1
dusit-le-palais-tu-hoa-hanoi,2026-11-18,1331064701_405638420_2_0_0,"('1331064701', '405638420', '0', '0', '')",N>=2,False,True,4068140.0,4068140.0,False,run1
dusit-le-palais-tu-hoa-hanoi,2026-11-18,1331064701_405638420_2_1_0,"('1331064701', '405638420', '1', '0', '')",N>=2,False,False,4544420.0,,False,run1
dusit-le-palais-tu-hoa-hanoi,2026-11-18,1331064701_416423956_2_2_0,"('1331064701', '416423956', '2', '0', '')",N>=2,False,True,4786047.0,4786047.0,False,run1
dusit-le-palais-tu-hoa-hanoi,2026-11-18,1331064701_416423956_2_1_0,"('1331064701', '416423956', '1', '0', '')",N>=2,False,False,5262327.0,,False,run1
dusit-le-palais-tu-hoa-hanoi,2026-11-18,1331064701_405638420_1_1_0,"('1331064701', '405638420', '1', '0', '')",1,True,True,4306280.0,4306280.0,False,run1
dusit-le-palais-tu-hoa-hanoi,2026-11-18,1331064701_416423956_1_1_0,"('1331064701', '416423956', '1', '0', '')",1,True,True,5024187.0,5024187.0,False,run1
dusit-le-palais-tu-hoa-hanoi,2026-11-18,1331064702_405638420_2_0_0,"('1331064702', '405638420', '0', '0', '')",N>=2,False,True,4068140.0,4068140.0,False,run1
dusit-le-palais-tu-hoa-hanoi,2026-11-18,1331064702_405638420_2_1_0,"('1331064702', '405638420', '1', '0', '')",N>=2,False,False,4544420.0,,False,run1
dusit-le-palais-tu-hoa-hanoi,2026-11-18,1331064702_416423956_2_2_0,"('1331064702', '416423956', '2', '0', '')",N>=2,False,True,4786047.0,4786047.0,False,run1
dusit-le-palais-tu-hoa-hanoi,2026-11-18,1331064702_416423956_2_1_0,"('1331064702', '416423956', '1', '0', '')",N>=2,False,False,5262327.0,,False,run1
dusit-le-palais-tu-hoa-hanoi,2026-11-18,1331064702_405638420_1_1_0,"('1331064702', '405638420', '1', '0', '')",1,True,True,4306280.0,4306280.0,False,run1
dusit-le-palais-tu-hoa-hanoi,2026-11-18,1331064702_416423956_1_1_0,"('1331064702', '416423956', '1', '0', '')",1,True,True,5024187.0,5024187.0,False,run1
dusit-le-palais-tu-hoa-hanoi,2026-11-18,1331064703_405638420_2_0_0,"('1331064703', '405638420', '0', '0', '')",N>=2,False,True,4550090.0,4550090.0,False,run1
dusit-le-palais-tu-hoa-hanoi,2026-11-18,1331064703_405638420_2_1_0,"('1331064703', '405638420', '1', '0', '')",N>=2,False,False,5026370.0,,False,run1
dusit-le-palais-tu-hoa-hanoi,2026-11-18,1331064703_416423956_2_2_0,"('1331064703', '416423956', '2', '0', '')",N>=2,False,True,5353047.0,5353047.0,False,run1
dusit-le-palais-tu-hoa-hanoi,2026-11-18,1331064703_416423956_2_1_0,"('1331064703', '416423956', '1', '0', '')",N>=2,False,False,5829327.0,,False,run1
dusit-le-palais-tu-hoa-hanoi,2026-11-18,1331064703_405638420_1_1_0,"('1331064703', '405638420', '1', '0', '')",1,True,True,4788230.0,4788230.0,False,run1
dusit-le-palais-tu-hoa-hanoi,2026-11-18,1331064703_416423956_1_1_0,"('1331064703', '416423956', '1', '0', '')",1,True,True,5591187.0,5591187.0,False,run1
dusit-le-palais-tu-hoa-hanoi,2026-11-18,1331064704_405638420_2_0_0,"('1331064704', '405638420', '0', '0', '')",N>=2,False,True,4839260.0,4839260.0,False,run1
dusit-le-palais-tu-hoa-hanoi,2026-11-18,1331064704_405638420_2_1_0,"('1331064704', '405638420', '1', '0', '')",N>=2,False,False,5315540.0,,False,run1
dusit-le-palais-tu-hoa-hanoi,2026-11-18,1331064704_416423956_2_2_0,"('1331064704', '416423956', '2', '0', '')",N>=2,False,True,5693247.0,5693247.0,False,run1
dusit-le-palais-tu-hoa-hanoi,2026-11-18,1331064704_416423956_2_1_0,"('1331064704', '416423956', '1', '0', '')",N>=2,False,False,6169527.0,,False,run1
dusit-le-palais-tu-hoa-hanoi,2026-11-18,1331064704_405638420_1_1_0,"('1331064704', '405638420', '1', '0', '')",1,True,True,5077400.0,5077400.0,False,run1
dusit-le-palais-tu-hoa-hanoi,2026-11-18,1331064704_416423956_1_1_0,"('1331064704', '416423956', '1', '0', '')",1,True,True,5931387.0,5931387.0,False,run1
dusit-le-palais-tu-hoa-hanoi,2026-11-18,1331064711_432042635_2_2_0,"('1331064711', '432042635', '2', '0', '')",N>=2,False,False,4985518.0,,False,run1
dusit-le-palais-tu-hoa-hanoi,2026-11-18,1331064711_432042635_1_2_0,"('1331064711', '432042635', '2', '0', '')",1,True,True,4520578.0,4520578.0,False,run1
dusit-le-palais-tu-hoa-hanoi,2026-11-18,1331064712_432042635_2_2_0,"('1331064712', '432042635', '2', '0', '')",N>=2,False,False,4985518.0,,False,run1
dusit-le-palais-tu-hoa-hanoi,2026-11-18,1331064712_432042635_1_2_0,"('1331064712', '432042635', '2', '0', '')",1,True,True,4520578.0,4520578.0,False,run1
dusit-le-palais-tu-hoa-hanoi,2026-11-18,1331064705_405638420_2_0_0,"('1331064705', '405638420', '0', '0', '')",N>=2,False,True,5321210.0,5321210.0,False,run1
dusit-le-palais-tu-hoa-hanoi,2026-11-18,1331064705_405638420_2_1_0,"('1331064705', '405638420', '1', '0', '')",N>=2,False,False,5797490.0,,False,run1
dusit-le-palais-tu-hoa-hanoi,2026-11-18,1331064705_416423956_2_2_0,"('1331064705', '416423956', '2', '0', '')",N>=2,False,True,6260247.0,6260247.0,False,run1
dusit-le-palais-tu-hoa-hanoi,2026-11-18,1331064705_416423956_2_1_0,"('1331064705', '416423956', '1', '0', '')",N>=2,False,False,6736527.0,,False,run1
dusit-le-palais-tu-hoa-hanoi,2026-11-18,1331064705_405638420_1_1_0,"('1331064705', '405638420', '1', '0', '')",1,True,True,5559350.0,5559350.0,False,run1
dusit-le-palais-tu-hoa-hanoi,2026-11-18,1331064705_416423956_1_1_0,"('1331064705', '416423956', '1', '0', '')",1,True,True,6498387.0,6498387.0,False,run1
dusit-le-palais-tu-hoa-hanoi,2026-11-18,1331064713_432042635_2_2_0,"('1331064713', '432042635', '2', '0', '')",N>=2,False,False,5439118.0,,False,run1
dusit-le-palais-tu-hoa-hanoi,2026-11-18,1331064713_432042635_1_2_0,"('1331064713', '432042635', '2', '0', '')",1,True,True,4974178.0,4974178.0,False,run1
dusit-le-palais-tu-hoa-hanoi,2026-11-18,1331064706_405638420_2_0_0,"('1331064706', '405638420', '0', '0', '')",N>=2,False,True,5610380.0,5610380.0,False,run1
dusit-le-palais-tu-hoa-hanoi,2026-11-18,1331064706_405638420_2_1_0,"('1331064706', '405638420', '1', '0', '')",N>=2,False,False,6086660.0,,False,run1
dusit-le-palais-tu-hoa-hanoi,2026-11-18,1331064706_416423956_2_2_0,"('1331064706', '416423956', '2', '0', '')",N>=2,False,True,6600447.0,6600447.0,False,run1
dusit-le-palais-tu-hoa-hanoi,2026-11-18,1331064706_416423956_2_1_0,"('1331064706', '416423956', '1', '0', '')",N>=2,False,False,7076727.0,,False,run1
dusit-le-palais-tu-hoa-hanoi,2026-11-18,1331064706_405638420_1_1_0,"('1331064706', '405638420', '1', '0', '')",1,True,True,5848520.0,5848520.0,False,run1
dusit-le-palais-tu-hoa-hanoi,2026-11-18,1331064706_416423956_1_1_0,"('1331064706', '416423956', '1', '0', '')",1,True,True,6838587.0,6838587.0,False,run1
dusit-le-palais-tu-hoa-hanoi,2026-11-18,1331064714_432042635_2_2_0,"('1331064714', '432042635', '2', '0', '')",N>=2,False,False,5711278.0,,False,run1
dusit-le-palais-tu-hoa-hanoi,2026-11-18,1331064714_432042635_1_2_0,"('1331064714', '432042635', '2', '0', '')",1,True,True,5246338.0,5246338.0,False,run1
dusit-le-palais-tu-hoa-hanoi,2026-11-18,1331064715_432042635_2_2_0,"('1331064715', '432042635', '2', '0', '')",N>=2,False,False,6164878.0,,False,run1
dusit-le-palais-tu-hoa-hanoi,2026-11-18,1331064715_432042635_1_2_0,"('1331064715', '432042635', '2', '0', '')",1,True,True,5699938.0,5699938.0,False,run1
dusit-le-palais-tu-hoa-hanoi,2026-11-18,1331064707_405638420_2_0_0,"('1331064707', '405638420', '0', '0', '')",N>=2,False,True,6188720.0,6188720.0,False,run1
dusit-le-palais-tu-hoa-hanoi,2026-11-18,1331064707_405638420_2_1_0,"('1331064707', '405638420', '1', '0', '')",N>=2,False,False,6665000.0,,False,run1
dusit-le-palais-tu-hoa-hanoi,2026-11-18,1331064707_416423956_2_2_0,"('1331064707', '416423956', '2', '0', '')",N>=2,False,True,7280847.0,7280847.0,False,run1
dusit-le-palais-tu-hoa-hanoi,2026-11-18,1331064707_416423956_2_1_0,"('1331064707', '416423956', '1', '0', '')",N>=2,False,False,7757127.0,,False,run1
dusit-le-palais-tu-hoa-hanoi,2026-11-18,1331064707_405638420_1_1_0,"('1331064707', '405638420', '1', '0', '')",1,True,True,6426860.0,6426860.0,False,run1
dusit-le-palais-tu-hoa-hanoi,2026-11-18,1331064707_416423956_1_1_0,"('1331064707', '416423956', '1', '0', '')",1,True,True,7518987.0,7518987.0,False,run1
dusit-le-palais-tu-hoa-hanoi,2026-11-18,1331064716_432042635_2_2_0,"('1331064716', '432042635', '2', '0', '')",N>=2,False,False,6437038.0,,False,run1
dusit-le-palais-tu-hoa-hanoi,2026-11-18,1331064716_432042635_1_2_0,"('1331064716', '432042635', '2', '0', '')",1,True,True,5972098.0,5972098.0,False,run1
dusit-le-palais-tu-hoa-hanoi,2026-11-18,1331064708_405638420_2_0_0,"('1331064708', '405638420', '0', '0', '')",N>=2,False,True,6670670.0,6670670.0,False,run1
dusit-le-palais-tu-hoa-hanoi,2026-11-18,1331064708_405638420_2_1_0,"('1331064708', '405638420', '1', '0', '')",N>=2,False,False,7146950.0,,False,run1
dusit-le-palais-tu-hoa-hanoi,2026-11-18,1331064708_416423956_2_2_0,"('1331064708', '416423956', '2', '0', '')",N>=2,False,True,7847847.0,7847847.0,False,run1
dusit-le-palais-tu-hoa-hanoi,2026-11-18,1331064708_416423956_2_1_0,"('1331064708', '416423956', '1', '0', '')",N>=2,False,False,8324127.0,,False,run1
dusit-le-palais-tu-hoa-hanoi,2026-11-18,1331064708_405638420_1_1_0,"('1331064708', '405638420', '1', '0', '')",1,True,True,6908810.0,6908810.0,False,run1
dusit-le-palais-tu-hoa-hanoi,2026-11-18,1331064708_416423956_1_1_0,"('1331064708', '416423956', '1', '0', '')",1,True,True,8085987.0,8085987.0,False,run1
dusit-le-palais-tu-hoa-hanoi,2026-11-18,1331064717_432042635_2_2_0,"('1331064717', '432042635', '2', '0', '')",N>=2,False,False,6981358.0,,False,run1
dusit-le-palais-tu-hoa-hanoi,2026-11-18,1331064717_432042635_1_2_0,"('1331064717', '432042635', '2', '0', '')",1,True,True,6516418.0,6516418.0,False,run1
dusit-le-palais-tu-hoa-hanoi,2026-11-18,1331064709_405638420_2_0_0,"('1331064709', '405638420', '0', '0', '')",N>=2,False,True,7152620.0,7152620.0,False,run1
dusit-le-palais-tu-hoa-hanoi,2026-11-18,1331064709_405638420_2_1_0,"('1331064709', '405638420', '1', '0', '')",N>=2,False,False,7628900.0,,False,run1
dusit-le-palais-tu-hoa-hanoi,2026-11-18,1331064709_416423956_2_2_0,"('1331064709', '416423956', '2', '0', '')",N>=2,False,True,8414847.0,8414847.0,False,run1
dusit-le-palais-tu-hoa-hanoi,2026-11-18,1331064709_416423956_2_1_0,"('1331064709', '416423956', '1', '0', '')",N>=2,False,False,8891127.0,,False,run1
dusit-le-palais-tu-hoa-hanoi,2026-11-18,1331064709_405638420_1_1_0,"('1331064709', '405638420', '1', '0', '')",1,True,True,7390760.0,7390760.0,False,run1
dusit-le-palais-tu-hoa-hanoi,2026-11-18,1331064709_416423956_1_1_0,"('1331064709', '416423956', '1', '0', '')",1,True,True,8652987.0,8652987.0,False,run1
dusit-le-palais-tu-hoa-hanoi,2026-11-18,1331064718_432042635_2_2_0,"('1331064718', '432042635', '2', '0', '')",N>=2,False,False,7434958.0,,False,run1
dusit-le-palais-tu-hoa-hanoi,2026-11-18,1331064718_432042635_1_2_0,"('1331064718', '432042635', '2', '0', '')",1,True,True,6970018.0,6970018.0,False,run1
dusit-le-palais-tu-hoa-hanoi,2026-11-18,1331064719_432042635_2_2_0,"('1331064719', '432042635', '2', '0', '')",N>=2,False,False,7888558.0,,False,run1
dusit-le-palais-tu-hoa-hanoi,2026-11-18,1331064719_432042635_1_2_0,"('1331064719', '432042635', '2', '0', '')",1,True,True,7423618.0,7423618.0,False,run1
gardenplazasaigonparkroyal,2026-10-01,7263001_212831950_2_42_0_310285,"('7263001', '212831950', '42', '0', '310285')",N>=2,False,True,1939334.0,1939334.0,False,run1
gardenplazasaigonparkroyal,2026-10-01,7263001_265089251_2_42_0_310299,"('7263001', '265089251', '42', '0', '310299')",N>=2,False,True,2154815.0,2154815.0,False,run1
gardenplazasaigonparkroyal,2026-10-01,7263001_265089251_2_41_0_310285,"('7263001', '265089251', '41', '0', '310285')",N>=2,False,True,2275031.0,2275031.0,False,run1
gardenplazasaigonparkroyal,2026-10-01,7263002_212831950_2_42_0_310285,"('7263002', '212831950', '42', '0', '310285')",N>=2,False,True,2074577.0,2074577.0,False,run1
gardenplazasaigonparkroyal,2026-10-01,7263002_265089251_2_42_0_310299,"('7263002', '265089251', '42', '0', '310299')",N>=2,False,True,2305085.0,2305085.0,False,run1
gardenplazasaigonparkroyal,2026-10-01,7263002_265089251_2_41_0_310285,"('7263002', '265089251', '41', '0', '310285')",N>=2,False,True,2425302.0,2425302.0,False,run1
gardenplazasaigonparkroyal,2026-10-01,7263003_212831950_2_41_0_310285,"('7263003', '212831950', '41', '0', '310285')",N>=2,False,True,3156521.0,3156521.0,False,run1
gardenplazasaigonparkroyal,2026-10-01,7263003_265089251_2_41_0_310285,"('7263003', '265089251', '41', '0', '310285')",N>=2,False,True,3507246.0,3507246.0,False,run1
gardenplazasaigonparkroyal,2026-10-01,7263047_212831950_2_42_0_310285,"('7263047', '212831950', '42', '0', '310285')",N>=2,False,True,1939334.0,1939334.0,False,run1
gardenplazasaigonparkroyal,2026-10-01,7263047_265089251_2_42_0_310299,"('7263047', '265089251', '42', '0', '310299')",N>=2,False,True,2154815.0,2154815.0,False,run1
gardenplazasaigonparkroyal,2026-10-01,7263047_265089251_2_41_0_310285,"('7263047', '265089251', '41', '0', '310285')",N>=2,False,True,2275031.0,2275031.0,False,run1
gardenplazasaigonparkroyal,2026-10-01,7263048_212831950_0_42_0_310285,"('7263048', '212831950', '42', '0', '310285')",0,False,True,2074577.0,2074577.0,False,run1
gardenplazasaigonparkroyal,2026-10-01,7263048_265089251_2_42_0_310299,"('7263048', '265089251', '42', '0', '310299')",N>=2,False,True,2305085.0,2305085.0,False,run1
gardenplazasaigonparkroyal,2026-10-01,7263048_265089251_2_41_0_310285,"('7263048', '265089251', '41', '0', '310285')",N>=2,False,True,2425302.0,2425302.0,False,run1
gardenplazasaigonparkroyal,2026-10-01,7263045_212831950_2_42_0_310285,"('7263045', '212831950', '42', '0', '310285')",N>=2,False,True,2209820.0,2209820.0,False,run1
gardenplazasaigonparkroyal,2026-10-01,7263045_265089251_2_42_0_310299,"('7263045', '265089251', '42', '0', '310299')",N>=2,False,True,2455356.0,2455356.0,False,run1
gardenplazasaigonparkroyal,2026-10-01,7263045_265089251_2_41_0_310285,"('7263045', '265089251', '41', '0', '310285')",N>=2,False,True,2575572.0,2575572.0,False,run1
gardenplazasaigonparkroyal,2026-10-01,7263046_212831950_2_41_0_310285,"('7263046', '212831950', '41', '0', '310285')",N>=2,False,True,3562250.0,3562250.0,False,run1
gardenplazasaigonparkroyal,2026-10-01,7263046_265089251_2_41_0_310285,"('7263046', '265089251', '41', '0', '310285')",N>=2,False,True,3958056.0,3958056.0,False,run1
gardenplazasaigonparkroyal,2026-10-01,7263004_212831950_2_41_0_310285,"('7263004', '212831950', '41', '0', '310285')",N>=2,False,True,3967979.0,3967979.0,False,run1
gardenplazasaigonparkroyal,2026-10-01,7263004_265089251_2_41_0_310285,"('7263004', '265089251', '41', '0', '310285')",N>=2,False,True,4408866.0,4408866.0,False,run1
gardenplazasaigonparkroyal,2026-10-11,7263002_212831950_2_42_0_310285,"('7263002', '212831950', '42', '0', '310285')",N>=2,False,True,2074577.0,2074577.0,False,run1
gardenplazasaigonparkroyal,2026-10-11,7263002_265089251_2_42_0_310299,"('7263002', '265089251', '42', '0', '310299')",N>=2,False,True,2305085.0,2305085.0,False,run1
gardenplazasaigonparkroyal,2026-10-11,7263002_265089251_2_41_0_310285,"('7263002', '265089251', '41', '0', '310285')",N>=2,False,True,2425302.0,2425302.0,False,run1
gardenplazasaigonparkroyal,2026-10-11,7263001_212831950_2_42_0_310285,"('7263001', '212831950', '42', '0', '310285')",N>=2,False,True,1939334.0,1939334.0,False,run1
gardenplazasaigonparkroyal,2026-10-11,7263001_265089251_2_42_0_310299,"('7263001', '265089251', '42', '0', '310299')",N>=2,False,True,2154815.0,2154815.0,False,run1
gardenplazasaigonparkroyal,2026-10-11,7263001_265089251_2_41_0_310285,"('7263001', '265089251', '41', '0', '310285')",N>=2,False,True,2275031.0,2275031.0,False,run1
gardenplazasaigonparkroyal,2026-10-11,7263047_212831950_2_42_0_310285,"('7263047', '212831950', '42', '0', '310285')",N>=2,False,True,1939334.0,1939334.0,False,run1
gardenplazasaigonparkroyal,2026-10-11,7263047_265089251_2_42_0_310299,"('7263047', '265089251', '42', '0', '310299')",N>=2,False,True,2154815.0,2154815.0,False,run1
gardenplazasaigonparkroyal,2026-10-11,7263047_265089251_2_41_0_310285,"('7263047', '265089251', '41', '0', '310285')",N>=2,False,True,2275031.0,2275031.0,False,run1
gardenplazasaigonparkroyal,2026-10-11,7263003_212831950_2_41_0_310285,"('7263003', '212831950', '41', '0', '310285')",N>=2,False,True,3156521.0,3156521.0,False,run1
gardenplazasaigonparkroyal,2026-10-11,7263003_265089251_2_41_0_310285,"('7263003', '265089251', '41', '0', '310285')",N>=2,False,True,3507246.0,3507246.0,False,run1
gardenplazasaigonparkroyal,2026-10-11,7263048_212831950_0_42_0_310285,"('7263048', '212831950', '42', '0', '310285')",0,False,True,2074577.0,2074577.0,False,run1
gardenplazasaigonparkroyal,2026-10-11,7263048_265089251_2_42_0_310299,"('7263048', '265089251', '42', '0', '310299')",N>=2,False,True,2305085.0,2305085.0,False,run1
gardenplazasaigonparkroyal,2026-10-11,7263048_265089251_2_41_0_310285,"('7263048', '265089251', '41', '0', '310285')",N>=2,False,True,2425302.0,2425302.0,False,run1
gardenplazasaigonparkroyal,2026-10-11,7263045_212831950_2_42_0_310285,"('7263045', '212831950', '42', '0', '310285')",N>=2,False,True,2209820.0,2209820.0,False,run1
gardenplazasaigonparkroyal,2026-10-11,7263045_265089251_2_42_0_310299,"('7263045', '265089251', '42', '0', '310299')",N>=2,False,True,2455356.0,2455356.0,False,run1
gardenplazasaigonparkroyal,2026-10-11,7263045_265089251_2_41_0_310285,"('7263045', '265089251', '41', '0', '310285')",N>=2,False,True,2575572.0,2575572.0,False,run1
gardenplazasaigonparkroyal,2026-10-11,7263046_212831950_2_41_0_310285,"('7263046', '212831950', '41', '0', '310285')",N>=2,False,True,3562250.0,3562250.0,False,run1
gardenplazasaigonparkroyal,2026-10-11,7263046_265089251_2_41_0_310285,"('7263046', '265089251', '41', '0', '310285')",N>=2,False,True,3958056.0,3958056.0,False,run1
gardenplazasaigonparkroyal,2026-10-11,7263004_212831950_2_41_0_310285,"('7263004', '212831950', '41', '0', '310285')",N>=2,False,True,3967979.0,3967979.0,False,run1
gardenplazasaigonparkroyal,2026-10-11,7263004_265089251_2_41_0_310285,"('7263004', '265089251', '41', '0', '310285')",N>=2,False,True,4408866.0,4408866.0,False,run1
gardenplazasaigonparkroyal,2026-11-18,7263001_443270011_2_42_0_310285,"('7263001', '443270011', '42', '0', '310285')",N>=2,False,True,2007381.0,2007381.0,False,run1
gardenplazasaigonparkroyal,2026-11-18,7263001_212831950_2_42_0_310285,"('7263001', '212831950', '42', '0', '310285')",N>=2,False,True,2408857.0,2676508.0,False,run1
gardenplazasaigonparkroyal,2026-11-18,7263001_265089251_2_42_0_310299,"('7263001', '265089251', '42', '0', '310299')",N>=2,False,True,2676508.0,2676508.0,False,run1
gardenplazasaigonparkroyal,2026-11-18,7263001_265089251_2_41_0_310285,"('7263001', '265089251', '41', '0', '310285')",N>=2,False,True,2796724.0,2796724.0,False,run1
gardenplazasaigonparkroyal,2026-11-18,7263047_443270011_2_42_0_310285,"('7263047', '443270011', '42', '0', '310285')",N>=2,False,True,2007381.0,2007381.0,False,run1
gardenplazasaigonparkroyal,2026-11-18,7263047_212831950_2_42_0_310285,"('7263047', '212831950', '42', '0', '310285')",N>=2,False,True,2408857.0,2676508.0,False,run1
gardenplazasaigonparkroyal,2026-11-18,7263047_265089251_2_42_0_310299,"('7263047', '265089251', '42', '0', '310299')",N>=2,False,True,2676508.0,2676508.0,False,run1
gardenplazasaigonparkroyal,2026-11-18,7263047_265089251_2_41_0_310285,"('7263047', '265089251', '41', '0', '310285')",N>=2,False,True,2796724.0,2796724.0,False,run1
gardenplazasaigonparkroyal,2026-11-18,7263002_443270011_2_42_0_310285,"('7263002', '443270011', '42', '0', '310285')",N>=2,False,True,2120084.0,2120084.0,False,run1
gardenplazasaigonparkroyal,2026-11-18,7263002_212831950_2_42_0_310285,"('7263002', '212831950', '42', '0', '310285')",N>=2,False,True,2544100.0,2826778.0,False,run1
gardenplazasaigonparkroyal,2026-11-18,7263002_265089251_2_42_0_310299,"('7263002', '265089251', '42', '0', '310299')",N>=2,False,True,2826778.0,2826778.0,False,run1
gardenplazasaigonparkroyal,2026-11-18,7263002_265089251_2_41_0_310285,"('7263002', '265089251', '41', '0', '310285')",N>=2,False,True,2946994.0,2946994.0,False,run1
gardenplazasaigonparkroyal,2026-11-18,7263048_443270011_0_42_0_310285,"('7263048', '443270011', '42', '0', '310285')",0,False,True,2120084.0,2120084.0,False,run1
gardenplazasaigonparkroyal,2026-11-18,7263048_212831950_0_42_0_310285,"('7263048', '212831950', '42', '0', '310285')",0,False,True,2544100.0,2826778.0,False,run1
gardenplazasaigonparkroyal,2026-11-18,7263048_265089251_2_42_0_310299,"('7263048', '265089251', '42', '0', '310299')",N>=2,False,True,2826778.0,2826778.0,False,run1
gardenplazasaigonparkroyal,2026-11-18,7263048_265089251_2_41_0_310285,"('7263048', '265089251', '41', '0', '310285')",N>=2,False,True,2946994.0,2946994.0,False,run1
gardenplazasaigonparkroyal,2026-11-18,7263045_443270011_2_42_0_310285,"('7263045', '443270011', '42', '0', '310285')",N>=2,False,True,2232786.0,2232786.0,False,run1
gardenplazasaigonparkroyal,2026-11-18,7263045_212831950_2_42_0_310285,"('7263045', '212831950', '42', '0', '310285')",N>=2,False,True,2679343.0,2977048.0,False,run1
gardenplazasaigonparkroyal,2026-11-18,7263045_265089251_2_42_0_310299,"('7263045', '265089251', '42', '0', '310299')",N>=2,False,True,2977048.0,2977048.0,False,run1
gardenplazasaigonparkroyal,2026-11-18,7263045_265089251_2_41_0_310285,"('7263045', '265089251', '41', '0', '310285')",N>=2,False,True,3097264.0,3097264.0,False,run1
gardenplazasaigonparkroyal,2026-11-18,7263003_443270011_2_41_0_310285,"('7263003', '443270011', '41', '0', '310285')",N>=2,False,True,3021704.0,3021704.0,False,run1
gardenplazasaigonparkroyal,2026-11-18,7263003_212831950_2_41_0_310285,"('7263003', '212831950', '41', '0', '310285')",N>=2,False,False,3626044.0,,False,run1
gardenplazasaigonparkroyal,2026-11-18,7263003_265089251_2_41_0_310285,"('7263003', '265089251', '41', '0', '310285')",N>=2,False,True,4028938.0,4028938.0,False,run1
gardenplazasaigonparkroyal,2026-11-18,7263046_443270011_2_41_0_310285,"('7263046', '443270011', '41', '0', '310285')",N>=2,False,True,3359811.0,3359811.0,False,run1
gardenplazasaigonparkroyal,2026-11-18,7263046_212831950_2_41_0_310285,"('7263046', '212831950', '41', '0', '310285')",N>=2,False,False,4031773.0,,False,run1
gardenplazasaigonparkroyal,2026-11-18,7263046_265089251_2_41_0_310285,"('7263046', '265089251', '41', '0', '310285')",N>=2,False,True,4479748.0,4479748.0,False,run1
gardenplazasaigonparkroyal,2026-11-18,7263004_443270011_2_41_0_310285,"('7263004', '443270011', '41', '0', '310285')",N>=2,False,True,3697919.0,3697919.0,False,run1
gardenplazasaigonparkroyal,2026-11-18,7263004_212831950_2_41_0_310285,"('7263004', '212831950', '41', '0', '310285')",N>=2,False,False,4437502.0,,False,run1
gardenplazasaigonparkroyal,2026-11-18,7263004_265089251_2_41_0_310285,"('7263004', '265089251', '41', '0', '310285')",N>=2,False,True,4930558.0,4930558.0,False,run1
hilton-saigon,2026-10-01,1110458701_384026274_2_42_0,"('1110458701', '384026274', '42', '0', '')",N>=2,False,False,6509160.0,,False,run1
hilton-saigon,2026-10-01,1110458701_384026274_2_41_0,"('1110458701', '384026274', '41', '0', '')",N>=2,False,False,7881300.0,,False,run1
hilton-saigon,2026-10-01,1110458701_384026154_2_42_0,"('1110458701', '384026154', '42', '0', '')",N>=2,False,False,7938000.0,,False,run1
hilton-saigon,2026-10-01,1110458701_384026154_2_41_0,"('1110458701', '384026154', '41', '0', '')",N>=2,False,False,9298800.0,,False,run1
hilton-saigon,2026-10-01,1110458701_384026154_2_25_0,"('1110458701', '384026154', '25', '0', '')",N>=2,False,False,12927600.0,,False,run1
hilton-saigon,2026-10-01,1110458701_384026274_1_41_0,"('1110458701', '384026274', '41', '0', '')",1,True,False,7200900.0,,False,run1
hilton-saigon,2026-10-01,1110458701_384026154_1_41_0,"('1110458701', '384026154', '41', '0', '')",1,True,False,8618400.0,,False,run1
hilton-saigon,2026-10-01,1110458701_384026154_1_25_0,"('1110458701', '384026154', '25', '0', '')",1,True,False,10432800.0,,False,run1
hilton-saigon,2026-10-01,1110458709_384026274_2_42_0,"('1110458709', '384026274', '42', '0', '')",N>=2,False,True,6788124.0,6788124.0,False,run1
hilton-saigon,2026-10-01,1110458709_384026274_2_41_0,"('1110458709', '384026274', '41', '0', '')",N>=2,False,False,8164800.0,,False,run1
hilton-saigon,2026-10-01,1110458709_384026154_2_42_0,"('1110458709', '384026154', '42', '0', '')",N>=2,False,True,8278200.0,8278200.0,False,run1
hilton-saigon,2026-10-01,1110458709_384026154_2_41_0,"('1110458709', '384026154', '41', '0', '')",N>=2,False,False,9639000.0,,False,run1
hilton-saigon,2026-10-01,1110458709_384026154_2_25_0,"('1110458709', '384026154', '25', '0', '')",N>=2,False,False,13267800.0,,False,run1
hilton-saigon,2026-10-01,1110458709_384026274_1_41_0,"('1110458709', '384026274', '41', '0', '')",1,True,True,7484400.0,7484400.0,False,run1
hilton-saigon,2026-10-01,1110458709_384026154_1_41_0,"('1110458709', '384026154', '41', '0', '')",1,True,True,8958600.0,8958600.0,False,run1
hilton-saigon,2026-10-01,1110458709_384026154_1_25_0,"('1110458709', '384026154', '25', '0', '')",1,True,True,10773000.0,10773000.0,False,run1
hilton-saigon,2026-10-01,1110458710_384026274_2_42_0,"('1110458710', '384026274', '42', '0', '')",N>=2,False,True,6509160.0,6509160.0,False,run1
hilton-saigon,2026-10-01,1110458710_384026274_2_41_0,"('1110458710', '384026274', '41', '0', '')",N>=2,False,False,7881300.0,,False,run1
hilton-saigon,2026-10-01,1110458710_384026154_2_42_0,"('1110458710', '384026154', '42', '0', '')",N>=2,False,True,7938000.0,7938000.0,False,run1
hilton-saigon,2026-10-01,1110458710_384026154_2_41_0,"('1110458710', '384026154', '41', '0', '')",N>=2,False,False,9298800.0,,False,run1
hilton-saigon,2026-10-01,1110458710_384026154_2_25_0,"('1110458710', '384026154', '25', '0', '')",N>=2,False,False,12927600.0,,False,run1
hilton-saigon,2026-10-01,1110458710_384026274_1_41_0,"('1110458710', '384026274', '41', '0', '')",1,True,True,7200900.0,7200900.0,False,run1
hilton-saigon,2026-10-01,1110458710_384026154_1_41_0,"('1110458710', '384026154', '41', '0', '')",1,True,True,8618400.0,8618400.0,False,run1
hilton-saigon,2026-10-01,1110458710_384026154_1_25_0,"('1110458710', '384026154', '25', '0', '')",1,True,True,10432800.0,10432800.0,False,run1
hilton-saigon,2026-10-01,1110458715_384026274_2_42_0,"('1110458715', '384026274', '42', '0', '')",N>=2,False,True,6788124.0,6788124.0,False,run1
hilton-saigon,2026-10-01,1110458715_384026274_2_41_0,"('1110458715', '384026274', '41', '0', '')",N>=2,False,False,8164800.0,,False,run1
hilton-saigon,2026-10-01,1110458715_384026154_2_42_0,"('1110458715', '384026154', '42', '0', '')",N>=2,False,True,8278200.0,8278200.0,False,run1
hilton-saigon,2026-10-01,1110458715_384026154_2_41_0,"('1110458715', '384026154', '41', '0', '')",N>=2,False,False,9639000.0,,False,run1
hilton-saigon,2026-10-01,1110458715_384026154_2_25_0,"('1110458715', '384026154', '25', '0', '')",N>=2,False,False,13267800.0,,False,run1
hilton-saigon,2026-10-01,1110458715_384026274_1_41_0,"('1110458715', '384026274', '41', '0', '')",1,True,True,7484400.0,7484400.0,False,run1
hilton-saigon,2026-10-01,1110458715_384026154_1_41_0,"('1110458715', '384026154', '41', '0', '')",1,True,True,8958600.0,8958600.0,False,run1
hilton-saigon,2026-10-01,1110458715_384026154_1_25_0,"('1110458715', '384026154', '25', '0', '')",1,True,True,10773000.0,10773000.0,False,run1
hilton-saigon,2026-10-01,1110458714_384026274_2_42_0,"('1110458714', '384026274', '42', '0', '')",N>=2,False,True,7067088.0,7067088.0,False,run1
hilton-saigon,2026-10-01,1110458714_384026274_2_41_0,"('1110458714', '384026274', '41', '0', '')",N>=2,False,False,8448300.0,,False,run1
hilton-saigon,2026-10-01,1110458714_384026154_2_42_0,"('1110458714', '384026154', '42', '0', '')",N>=2,False,True,8618400.0,8618400.0,False,run1
hilton-saigon,2026-10-01,1110458714_384026154_2_41_0,"('1110458714', '384026154', '41', '0', '')",N>=2,False,False,9979200.0,,False,run1
hilton-saigon,2026-10-01,1110458714_384026154_2_25_0,"('1110458714', '384026154', '25', '0', '')",N>=2,False,False,13608000.0,,False,run1
hilton-saigon,2026-10-01,1110458714_384026274_1_41_0,"('1110458714', '384026274', '41', '0', '')",1,True,True,7767900.0,7767900.0,False,run1
hilton-saigon,2026-10-01,1110458714_384026154_1_41_0,"('1110458714', '384026154', '41', '0', '')",1,True,True,9298800.0,9298800.0,False,run1
hilton-saigon,2026-10-01,1110458714_384026154_1_25_0,"('1110458714', '384026154', '25', '0', '')",1,True,True,11113200.0,11113200.0,False,run1
hilton-saigon,2026-10-01,1110458703_384026274_2_42_0,"('1110458703', '384026274', '42', '0', '')",N>=2,False,True,7160076.0,7160076.0,False,run1
hilton-saigon,2026-10-01,1110458703_384026274_2_41_0,"('1110458703', '384026274', '41', '0', '')",N>=2,False,False,8505000.0,,False,run1
hilton-saigon,2026-10-01,1110458703_384026154_2_42_0,"('1110458703', '384026154', '42', '0', '')",N>=2,False,True,8731800.0,8731800.0,False,run1
hilton-saigon,2026-10-01,1110458703_384026154_2_41_0,"('1110458703', '384026154', '41', '0', '')",N>=2,False,False,10092600.0,,False,run1
hilton-saigon,2026-10-01,1110458703_384026154_2_25_0,"('1110458703', '384026154', '25', '0', '')",N>=2,False,False,13721400.0,,False,run1
hilton-saigon,2026-10-01,1110458703_384026274_1_41_0,"('1110458703', '384026274', '41', '0', '')",1,True,True,7824600.0,7824600.0,False,run1
hilton-saigon,2026-10-01,1110458703_384026154_1_41_0,"('1110458703', '384026154', '41', '0', '')",1,True,True,9412200.0,9412200.0,False,run1
hilton-saigon,2026-10-01,1110458703_384026154_1_25_0,"('1110458703', '384026154', '25', '0', '')",1,True,True,11226600.0,11226600.0,False,run1
hilton-saigon,2026-10-01,1110458713_384026274_2_42_0,"('1110458713', '384026274', '42', '0', '')",N>=2,False,True,8368920.0,8368920.0,False,run1
hilton-saigon,2026-10-01,1110458713_384026274_2_41_0,"('1110458713', '384026274', '41', '0', '')",N>=2,False,False,9752400.0,,False,run1
hilton-saigon,2026-10-01,1110458713_384026154_2_42_0,"('1110458713', '384026154', '42', '0', '')",N>=2,False,True,10206000.0,10206000.0,False,run1
hilton-saigon,2026-10-01,1110458713_384026154_2_41_0,"('1110458713', '384026154', '41', '0', '')",N>=2,False,False,11566800.0,,False,run1
hilton-saigon,2026-10-01,1110458713_384026154_2_25_0,"('1110458713', '384026154', '25', '0', '')",N>=2,False,False,15195600.0,,False,run1
hilton-saigon,2026-10-01,1110458713_384026274_1_41_0,"('1110458713', '384026274', '41', '0', '')",1,True,True,9072000.0,9072000.0,False,run1
hilton-saigon,2026-10-01,1110458713_384026154_1_41_0,"('1110458713', '384026154', '41', '0', '')",1,True,True,10886400.0,10886400.0,False,run1
hilton-saigon,2026-10-01,1110458713_384026154_1_25_0,"('1110458713', '384026154', '25', '0', '')",1,True,True,12700800.0,12700800.0,False,run1
hilton-saigon,2026-10-01,1110458711_384026274_2_42_0,"('1110458711', '384026274', '42', '0', '')",N>=2,False,True,8461908.0,8461908.0,False,run1
hilton-saigon,2026-10-01,1110458711_384026274_2_41_0,"('1110458711', '384026274', '41', '0', '')",N>=2,False,False,9809100.0,,False,run1
hilton-saigon,2026-10-01,1110458711_384026154_2_42_0,"('1110458711', '384026154', '42', '0', '')",N>=2,False,True,10319400.0,10319400.0,False,run1
hilton-saigon,2026-10-01,1110458711_384026154_2_41_0,"('1110458711', '384026154', '41', '0', '')",N>=2,False,False,11680200.0,,False,run1
hilton-saigon,2026-10-01,1110458711_384026154_2_25_0,"('1110458711', '384026154', '25', '0', '')",N>=2,False,False,15309000.0,,False,run1
hilton-saigon,2026-10-01,1110458711_384026274_1_41_0,"('1110458711', '384026274', '41', '0', '')",1,True,True,9128700.0,9128700.0,False,run1
hilton-saigon,2026-10-01,1110458711_384026154_1_41_0,"('1110458711', '384026154', '41', '0', '')",1,True,True,10999800.0,10999800.0,False,run1
hilton-saigon,2026-10-01,1110458711_384026154_1_25_0,"('1110458711', '384026154', '25', '0', '')",1,True,True,12814200.0,12814200.0,False,run1
hilton-saigon,2026-10-01,1110458704_384026274_2_42_0,"('1110458704', '384026274', '42', '0', '')",N>=2,False,True,8647884.0,8647884.0,False,run1
hilton-saigon,2026-10-01,1110458704_384026274_2_41_0,"('1110458704', '384026274', '41', '0', '')",N>=2,False,False,10035900.0,,False,run1
hilton-saigon,2026-10-01,1110458704_384026154_2_42_0,"('1110458704', '384026154', '42', '0', '')",N>=2,False,True,10546200.0,10546200.0,False,run1
hilton-saigon,2026-10-01,1110458704_384026154_2_41_0,"('1110458704', '384026154', '41', '0', '')",N>=2,False,False,11907000.0,,False,run1
hilton-saigon,2026-10-01,1110458704_384026154_2_25_0,"('1110458704', '384026154', '25', '0', '')",N>=2,False,False,15535800.0,,False,run1
hilton-saigon,2026-10-01,1110458704_384026274_1_41_0,"('1110458704', '384026274', '41', '0', '')",1,True,True,9355500.0,9355500.0,False,run1
hilton-saigon,2026-10-01,1110458704_384026154_1_41_0,"('1110458704', '384026154', '41', '0', '')",1,True,True,11226600.0,11226600.0,False,run1
hilton-saigon,2026-10-01,1110458704_384026154_1_25_0,"('1110458704', '384026154', '25', '0', '')",1,True,True,13041000.0,13041000.0,False,run1
hilton-saigon,2026-10-01,1110458702_384026274_2_42_0,"('1110458702', '384026274', '42', '0', '')",N>=2,False,True,9856728.0,10321668.0,False,run1
hilton-saigon,2026-10-01,1110458702_384026274_2_41_0,"('1110458702', '384026274', '41', '0', '')",N>=2,False,False,11226600.0,,False,run1
hilton-saigon,2026-10-01,1110458702_384026154_2_42_0,"('1110458702', '384026154', '42', '0', '')",N>=2,False,True,12020400.0,12587400.0,False,run1
hilton-saigon,2026-10-01,1110458702_384026154_2_41_0,"('1110458702', '384026154', '41', '0', '')",N>=2,False,False,13381200.0,,False,run1
hilton-saigon,2026-10-01,1110458702_384026154_2_25_0,"('1110458702', '384026154', '25', '0', '')",N>=2,False,False,17010000.0,,False,run1
hilton-saigon,2026-10-01,1110458702_384026274_1_41_0,"('1110458702', '384026274', '41', '0', '')",1,True,True,10546200.0,10999800.0,False,run1
hilton-saigon,2026-10-01,1110458702_384026154_1_41_0,"('1110458702', '384026154', '41', '0', '')",1,True,True,12700800.0,13267800.0,False,run1
hilton-saigon,2026-10-01,1110458702_384026154_1_25_0,"('1110458702', '384026154', '25', '0', '')",1,True,True,14515200.0,15082200.0,False,run1
hilton-saigon,2026-10-01,1110458707_384026274_2_42_0,"('1110458707', '384026274', '42', '0', '')",N>=2,False,True,11995452.0,12460392.0,False,run1
hilton-saigon,2026-10-01,1110458707_384026274_2_41_0,"('1110458707', '384026274', '41', '0', '')",N>=2,False,False,13381200.0,,False,run1
hilton-saigon,2026-10-01,1110458707_384026154_2_42_0,"('1110458707', '384026154', '42', '0', '')",N>=2,False,True,14628600.0,15195600.0,False,run1
hilton-saigon,2026-10-01,1110458707_384026154_2_41_0,"('1110458707', '384026154', '41', '0', '')",N>=2,False,False,15989400.0,,False,run1
hilton-saigon,2026-10-01,1110458707_384026154_2_25_0,"('1110458707', '384026154', '25', '0', '')",N>=2,False,False,19618200.0,,False,run1
hilton-saigon,2026-10-01,1110458707_384026274_1_41_0,"('1110458707', '384026274', '41', '0', '')",1,True,True,12700800.0,13154400.0,False,run1
hilton-saigon,2026-10-01,1110458707_384026154_1_41_0,"('1110458707', '384026154', '41', '0', '')",1,True,True,15309000.0,15876000.0,False,run1
hilton-saigon,2026-10-01,1110458707_384026154_1_25_0,"('1110458707', '384026154', '25', '0', '')",1,True,True,17123400.0,17690400.0,False,run1
hilton-saigon,2026-10-01,1110458708_384026274_2_42_0,"('1110458708', '384026274', '42', '0', '')",N>=2,False,True,14785092.0,15250032.0,False,run1
hilton-saigon,2026-10-01,1110458708_384026274_2_41_0,"('1110458708', '384026274', '41', '0', '')",N>=2,False,False,16159500.0,,False,run1
hilton-saigon,2026-10-01,1110458708_384026154_2_42_0,"('1110458708', '384026154', '42', '0', '')",N>=2,False,True,18030600.0,18597600.0,False,run1
hilton-saigon,2026-10-01,1110458708_384026154_2_41_0,"('1110458708', '384026154', '41', '0', '')",N>=2,False,False,19391400.0,,False,run1
hilton-saigon,2026-10-01,1110458708_384026154_2_25_0,"('1110458708', '384026154', '25', '0', '')",N>=2,False,False,23020200.0,,False,run1
hilton-saigon,2026-10-01,1110458708_384026274_1_41_0,"('1110458708', '384026274', '41', '0', '')",1,True,True,15479100.0,15932700.0,False,run1
hilton-saigon,2026-10-01,1110458708_384026154_1_41_0,"('1110458708', '384026154', '41', '0', '')",1,True,True,18711000.0,19278000.0,False,run1
hilton-saigon,2026-10-01,1110458708_384026154_1_25_0,"('1110458708', '384026154', '25', '0', '')",1,True,True,20525400.0,21092400.0,False,run1
hilton-saigon,2026-10-11,1110458701_384026274_2_42_0,"('1110458701', '384026274', '42', '0', '')",N>=2,False,True,6078864.0,6075916.0,False,run1
hilton-saigon,2026-10-11,1110458701_384026154_2_42_0,"('1110458701', '384026154', '42', '0', '')",N>=2,False,True,7371000.0,7371000.0,False,run1
hilton-saigon,2026-10-11,1110458701_384026274_2_41_0,"('1110458701', '384026274', '41', '0', '')",N>=2,False,False,7427700.0,,False,run1
hilton-saigon,2026-10-11,1110458701_384026154_2_41_0,"('1110458701', '384026154', '41', '0', '')",N>=2,False,False,8731800.0,,False,run1
hilton-saigon,2026-10-11,1110458701_384026154_2_25_0,"('1110458701', '384026154', '25', '0', '')",N>=2,False,False,12360600.0,,False,run1
hilton-saigon,2026-10-11,1110458701_384026274_1_41_0,"('1110458701', '384026274', '41', '0', '')",1,True,True,6747300.0,6747300.0,False,run1
hilton-saigon,2026-10-11,1110458701_384026154_1_41_0,"('1110458701', '384026154', '41', '0', '')",1,True,True,8051400.0,8051400.0,False,run1
hilton-saigon,2026-10-11,1110458701_384026154_1_25_0,"('1110458701', '384026154', '25', '0', '')",1,True,True,9865800.0,9865800.0,False,run1
hilton-saigon,2026-10-11,1110458710_384026274_2_42_0,"('1110458710', '384026274', '42', '0', '')",N>=2,False,True,6078864.0,6075916.0,False,run1
hilton-saigon,2026-10-11,1110458710_384026154_2_42_0,"('1110458710', '384026154', '42', '0', '')",N>=2,False,True,7371000.0,7371000.0,False,run1
hilton-saigon,2026-10-11,1110458710_384026274_2_41_0,"('1110458710', '384026274', '41', '0', '')",N>=2,False,False,7427700.0,,False,run1
hilton-saigon,2026-10-11,1110458710_384026154_2_41_0,"('1110458710', '384026154', '41', '0', '')",N>=2,False,False,8731800.0,,False,run1
hilton-saigon,2026-10-11,1110458710_384026154_2_25_0,"('1110458710', '384026154', '25', '0', '')",N>=2,False,False,12360600.0,,False,run1
hilton-saigon,2026-10-11,1110458710_384026274_1_41_0,"('1110458710', '384026274', '41', '0', '')",1,True,True,6747300.0,6747300.0,False,run1
hilton-saigon,2026-10-11,1110458710_384026154_1_41_0,"('1110458710', '384026154', '41', '0', '')",1,True,True,8051400.0,8051400.0,False,run1
hilton-saigon,2026-10-11,1110458710_384026154_1_25_0,"('1110458710', '384026154', '25', '0', '')",1,True,True,9865800.0,9865800.0,False,run1
hilton-saigon,2026-10-11,1110458703_384026274_2_42_0,"('1110458703', '384026274', '42', '0', '')",N>=2,False,True,7201116.0,7197623.0,False,run1
hilton-saigon,2026-10-11,1110458703_384026274_2_41_0,"('1110458703', '384026274', '41', '0', '')",N>=2,False,False,8561700.0,,False,run1
hilton-saigon,2026-10-11,1110458703_384026154_2_42_0,"('1110458703', '384026154', '42', '0', '')",N>=2,False,True,8731800.0,8731800.0,False,run1
hilton-saigon,2026-10-11,1110458703_384026154_2_41_0,"('1110458703', '384026154', '41', '0', '')",N>=2,False,False,10092600.0,,False,run1
hilton-saigon,2026-10-11,1110458703_384026154_2_25_0,"('1110458703', '384026154', '25', '0', '')",N>=2,False,False,13721400.0,,False,run1
hilton-saigon,2026-10-11,1110458703_384026274_1_41_0,"('1110458703', '384026274', '41', '0', '')",1,True,True,7881300.0,7881300.0,False,run1
hilton-saigon,2026-10-11,1110458703_384026154_1_41_0,"('1110458703', '384026154', '41', '0', '')",1,True,True,9412200.0,9412200.0,False,run1
hilton-saigon,2026-10-11,1110458703_384026154_1_25_0,"('1110458703', '384026154', '25', '0', '')",1,True,True,11226600.0,11226600.0,False,run1
hilton-saigon,2026-10-11,1110458709_384026274_2_42_0,"('1110458709', '384026274', '42', '0', '')",N>=2,False,True,6359427.0,6356342.0,False,run1
hilton-saigon,2026-10-11,1110458709_384026154_2_42_0,"('1110458709', '384026154', '42', '0', '')",N>=2,False,True,7711200.0,7711200.0,False,run1
hilton-saigon,2026-10-11,1110458709_384026274_2_41_0,"('1110458709', '384026274', '41', '0', '')",N>=2,False,False,7711200.0,,False,run1
hilton-saigon,2026-10-11,1110458709_384026154_2_41_0,"('1110458709', '384026154', '41', '0', '')",N>=2,False,False,9072000.0,,False,run1
hilton-saigon,2026-10-11,1110458709_384026154_2_25_0,"('1110458709', '384026154', '25', '0', '')",N>=2,False,False,12700800.0,,False,run1
hilton-saigon,2026-10-11,1110458709_384026274_1_41_0,"('1110458709', '384026274', '41', '0', '')",1,True,True,7030800.0,7030800.0,False,run1
hilton-saigon,2026-10-11,1110458709_384026154_1_41_0,"('1110458709', '384026154', '41', '0', '')",1,True,True,8391600.0,8391600.0,False,run1
hilton-saigon,2026-10-11,1110458709_384026154_1_25_0,"('1110458709', '384026154', '25', '0', '')",1,True,True,10206000.0,10206000.0,False,run1
hilton-saigon,2026-10-11,1110458715_384026274_2_42_0,"('1110458715', '384026274', '42', '0', '')",N>=2,False,True,6359427.0,6356342.0,False,run1
hilton-saigon,2026-10-11,1110458715_384026154_2_42_0,"('1110458715', '384026154', '42', '0', '')",N>=2,False,True,7711200.0,7711200.0,False,run1
hilton-saigon,2026-10-11,1110458715_384026274_2_41_0,"('1110458715', '384026274', '41', '0', '')",N>=2,False,False,7711200.0,,False,run1
hilton-saigon,2026-10-11,1110458715_384026154_2_41_0,"('1110458715', '384026154', '41', '0', '')",N>=2,False,False,9072000.0,,False,run1
hilton-saigon,2026-10-11,1110458715_384026154_2_25_0,"('1110458715', '384026154', '25', '0', '')",N>=2,False,False,12700800.0,,False,run1
hilton-saigon,2026-10-11,1110458715_384026274_1_41_0,"('1110458715', '384026274', '41', '0', '')",1,True,True,7030800.0,7030800.0,False,run1
hilton-saigon,2026-10-11,1110458715_384026154_1_41_0,"('1110458715', '384026154', '41', '0', '')",1,True,True,8391600.0,8391600.0,False,run1
hilton-saigon,2026-10-11,1110458715_384026154_1_25_0,"('1110458715', '384026154', '25', '0', '')",1,True,True,10206000.0,10206000.0,False,run1
hilton-saigon,2026-10-11,1110458714_384026274_2_42_0,"('1110458714', '384026274', '42', '0', '')",N>=2,False,True,7107594.0,7104147.0,False,run1
hilton-saigon,2026-10-11,1110458714_384026274_2_41_0,"('1110458714', '384026274', '41', '0', '')",N>=2,False,False,8448300.0,,False,run1
hilton-saigon,2026-10-11,1110458714_384026154_2_42_0,"('1110458714', '384026154', '42', '0', '')",N>=2,False,True,8618400.0,8618400.0,False,run1
hilton-saigon,2026-10-11,1110458714_384026154_2_41_0,"('1110458714', '384026154', '41', '0', '')",N>=2,False,False,9979200.0,,False,run1
hilton-saigon,2026-10-11,1110458714_384026154_2_25_0,"('1110458714', '384026154', '25', '0', '')",N>=2,False,False,13608000.0,,False,run1
hilton-saigon,2026-10-11,1110458714_384026274_1_41_0,"('1110458714', '384026274', '41', '0', '')",1,True,True,7767900.0,7767900.0,False,run1
hilton-saigon,2026-10-11,1110458714_384026154_1_41_0,"('1110458714', '384026154', '41', '0', '')",1,True,True,9298800.0,9298800.0,False,run1
hilton-saigon,2026-10-11,1110458714_384026154_1_25_0,"('1110458714', '384026154', '25', '0', '')",1,True,True,11113200.0,11113200.0,False,run1
hilton-saigon,2026-10-11,1110458713_384026274_2_42_0,"('1110458713', '384026274', '42', '0', '')",N>=2,False,True,7949284.0,7945428.0,False,run1
hilton-saigon,2026-10-11,1110458713_384026274_2_41_0,"('1110458713', '384026274', '41', '0', '')",N>=2,False,False,9298800.0,,False,run1
hilton-saigon,2026-10-11,1110458713_384026154_2_42_0,"('1110458713', '384026154', '42', '0', '')",N>=2,False,True,9639000.0,9639000.0,False,run1
hilton-saigon,2026-10-11,1110458713_384026154_2_41_0,"('1110458713', '384026154', '41', '0', '')",N>=2,False,False,10999800.0,,False,run1
hilton-saigon,2026-10-11,1110458713_384026154_2_25_0,"('1110458713', '384026154', '25', '0', '')",N>=2,False,False,14628600.0,,False,run1
hilton-saigon,2026-10-11,1110458713_384026274_1_41_0,"('1110458713', '384026274', '41', '0', '')",1,True,True,8618400.0,8618400.0,False,run1
hilton-saigon,2026-10-11,1110458713_384026154_1_41_0,"('1110458713', '384026154', '41', '0', '')",1,True,True,10319400.0,10319400.0,False,run1
hilton-saigon,2026-10-11,1110458713_384026154_1_25_0,"('1110458713', '384026154', '25', '0', '')",1,True,True,12133800.0,12133800.0,False,run1
hilton-saigon,2026-10-11,1110458704_384026274_2_42_0,"('1110458704', '384026274', '42', '0', '')",N>=2,False,True,8229846.0,8225855.0,False,run1
hilton-saigon,2026-10-11,1110458704_384026274_2_41_0,"('1110458704', '384026274', '41', '0', '')",N>=2,False,False,9582300.0,,False,run1
hilton-saigon,2026-10-11,1110458704_384026154_2_42_0,"('1110458704', '384026154', '42', '0', '')",N>=2,False,True,9979200.0,9979200.0,False,run1
hilton-saigon,2026-10-11,1110458704_384026154_2_41_0,"('1110458704', '384026154', '41', '0', '')",N>=2,False,False,11340000.0,,False,run1
hilton-saigon,2026-10-11,1110458704_384026154_2_25_0,"('1110458704', '384026154', '25', '0', '')",N>=2,False,False,14968800.0,,False,run1
hilton-saigon,2026-10-11,1110458704_384026274_1_41_0,"('1110458704', '384026274', '41', '0', '')",1,True,True,8901900.0,8901900.0,False,run1
hilton-saigon,2026-10-11,1110458704_384026154_1_41_0,"('1110458704', '384026154', '41', '0', '')",1,True,True,10659600.0,10659600.0,False,run1
hilton-saigon,2026-10-11,1110458704_384026154_1_25_0,"('1110458704', '384026154', '25', '0', '')",1,True,True,12474000.0,12474000.0,False,run1
hilton-saigon,2026-10-11,1110458702_384026274_2_42_0,"('1110458702', '384026274', '42', '0', '')",N>=2,False,True,9913224.0,9908416.0,False,run1
hilton-saigon,2026-10-11,1110458702_384026274_2_41_0,"('1110458702', '384026274', '41', '0', '')",N>=2,False,False,11283300.0,,False,run1
hilton-saigon,2026-10-11,1110458702_384026154_2_42_0,"('1110458702', '384026154', '42', '0', '')",N>=2,False,True,12020400.0,12020400.0,False,run1
hilton-saigon,2026-10-11,1110458702_384026154_2_41_0,"('1110458702', '384026154', '41', '0', '')",N>=2,False,False,13381200.0,,False,run1
hilton-saigon,2026-10-11,1110458702_384026154_2_25_0,"('1110458702', '384026154', '25', '0', '')",N>=2,False,False,17010000.0,,False,run1
hilton-saigon,2026-10-11,1110458702_384026274_1_41_0,"('1110458702', '384026274', '41', '0', '')",1,True,True,10602900.0,10602900.0,False,run1
hilton-saigon,2026-10-11,1110458702_384026154_1_41_0,"('1110458702', '384026154', '41', '0', '')",1,True,True,12700800.0,12700800.0,False,run1
hilton-saigon,2026-10-11,1110458702_384026154_1_25_0,"('1110458702', '384026154', '25', '0', '')",1,True,True,14515200.0,14515200.0,False,run1
hilton-saigon,2026-10-11,1110458707_384026274_2_42_0,"('1110458707', '384026274', '42', '0', '')",N>=2,False,True,12064207.0,12058356.0,False,run1
hilton-saigon,2026-10-11,1110458707_384026274_2_41_0,"('1110458707', '384026274', '41', '0', '')",N>=2,False,False,13437900.0,,False,run1
hilton-saigon,2026-10-11,1110458707_384026154_2_42_0,"('1110458707', '384026154', '42', '0', '')",N>=2,False,True,14628600.0,14628600.0,False,run1
hilton-saigon,2026-10-11,1110458707_384026154_2_41_0,"('1110458707', '384026154', '41', '0', '')",N>=2,False,False,15989400.0,,False,run1
hilton-saigon,2026-10-11,1110458707_384026154_2_25_0,"('1110458707', '384026154', '25', '0', '')",N>=2,False,False,19618200.0,,False,run1
hilton-saigon,2026-10-11,1110458707_384026274_1_41_0,"('1110458707', '384026274', '41', '0', '')",1,True,True,12757500.0,12757500.0,False,run1
hilton-saigon,2026-10-11,1110458707_384026154_1_41_0,"('1110458707', '384026154', '41', '0', '')",1,True,True,15309000.0,15309000.0,False,run1
hilton-saigon,2026-10-11,1110458707_384026154_1_25_0,"('1110458707', '384026154', '25', '0', '')",1,True,True,17123400.0,17123400.0,False,run1
hilton-saigon,2026-10-11,1110458708_384026274_2_42_0,"('1110458708', '384026274', '42', '0', '')",N>=2,False,True,14869836.0,14862624.0,False,run1
hilton-saigon,2026-10-11,1110458708_384026274_2_41_0,"('1110458708', '384026274', '41', '0', '')",N>=2,False,False,16216200.0,,False,run1
hilton-saigon,2026-10-11,1110458708_384026154_2_42_0,"('1110458708', '384026154', '42', '0', '')",N>=2,False,True,18030600.0,18030600.0,False,run1
hilton-saigon,2026-10-11,1110458708_384026154_2_41_0,"('1110458708', '384026154', '41', '0', '')",N>=2,False,False,19391400.0,,False,run1
hilton-saigon,2026-10-11,1110458708_384026154_2_25_0,"('1110458708', '384026154', '25', '0', '')",N>=2,False,False,23020200.0,,False,run1
hilton-saigon,2026-10-11,1110458708_384026274_1_41_0,"('1110458708', '384026274', '41', '0', '')",1,True,True,15535800.0,15535800.0,False,run1
hilton-saigon,2026-10-11,1110458708_384026154_1_41_0,"('1110458708', '384026154', '41', '0', '')",1,True,True,18711000.0,18711000.0,False,run1
hilton-saigon,2026-10-11,1110458708_384026154_1_25_0,"('1110458708', '384026154', '25', '0', '')",1,True,True,20525400.0,20525400.0,False,run1
hilton-saigon,2026-11-18,1110458710_384026274_2_42_0,"('1110458710', '384026274', '42', '0', '')",N>=2,False,True,8941590.0,8941590.0,False,run1
hilton-saigon,2026-11-18,1110458710_384026154_2_42_0,"('1110458710', '384026154', '42', '0', '')",N>=2,False,True,9412200.0,9412200.0,False,run1
hilton-saigon,2026-11-18,1110458710_384026274_2_41_0,"('1110458710', '384026274', '41', '0', '')",N>=2,False,False,10319400.0,,False,run1
hilton-saigon,2026-11-18,1110458710_384026154_2_41_0,"('1110458710', '384026154', '41', '0', '')",N>=2,False,False,10773000.0,,False,run1
hilton-saigon,2026-11-18,1110458710_384026154_2_25_0,"('1110458710', '384026154', '25', '0', '')",N>=2,False,False,14401800.0,,False,run1
hilton-saigon,2026-11-18,1110458710_384026274_1_41_0,"('1110458710', '384026274', '41', '0', '')",1,True,True,9639000.0,9639000.0,False,run1
hilton-saigon,2026-11-18,1110458710_384026154_1_41_0,"('1110458710', '384026154', '41', '0', '')",1,True,True,10092600.0,10092600.0,False,run1
hilton-saigon,2026-11-18,1110458710_384026154_1_25_0,"('1110458710', '384026154', '25', '0', '')",1,True,True,11907000.0,11907000.0,False,run1
hilton-saigon,2026-11-18,1110458715_384026274_2_42_0,"('1110458715', '384026274', '42', '0', '')",N>=2,False,True,9157050.0,9157050.0,False,run1
hilton-saigon,2026-11-18,1110458715_384026154_2_42_0,"('1110458715', '384026154', '42', '0', '')",N>=2,False,True,9639000.0,9639000.0,False,run1
hilton-saigon,2026-11-18,1110458715_384026274_2_41_0,"('1110458715', '384026274', '41', '0', '')",N>=2,False,False,10546200.0,,False,run1
hilton-saigon,2026-11-18,1110458715_384026154_2_41_0,"('1110458715', '384026154', '41', '0', '')",N>=2,False,False,10999800.0,,False,run1
hilton-saigon,2026-11-18,1110458715_384026154_2_25_0,"('1110458715', '384026154', '25', '0', '')",N>=2,False,False,14628600.0,,False,run1
hilton-saigon,2026-11-18,1110458715_384026274_1_41_0,"('1110458715', '384026274', '41', '0', '')",1,True,True,9865800.0,9865800.0,False,run1
hilton-saigon,2026-11-18,1110458715_384026154_1_41_0,"('1110458715', '384026154', '41', '0', '')",1,True,True,10319400.0,10319400.0,False,run1
hilton-saigon,2026-11-18,1110458715_384026154_1_25_0,"('1110458715', '384026154', '25', '0', '')",1,True,True,12133800.0,12133800.0,False,run1
hilton-saigon,2026-11-18,1110458709_384026274_2_42_0,"('1110458709', '384026274', '42', '0', '')",N>=2,False,True,9372510.0,9372510.0,False,run1
hilton-saigon,2026-11-18,1110458709_384026154_2_42_0,"('1110458709', '384026154', '42', '0', '')",N>=2,False,True,9865800.0,9865800.0,False,run1
hilton-saigon,2026-11-18,1110458709_384026274_2_41_0,"('1110458709', '384026274', '41', '0', '')",N>=2,False,False,10716300.0,,False,run1
hilton-saigon,2026-11-18,1110458709_384026154_2_41_0,"('1110458709', '384026154', '41', '0', '')",N>=2,False,False,11226600.0,,False,run1
hilton-saigon,2026-11-18,1110458709_384026154_2_25_0,"('1110458709', '384026154', '25', '0', '')",N>=2,False,False,14855400.0,,False,run1
hilton-saigon,2026-11-18,1110458709_384026274_1_41_0,"('1110458709', '384026274', '41', '0', '')",1,True,True,10035900.0,10035900.0,False,run1
hilton-saigon,2026-11-18,1110458709_384026154_1_41_0,"('1110458709', '384026154', '41', '0', '')",1,True,True,10546200.0,10546200.0,False,run1
hilton-saigon,2026-11-18,1110458709_384026154_1_25_0,"('1110458709', '384026154', '25', '0', '')",1,True,True,12360600.0,12360600.0,False,run1
hilton-saigon,2026-11-18,1110458703_384026274_2_42_0,"('1110458703', '384026274', '42', '0', '')",N>=2,False,True,9695700.0,9695700.0,False,run1
hilton-saigon,2026-11-18,1110458703_384026154_2_42_0,"('1110458703', '384026154', '42', '0', '')",N>=2,False,True,10206000.0,10206000.0,False,run1
hilton-saigon,2026-11-18,1110458703_384026274_2_41_0,"('1110458703', '384026274', '41', '0', '')",N>=2,False,False,11056500.0,,False,run1
hilton-saigon,2026-11-18,1110458703_384026154_2_41_0,"('1110458703', '384026154', '41', '0', '')",N>=2,False,False,11566800.0,,False,run1
hilton-saigon,2026-11-18,1110458703_384026154_2_25_0,"('1110458703', '384026154', '25', '0', '')",N>=2,False,False,15195600.0,,False,run1
hilton-saigon,2026-11-18,1110458703_384026274_1_41_0,"('1110458703', '384026274', '41', '0', '')",1,True,True,10376100.0,10376100.0,False,run1
hilton-saigon,2026-11-18,1110458703_384026154_1_41_0,"('1110458703', '384026154', '41', '0', '')",1,True,True,10886400.0,10886400.0,False,run1
hilton-saigon,2026-11-18,1110458703_384026154_1_25_0,"('1110458703', '384026154', '25', '0', '')",1,True,True,12700800.0,12700800.0,False,run1
hilton-saigon,2026-11-18,1110458714_384026274_2_42_0,"('1110458714', '384026274', '42', '0', '')",N>=2,False,True,9695700.0,9695700.0,False,run1
hilton-saigon,2026-11-18,1110458714_384026154_2_42_0,"('1110458714', '384026154', '42', '0', '')",N>=2,False,True,10206000.0,10206000.0,False,run1
hilton-saigon,2026-11-18,1110458714_384026274_2_41_0,"('1110458714', '384026274', '41', '0', '')",N>=2,False,False,11056500.0,,False,run1
hilton-saigon,2026-11-18,1110458714_384026154_2_41_0,"('1110458714', '384026154', '41', '0', '')",N>=2,False,False,11566800.0,,False,run1
hilton-saigon,2026-11-18,1110458714_384026154_2_25_0,"('1110458714', '384026154', '25', '0', '')",N>=2,False,False,15195600.0,,False,run1
hilton-saigon,2026-11-18,1110458714_384026274_1_41_0,"('1110458714', '384026274', '41', '0', '')",1,True,True,10376100.0,10376100.0,False,run1
hilton-saigon,2026-11-18,1110458714_384026154_1_41_0,"('1110458714', '384026154', '41', '0', '')",1,True,True,10886400.0,10886400.0,False,run1
hilton-saigon,2026-11-18,1110458714_384026154_1_25_0,"('1110458714', '384026154', '25', '0', '')",1,True,True,12700800.0,12700800.0,False,run1
hilton-saigon,2026-11-18,1110458713_384026274_2_42_0,"('1110458713', '384026274', '42', '0', '')",N>=2,False,True,10557540.0,10557540.0,False,run1
hilton-saigon,2026-11-18,1110458713_384026154_2_42_0,"('1110458713', '384026154', '42', '0', '')",N>=2,False,True,11113200.0,11113200.0,False,run1
hilton-saigon,2026-11-18,1110458713_384026274_2_41_0,"('1110458713', '384026274', '41', '0', '')",N>=2,False,False,11907000.0,,False,run1
hilton-saigon,2026-11-18,1110458713_384026154_2_41_0,"('1110458713', '384026154', '41', '0', '')",N>=2,False,False,12474000.0,,False,run1
hilton-saigon,2026-11-18,1110458713_384026154_2_25_0,"('1110458713', '384026154', '25', '0', '')",N>=2,False,False,16102800.0,,False,run1
hilton-saigon,2026-11-18,1110458713_384026274_1_41_0,"('1110458713', '384026274', '41', '0', '')",1,True,True,11226600.0,11226600.0,False,run1
hilton-saigon,2026-11-18,1110458713_384026154_1_41_0,"('1110458713', '384026154', '41', '0', '')",1,True,True,11793600.0,11793600.0,False,run1
hilton-saigon,2026-11-18,1110458713_384026154_1_25_0,"('1110458713', '384026154', '25', '0', '')",1,True,True,13608000.0,13608000.0,False,run1
hilton-saigon,2026-11-18,1110458704_384026274_2_42_0,"('1110458704', '384026274', '42', '0', '')",N>=2,False,True,11096190.0,11096190.0,False,run1
hilton-saigon,2026-11-18,1110458704_384026154_2_42_0,"('1110458704', '384026154', '42', '0', '')",N>=2,False,True,11680200.0,11680200.0,False,run1
hilton-saigon,2026-11-18,1110458704_384026274_2_41_0,"('1110458704', '384026274', '41', '0', '')",N>=2,False,False,12474000.0,,False,run1
hilton-saigon,2026-11-18,1110458704_384026154_2_41_0,"('1110458704', '384026154', '41', '0', '')",N>=2,False,False,13041000.0,,False,run1
hilton-saigon,2026-11-18,1110458704_384026154_2_25_0,"('1110458704', '384026154', '25', '0', '')",N>=2,False,False,16669800.0,,False,run1
hilton-saigon,2026-11-18,1110458704_384026274_1_41_0,"('1110458704', '384026274', '41', '0', '')",1,True,True,11793600.0,11793600.0,False,run1
hilton-saigon,2026-11-18,1110458704_384026154_1_41_0,"('1110458704', '384026154', '41', '0', '')",1,True,True,12360600.0,12360600.0,False,run1
hilton-saigon,2026-11-18,1110458704_384026154_1_25_0,"('1110458704', '384026154', '25', '0', '')",1,True,True,14175000.0,14175000.0,False,run1
hilton-saigon,2026-11-18,1110458711_384026274_2_42_0,"('1110458711', '384026274', '42', '0', '')",N>=2,False,True,11096190.0,11096190.0,False,run1
hilton-saigon,2026-11-18,1110458711_384026154_2_42_0,"('1110458711', '384026154', '42', '0', '')",N>=2,False,True,11680200.0,11680200.0,False,run1
hilton-saigon,2026-11-18,1110458711_384026274_2_41_0,"('1110458711', '384026274', '41', '0', '')",N>=2,False,False,12474000.0,,False,run1
hilton-saigon,2026-11-18,1110458711_384026154_2_41_0,"('1110458711', '384026154', '41', '0', '')",N>=2,False,False,13041000.0,,False,run1
hilton-saigon,2026-11-18,1110458711_384026154_2_25_0,"('1110458711', '384026154', '25', '0', '')",N>=2,False,False,16669800.0,,False,run1
hilton-saigon,2026-11-18,1110458711_384026274_1_41_0,"('1110458711', '384026274', '41', '0', '')",1,True,True,11793600.0,11793600.0,False,run1
hilton-saigon,2026-11-18,1110458711_384026154_1_41_0,"('1110458711', '384026154', '41', '0', '')",1,True,True,12360600.0,12360600.0,False,run1
hilton-saigon,2026-11-18,1110458711_384026154_1_25_0,"('1110458711', '384026154', '25', '0', '')",1,True,True,14175000.0,14175000.0,False,run1
hilton-saigon,2026-11-18,1110458702_384026274_2_42_0,"('1110458702', '384026274', '42', '0', '')",N>=2,False,True,12819870.0,12819870.0,False,run1
hilton-saigon,2026-11-18,1110458702_384026154_2_42_0,"('1110458702', '384026154', '42', '0', '')",N>=2,False,True,13494600.0,13494600.0,False,run1
hilton-saigon,2026-11-18,1110458702_384026274_2_41_0,"('1110458702', '384026274', '41', '0', '')",N>=2,False,False,14175000.0,,False,run1
hilton-saigon,2026-11-18,1110458702_384026154_2_41_0,"('1110458702', '384026154', '41', '0', '')",N>=2,False,False,14855400.0,,False,run1
hilton-saigon,2026-11-18,1110458702_384026154_2_25_0,"('1110458702', '384026154', '25', '0', '')",N>=2,False,False,18484200.0,,False,run1
hilton-saigon,2026-11-18,1110458702_384026274_1_41_0,"('1110458702', '384026274', '41', '0', '')",1,True,True,13494600.0,13494600.0,False,run1
hilton-saigon,2026-11-18,1110458702_384026154_1_41_0,"('1110458702', '384026154', '41', '0', '')",1,True,True,14175000.0,14175000.0,False,run1
hilton-saigon,2026-11-18,1110458702_384026154_1_25_0,"('1110458702', '384026154', '25', '0', '')",1,True,True,15989400.0,15989400.0,False,run1
hilton-saigon,2026-11-18,1110458707_384026274_2_42_0,"('1110458707', '384026274', '42', '0', '')",N>=2,False,True,15513120.0,15513120.0,False,run1
hilton-saigon,2026-11-18,1110458707_384026154_2_42_0,"('1110458707', '384026154', '42', '0', '')",N>=2,False,True,16329600.0,16329600.0,False,run1
hilton-saigon,2026-11-18,1110458707_384026274_2_41_0,"('1110458707', '384026274', '41', '0', '')",N>=2,False,False,16896600.0,,False,run1
hilton-saigon,2026-11-18,1110458707_384026154_2_41_0,"('1110458707', '384026154', '41', '0', '')",N>=2,False,False,17690400.0,,False,run1
hilton-saigon,2026-11-18,1110458707_384026154_2_25_0,"('1110458707', '384026154', '25', '0', '')",N>=2,False,False,21319200.0,,False,run1
hilton-saigon,2026-11-18,1110458707_384026274_1_41_0,"('1110458707', '384026274', '41', '0', '')",1,True,True,16216200.0,16216200.0,False,run1
hilton-saigon,2026-11-18,1110458707_384026154_1_41_0,"('1110458707', '384026154', '41', '0', '')",1,True,True,17010000.0,17010000.0,False,run1
hilton-saigon,2026-11-18,1110458707_384026154_1_25_0,"('1110458707', '384026154', '25', '0', '')",1,True,True,18824400.0,18824400.0,False,run1
hilton-saigon,2026-11-18,1110458708_384026274_2_42_0,"('1110458708', '384026274', '42', '0', '')",N>=2,False,True,25101090.0,25101090.0,False,run1
hilton-saigon,2026-11-18,1110458708_384026154_2_42_0,"('1110458708', '384026154', '42', '0', '')",N>=2,False,True,26422200.0,26422200.0,False,run1
hilton-saigon,2026-11-18,1110458708_384026274_2_41_0,"('1110458708', '384026274', '41', '0', '')",N>=2,False,False,26478900.0,,False,run1
hilton-saigon,2026-11-18,1110458708_384026154_2_41_0,"('1110458708', '384026154', '41', '0', '')",N>=2,False,False,27783000.0,,False,run1
hilton-saigon,2026-11-18,1110458708_384026154_2_25_0,"('1110458708', '384026154', '25', '0', '')",N>=2,False,False,31411800.0,,False,run1
hilton-saigon,2026-11-18,1110458708_384026274_1_41_0,"('1110458708', '384026274', '41', '0', '')",1,True,True,25798500.0,25798500.0,False,run1
hilton-saigon,2026-11-18,1110458708_384026154_1_41_0,"('1110458708', '384026154', '41', '0', '')",1,True,True,27102600.0,27102600.0,False,run1
hilton-saigon,2026-11-18,1110458708_384026154_1_25_0,"('1110458708', '384026154', '25', '0', '')",1,True,True,28917000.0,28917000.0,False,run1
ibis-styles-vung-tau,2026-10-01,572853901_390832052_2_1_0_1123186,"('572853901', '390832052', '1', '0', '1123186')",N>=2,False,False,1632000.0,,False,run1
ibis-styles-vung-tau,2026-10-01,572853901_405605382_2_1_0_1235884,"('572853901', '405605382', '1', '0', '1235884')",N>=2,False,False,1700000.0,,False,run1
ibis-styles-vung-tau,2026-10-01,572853901_406373902_2_1_0,"('572853901', '406373902', '1', '0', '')",N>=2,False,False,1700000.0,,False,run1
ibis-styles-vung-tau,2026-10-01,572853901_390832052_1_1_0_1123186,"('572853901', '390832052', '1', '0', '1123186')",1,True,True,1395500.0,1395500.0,False,run1
ibis-styles-vung-tau,2026-10-01,572853901_406373902_1_1_0,"('572853901', '406373902', '1', '0', '')",1,True,True,1460000.0,1460000.0,False,run1
ibis-styles-vung-tau,2026-10-01,572853901_405605382_1_1_0_1235884,"('572853901', '405605382', '1', '0', '1235884')",1,True,True,1460000.0,1460000.0,False,run1
ibis-styles-vung-tau,2026-10-01,572853906_390832052_2_1_0_1123186,"('572853906', '390832052', '1', '0', '1123186')",N>=2,False,False,1489500.0,,False,run1
ibis-styles-vung-tau,2026-10-01,572853906_405605382_2_1_0_1235884,"('572853906', '405605382', '1', '0', '1235884')",N>=2,False,False,1550000.0,,False,run1
ibis-styles-vung-tau,2026-10-01,572853906_406373902_2_1_0,"('572853906', '406373902', '1', '0', '')",N>=2,False,False,1550000.0,,False,run1
ibis-styles-vung-tau,2026-10-01,572853906_390832052_1_1_0_1123186,"('572853906', '390832052', '1', '0', '1123186')",1,True,True,1253000.0,1253000.0,False,run1
ibis-styles-vung-tau,2026-10-01,572853906_406373902_1_1_0,"('572853906', '406373902', '1', '0', '')",1,True,True,1310000.0,1310000.0,False,run1
ibis-styles-vung-tau,2026-10-01,572853906_405605382_1_1_0_1235884,"('572853906', '405605382', '1', '0', '1235884')",1,True,True,1310000.0,1310000.0,False,run1
ibis-styles-vung-tau,2026-10-01,572853905_390832052_2_1_0_1123186,"('572853905', '390832052', '1', '0', '1123186')",N>=2,False,False,1632000.0,,False,run1
ibis-styles-vung-tau,2026-10-01,572853905_405605382_2_1_0_1235884,"('572853905', '405605382', '1', '0', '1235884')",N>=2,False,False,1700000.0,,False,run1
ibis-styles-vung-tau,2026-10-01,572853905_406373902_2_1_0,"('572853905', '406373902', '1', '0', '')",N>=2,False,False,1700000.0,,False,run1
ibis-styles-vung-tau,2026-10-01,572853905_390832052_1_1_0_1123186,"('572853905', '390832052', '1', '0', '1123186')",1,True,True,1395500.0,1395500.0,False,run1
ibis-styles-vung-tau,2026-10-01,572853905_406373902_1_1_0,"('572853905', '406373902', '1', '0', '')",1,True,True,1460000.0,1460000.0,False,run1
ibis-styles-vung-tau,2026-10-01,572853905_405605382_1_1_0_1235884,"('572853905', '405605382', '1', '0', '1235884')",1,True,True,1460000.0,1460000.0,False,run1
ibis-styles-vung-tau,2026-10-01,572853903_390832052_2_1_0_1123186,"('572853903', '390832052', '1', '0', '1123186')",N>=2,False,False,2059500.0,,False,run1
ibis-styles-vung-tau,2026-10-01,572853903_405605382_2_1_0_1235884,"('572853903', '405605382', '1', '0', '1235884')",N>=2,False,False,2150000.0,,False,run1
ibis-styles-vung-tau,2026-10-01,572853903_406373902_2_1_0,"('572853903', '406373902', '1', '0', '')",N>=2,False,False,2150000.0,,False,run1
ibis-styles-vung-tau,2026-10-01,572853903_390832052_1_1_0_1123186,"('572853903', '390832052', '1', '0', '1123186')",1,True,True,1823000.0,1823000.0,False,run1
ibis-styles-vung-tau,2026-10-01,572853903_405605382_1_1_0_1235884,"('572853903', '405605382', '1', '0', '1235884')",1,True,True,1910000.0,1910000.0,False,run1
ibis-styles-vung-tau,2026-10-01,572853903_406373902_1_1_0,"('572853903', '406373902', '1', '0', '')",1,True,True,1910000.0,1910000.0,False,run1
ibis-styles-vung-tau,2026-10-01,572853907_390832052_2_1_0_1123186,"('572853907', '390832052', '1', '0', '1123186')",N>=2,False,False,1774500.0,,False,run1
ibis-styles-vung-tau,2026-10-01,572853907_405605382_2_1_0_1235884,"('572853907', '405605382', '1', '0', '1235884')",N>=2,False,False,1850000.0,,False,run1
ibis-styles-vung-tau,2026-10-01,572853907_406373902_2_1_0,"('572853907', '406373902', '1', '0', '')",N>=2,False,False,1850000.0,,False,run1
ibis-styles-vung-tau,2026-10-01,572853907_390832052_1_1_0_1123186,"('572853907', '390832052', '1', '0', '1123186')",1,True,True,1538000.0,1538000.0,False,run1
ibis-styles-vung-tau,2026-10-01,572853907_405605382_1_1_0_1235884,"('572853907', '405605382', '1', '0', '1235884')",1,True,True,1610000.0,1610000.0,False,run1
ibis-styles-vung-tau,2026-10-01,572853907_406373902_1_1_0,"('572853907', '406373902', '1', '0', '')",1,True,True,1610000.0,1610000.0,False,run1
ibis-styles-vung-tau,2026-10-01,572853904_390832052_2_1_0_1123186,"('572853904', '390832052', '1', '0', '1123186')",N>=2,False,False,2059500.0,,False,run1
ibis-styles-vung-tau,2026-10-01,572853904_406373902_2_1_0,"('572853904', '406373902', '1', '0', '')",N>=2,False,False,2150000.0,,False,run1
ibis-styles-vung-tau,2026-10-01,572853904_405605382_2_1_0_1235884,"('572853904', '405605382', '1', '0', '1235884')",N>=2,False,False,2150000.0,,False,run1
ibis-styles-vung-tau,2026-10-01,572853904_390832052_1_1_0_1123186,"('572853904', '390832052', '1', '0', '1123186')",1,True,True,1823000.0,1823000.0,False,run1
ibis-styles-vung-tau,2026-10-01,572853904_406373902_1_1_0,"('572853904', '406373902', '1', '0', '')",1,True,True,1910000.0,1910000.0,False,run1
ibis-styles-vung-tau,2026-10-01,572853904_405605382_1_1_0_1235884,"('572853904', '405605382', '1', '0', '1235884')",1,True,True,1910000.0,1910000.0,False,run1
ibis-styles-vung-tau,2026-10-01,572853902_390832052_2_1_0_1123186,"('572853902', '390832052', '1', '0', '1123186')",N>=2,False,False,2439500.0,,False,run1
ibis-styles-vung-tau,2026-10-01,572853902_406373902_2_1_0,"('572853902', '406373902', '1', '0', '')",N>=2,False,False,2550000.0,,False,run1
ibis-styles-vung-tau,2026-10-01,572853902_405605382_2_1_0_1235884,"('572853902', '405605382', '1', '0', '1235884')",N>=2,False,False,2550000.0,,False,run1
ibis-styles-vung-tau,2026-10-01,572853902_390832052_1_1_0_1123186,"('572853902', '390832052', '1', '0', '1123186')",1,True,True,2203000.0,2203000.0,False,run1
ibis-styles-vung-tau,2026-10-01,572853902_405605382_1_1_0_1235884,"('572853902', '405605382', '1', '0', '1235884')",1,True,True,2310000.0,2310000.0,False,run1
ibis-styles-vung-tau,2026-10-01,572853902_406373902_1_1_0,"('572853902', '406373902', '1', '0', '')",1,True,True,2310000.0,2310000.0,False,run1
ibis-styles-vung-tau,2026-10-11,572853901_220434595_2_1_0,"('572853901', '220434595', '1', '0', '')",N>=2,False,False,1530000.0,,False,run1
ibis-styles-vung-tau,2026-10-11,572853901_406373902_2_1_0,"('572853901', '406373902', '1', '0', '')",N>=2,False,False,1740000.0,,False,run1
ibis-styles-vung-tau,2026-10-11,572853901_405605382_2_1_0_1235884,"('572853901', '405605382', '1', '0', '1235884')",N>=2,False,False,1740000.0,,False,run1
ibis-styles-vung-tau,2026-10-11,572853901_220434595_1_1_0,"('572853901', '220434595', '1', '0', '')",1,True,True,1300500.0,1300500.0,False,run1
ibis-styles-vung-tau,2026-10-11,572853901_406373902_1_1_0,"('572853901', '406373902', '1', '0', '')",1,True,True,1500000.0,1500000.0,False,run1
ibis-styles-vung-tau,2026-10-11,572853901_405605382_1_1_0_1235884,"('572853901', '405605382', '1', '0', '1235884')",1,True,True,1500000.0,1500000.0,False,run1
ibis-styles-vung-tau,2026-10-11,572853906_220434595_2_1_0,"('572853906', '220434595', '1', '0', '')",N>=2,False,False,1402500.0,,False,run1
ibis-styles-vung-tau,2026-10-11,572853906_406373902_2_1_0,"('572853906', '406373902', '1', '0', '')",N>=2,False,False,1590000.0,,False,run1
ibis-styles-vung-tau,2026-10-11,572853906_405605382_2_1_0_1235884,"('572853906', '405605382', '1', '0', '1235884')",N>=2,False,False,1590000.0,,False,run1
ibis-styles-vung-tau,2026-10-11,572853906_220434595_1_1_0,"('572853906', '220434595', '1', '0', '')",1,True,True,1173000.0,1173000.0,False,run1
ibis-styles-vung-tau,2026-10-11,572853906_406373902_1_1_0,"('572853906', '406373902', '1', '0', '')",1,True,True,1350000.0,1350000.0,False,run1
ibis-styles-vung-tau,2026-10-11,572853906_405605382_1_1_0_1235884,"('572853906', '405605382', '1', '0', '1235884')",1,True,True,1350000.0,1350000.0,False,run1
ibis-styles-vung-tau,2026-10-11,572853905_220434595_2_1_0,"('572853905', '220434595', '1', '0', '')",N>=2,False,False,1530000.0,,False,run1
ibis-styles-vung-tau,2026-10-11,572853905_406373902_2_1_0,"('572853905', '406373902', '1', '0', '')",N>=2,False,False,1740000.0,,False,run1
ibis-styles-vung-tau,2026-10-11,572853905_405605382_2_1_0_1235884,"('572853905', '405605382', '1', '0', '1235884')",N>=2,False,False,1740000.0,,False,run1
ibis-styles-vung-tau,2026-10-11,572853905_220434595_1_1_0,"('572853905', '220434595', '1', '0', '')",1,True,True,1300500.0,1300500.0,False,run1
ibis-styles-vung-tau,2026-10-11,572853905_405605382_1_1_0_1235884,"('572853905', '405605382', '1', '0', '1235884')",1,True,True,1500000.0,1500000.0,False,run1
ibis-styles-vung-tau,2026-10-11,572853905_406373902_1_1_0,"('572853905', '406373902', '1', '0', '')",1,True,True,1500000.0,1500000.0,False,run1
ibis-styles-vung-tau,2026-10-11,572853907_220434595_2_1_0,"('572853907', '220434595', '1', '0', '')",N>=2,False,False,1657500.0,,False,run1
ibis-styles-vung-tau,2026-10-11,572853907_406373902_2_1_0,"('572853907', '406373902', '1', '0', '')",N>=2,False,False,1890000.0,,False,run1
ibis-styles-vung-tau,2026-10-11,572853907_405605382_2_1_0_1235884,"('572853907', '405605382', '1', '0', '1235884')",N>=2,False,False,1890000.0,,False,run1
ibis-styles-vung-tau,2026-10-11,572853907_220434595_1_1_0,"('572853907', '220434595', '1', '0', '')",1,True,True,1428000.0,1428000.0,False,run1
ibis-styles-vung-tau,2026-10-11,572853907_406373902_1_1_0,"('572853907', '406373902', '1', '0', '')",1,True,True,1650000.0,1650000.0,False,run1
ibis-styles-vung-tau,2026-10-11,572853907_405605382_1_1_0_1235884,"('572853907', '405605382', '1', '0', '1235884')",1,True,True,1650000.0,1650000.0,False,run1
ibis-styles-vung-tau,2026-10-11,572853903_220434595_2_1_0,"('572853903', '220434595', '1', '0', '')",N>=2,False,False,1912500.0,,False,run1
ibis-styles-vung-tau,2026-10-11,572853903_406373902_2_1_0,"('572853903', '406373902', '1', '0', '')",N>=2,False,False,2190000.0,,False,run1
ibis-styles-vung-tau,2026-10-11,572853903_405605382_2_1_0_1235884,"('572853903', '405605382', '1', '0', '1235884')",N>=2,False,False,2190000.0,,False,run1
ibis-styles-vung-tau,2026-10-11,572853903_220434595_1_1_0,"('572853903', '220434595', '1', '0', '')",1,True,True,1683000.0,1683000.0,False,run1
ibis-styles-vung-tau,2026-10-11,572853903_405605382_1_1_0_1235884,"('572853903', '405605382', '1', '0', '1235884')",1,True,True,1950000.0,1950000.0,False,run1
ibis-styles-vung-tau,2026-10-11,572853903_406373902_1_1_0,"('572853903', '406373902', '1', '0', '')",1,True,True,1950000.0,1950000.0,False,run1
ibis-styles-vung-tau,2026-10-11,572853904_220434595_2_1_0,"('572853904', '220434595', '1', '0', '')",N>=2,False,False,1912500.0,,False,run1
ibis-styles-vung-tau,2026-10-11,572853904_405605382_2_1_0_1235884,"('572853904', '405605382', '1', '0', '1235884')",N>=2,False,False,2190000.0,,False,run1
ibis-styles-vung-tau,2026-10-11,572853904_406373902_2_1_0,"('572853904', '406373902', '1', '0', '')",N>=2,False,False,2190000.0,,False,run1
ibis-styles-vung-tau,2026-10-11,572853904_220434595_1_1_0,"('572853904', '220434595', '1', '0', '')",1,True,True,1683000.0,1683000.0,False,run1
ibis-styles-vung-tau,2026-10-11,572853904_405605382_1_1_0_1235884,"('572853904', '405605382', '1', '0', '1235884')",1,True,True,1950000.0,1950000.0,False,run1
ibis-styles-vung-tau,2026-10-11,572853904_406373902_1_1_0,"('572853904', '406373902', '1', '0', '')",1,True,True,1950000.0,1950000.0,False,run1
ibis-styles-vung-tau,2026-10-11,572853902_220434595_2_1_0,"('572853902', '220434595', '1', '0', '')",N>=2,False,False,2252500.0,,False,run1
ibis-styles-vung-tau,2026-10-11,572853902_405605382_2_1_0_1235884,"('572853902', '405605382', '1', '0', '1235884')",N>=2,False,False,2590000.0,,False,run1
ibis-styles-vung-tau,2026-10-11,572853902_406373902_2_1_0,"('572853902', '406373902', '1', '0', '')",N>=2,False,False,2590000.0,,False,run1
ibis-styles-vung-tau,2026-10-11,572853902_220434595_1_1_0,"('572853902', '220434595', '1', '0', '')",1,True,True,2023000.0,2023000.0,False,run1
ibis-styles-vung-tau,2026-10-11,572853902_406373902_1_1_0,"('572853902', '406373902', '1', '0', '')",1,True,True,2350000.0,2350000.0,False,run1
ibis-styles-vung-tau,2026-10-11,572853902_405605382_1_1_0_1235884,"('572853902', '405605382', '1', '0', '1235884')",1,True,True,2350000.0,2350000.0,False,run1
ibis-styles-vung-tau,2026-11-18,572853906_220434595_2_1_0,"('572853906', '220434595', '1', '0', '')",N>=2,False,False,1615000.0,,False,run1
ibis-styles-vung-tau,2026-11-18,572853906_390832052_2_1_0_1123186,"('572853906', '390832052', '1', '0', '1123186')",N>=2,False,False,1765000.0,,False,run1
ibis-styles-vung-tau,2026-11-18,572853906_406373902_2_1_0,"('572853906', '406373902', '1', '0', '')",N>=2,False,False,1840000.0,,False,run1
ibis-styles-vung-tau,2026-11-18,572853906_405605382_2_1_0_1235884,"('572853906', '405605382', '1', '0', '1235884')",N>=2,False,False,1840000.0,,False,run1
ibis-styles-vung-tau,2026-11-18,572853906_220434595_1_1_0,"('572853906', '220434595', '1', '0', '')",1,True,True,1385500.0,1385500.0,False,run1
ibis-styles-vung-tau,2026-11-18,572853906_390832052_1_1_0_1123186,"('572853906', '390832052', '1', '0', '1123186')",1,True,True,1528500.0,1528500.0,False,run1
ibis-styles-vung-tau,2026-11-18,572853906_405605382_1_1_0_1235884,"('572853906', '405605382', '1', '0', '1235884')",1,True,True,1600000.0,1600000.0,False,run1
ibis-styles-vung-tau,2026-11-18,572853906_406373902_1_1_0,"('572853906', '406373902', '1', '0', '')",1,True,True,1600000.0,1600000.0,False,run1
ibis-styles-vung-tau,2026-11-18,572853901_220434595_2_1_0,"('572853901', '220434595', '1', '0', '')",N>=2,False,False,1742500.0,,False,run1
ibis-styles-vung-tau,2026-11-18,572853901_390832052_2_1_0_1123186,"('572853901', '390832052', '1', '0', '1123186')",N>=2,False,False,1907500.0,,False,run1
ibis-styles-vung-tau,2026-11-18,572853901_405605382_2_1_0_1235884,"('572853901', '405605382', '1', '0', '1235884')",N>=2,False,False,1990000.0,,False,run1
ibis-styles-vung-tau,2026-11-18,572853901_406373902_2_1_0,"('572853901', '406373902', '1', '0', '')",N>=2,False,False,1990000.0,,False,run1
ibis-styles-vung-tau,2026-11-18,572853901_220434595_1_1_0,"('572853901', '220434595', '1', '0', '')",1,True,True,1513000.0,1513000.0,False,run1
ibis-styles-vung-tau,2026-11-18,572853901_390832052_1_1_0_1123186,"('572853901', '390832052', '1', '0', '1123186')",1,True,True,1671000.0,1671000.0,False,run1
ibis-styles-vung-tau,2026-11-18,572853901_406373902_1_1_0,"('572853901', '406373902', '1', '0', '')",1,True,True,1750000.0,1750000.0,False,run1
ibis-styles-vung-tau,2026-11-18,572853901_405605382_1_1_0_1235884,"('572853901', '405605382', '1', '0', '1235884')",1,True,True,1750000.0,1750000.0,False,run1
ibis-styles-vung-tau,2026-11-18,572853905_220434595_2_1_0,"('572853905', '220434595', '1', '0', '')",N>=2,False,False,1742500.0,,False,run1
ibis-styles-vung-tau,2026-11-18,572853905_390832052_2_1_0_1123186,"('572853905', '390832052', '1', '0', '1123186')",N>=2,False,False,1907500.0,,False,run1
ibis-styles-vung-tau,2026-11-18,572853905_406373902_2_1_0,"('572853905', '406373902', '1', '0', '')",N>=2,False,False,1990000.0,,False,run1
ibis-styles-vung-tau,2026-11-18,572853905_405605382_2_1_0_1235884,"('572853905', '405605382', '1', '0', '1235884')",N>=2,False,False,1990000.0,,False,run1
ibis-styles-vung-tau,2026-11-18,572853905_220434595_1_1_0,"('572853905', '220434595', '1', '0', '')",1,True,True,1513000.0,1513000.0,False,run1
ibis-styles-vung-tau,2026-11-18,572853905_390832052_1_1_0_1123186,"('572853905', '390832052', '1', '0', '1123186')",1,True,True,1671000.0,1671000.0,False,run1
ibis-styles-vung-tau,2026-11-18,572853905_405605382_1_1_0_1235884,"('572853905', '405605382', '1', '0', '1235884')",1,True,True,1750000.0,1750000.0,False,run1
ibis-styles-vung-tau,2026-11-18,572853905_406373902_1_1_0,"('572853905', '406373902', '1', '0', '')",1,True,True,1750000.0,1750000.0,False,run1
ibis-styles-vung-tau,2026-11-18,572853907_220434595_2_1_0,"('572853907', '220434595', '1', '0', '')",N>=2,False,False,1870000.0,,False,run1
ibis-styles-vung-tau,2026-11-18,572853907_390832052_2_1_0_1123186,"('572853907', '390832052', '1', '0', '1123186')",N>=2,False,False,2050000.0,,False,run1
ibis-styles-vung-tau,2026-11-18,572853907_405605382_2_1_0_1235884,"('572853907', '405605382', '1', '0', '1235884')",N>=2,False,False,2140000.0,,False,run1
ibis-styles-vung-tau,2026-11-18,572853907_406373902_2_1_0,"('572853907', '406373902', '1', '0', '')",N>=2,False,False,2140000.0,,False,run1
ibis-styles-vung-tau,2026-11-18,572853907_220434595_1_1_0,"('572853907', '220434595', '1', '0', '')",1,True,True,1640500.0,1640500.0,False,run1
ibis-styles-vung-tau,2026-11-18,572853907_390832052_1_1_0_1123186,"('572853907', '390832052', '1', '0', '1123186')",1,True,True,1813500.0,1813500.0,False,run1
ibis-styles-vung-tau,2026-11-18,572853907_406373902_1_1_0,"('572853907', '406373902', '1', '0', '')",1,True,True,1900000.0,1900000.0,False,run1
ibis-styles-vung-tau,2026-11-18,572853907_405605382_1_1_0_1235884,"('572853907', '405605382', '1', '0', '1235884')",1,True,True,1900000.0,1900000.0,False,run1
ibis-styles-vung-tau,2026-11-18,572853903_220434595_2_1_0,"('572853903', '220434595', '1', '0', '')",N>=2,False,False,2125000.0,,False,run1
ibis-styles-vung-tau,2026-11-18,572853903_390832052_2_1_0_1123186,"('572853903', '390832052', '1', '0', '1123186')",N>=2,False,False,2335000.0,,False,run1
ibis-styles-vung-tau,2026-11-18,572853903_405605382_2_1_0_1235884,"('572853903', '405605382', '1', '0', '1235884')",N>=2,False,False,2440000.0,,False,run1
ibis-styles-vung-tau,2026-11-18,572853903_406373902_2_1_0,"('572853903', '406373902', '1', '0', '')",N>=2,False,False,2440000.0,,False,run1
ibis-styles-vung-tau,2026-11-18,572853903_220434595_1_1_0,"('572853903', '220434595', '1', '0', '')",1,True,True,1895500.0,1895500.0,False,run1
ibis-styles-vung-tau,2026-11-18,572853903_390832052_1_1_0_1123186,"('572853903', '390832052', '1', '0', '1123186')",1,True,True,2098500.0,2098500.0,False,run1
ibis-styles-vung-tau,2026-11-18,572853903_406373902_1_1_0,"('572853903', '406373902', '1', '0', '')",1,True,True,2200000.0,2200000.0,False,run1
ibis-styles-vung-tau,2026-11-18,572853903_405605382_1_1_0_1235884,"('572853903', '405605382', '1', '0', '1235884')",1,True,True,2200000.0,2200000.0,False,run1
ibis-styles-vung-tau,2026-11-18,572853904_220434595_2_1_0,"('572853904', '220434595', '1', '0', '')",N>=2,False,False,2125000.0,,False,run1
ibis-styles-vung-tau,2026-11-18,572853904_390832052_2_1_0_1123186,"('572853904', '390832052', '1', '0', '1123186')",N>=2,False,False,2335000.0,,False,run1
ibis-styles-vung-tau,2026-11-18,572853904_405605382_2_1_0_1235884,"('572853904', '405605382', '1', '0', '1235884')",N>=2,False,False,2440000.0,,False,run1
ibis-styles-vung-tau,2026-11-18,572853904_406373902_2_1_0,"('572853904', '406373902', '1', '0', '')",N>=2,False,False,2440000.0,,False,run1
ibis-styles-vung-tau,2026-11-18,572853904_220434595_1_1_0,"('572853904', '220434595', '1', '0', '')",1,True,True,1895500.0,1895500.0,False,run1
ibis-styles-vung-tau,2026-11-18,572853904_390832052_1_1_0_1123186,"('572853904', '390832052', '1', '0', '1123186')",1,True,True,2098500.0,2098500.0,False,run1
ibis-styles-vung-tau,2026-11-18,572853904_406373902_1_1_0,"('572853904', '406373902', '1', '0', '')",1,True,True,2200000.0,2200000.0,False,run1
ibis-styles-vung-tau,2026-11-18,572853904_405605382_1_1_0_1235884,"('572853904', '405605382', '1', '0', '1235884')",1,True,True,2200000.0,2200000.0,False,run1
ibis-styles-vung-tau,2026-11-18,572853902_220434595_2_1_0,"('572853902', '220434595', '1', '0', '')",N>=2,False,False,2465000.0,,False,run1
ibis-styles-vung-tau,2026-11-18,572853902_390832052_2_1_0_1123186,"('572853902', '390832052', '1', '0', '1123186')",N>=2,False,False,2715000.0,,False,run1
ibis-styles-vung-tau,2026-11-18,572853902_405605382_2_1_0_1235884,"('572853902', '405605382', '1', '0', '1235884')",N>=2,False,False,2840000.0,,False,run1
ibis-styles-vung-tau,2026-11-18,572853902_406373902_2_1_0,"('572853902', '406373902', '1', '0', '')",N>=2,False,False,2840000.0,,False,run1
ibis-styles-vung-tau,2026-11-18,572853902_220434595_1_1_0,"('572853902', '220434595', '1', '0', '')",1,True,True,2235500.0,2235500.0,False,run1
ibis-styles-vung-tau,2026-11-18,572853902_390832052_1_1_0_1123186,"('572853902', '390832052', '1', '0', '1123186')",1,True,True,2478500.0,2478500.0,False,run1
ibis-styles-vung-tau,2026-11-18,572853902_406373902_1_1_0,"('572853902', '406373902', '1', '0', '')",1,True,True,2600000.0,2600000.0,False,run1
ibis-styles-vung-tau,2026-11-18,572853902_405605382_1_1_0_1235884,"('572853902', '405605382', '1', '0', '1235884')",1,True,True,2600000.0,2600000.0,False,run1
intercontinental-westlake,2026-10-01,7118165_125380250_2_34_0,"('7118165', '125380250', '34', '0', '')",N>=2,False,True,4660913.0,4660913.0,False,run1
intercontinental-westlake,2026-10-01,7118165_242444141_2_34_0,"('7118165', '242444141', '34', '0', '')",N>=2,False,True,5133065.0,5133065.0,False,run1
intercontinental-westlake,2026-10-01,7118165_125380250_2_33_0,"('7118165', '125380250', '33', '0', '')",N>=2,False,True,5250908.0,5250908.0,False,run1
intercontinental-westlake,2026-10-01,7118165_242444141_2_33_0,"('7118165', '242444141', '33', '0', '')",N>=2,False,True,5723061.0,5723061.0,False,run1
intercontinental-westlake,2026-10-01,7118165_242444141_2_17_0,"('7118165', '242444141', '17', '0', '')",N>=2,False,True,7493047.0,7493047.0,False,run1
intercontinental-westlake,2026-10-01,7118169_125380250_2_34_0,"('7118169', '125380250', '34', '0', '')",N>=2,False,True,5664009.0,5664009.0,False,run1
intercontinental-westlake,2026-10-01,7118169_242444141_2_34_0,"('7118169', '242444141', '34', '0', '')",N>=2,False,True,6135902.0,6135902.0,False,run1
intercontinental-westlake,2026-10-01,7118169_125380250_2_33_0,"('7118169', '125380250', '33', '0', '')",N>=2,False,True,6254005.0,6254005.0,False,run1
intercontinental-westlake,2026-10-01,7118169_242444141_2_33_0,"('7118169', '242444141', '33', '0', '')",N>=2,False,True,6725897.0,6725897.0,False,run1
intercontinental-westlake,2026-10-01,7118169_242444141_2_17_0,"('7118169', '242444141', '17', '0', '')",N>=2,False,True,8495884.0,8495884.0,False,run1
intercontinental-westlake,2026-10-01,7118168_125380250_2_34_0,"('7118168', '125380250', '34', '0', '')",N>=2,False,True,5929351.0,5929351.0,False,run1
intercontinental-westlake,2026-10-01,7118168_242444141_2_34_0,"('7118168', '242444141', '34', '0', '')",N>=2,False,True,6401504.0,6401504.0,False,run1
intercontinental-westlake,2026-10-01,7118168_125380250_2_33_0,"('7118168', '125380250', '33', '0', '')",N>=2,False,True,6519347.0,6519347.0,False,run1
intercontinental-westlake,2026-10-01,7118168_242444141_2_33_0,"('7118168', '242444141', '33', '0', '')",N>=2,False,True,6991499.0,6991499.0,False,run1
intercontinental-westlake,2026-10-01,7118168_242444141_2_17_0,"('7118168', '242444141', '17', '0', '')",N>=2,False,True,8761486.0,8761486.0,False,run1
intercontinental-westlake,2026-10-01,7118170_125380250_2_34_0,"('7118170', '125380250', '34', '0', '')",N>=2,False,True,6784949.0,6784949.0,False,run1
intercontinental-westlake,2026-10-01,7118170_242444141_2_34_0,"('7118170', '242444141', '34', '0', '')",N>=2,False,True,7256841.0,7256841.0,False,run1
intercontinental-westlake,2026-10-01,7118170_125380250_2_33_0,"('7118170', '125380250', '33', '0', '')",N>=2,False,True,7374944.0,7374944.0,False,run1
intercontinental-westlake,2026-10-01,7118170_242444141_2_33_0,"('7118170', '242444141', '33', '0', '')",N>=2,False,True,7846837.0,7846837.0,False,run1
intercontinental-westlake,2026-10-01,7118171_125380250_2_34_0,"('7118171', '125380250', '34', '0', '')",N>=2,False,True,6784949.0,6784949.0,False,run1
intercontinental-westlake,2026-10-01,7118171_242444141_2_34_0,"('7118171', '242444141', '34', '0', '')",N>=2,False,True,7256841.0,7256841.0,False,run1
intercontinental-westlake,2026-10-01,7118171_125380250_2_33_0,"('7118171', '125380250', '33', '0', '')",N>=2,False,True,7374944.0,7374944.0,False,run1
intercontinental-westlake,2026-10-01,7118171_242444141_2_33_0,"('7118171', '242444141', '33', '0', '')",N>=2,False,True,7846837.0,7846837.0,False,run1
intercontinental-westlake,2026-10-01,7118173_125380250_2_34_0,"('7118173', '125380250', '34', '0', '')",N>=2,False,True,6784949.0,6784949.0,False,run1
intercontinental-westlake,2026-10-01,7118173_242444141_2_34_0,"('7118173', '242444141', '34', '0', '')",N>=2,False,True,7256841.0,7256841.0,False,run1
intercontinental-westlake,2026-10-01,7118173_125380250_2_33_0,"('7118173', '125380250', '33', '0', '')",N>=2,False,True,7374944.0,7374944.0,False,run1
intercontinental-westlake,2026-10-01,7118173_242444141_2_33_0,"('7118173', '242444141', '33', '0', '')",N>=2,False,True,7846837.0,7846837.0,False,run1
intercontinental-westlake,2026-10-01,7118172_125380250_2_34_0,"('7118172', '125380250', '34', '0', '')",N>=2,False,True,7345548.0,7345548.0,False,run1
intercontinental-westlake,2026-10-01,7118172_242444141_2_34_0,"('7118172', '242444141', '34', '0', '')",N>=2,False,True,7817441.0,7817441.0,False,run1
intercontinental-westlake,2026-10-01,7118172_125380250_2_33_0,"('7118172', '125380250', '33', '0', '')",N>=2,False,True,7935544.0,7935544.0,False,run1
intercontinental-westlake,2026-10-01,7118172_242444141_2_33_0,"('7118172', '242444141', '33', '0', '')",N>=2,False,True,8407436.0,8407436.0,False,run1
intercontinental-westlake,2026-10-01,7118174_125380250_2_34_0,"('7118174', '125380250', '34', '0', '')",N>=2,False,True,7345548.0,7345548.0,False,run1
intercontinental-westlake,2026-10-01,7118174_242444141_2_34_0,"('7118174', '242444141', '34', '0', '')",N>=2,False,True,7817441.0,7817441.0,False,run1
intercontinental-westlake,2026-10-01,7118174_125380250_2_33_0,"('7118174', '125380250', '33', '0', '')",N>=2,False,True,7935544.0,7935544.0,False,run1
intercontinental-westlake,2026-10-01,7118174_242444141_2_33_0,"('7118174', '242444141', '33', '0', '')",N>=2,False,True,8407436.0,8407436.0,False,run1
intercontinental-westlake,2026-10-01,7118175_125380250_2_34_0,"('7118175', '125380250', '34', '0', '')",N>=2,False,True,7905888.0,7905888.0,False,run1
intercontinental-westlake,2026-10-01,7118175_242444141_2_34_0,"('7118175', '242444141', '34', '0', '')",N>=2,False,True,8378041.0,8378041.0,False,run1
intercontinental-westlake,2026-10-01,7118175_125380250_2_33_0,"('7118175', '125380250', '33', '0', '')",N>=2,False,True,8495884.0,8495884.0,False,run1
intercontinental-westlake,2026-10-01,7118175_242444141_2_33_0,"('7118175', '242444141', '33', '0', '')",N>=2,False,True,8968036.0,8968036.0,False,run1
intercontinental-westlake,2026-10-11,7118161_125380250_2_34_0,"('7118161', '125380250', '34', '0', '')",N>=2,False,True,4393481.0,4393481.0,False,run1
intercontinental-westlake,2026-10-11,7118161_242444141_2_34_0,"('7118161', '242444141', '34', '0', '')",N>=2,False,True,4717720.0,4717720.0,False,run1
intercontinental-westlake,2026-10-11,7118161_125380250_2_33_0,"('7118161', '125380250', '33', '0', '')",N>=2,False,True,4983196.0,4983196.0,False,run1
intercontinental-westlake,2026-10-11,7118161_242444141_2_33_0,"('7118161', '242444141', '33', '0', '')",N>=2,False,True,5307435.0,5307435.0,False,run1
intercontinental-westlake,2026-10-11,7118161_242444141_2_17_0,"('7118161', '242444141', '17', '0', '')",N>=2,False,True,7076581.0,7076581.0,False,run1
intercontinental-westlake,2026-10-11,7118167_125380250_2_34_0,"('7118167', '125380250', '34', '0', '')",N>=2,False,True,5278054.0,5278054.0,False,run1
intercontinental-westlake,2026-10-11,7118167_242444141_2_34_0,"('7118167', '242444141', '34', '0', '')",N>=2,False,True,5602293.0,5602293.0,False,run1
intercontinental-westlake,2026-10-11,7118167_125380250_2_33_0,"('7118167', '125380250', '33', '0', '')",N>=2,False,True,5867769.0,5867769.0,False,run1
intercontinental-westlake,2026-10-11,7118167_242444141_2_33_0,"('7118167', '242444141', '33', '0', '')",N>=2,False,True,6192008.0,6192008.0,False,run1
intercontinental-westlake,2026-10-11,7118167_242444141_2_17_0,"('7118167', '242444141', '17', '0', '')",N>=2,False,True,7961153.0,7961153.0,False,run1
intercontinental-westlake,2026-10-11,7118166_125380250_2_34_0,"('7118166', '125380250', '34', '0', '')",N>=2,False,True,5572911.0,5572911.0,False,run1
intercontinental-westlake,2026-10-11,7118166_242444141_2_34_0,"('7118166', '242444141', '34', '0', '')",N>=2,False,True,5897151.0,5897151.0,False,run1
intercontinental-westlake,2026-10-11,7118166_125380250_2_33_0,"('7118166', '125380250', '33', '0', '')",N>=2,False,True,6162626.0,6162626.0,False,run1
intercontinental-westlake,2026-10-11,7118166_242444141_2_33_0,"('7118166', '242444141', '33', '0', '')",N>=2,False,True,6486866.0,6486866.0,False,run1
intercontinental-westlake,2026-10-11,7118166_242444141_2_17_0,"('7118166', '242444141', '17', '0', '')",N>=2,False,True,8256011.0,8256011.0,False,run1
intercontinental-westlake,2026-10-11,7118164_125380250_2_34_0,"('7118164', '125380250', '34', '0', '')",N>=2,False,True,4835767.0,4835767.0,False,run1
intercontinental-westlake,2026-10-11,7118164_242444141_2_34_0,"('7118164', '242444141', '34', '0', '')",N>=2,False,True,5160007.0,5160007.0,False,run1
intercontinental-westlake,2026-10-11,7118164_125380250_2_33_0,"('7118164', '125380250', '33', '0', '')",N>=2,False,True,5425482.0,5425482.0,False,run1
intercontinental-westlake,2026-10-11,7118164_242444141_2_33_0,"('7118164', '242444141', '33', '0', '')",N>=2,False,True,5749722.0,5749722.0,False,run1
intercontinental-westlake,2026-10-11,7118164_242444141_2_17_0,"('7118164', '242444141', '17', '0', '')",N>=2,False,True,7518867.0,7518867.0,False,run1
intercontinental-westlake,2026-10-11,7118162_125380250_2_34_0,"('7118162', '125380250', '34', '0', '')",N>=2,False,True,4393481.0,4393481.0,False,run1
intercontinental-westlake,2026-10-11,7118162_242444141_2_34_0,"('7118162', '242444141', '34', '0', '')",N>=2,False,True,4717720.0,4717720.0,False,run1
intercontinental-westlake,2026-10-11,7118162_125380250_2_33_0,"('7118162', '125380250', '33', '0', '')",N>=2,False,True,4983196.0,4983196.0,False,run1
intercontinental-westlake,2026-10-11,7118162_242444141_2_33_0,"('7118162', '242444141', '33', '0', '')",N>=2,False,True,5307435.0,5307435.0,False,run1
intercontinental-westlake,2026-10-11,7118162_242444141_2_17_0,"('7118162', '242444141', '17', '0', '')",N>=2,False,True,7076581.0,7076581.0,False,run1
intercontinental-westlake,2026-10-11,7118163_125380250_2_34_0,"('7118163', '125380250', '34', '0', '')",N>=2,False,True,4393481.0,4393481.0,False,run1
intercontinental-westlake,2026-10-11,7118163_242444141_2_34_0,"('7118163', '242444141', '34', '0', '')",N>=2,False,True,4717720.0,4717720.0,False,run1
intercontinental-westlake,2026-10-11,7118163_125380250_2_33_0,"('7118163', '125380250', '33', '0', '')",N>=2,False,True,4983196.0,4983196.0,False,run1
intercontinental-westlake,2026-10-11,7118163_242444141_2_33_0,"('7118163', '242444141', '33', '0', '')",N>=2,False,True,5307435.0,5307435.0,False,run1
intercontinental-westlake,2026-10-11,7118163_242444141_2_17_0,"('7118163', '242444141', '17', '0', '')",N>=2,False,True,7076581.0,7076581.0,False,run1
intercontinental-westlake,2026-10-11,7118165_125380250_2_34_0,"('7118165', '125380250', '34', '0', '')",N>=2,False,True,4835767.0,4835767.0,False,run1
intercontinental-westlake,2026-10-11,7118165_242444141_2_34_0,"('7118165', '242444141', '34', '0', '')",N>=2,False,True,5160007.0,5160007.0,False,run1
intercontinental-westlake,2026-10-11,7118165_125380250_2_33_0,"('7118165', '125380250', '33', '0', '')",N>=2,False,True,5425482.0,5425482.0,False,run1
intercontinental-westlake,2026-10-11,7118165_242444141_2_33_0,"('7118165', '242444141', '33', '0', '')",N>=2,False,True,5749722.0,5749722.0,False,run1
intercontinental-westlake,2026-10-11,7118165_242444141_2_17_0,"('7118165', '242444141', '17', '0', '')",N>=2,False,True,7518867.0,7518867.0,False,run1
intercontinental-westlake,2026-10-11,7118169_125380250_2_34_0,"('7118169', '125380250', '34', '0', '')",N>=2,False,True,5867769.0,5867769.0,False,run1
intercontinental-westlake,2026-10-11,7118169_242444141_2_34_0,"('7118169', '242444141', '34', '0', '')",N>=2,False,True,6192008.0,6192008.0,False,run1
intercontinental-westlake,2026-10-11,7118169_125380250_2_33_0,"('7118169', '125380250', '33', '0', '')",N>=2,False,True,6457484.0,6457484.0,False,run1
intercontinental-westlake,2026-10-11,7118169_242444141_2_33_0,"('7118169', '242444141', '33', '0', '')",N>=2,False,True,6781723.0,6781723.0,False,run1
intercontinental-westlake,2026-10-11,7118169_242444141_2_17_0,"('7118169', '242444141', '17', '0', '')",N>=2,False,True,8550868.0,8550868.0,False,run1
intercontinental-westlake,2026-10-11,7118168_125380250_2_34_0,"('7118168', '125380250', '34', '0', '')",N>=2,False,True,6162626.0,6162626.0,False,run1
intercontinental-westlake,2026-10-11,7118168_242444141_2_34_0,"('7118168', '242444141', '34', '0', '')",N>=2,False,True,6486866.0,6486866.0,False,run1
intercontinental-westlake,2026-10-11,7118168_125380250_2_33_0,"('7118168', '125380250', '33', '0', '')",N>=2,False,True,6752341.0,6752341.0,False,run1
intercontinental-westlake,2026-10-11,7118168_242444141_2_33_0,"('7118168', '242444141', '33', '0', '')",N>=2,False,True,7076581.0,7076581.0,False,run1
intercontinental-westlake,2026-10-11,7118168_242444141_2_17_0,"('7118168', '242444141', '17', '0', '')",N>=2,False,True,8845726.0,8845726.0,False,run1
intercontinental-westlake,2026-10-11,7118170_125380250_2_34_0,"('7118170', '125380250', '34', '0', '')",N>=2,False,True,7047199.0,7047199.0,False,run1
intercontinental-westlake,2026-10-11,7118170_242444141_2_34_0,"('7118170', '242444141', '34', '0', '')",N>=2,False,True,7371438.0,7371438.0,False,run1
intercontinental-westlake,2026-10-11,7118170_125380250_2_33_0,"('7118170', '125380250', '33', '0', '')",N>=2,False,True,7636914.0,7636914.0,False,run1
intercontinental-westlake,2026-10-11,7118170_242444141_2_33_0,"('7118170', '242444141', '33', '0', '')",N>=2,False,True,7961153.0,7961153.0,False,run1
intercontinental-westlake,2026-10-11,7118171_125380250_2_34_0,"('7118171', '125380250', '34', '0', '')",N>=2,False,True,7047199.0,7047199.0,False,run1
intercontinental-westlake,2026-10-11,7118171_242444141_2_34_0,"('7118171', '242444141', '34', '0', '')",N>=2,False,True,7371438.0,7371438.0,False,run1
intercontinental-westlake,2026-10-11,7118171_125380250_2_33_0,"('7118171', '125380250', '33', '0', '')",N>=2,False,True,7636914.0,7636914.0,False,run1
intercontinental-westlake,2026-10-11,7118171_242444141_2_33_0,"('7118171', '242444141', '33', '0', '')",N>=2,False,True,7961153.0,7961153.0,False,run1
intercontinental-westlake,2026-10-11,7118173_125380250_2_34_0,"('7118173', '125380250', '34', '0', '')",N>=2,False,True,7047199.0,7047199.0,False,run1
intercontinental-westlake,2026-10-11,7118173_242444141_2_34_0,"('7118173', '242444141', '34', '0', '')",N>=2,False,True,7371438.0,7371438.0,False,run1
intercontinental-westlake,2026-10-11,7118173_125380250_2_33_0,"('7118173', '125380250', '33', '0', '')",N>=2,False,True,7636914.0,7636914.0,False,run1
intercontinental-westlake,2026-10-11,7118173_242444141_2_33_0,"('7118173', '242444141', '33', '0', '')",N>=2,False,True,7961153.0,7961153.0,False,run1
intercontinental-westlake,2026-10-11,7118172_125380250_2_34_0,"('7118172', '125380250', '34', '0', '')",N>=2,False,True,7636914.0,7636914.0,False,run1
intercontinental-westlake,2026-10-11,7118172_242444141_2_34_0,"('7118172', '242444141', '34', '0', '')",N>=2,False,True,7961153.0,7961153.0,False,run1
intercontinental-westlake,2026-10-11,7118172_125380250_2_33_0,"('7118172', '125380250', '33', '0', '')",N>=2,False,True,8226629.0,8226629.0,False,run1
intercontinental-westlake,2026-10-11,7118172_242444141_2_33_0,"('7118172', '242444141', '33', '0', '')",N>=2,False,True,8550868.0,8550868.0,False,run1
intercontinental-westlake,2026-10-11,7118174_125380250_2_34_0,"('7118174', '125380250', '34', '0', '')",N>=2,False,True,7636914.0,7636914.0,False,run1
intercontinental-westlake,2026-10-11,7118174_242444141_2_34_0,"('7118174', '242444141', '34', '0', '')",N>=2,False,True,7961153.0,7961153.0,False,run1
intercontinental-westlake,2026-10-11,7118174_125380250_2_33_0,"('7118174', '125380250', '33', '0', '')",N>=2,False,True,8226629.0,8226629.0,False,run1
intercontinental-westlake,2026-10-11,7118174_242444141_2_33_0,"('7118174', '242444141', '33', '0', '')",N>=2,False,True,8550868.0,8550868.0,False,run1
intercontinental-westlake,2026-10-11,7118175_125380250_2_34_0,"('7118175', '125380250', '34', '0', '')",N>=2,False,True,8226629.0,8226629.0,False,run1
intercontinental-westlake,2026-10-11,7118175_242444141_2_34_0,"('7118175', '242444141', '34', '0', '')",N>=2,False,True,8550868.0,8550868.0,False,run1
intercontinental-westlake,2026-10-11,7118175_125380250_2_33_0,"('7118175', '125380250', '33', '0', '')",N>=2,False,True,8816344.0,8816344.0,False,run1
intercontinental-westlake,2026-10-11,7118175_242444141_2_33_0,"('7118175', '242444141', '33', '0', '')",N>=2,False,True,9140583.0,9140583.0,False,run1
intercontinental-westlake,2026-11-18,7118161_411987300_2_34_0,"('7118161', '411987300', '34', '0', '')",N>=2,False,True,5484246.0,5484246.0,False,run1
intercontinental-westlake,2026-11-18,7118161_242444141_2_34_0,"('7118161', '242444141', '34', '0', '')",N>=2,False,True,5897151.0,5897151.0,False,run1
intercontinental-westlake,2026-11-18,7118161_411987300_2_33_0,"('7118161', '411987300', '33', '0', '')",N>=2,False,True,6073961.0,6073961.0,False,run1
intercontinental-westlake,2026-11-18,7118161_242444141_2_33_0,"('7118161', '242444141', '33', '0', '')",N>=2,False,True,6486866.0,6486866.0,False,run1
intercontinental-westlake,2026-11-18,7118161_242444141_2_17_0,"('7118161', '242444141', '17', '0', '')",N>=2,False,True,8256011.0,8256011.0,False,run1
intercontinental-westlake,2026-11-18,7118162_411987300_2_34_0,"('7118162', '411987300', '34', '0', '')",N>=2,False,True,5484246.0,5484246.0,False,run1
intercontinental-westlake,2026-11-18,7118162_242444141_2_34_0,"('7118162', '242444141', '34', '0', '')",N>=2,False,True,5897151.0,5897151.0,False,run1
intercontinental-westlake,2026-11-18,7118162_411987300_2_33_0,"('7118162', '411987300', '33', '0', '')",N>=2,False,True,6073961.0,6073961.0,False,run1
intercontinental-westlake,2026-11-18,7118162_242444141_2_33_0,"('7118162', '242444141', '33', '0', '')",N>=2,False,True,6486866.0,6486866.0,False,run1
intercontinental-westlake,2026-11-18,7118162_242444141_2_17_0,"('7118162', '242444141', '17', '0', '')",N>=2,False,True,8256011.0,8256011.0,False,run1
intercontinental-westlake,2026-11-18,7118167_411987300_2_34_0,"('7118167', '411987300', '34', '0', '')",N>=2,False,True,6368819.0,6368819.0,False,run1
intercontinental-westlake,2026-11-18,7118167_242444141_2_34_0,"('7118167', '242444141', '34', '0', '')",N>=2,False,True,6781723.0,6781723.0,False,run1
intercontinental-westlake,2026-11-18,7118167_411987300_2_33_0,"('7118167', '411987300', '33', '0', '')",N>=2,False,True,6958534.0,6958534.0,False,run1
intercontinental-westlake,2026-11-18,7118167_242444141_2_33_0,"('7118167', '242444141', '33', '0', '')",N>=2,False,True,7371438.0,7371438.0,False,run1
intercontinental-westlake,2026-11-18,7118167_242444141_2_17_0,"('7118167', '242444141', '17', '0', '')",N>=2,False,True,9140583.0,9140583.0,False,run1
intercontinental-westlake,2026-11-18,7118166_411987300_2_34_0,"('7118166', '411987300', '34', '0', '')",N>=2,False,True,6663676.0,6663676.0,False,run1
intercontinental-westlake,2026-11-18,7118166_242444141_2_34_0,"('7118166', '242444141', '34', '0', '')",N>=2,False,True,7076581.0,7076581.0,False,run1
intercontinental-westlake,2026-11-18,7118166_411987300_2_33_0,"('7118166', '411987300', '33', '0', '')",N>=2,False,True,7253391.0,7253391.0,False,run1
intercontinental-westlake,2026-11-18,7118166_242444141_2_33_0,"('7118166', '242444141', '33', '0', '')",N>=2,False,True,7666296.0,7666296.0,False,run1
intercontinental-westlake,2026-11-18,7118166_242444141_2_17_0,"('7118166', '242444141', '17', '0', '')",N>=2,False,True,9435441.0,9435441.0,False,run1
intercontinental-westlake,2026-11-18,7118164_242444141_2_33_0,"('7118164', '242444141', '33', '0', '')",N>=2,False,True,6929152.0,6929152.0,False,run1
intercontinental-westlake,2026-11-18,7118164_242444141_2_17_0,"('7118164', '242444141', '17', '0', '')",N>=2,False,True,8698297.0,8698297.0,False,run1
intercontinental-westlake,2026-11-18,7118165_242444141_2_33_0,"('7118165', '242444141', '33', '0', '')",N>=2,False,True,6929152.0,6929152.0,False,run1
intercontinental-westlake,2026-11-18,7118165_242444141_2_17_0,"('7118165', '242444141', '17', '0', '')",N>=2,False,True,8698297.0,8698297.0,False,run1
intercontinental-westlake,2026-11-18,7118169_411987300_2_34_0,"('7118169', '411987300', '34', '0', '')",N>=2,False,True,6958534.0,6958534.0,False,run1
intercontinental-westlake,2026-11-18,7118169_242444141_2_34_0,"('7118169', '242444141', '34', '0', '')",N>=2,False,True,7371438.0,7371438.0,False,run1
intercontinental-westlake,2026-11-18,7118169_411987300_2_33_0,"('7118169', '411987300', '33', '0', '')",N>=2,False,True,7548249.0,7548249.0,False,run1
intercontinental-westlake,2026-11-18,7118169_242444141_2_33_0,"('7118169', '242444141', '33', '0', '')",N>=2,False,True,7961153.0,7961153.0,False,run1
intercontinental-westlake,2026-11-18,7118169_242444141_2_17_0,"('7118169', '242444141', '17', '0', '')",N>=2,False,True,9730298.0,9730298.0,False,run1
intercontinental-westlake,2026-11-18,7118168_411987300_2_34_0,"('7118168', '411987300', '34', '0', '')",N>=2,False,True,7253391.0,7253391.0,False,run1
intercontinental-westlake,2026-11-18,7118168_242444141_2_34_0,"('7118168', '242444141', '34', '0', '')",N>=2,False,True,7666296.0,7666296.0,False,run1
intercontinental-westlake,2026-11-18,7118168_411987300_2_33_0,"('7118168', '411987300', '33', '0', '')",N>=2,False,True,7843106.0,7843106.0,False,run1
intercontinental-westlake,2026-11-18,7118168_242444141_2_33_0,"('7118168', '242444141', '33', '0', '')",N>=2,False,True,8256011.0,8256011.0,False,run1
intercontinental-westlake,2026-11-18,7118168_242444141_2_17_0,"('7118168', '242444141', '17', '0', '')",N>=2,False,True,10025156.0,10025156.0,False,run1
intercontinental-westlake,2026-11-18,7118170_411987300_2_34_0,"('7118170', '411987300', '34', '0', '')",N>=2,False,True,8137964.0,8137964.0,False,run1
intercontinental-westlake,2026-11-18,7118170_242444141_2_34_0,"('7118170', '242444141', '34', '0', '')",N>=2,False,True,8550868.0,8550868.0,False,run1
intercontinental-westlake,2026-11-18,7118170_411987300_2_33_0,"('7118170', '411987300', '33', '0', '')",N>=2,False,True,8727679.0,8727679.0,False,run1
intercontinental-westlake,2026-11-18,7118170_242444141_2_33_0,"('7118170', '242444141', '33', '0', '')",N>=2,False,True,9140583.0,9140583.0,False,run1
intercontinental-westlake,2026-11-18,7118171_411987300_2_34_0,"('7118171', '411987300', '34', '0', '')",N>=2,False,True,8137964.0,8137964.0,False,run1
intercontinental-westlake,2026-11-18,7118171_242444141_2_34_0,"('7118171', '242444141', '34', '0', '')",N>=2,False,True,8550868.0,8550868.0,False,run1
intercontinental-westlake,2026-11-18,7118171_411987300_2_33_0,"('7118171', '411987300', '33', '0', '')",N>=2,False,True,8727679.0,8727679.0,False,run1
intercontinental-westlake,2026-11-18,7118171_242444141_2_33_0,"('7118171', '242444141', '33', '0', '')",N>=2,False,True,9140583.0,9140583.0,False,run1
intercontinental-westlake,2026-11-18,7118173_411987300_2_34_0,"('7118173', '411987300', '34', '0', '')",N>=2,False,True,8137964.0,8137964.0,False,run1
intercontinental-westlake,2026-11-18,7118173_242444141_2_34_0,"('7118173', '242444141', '34', '0', '')",N>=2,False,True,8550868.0,8550868.0,False,run1
intercontinental-westlake,2026-11-18,7118173_411987300_2_33_0,"('7118173', '411987300', '33', '0', '')",N>=2,False,True,8727679.0,8727679.0,False,run1
intercontinental-westlake,2026-11-18,7118173_242444141_2_33_0,"('7118173', '242444141', '33', '0', '')",N>=2,False,True,9140583.0,9140583.0,False,run1
intercontinental-westlake,2026-11-18,7118172_411987300_2_34_0,"('7118172', '411987300', '34', '0', '')",N>=2,False,True,8727679.0,8727679.0,False,run1
intercontinental-westlake,2026-11-18,7118172_242444141_2_34_0,"('7118172', '242444141', '34', '0', '')",N>=2,False,True,9140583.0,9140583.0,False,run1
intercontinental-westlake,2026-11-18,7118172_411987300_2_33_0,"('7118172', '411987300', '33', '0', '')",N>=2,False,True,9317394.0,9317394.0,False,run1
intercontinental-westlake,2026-11-18,7118172_242444141_2_33_0,"('7118172', '242444141', '33', '0', '')",N>=2,False,True,9730298.0,9730298.0,False,run1
intercontinental-westlake,2026-11-18,7118174_411987300_2_34_0,"('7118174', '411987300', '34', '0', '')",N>=2,False,True,8727679.0,8727679.0,False,run1
intercontinental-westlake,2026-11-18,7118174_242444141_2_34_0,"('7118174', '242444141', '34', '0', '')",N>=2,False,True,9140583.0,9140583.0,False,run1
intercontinental-westlake,2026-11-18,7118174_411987300_2_33_0,"('7118174', '411987300', '33', '0', '')",N>=2,False,True,9317394.0,9317394.0,False,run1
intercontinental-westlake,2026-11-18,7118174_242444141_2_33_0,"('7118174', '242444141', '33', '0', '')",N>=2,False,True,9730298.0,9730298.0,False,run1
intercontinental-westlake,2026-11-18,7118175_411987300_2_34_0,"('7118175', '411987300', '34', '0', '')",N>=2,False,True,9317394.0,9317394.0,False,run1
intercontinental-westlake,2026-11-18,7118175_242444141_2_34_0,"('7118175', '242444141', '34', '0', '')",N>=2,False,True,9730298.0,9730298.0,False,run1
intercontinental-westlake,2026-11-18,7118175_411987300_2_33_0,"('7118175', '411987300', '33', '0', '')",N>=2,False,True,9907109.0,9907109.0,False,run1
intercontinental-westlake,2026-11-18,7118175_242444141_2_33_0,"('7118175', '242444141', '33', '0', '')",N>=2,False,True,10320013.0,10320013.0,False,run1
mercure-vung-tau-vietnam,2026-10-01,26670529_269095466_2_41_0_1123187,"('26670529', '269095466', '41', '0', '1123187')",N>=2,False,False,2033773.0,,False,run1
mercure-vung-tau-vietnam,2026-10-01,26670529_424685104_2_41_0_1235885,"('26670529', '424685104', '41', '0', '1235885')",N>=2,False,False,2118708.0,,False,run1
mercure-vung-tau-vietnam,2026-10-01,26670529_119446954_2_41_0,"('26670529', '119446954', '41', '0', '')",N>=2,False,False,2118708.0,,False,run1
mercure-vung-tau-vietnam,2026-10-01,26670529_269095466_1_41_0_1123187,"('26670529', '269095466', '41', '0', '1123187')",1,True,True,1823773.0,1823773.0,False,run1
mercure-vung-tau-vietnam,2026-10-01,26670529_424685104_1_41_0_1235885,"('26670529', '424685104', '41', '0', '1235885')",1,True,True,1908708.0,1908708.0,False,run1
mercure-vung-tau-vietnam,2026-10-01,26670529_119446954_1_41_0,"('26670529', '119446954', '41', '0', '')",1,True,True,1908708.0,1908708.0,False,run1
mercure-vung-tau-vietnam,2026-10-01,26670523_269095466_2_41_0_1123187,"('26670523', '269095466', '41', '0', '1123187')",N>=2,False,False,3553773.0,,False,run1
mercure-vung-tau-vietnam,2026-10-01,26670523_424685104_2_41_0_1235885,"('26670523', '424685104', '41', '0', '1235885')",N>=2,False,False,3718708.0,,False,run1
mercure-vung-tau-vietnam,2026-10-01,26670523_119446954_2_41_0,"('26670523', '119446954', '41', '0', '')",N>=2,False,False,3718708.0,,False,run1
mercure-vung-tau-vietnam,2026-10-01,26670523_269095466_1_41_0_1123187,"('26670523', '269095466', '41', '0', '1123187')",1,True,True,3343773.0,3343773.0,False,run1
mercure-vung-tau-vietnam,2026-10-01,26670523_424685104_1_41_0_1235885,"('26670523', '424685104', '41', '0', '1235885')",1,True,True,3508708.0,3508708.0,False,run1
mercure-vung-tau-vietnam,2026-10-01,26670523_119446954_1_41_0,"('26670523', '119446954', '41', '0', '')",1,True,True,3508708.0,3508708.0,False,run1
mercure-vung-tau-vietnam,2026-10-01,26670536_269095466_2_41_0_1123187,"('26670536', '269095466', '41', '0', '1123187')",N>=2,False,False,2318773.0,,False,run1
mercure-vung-tau-vietnam,2026-10-01,26670536_424685104_2_41_0_1235885,"('26670536', '424685104', '41', '0', '1235885')",N>=2,False,False,2418708.0,,False,run1
mercure-vung-tau-vietnam,2026-10-01,26670536_119446954_2_41_0,"('26670536', '119446954', '41', '0', '')",N>=2,False,False,2418708.0,,False,run1
mercure-vung-tau-vietnam,2026-10-01,26670536_269095466_1_41_0_1123187,"('26670536', '269095466', '41', '0', '1123187')",1,True,True,2108773.0,2108773.0,False,run1
mercure-vung-tau-vietnam,2026-10-01,26670536_424685104_1_41_0_1235885,"('26670536', '424685104', '41', '0', '1235885')",1,True,True,2208708.0,2208708.0,False,run1
mercure-vung-tau-vietnam,2026-10-01,26670536_119446954_1_41_0,"('26670536', '119446954', '41', '0', '')",1,True,True,2208708.0,2208708.0,False,run1
mercure-vung-tau-vietnam,2026-10-01,26670524_269095466_2_41_0_1123187,"('26670524', '269095466', '41', '0', '1123187')",N>=2,False,False,2318773.0,,False,run1
mercure-vung-tau-vietnam,2026-10-01,26670524_424685104_2_41_0_1235885,"('26670524', '424685104', '41', '0', '1235885')",N>=2,False,False,2418708.0,,False,run1
mercure-vung-tau-vietnam,2026-10-01,26670524_119446954_2_41_0,"('26670524', '119446954', '41', '0', '')",N>=2,False,False,2418708.0,,False,run1
mercure-vung-tau-vietnam,2026-10-01,26670524_269095466_1_41_0_1123187,"('26670524', '269095466', '41', '0', '1123187')",1,True,True,2108773.0,2108773.0,False,run1
mercure-vung-tau-vietnam,2026-10-01,26670524_424685104_1_41_0_1235885,"('26670524', '424685104', '41', '0', '1235885')",1,True,True,2208708.0,2208708.0,False,run1
mercure-vung-tau-vietnam,2026-10-01,26670524_119446954_1_41_0,"('26670524', '119446954', '41', '0', '')",1,True,True,2208708.0,2208708.0,False,run1
mercure-vung-tau-vietnam,2026-10-01,26670533_269095466_2_41_0_1123187,"('26670533', '269095466', '41', '0', '1123187')",N>=2,False,False,3933773.0,,False,run1
mercure-vung-tau-vietnam,2026-10-01,26670533_424685104_2_41_0_1235885,"('26670533', '424685104', '41', '0', '1235885')",N>=2,False,False,4118708.0,,False,run1
mercure-vung-tau-vietnam,2026-10-01,26670533_119446954_2_41_0,"('26670533', '119446954', '41', '0', '')",N>=2,False,False,4118708.0,,False,run1
mercure-vung-tau-vietnam,2026-10-01,26670533_269095466_1_41_0_1123187,"('26670533', '269095466', '41', '0', '1123187')",1,True,True,3723773.0,3723773.0,False,run1
mercure-vung-tau-vietnam,2026-10-01,26670533_424685104_1_41_0_1235885,"('26670533', '424685104', '41', '0', '1235885')",1,True,True,3908708.0,3908708.0,False,run1
mercure-vung-tau-vietnam,2026-10-01,26670533_119446954_1_41_0,"('26670533', '119446954', '41', '0', '')",1,True,True,3908708.0,3908708.0,False,run1
mercure-vung-tau-vietnam,2026-10-01,26670537_269095466_2_41_0_1123187,"('26670537', '269095466', '41', '0', '1123187')",N>=2,False,False,3933773.0,,False,run1
mercure-vung-tau-vietnam,2026-10-01,26670537_424685104_2_41_0_1235885,"('26670537', '424685104', '41', '0', '1235885')",N>=2,False,False,4118708.0,,False,run1
mercure-vung-tau-vietnam,2026-10-01,26670537_119446954_2_41_0,"('26670537', '119446954', '41', '0', '')",N>=2,False,False,4118708.0,,False,run1
mercure-vung-tau-vietnam,2026-10-01,26670537_269095466_1_41_0_1123187,"('26670537', '269095466', '41', '0', '1123187')",1,True,True,3723773.0,3723773.0,False,run1
mercure-vung-tau-vietnam,2026-10-01,26670537_424685104_1_41_0_1235885,"('26670537', '424685104', '41', '0', '1235885')",1,True,True,3908708.0,3908708.0,False,run1
mercure-vung-tau-vietnam,2026-10-01,26670537_119446954_1_41_0,"('26670537', '119446954', '41', '0', '')",1,True,True,3908708.0,3908708.0,False,run1
mercure-vung-tau-vietnam,2026-10-01,26670539_269095466_2_41_0_1123187,"('26670539', '269095466', '41', '0', '1123187')",N>=2,False,False,2936273.0,,False,run1
mercure-vung-tau-vietnam,2026-10-01,26670539_424685104_2_41_0_1235885,"('26670539', '424685104', '41', '0', '1235885')",N>=2,False,False,3068708.0,,False,run1
mercure-vung-tau-vietnam,2026-10-01,26670539_119446954_2_41_0,"('26670539', '119446954', '41', '0', '')",N>=2,False,False,3068708.0,,False,run1
mercure-vung-tau-vietnam,2026-10-01,26670539_269095466_1_41_0_1123187,"('26670539', '269095466', '41', '0', '1123187')",1,True,True,2726273.0,2726273.0,False,run1
mercure-vung-tau-vietnam,2026-10-01,26670539_424685104_1_41_0_1235885,"('26670539', '424685104', '41', '0', '1235885')",1,True,True,2858708.0,2858708.0,False,run1
mercure-vung-tau-vietnam,2026-10-01,26670539_119446954_1_41_0,"('26670539', '119446954', '41', '0', '')",1,True,True,2858708.0,2858708.0,False,run1
mercure-vung-tau-vietnam,2026-10-01,26670535_269095466_2_41_0_1123187,"('26670535', '269095466', '41', '0', '1123187')",N>=2,False,False,3553773.0,,False,run1
mercure-vung-tau-vietnam,2026-10-01,26670535_424685104_2_41_0_1235885,"('26670535', '424685104', '41', '0', '1235885')",N>=2,False,False,3718708.0,,False,run1
mercure-vung-tau-vietnam,2026-10-01,26670535_119446954_2_41_0,"('26670535', '119446954', '41', '0', '')",N>=2,False,False,3718708.0,,False,run1
mercure-vung-tau-vietnam,2026-10-01,26670535_269095466_1_41_0_1123187,"('26670535', '269095466', '41', '0', '1123187')",1,True,True,3343773.0,3343773.0,False,run1
mercure-vung-tau-vietnam,2026-10-01,26670535_424685104_1_41_0_1235885,"('26670535', '424685104', '41', '0', '1235885')",1,True,True,3508708.0,3508708.0,False,run1
mercure-vung-tau-vietnam,2026-10-01,26670535_119446954_1_41_0,"('26670535', '119446954', '41', '0', '')",1,True,True,3508708.0,3508708.0,False,run1
mercure-vung-tau-vietnam,2026-10-01,26670534_269095466_2_41_0_1123187,"('26670534', '269095466', '41', '0', '1123187')",N>=2,False,False,4266273.0,,False,run1
mercure-vung-tau-vietnam,2026-10-01,26670534_424685104_2_41_0_1235885,"('26670534', '424685104', '41', '0', '1235885')",N>=2,False,False,4468708.0,,False,run1
mercure-vung-tau-vietnam,2026-10-01,26670534_119446954_2_41_0,"('26670534', '119446954', '41', '0', '')",N>=2,False,False,4468708.0,,False,run1
mercure-vung-tau-vietnam,2026-10-01,26670534_269095466_1_41_0_1123187,"('26670534', '269095466', '41', '0', '1123187')",1,True,True,4056273.0,4056273.0,False,run1
mercure-vung-tau-vietnam,2026-10-01,26670534_424685104_1_41_0_1235885,"('26670534', '424685104', '41', '0', '1235885')",1,True,True,4258708.0,4258708.0,False,run1
mercure-vung-tau-vietnam,2026-10-01,26670534_119446954_1_41_0,"('26670534', '119446954', '41', '0', '')",1,True,True,4258708.0,4258708.0,False,run1
mercure-vung-tau-vietnam,2026-10-11,26670529_119446954_2_41_0,"('26670529', '119446954', '41', '0', '')",N>=2,False,False,2189784.0,,False,run1
mercure-vung-tau-vietnam,2026-10-11,26670529_269095466_2_41_0_1123187,"('26670529', '269095466', '41', '0', '1123187')",N>=2,False,False,2397994.0,,False,run1
mercure-vung-tau-vietnam,2026-10-11,26670529_424685104_2_41_0_1235885,"('26670529', '424685104', '41', '0', '1235885')",N>=2,False,False,2502099.0,,False,run1
mercure-vung-tau-vietnam,2026-10-11,26670529_119446954_1_41_0,"('26670529', '119446954', '41', '0', '')",1,True,True,1979784.0,1979784.0,False,run1
mercure-vung-tau-vietnam,2026-10-11,26670529_269095466_1_41_0_1123187,"('26670529', '269095466', '41', '0', '1123187')",1,True,True,2187994.0,2187994.0,False,run1
mercure-vung-tau-vietnam,2026-10-11,26670529_424685104_1_41_0_1235885,"('26670529', '424685104', '41', '0', '1235885')",1,True,True,2292099.0,2292099.0,False,run1
mercure-vung-tau-vietnam,2026-10-11,26670523_119446954_2_41_0,"('26670523', '119446954', '41', '0', '')",N>=2,False,False,3549784.0,,False,run1
mercure-vung-tau-vietnam,2026-10-11,26670523_269095466_2_41_0_1123187,"('26670523', '269095466', '41', '0', '1123187')",N>=2,False,False,3917994.0,,False,run1
mercure-vung-tau-vietnam,2026-10-11,26670523_424685104_2_41_0_1235885,"('26670523', '424685104', '41', '0', '1235885')",N>=2,False,False,4102099.0,,False,run1
mercure-vung-tau-vietnam,2026-10-11,26670523_119446954_1_41_0,"('26670523', '119446954', '41', '0', '')",1,True,True,3339784.0,3339784.0,False,run1
mercure-vung-tau-vietnam,2026-10-11,26670523_269095466_1_41_0_1123187,"('26670523', '269095466', '41', '0', '1123187')",1,True,True,3707994.0,3707994.0,False,run1
mercure-vung-tau-vietnam,2026-10-11,26670523_424685104_1_41_0_1235885,"('26670523', '424685104', '41', '0', '1235885')",1,True,True,3892099.0,3892099.0,False,run1
mercure-vung-tau-vietnam,2026-10-11,26670524_119446954_2_41_0,"('26670524', '119446954', '41', '0', '')",N>=2,False,False,2444784.0,,False,run1
mercure-vung-tau-vietnam,2026-10-11,26670524_269095466_2_41_0_1123187,"('26670524', '269095466', '41', '0', '1123187')",N>=2,False,False,2682994.0,,False,run1
mercure-vung-tau-vietnam,2026-10-11,26670524_424685104_2_41_0_1235885,"('26670524', '424685104', '41', '0', '1235885')",N>=2,False,False,2802099.0,,False,run1
mercure-vung-tau-vietnam,2026-10-11,26670524_119446954_1_41_0,"('26670524', '119446954', '41', '0', '')",1,True,True,2234784.0,2234784.0,False,run1
mercure-vung-tau-vietnam,2026-10-11,26670524_269095466_1_41_0_1123187,"('26670524', '269095466', '41', '0', '1123187')",1,True,True,2472994.0,2472994.0,False,run1
mercure-vung-tau-vietnam,2026-10-11,26670524_424685104_1_41_0_1235885,"('26670524', '424685104', '41', '0', '1235885')",1,True,True,2592099.0,2592099.0,False,run1
mercure-vung-tau-vietnam,2026-10-11,26670536_119446954_2_41_0,"('26670536', '119446954', '41', '0', '')",N>=2,False,False,2444784.0,,False,run1
mercure-vung-tau-vietnam,2026-10-11,26670536_269095466_2_41_0_1123187,"('26670536', '269095466', '41', '0', '1123187')",N>=2,False,False,2682994.0,,False,run1
mercure-vung-tau-vietnam,2026-10-11,26670536_424685104_2_41_0_1235885,"('26670536', '424685104', '41', '0', '1235885')",N>=2,False,False,2802099.0,,False,run1
mercure-vung-tau-vietnam,2026-10-11,26670536_119446954_1_41_0,"('26670536', '119446954', '41', '0', '')",1,True,True,2234784.0,2234784.0,False,run1
mercure-vung-tau-vietnam,2026-10-11,26670536_269095466_1_41_0_1123187,"('26670536', '269095466', '41', '0', '1123187')",1,True,True,2472994.0,2472994.0,False,run1
mercure-vung-tau-vietnam,2026-10-11,26670536_424685104_1_41_0_1235885,"('26670536', '424685104', '41', '0', '1235885')",1,True,True,2592099.0,2592099.0,False,run1
mercure-vung-tau-vietnam,2026-10-11,26670537_119446954_2_41_0,"('26670537', '119446954', '41', '0', '')",N>=2,False,False,3889784.0,,False,run1
mercure-vung-tau-vietnam,2026-10-11,26670537_269095466_2_41_0_1123187,"('26670537', '269095466', '41', '0', '1123187')",N>=2,False,False,4297994.0,,False,run1
mercure-vung-tau-vietnam,2026-10-11,26670537_424685104_2_41_0_1235885,"('26670537', '424685104', '41', '0', '1235885')",N>=2,False,False,4502099.0,,False,run1
mercure-vung-tau-vietnam,2026-10-11,26670537_119446954_1_41_0,"('26670537', '119446954', '41', '0', '')",1,True,True,3679784.0,3679784.0,False,run1
mercure-vung-tau-vietnam,2026-10-11,26670537_269095466_1_41_0_1123187,"('26670537', '269095466', '41', '0', '1123187')",1,True,True,4087994.0,4087994.0,False,run1
mercure-vung-tau-vietnam,2026-10-11,26670537_424685104_1_41_0_1235885,"('26670537', '424685104', '41', '0', '1235885')",1,True,True,4292099.0,4292099.0,False,run1
mercure-vung-tau-vietnam,2026-10-11,26670539_119446954_2_41_0,"('26670539', '119446954', '41', '0', '')",N>=2,False,False,2997284.0,,False,run1
mercure-vung-tau-vietnam,2026-10-11,26670539_269095466_2_41_0_1123187,"('26670539', '269095466', '41', '0', '1123187')",N>=2,False,False,3300494.0,,False,run1
mercure-vung-tau-vietnam,2026-10-11,26670539_424685104_2_41_0_1235885,"('26670539', '424685104', '41', '0', '1235885')",N>=2,False,False,3452099.0,,False,run1
mercure-vung-tau-vietnam,2026-10-11,26670539_119446954_1_41_0,"('26670539', '119446954', '41', '0', '')",1,True,True,2787284.0,2787284.0,False,run1
mercure-vung-tau-vietnam,2026-10-11,26670539_269095466_1_41_0_1123187,"('26670539', '269095466', '41', '0', '1123187')",1,True,True,3090494.0,3090494.0,False,run1
mercure-vung-tau-vietnam,2026-10-11,26670539_424685104_1_41_0_1235885,"('26670539', '424685104', '41', '0', '1235885')",1,True,True,3242099.0,3242099.0,False,run1
mercure-vung-tau-vietnam,2026-10-11,26670535_119446954_2_41_0,"('26670535', '119446954', '41', '0', '')",N>=2,False,False,3549784.0,,False,run1
mercure-vung-tau-vietnam,2026-10-11,26670535_269095466_2_41_0_1123187,"('26670535', '269095466', '41', '0', '1123187')",N>=2,False,False,3917994.0,,False,run1
mercure-vung-tau-vietnam,2026-10-11,26670535_424685104_2_41_0_1235885,"('26670535', '424685104', '41', '0', '1235885')",N>=2,False,False,4102099.0,,False,run1
mercure-vung-tau-vietnam,2026-10-11,26670535_119446954_1_41_0,"('26670535', '119446954', '41', '0', '')",1,True,True,3339784.0,3339784.0,False,run1
mercure-vung-tau-vietnam,2026-10-11,26670535_269095466_1_41_0_1123187,"('26670535', '269095466', '41', '0', '1123187')",1,True,True,3707994.0,3707994.0,False,run1
mercure-vung-tau-vietnam,2026-10-11,26670535_424685104_1_41_0_1235885,"('26670535', '424685104', '41', '0', '1235885')",1,True,True,3892099.0,3892099.0,False,run1
mercure-vung-tau-vietnam,2026-10-11,26670533_119446954_2_41_0,"('26670533', '119446954', '41', '0', '')",N>=2,False,False,3889784.0,,False,run1
mercure-vung-tau-vietnam,2026-10-11,26670533_269095466_2_41_0_1123187,"('26670533', '269095466', '41', '0', '1123187')",N>=2,False,False,4297994.0,,False,run1
mercure-vung-tau-vietnam,2026-10-11,26670533_424685104_2_41_0_1235885,"('26670533', '424685104', '41', '0', '1235885')",N>=2,False,False,4502099.0,,False,run1
mercure-vung-tau-vietnam,2026-10-11,26670533_119446954_1_41_0,"('26670533', '119446954', '41', '0', '')",1,True,True,3679784.0,3679784.0,False,run1
mercure-vung-tau-vietnam,2026-10-11,26670533_269095466_1_41_0_1123187,"('26670533', '269095466', '41', '0', '1123187')",1,True,True,4087994.0,4087994.0,False,run1
mercure-vung-tau-vietnam,2026-10-11,26670533_424685104_1_41_0_1235885,"('26670533', '424685104', '41', '0', '1235885')",1,True,True,4292099.0,4292099.0,False,run1
mercure-vung-tau-vietnam,2026-10-11,26670534_119446954_2_41_0,"('26670534', '119446954', '41', '0', '')",N>=2,False,False,4187284.0,,False,run1
mercure-vung-tau-vietnam,2026-10-11,26670534_269095466_2_41_0_1123187,"('26670534', '269095466', '41', '0', '1123187')",N>=2,False,False,4630494.0,,False,run1
mercure-vung-tau-vietnam,2026-10-11,26670534_424685104_2_41_0_1235885,"('26670534', '424685104', '41', '0', '1235885')",N>=2,False,False,4852099.0,,False,run1
mercure-vung-tau-vietnam,2026-10-11,26670534_119446954_1_41_0,"('26670534', '119446954', '41', '0', '')",1,True,True,3977284.0,3977284.0,False,run1
mercure-vung-tau-vietnam,2026-10-11,26670534_269095466_1_41_0_1123187,"('26670534', '269095466', '41', '0', '1123187')",1,True,True,4420494.0,4420494.0,False,run1
mercure-vung-tau-vietnam,2026-10-11,26670534_424685104_1_41_0_1235885,"('26670534', '424685104', '41', '0', '1235885')",1,True,True,4642099.0,4642099.0,False,run1
mercure-vung-tau-vietnam,2026-11-18,26670529_119446954_2_41_0,"('26670529', '119446954', '41', '0', '')",N>=2,False,False,1815433.0,,False,run1
mercure-vung-tau-vietnam,2026-11-18,26670529_269095466_2_41_0_1123187,"('26670529', '269095466', '41', '0', '1123187')",N>=2,False,False,1979602.0,,False,run1
mercure-vung-tau-vietnam,2026-11-18,26670529_424685104_2_41_0_1235885,"('26670529', '424685104', '41', '0', '1235885')",N>=2,False,False,2061686.0,,False,run1
mercure-vung-tau-vietnam,2026-11-18,26670529_119446954_1_41_0,"('26670529', '119446954', '41', '0', '')",1,True,True,1605433.0,1605433.0,False,run1
mercure-vung-tau-vietnam,2026-11-18,26670529_269095466_1_41_0_1123187,"('26670529', '269095466', '41', '0', '1123187')",1,True,True,1769602.0,1769602.0,False,run1
mercure-vung-tau-vietnam,2026-11-18,26670529_424685104_1_41_0_1235885,"('26670529', '424685104', '41', '0', '1235885')",1,True,True,1851686.0,1851686.0,False,run1
mercure-vung-tau-vietnam,2026-11-18,26670524_119446954_2_41_0,"('26670524', '119446954', '41', '0', '')",N>=2,False,False,2070433.0,,False,run1
mercure-vung-tau-vietnam,2026-11-18,26670524_269095466_2_41_0_1123187,"('26670524', '269095466', '41', '0', '1123187')",N>=2,False,False,2264602.0,,False,run1
mercure-vung-tau-vietnam,2026-11-18,26670524_424685104_2_41_0_1235885,"('26670524', '424685104', '41', '0', '1235885')",N>=2,False,False,2361686.0,,False,run1
mercure-vung-tau-vietnam,2026-11-18,26670524_119446954_1_41_0,"('26670524', '119446954', '41', '0', '')",1,True,True,1860433.0,1860433.0,False,run1
mercure-vung-tau-vietnam,2026-11-18,26670524_269095466_1_41_0_1123187,"('26670524', '269095466', '41', '0', '1123187')",1,True,True,2054602.0,2054602.0,False,run1
mercure-vung-tau-vietnam,2026-11-18,26670524_424685104_1_41_0_1235885,"('26670524', '424685104', '41', '0', '1235885')",1,True,True,2151686.0,2151686.0,False,run1
mercure-vung-tau-vietnam,2026-11-18,26670536_119446954_2_41_0,"('26670536', '119446954', '41', '0', '')",N>=2,False,False,2070433.0,,False,run1
mercure-vung-tau-vietnam,2026-11-18,26670536_269095466_2_41_0_1123187,"('26670536', '269095466', '41', '0', '1123187')",N>=2,False,False,2264602.0,,False,run1
mercure-vung-tau-vietnam,2026-11-18,26670536_424685104_2_41_0_1235885,"('26670536', '424685104', '41', '0', '1235885')",N>=2,False,False,2361686.0,,False,run1
mercure-vung-tau-vietnam,2026-11-18,26670536_119446954_1_41_0,"('26670536', '119446954', '41', '0', '')",1,True,True,1860433.0,1860433.0,False,run1
mercure-vung-tau-vietnam,2026-11-18,26670536_269095466_1_41_0_1123187,"('26670536', '269095466', '41', '0', '1123187')",1,True,True,2054602.0,2054602.0,False,run1
mercure-vung-tau-vietnam,2026-11-18,26670536_424685104_1_41_0_1235885,"('26670536', '424685104', '41', '0', '1235885')",1,True,True,2151686.0,2151686.0,False,run1
mercure-vung-tau-vietnam,2026-11-18,26670539_119446954_2_41_0,"('26670539', '119446954', '41', '0', '')",N>=2,False,False,2622933.0,,False,run1
mercure-vung-tau-vietnam,2026-11-18,26670539_269095466_2_41_0_1123187,"('26670539', '269095466', '41', '0', '1123187')",N>=2,False,False,2882102.0,,False,run1
mercure-vung-tau-vietnam,2026-11-18,26670539_424685104_2_41_0_1235885,"('26670539', '424685104', '41', '0', '1235885')",N>=2,False,False,3011686.0,,False,run1
mercure-vung-tau-vietnam,2026-11-18,26670539_119446954_1_41_0,"('26670539', '119446954', '41', '0', '')",1,True,True,2412933.0,2412933.0,False,run1
mercure-vung-tau-vietnam,2026-11-18,26670539_269095466_1_41_0_1123187,"('26670539', '269095466', '41', '0', '1123187')",1,True,True,2672102.0,2672102.0,False,run1
mercure-vung-tau-vietnam,2026-11-18,26670539_424685104_1_41_0_1235885,"('26670539', '424685104', '41', '0', '1235885')",1,True,True,2801686.0,2801686.0,False,run1
mercure-vung-tau-vietnam,2026-11-18,26670523_119446954_2_41_0,"('26670523', '119446954', '41', '0', '')",N>=2,False,False,3175433.0,,False,run1
mercure-vung-tau-vietnam,2026-11-18,26670523_269095466_2_41_0_1123187,"('26670523', '269095466', '41', '0', '1123187')",N>=2,False,False,3499602.0,,False,run1
mercure-vung-tau-vietnam,2026-11-18,26670523_424685104_2_41_0_1235885,"('26670523', '424685104', '41', '0', '1235885')",N>=2,False,False,3661686.0,,False,run1
mercure-vung-tau-vietnam,2026-11-18,26670523_119446954_1_41_0,"('26670523', '119446954', '41', '0', '')",1,True,True,2965433.0,2965433.0,False,run1
mercure-vung-tau-vietnam,2026-11-18,26670523_269095466_1_41_0_1123187,"('26670523', '269095466', '41', '0', '1123187')",1,True,True,3289602.0,3289602.0,False,run1
mercure-vung-tau-vietnam,2026-11-18,26670523_424685104_1_41_0_1235885,"('26670523', '424685104', '41', '0', '1235885')",1,True,True,3451686.0,3451686.0,False,run1
mercure-vung-tau-vietnam,2026-11-18,26670535_119446954_2_41_0,"('26670535', '119446954', '41', '0', '')",N>=2,False,False,3175433.0,,False,run1
mercure-vung-tau-vietnam,2026-11-18,26670535_269095466_2_41_0_1123187,"('26670535', '269095466', '41', '0', '1123187')",N>=2,False,False,3499602.0,,False,run1
mercure-vung-tau-vietnam,2026-11-18,26670535_424685104_2_41_0_1235885,"('26670535', '424685104', '41', '0', '1235885')",N>=2,False,False,3661686.0,,False,run1
mercure-vung-tau-vietnam,2026-11-18,26670535_119446954_1_41_0,"('26670535', '119446954', '41', '0', '')",1,True,True,2965433.0,2965433.0,False,run1
mercure-vung-tau-vietnam,2026-11-18,26670535_269095466_1_41_0_1123187,"('26670535', '269095466', '41', '0', '1123187')",1,True,True,3289602.0,3289602.0,False,run1
mercure-vung-tau-vietnam,2026-11-18,26670535_424685104_1_41_0_1235885,"('26670535', '424685104', '41', '0', '1235885')",1,True,True,3451686.0,3451686.0,False,run1
mercure-vung-tau-vietnam,2026-11-18,26670533_119446954_2_41_0,"('26670533', '119446954', '41', '0', '')",N>=2,False,False,3515433.0,,False,run1
mercure-vung-tau-vietnam,2026-11-18,26670533_269095466_2_41_0_1123187,"('26670533', '269095466', '41', '0', '1123187')",N>=2,False,False,3879602.0,,False,run1
mercure-vung-tau-vietnam,2026-11-18,26670533_424685104_2_41_0_1235885,"('26670533', '424685104', '41', '0', '1235885')",N>=2,False,False,4061686.0,,False,run1
mercure-vung-tau-vietnam,2026-11-18,26670533_119446954_1_41_0,"('26670533', '119446954', '41', '0', '')",1,True,True,3305433.0,3305433.0,False,run1
mercure-vung-tau-vietnam,2026-11-18,26670533_269095466_1_41_0_1123187,"('26670533', '269095466', '41', '0', '1123187')",1,True,True,3669602.0,3669602.0,False,run1
mercure-vung-tau-vietnam,2026-11-18,26670533_424685104_1_41_0_1235885,"('26670533', '424685104', '41', '0', '1235885')",1,True,True,3851686.0,3851686.0,False,run1
mercure-vung-tau-vietnam,2026-11-18,26670537_119446954_2_41_0,"('26670537', '119446954', '41', '0', '')",N>=2,False,False,3515433.0,,False,run1
mercure-vung-tau-vietnam,2026-11-18,26670537_269095466_2_41_0_1123187,"('26670537', '269095466', '41', '0', '1123187')",N>=2,False,False,3879602.0,,False,run1
mercure-vung-tau-vietnam,2026-11-18,26670537_424685104_2_41_0_1235885,"('26670537', '424685104', '41', '0', '1235885')",N>=2,False,False,4061686.0,,False,run1
mercure-vung-tau-vietnam,2026-11-18,26670537_119446954_1_41_0,"('26670537', '119446954', '41', '0', '')",1,True,True,3305433.0,3305433.0,False,run1
mercure-vung-tau-vietnam,2026-11-18,26670537_269095466_1_41_0_1123187,"('26670537', '269095466', '41', '0', '1123187')",1,True,True,3669602.0,3669602.0,False,run1
mercure-vung-tau-vietnam,2026-11-18,26670537_424685104_1_41_0_1235885,"('26670537', '424685104', '41', '0', '1235885')",1,True,True,3851686.0,3851686.0,False,run1
mercure-vung-tau-vietnam,2026-11-18,26670534_119446954_2_41_0,"('26670534', '119446954', '41', '0', '')",N>=2,False,False,3812933.0,,False,run1
mercure-vung-tau-vietnam,2026-11-18,26670534_269095466_2_41_0_1123187,"('26670534', '269095466', '41', '0', '1123187')",N>=2,False,False,4212102.0,,False,run1
mercure-vung-tau-vietnam,2026-11-18,26670534_424685104_2_41_0_1235885,"('26670534', '424685104', '41', '0', '1235885')",N>=2,False,False,4411686.0,,False,run1
mercure-vung-tau-vietnam,2026-11-18,26670534_119446954_1_41_0,"('26670534', '119446954', '41', '0', '')",1,True,True,3602933.0,3602933.0,False,run1
mercure-vung-tau-vietnam,2026-11-18,26670534_269095466_1_41_0_1123187,"('26670534', '269095466', '41', '0', '1123187')",1,True,True,4002102.0,4002102.0,False,run1
mercure-vung-tau-vietnam,2026-11-18,26670534_424685104_1_41_0_1235885,"('26670534', '424685104', '41', '0', '1235885')",1,True,True,4201686.0,4201686.0,False,run1
movenpick-residences-phu-quoc,2026-10-01,632765001_246972156_2_41_0,"('632765001', '246972156', '41', '0', '')",N>=2,False,False,2800000.0,,False,run1
movenpick-residences-phu-quoc,2026-10-01,632765001_438259885_2_41_0,"('632765001', '438259885', '41', '0', '')",N>=2,False,False,3350000.0,,False,run1
movenpick-residences-phu-quoc,2026-10-01,632765001_246972156_1_41_0,"('632765001', '246972156', '41', '0', '')",1,True,True,2500000.0,2500000.0,False,run1
movenpick-residences-phu-quoc,2026-10-01,632765001_438259885_1_41_0,"('632765001', '438259885', '41', '0', '')",1,True,True,3050000.0,3050000.0,False,run1
movenpick-residences-phu-quoc,2026-10-01,632765002_246972156_2_41_0,"('632765002', '246972156', '41', '0', '')",N>=2,False,False,2880000.0,,False,run1
movenpick-residences-phu-quoc,2026-10-01,632765002_438259885_2_41_0,"('632765002', '438259885', '41', '0', '')",N>=2,False,False,3450000.0,,False,run1
movenpick-residences-phu-quoc,2026-10-01,632765002_246972156_1_41_0,"('632765002', '246972156', '41', '0', '')",1,True,True,2580000.0,2580000.0,False,run1
movenpick-residences-phu-quoc,2026-10-01,632765002_438259885_1_41_0,"('632765002', '438259885', '41', '0', '')",1,True,True,3150000.0,3150000.0,False,run1
movenpick-residences-phu-quoc,2026-10-01,632765003_246972156_2_41_0,"('632765003', '246972156', '41', '0', '')",N>=2,False,False,2880000.0,,False,run1
movenpick-residences-phu-quoc,2026-10-01,632765003_438259885_2_41_0,"('632765003', '438259885', '41', '0', '')",N>=2,False,False,3450000.0,,False,run1
movenpick-residences-phu-quoc,2026-10-01,632765003_246972156_1_41_0,"('632765003', '246972156', '41', '0', '')",1,True,True,2580000.0,2580000.0,False,run1
movenpick-residences-phu-quoc,2026-10-01,632765003_438259885_1_41_0,"('632765003', '438259885', '41', '0', '')",1,True,True,3150000.0,3150000.0,False,run1
movenpick-residences-phu-quoc,2026-10-01,632765012_246972156_2_41_0,"('632765012', '246972156', '41', '0', '')",N>=2,False,False,3200000.0,,False,run1
movenpick-residences-phu-quoc,2026-10-01,632765012_438259885_2_41_0,"('632765012', '438259885', '41', '0', '')",N>=2,False,False,3850000.0,,False,run1
movenpick-residences-phu-quoc,2026-10-01,632765012_246972156_1_41_0,"('632765012', '246972156', '41', '0', '')",1,True,True,2900000.0,2900000.0,False,run1
movenpick-residences-phu-quoc,2026-10-01,632765012_438259885_1_41_0,"('632765012', '438259885', '41', '0', '')",1,True,True,3550000.0,3550000.0,False,run1
movenpick-residences-phu-quoc,2026-10-01,632765014_246972156_2_41_0,"('632765014', '246972156', '41', '0', '')",N>=2,False,False,6160000.0,,False,run1
movenpick-residences-phu-quoc,2026-10-01,632765014_438259885_2_41_0,"('632765014', '438259885', '41', '0', '')",N>=2,False,False,7550000.0,,False,run1
movenpick-residences-phu-quoc,2026-10-01,632765014_246972156_1_41_0,"('632765014', '246972156', '41', '0', '')",1,True,True,5860000.0,5860000.0,False,run1
movenpick-residences-phu-quoc,2026-10-01,632765014_438259885_1_41_0,"('632765014', '438259885', '41', '0', '')",1,True,True,7250000.0,7250000.0,False,run1
movenpick-residences-phu-quoc,2026-10-01,632765006_246972156_2_41_0,"('632765006', '246972156', '41', '0', '')",N>=2,False,False,7000000.0,,False,run1
movenpick-residences-phu-quoc,2026-10-01,632765006_438259885_2_41_0,"('632765006', '438259885', '41', '0', '')",N>=2,False,False,8600000.0,,False,run1
movenpick-residences-phu-quoc,2026-10-01,632765006_246972156_1_41_0,"('632765006', '246972156', '41', '0', '')",1,True,True,6700000.0,6700000.0,False,run1
movenpick-residences-phu-quoc,2026-10-01,632765006_438259885_1_41_0,"('632765006', '438259885', '41', '0', '')",1,True,True,8300000.0,8300000.0,False,run1
movenpick-residences-phu-quoc,2026-10-01,632765008_246972156_2_41_0,"('632765008', '246972156', '41', '0', '')",N>=2,False,False,7800000.0,,False,run1
movenpick-residences-phu-quoc,2026-10-01,632765008_438259885_2_41_0,"('632765008', '438259885', '41', '0', '')",N>=2,False,False,9600000.0,,False,run1
movenpick-residences-phu-quoc,2026-10-01,632765008_246972156_1_41_0,"('632765008', '246972156', '41', '0', '')",1,True,True,7500000.0,7500000.0,False,run1
movenpick-residences-phu-quoc,2026-10-01,632765008_438259885_1_41_0,"('632765008', '438259885', '41', '0', '')",1,True,True,9300000.0,9300000.0,False,run1
movenpick-residences-phu-quoc,2026-10-01,632765010_246972156_2_41_0,"('632765010', '246972156', '41', '0', '')",N>=2,False,False,9000000.0,,False,run1
movenpick-residences-phu-quoc,2026-10-01,632765010_438259885_2_41_0,"('632765010', '438259885', '41', '0', '')",N>=2,False,False,11100000.0,,False,run1
movenpick-residences-phu-quoc,2026-10-01,632765010_246972156_1_41_0,"('632765010', '246972156', '41', '0', '')",1,True,True,8700000.0,8700000.0,False,run1
movenpick-residences-phu-quoc,2026-10-01,632765010_438259885_1_41_0,"('632765010', '438259885', '41', '0', '')",1,True,True,10800000.0,10800000.0,False,run1
movenpick-residences-phu-quoc,2026-10-01,632765007_246972156_2_41_0,"('632765007', '246972156', '41', '0', '')",N>=2,False,False,12600000.0,,False,run1
movenpick-residences-phu-quoc,2026-10-01,632765007_438259885_2_41_0,"('632765007', '438259885', '41', '0', '')",N>=2,False,False,15600000.0,,False,run1
movenpick-residences-phu-quoc,2026-10-01,632765007_246972156_1_41_0,"('632765007', '246972156', '41', '0', '')",1,True,True,12300000.0,12300000.0,False,run1
movenpick-residences-phu-quoc,2026-10-01,632765007_438259885_1_41_0,"('632765007', '438259885', '41', '0', '')",1,True,True,15300000.0,15300000.0,False,run1
movenpick-residences-phu-quoc,2026-10-01,632765013_246972156_2_41_0,"('632765013', '246972156', '41', '0', '')",N>=2,False,False,45400000.0,,False,run1
movenpick-residences-phu-quoc,2026-10-01,632765013_438259885_2_41_0,"('632765013', '438259885', '41', '0', '')",N>=2,False,False,56600000.0,,False,run1
movenpick-residences-phu-quoc,2026-10-01,632765013_246972156_1_41_0,"('632765013', '246972156', '41', '0', '')",1,True,True,45100000.0,45100000.0,False,run1
movenpick-residences-phu-quoc,2026-10-01,632765013_438259885_1_41_0,"('632765013', '438259885', '41', '0', '')",1,True,True,56300000.0,56300000.0,False,run1
movenpick-residences-phu-quoc,2026-10-11,632765001_246972156_2_41_0,"('632765001', '246972156', '41', '0', '')",N>=2,False,False,2800000.0,,False,run1
movenpick-residences-phu-quoc,2026-10-11,632765001_438259885_2_41_0,"('632765001', '438259885', '41', '0', '')",N>=2,False,False,3350000.0,,False,run1
movenpick-residences-phu-quoc,2026-10-11,632765001_246972156_1_41_0,"('632765001', '246972156', '41', '0', '')",1,True,True,2500000.0,2500000.0,False,run1
movenpick-residences-phu-quoc,2026-10-11,632765001_438259885_1_41_0,"('632765001', '438259885', '41', '0', '')",1,True,True,3050000.0,3050000.0,False,run1
movenpick-residences-phu-quoc,2026-10-11,632765002_246972156_2_41_0,"('632765002', '246972156', '41', '0', '')",N>=2,False,False,2880000.0,,False,run1
movenpick-residences-phu-quoc,2026-10-11,632765002_438259885_2_41_0,"('632765002', '438259885', '41', '0', '')",N>=2,False,False,3450000.0,,False,run1
movenpick-residences-phu-quoc,2026-10-11,632765002_246972156_1_41_0,"('632765002', '246972156', '41', '0', '')",1,True,True,2580000.0,2580000.0,False,run1
movenpick-residences-phu-quoc,2026-10-11,632765002_438259885_1_41_0,"('632765002', '438259885', '41', '0', '')",1,True,True,3150000.0,3150000.0,False,run1
movenpick-residences-phu-quoc,2026-10-11,632765003_246972156_2_41_0,"('632765003', '246972156', '41', '0', '')",N>=2,False,False,2880000.0,,False,run1
movenpick-residences-phu-quoc,2026-10-11,632765003_438259885_2_41_0,"('632765003', '438259885', '41', '0', '')",N>=2,False,False,3450000.0,,False,run1
movenpick-residences-phu-quoc,2026-10-11,632765003_246972156_1_41_0,"('632765003', '246972156', '41', '0', '')",1,True,True,2580000.0,2580000.0,False,run1
movenpick-residences-phu-quoc,2026-10-11,632765003_438259885_1_41_0,"('632765003', '438259885', '41', '0', '')",1,True,True,3150000.0,3150000.0,False,run1
movenpick-residences-phu-quoc,2026-10-11,632765012_246972156_2_41_0,"('632765012', '246972156', '41', '0', '')",N>=2,False,False,3200000.0,,False,run1
movenpick-residences-phu-quoc,2026-10-11,632765012_438259885_2_41_0,"('632765012', '438259885', '41', '0', '')",N>=2,False,False,3850000.0,,False,run1
movenpick-residences-phu-quoc,2026-10-11,632765012_246972156_1_41_0,"('632765012', '246972156', '41', '0', '')",1,True,True,2900000.0,2900000.0,False,run1
movenpick-residences-phu-quoc,2026-10-11,632765012_438259885_1_41_0,"('632765012', '438259885', '41', '0', '')",1,True,True,3550000.0,3550000.0,False,run1
movenpick-residences-phu-quoc,2026-10-11,632765004_246972156_2_41_0,"('632765004', '246972156', '41', '0', '')",N>=2,False,False,5600000.0,,False,run1
movenpick-residences-phu-quoc,2026-10-11,632765004_438259885_2_41_0,"('632765004', '438259885', '41', '0', '')",N>=2,False,False,6850000.0,,False,run1
movenpick-residences-phu-quoc,2026-10-11,632765004_246972156_1_41_0,"('632765004', '246972156', '41', '0', '')",1,True,True,5300000.0,5300000.0,False,run1
movenpick-residences-phu-quoc,2026-10-11,632765004_438259885_1_41_0,"('632765004', '438259885', '41', '0', '')",1,True,True,6550000.0,6550000.0,False,run1
movenpick-residences-phu-quoc,2026-10-11,632765014_246972156_2_41_0,"('632765014', '246972156', '41', '0', '')",N>=2,False,False,6160000.0,,False,run1
movenpick-residences-phu-quoc,2026-10-11,632765014_438259885_2_41_0,"('632765014', '438259885', '41', '0', '')",N>=2,False,False,7550000.0,,False,run1
movenpick-residences-phu-quoc,2026-10-11,632765014_246972156_1_41_0,"('632765014', '246972156', '41', '0', '')",1,True,True,5860000.0,5860000.0,False,run1
movenpick-residences-phu-quoc,2026-10-11,632765014_438259885_1_41_0,"('632765014', '438259885', '41', '0', '')",1,True,True,7250000.0,7250000.0,False,run1
movenpick-residences-phu-quoc,2026-10-11,632765006_246972156_2_41_0,"('632765006', '246972156', '41', '0', '')",N>=2,False,False,7000000.0,,False,run1
movenpick-residences-phu-quoc,2026-10-11,632765006_438259885_2_41_0,"('632765006', '438259885', '41', '0', '')",N>=2,False,False,8600000.0,,False,run1
movenpick-residences-phu-quoc,2026-10-11,632765006_246972156_1_41_0,"('632765006', '246972156', '41', '0', '')",1,True,True,6700000.0,6700000.0,False,run1
movenpick-residences-phu-quoc,2026-10-11,632765006_438259885_1_41_0,"('632765006', '438259885', '41', '0', '')",1,True,True,8300000.0,8300000.0,False,run1
movenpick-residences-phu-quoc,2026-10-11,632765008_246972156_2_41_0,"('632765008', '246972156', '41', '0', '')",N>=2,False,False,7800000.0,,False,run1
movenpick-residences-phu-quoc,2026-10-11,632765008_438259885_2_41_0,"('632765008', '438259885', '41', '0', '')",N>=2,False,False,9600000.0,,False,run1
movenpick-residences-phu-quoc,2026-10-11,632765008_246972156_1_41_0,"('632765008', '246972156', '41', '0', '')",1,True,True,7500000.0,7500000.0,False,run1
movenpick-residences-phu-quoc,2026-10-11,632765008_438259885_1_41_0,"('632765008', '438259885', '41', '0', '')",1,True,True,9300000.0,9300000.0,False,run1
movenpick-residences-phu-quoc,2026-10-11,632765010_246972156_2_41_0,"('632765010', '246972156', '41', '0', '')",N>=2,False,False,9000000.0,,False,run1
movenpick-residences-phu-quoc,2026-10-11,632765010_438259885_2_41_0,"('632765010', '438259885', '41', '0', '')",N>=2,False,False,11100000.0,,False,run1
movenpick-residences-phu-quoc,2026-10-11,632765010_246972156_1_41_0,"('632765010', '246972156', '41', '0', '')",1,True,True,8700000.0,8700000.0,False,run1
movenpick-residences-phu-quoc,2026-10-11,632765010_438259885_1_41_0,"('632765010', '438259885', '41', '0', '')",1,True,True,10800000.0,10800000.0,False,run1
movenpick-residences-phu-quoc,2026-10-11,632765007_246972156_2_41_0,"('632765007', '246972156', '41', '0', '')",N>=2,False,False,12600000.0,,False,run1
movenpick-residences-phu-quoc,2026-10-11,632765007_438259885_2_41_0,"('632765007', '438259885', '41', '0', '')",N>=2,False,False,15600000.0,,False,run1
movenpick-residences-phu-quoc,2026-10-11,632765007_246972156_1_41_0,"('632765007', '246972156', '41', '0', '')",1,True,True,12300000.0,12300000.0,False,run1
movenpick-residences-phu-quoc,2026-10-11,632765007_438259885_1_41_0,"('632765007', '438259885', '41', '0', '')",1,True,True,15300000.0,15300000.0,False,run1
movenpick-residences-phu-quoc,2026-11-18,632765001_246972156_2_41_0,"('632765001', '246972156', '41', '0', '')",N>=2,False,False,4200000.0,,False,run1
movenpick-residences-phu-quoc,2026-11-18,632765001_246972156_1_41_0,"('632765001', '246972156', '41', '0', '')",1,True,True,3900000.0,3900000.0,False,run1
movenpick-residences-phu-quoc,2026-11-18,632765002_246972156_2_41_0,"('632765002', '246972156', '41', '0', '')",N>=2,False,False,4600000.0,,False,run1
movenpick-residences-phu-quoc,2026-11-18,632765002_246972156_1_41_0,"('632765002', '246972156', '41', '0', '')",1,True,True,4300000.0,4300000.0,False,run1
movenpick-residences-phu-quoc,2026-11-18,632765003_246972156_2_41_0,"('632765003', '246972156', '41', '0', '')",N>=2,False,False,4600000.0,,False,run1
movenpick-residences-phu-quoc,2026-11-18,632765003_246972156_1_41_0,"('632765003', '246972156', '41', '0', '')",1,True,True,4300000.0,4300000.0,False,run1
movenpick-residences-phu-quoc,2026-11-18,632765012_246972156_2_41_0,"('632765012', '246972156', '41', '0', '')",N>=2,False,False,5400000.0,,False,run1
movenpick-residences-phu-quoc,2026-11-18,632765012_246972156_1_41_0,"('632765012', '246972156', '41', '0', '')",1,True,True,5100000.0,5100000.0,False,run1
movenpick-residences-phu-quoc,2026-11-18,632765004_246972156_2_41_0,"('632765004', '246972156', '41', '0', '')",N>=2,False,False,7400000.0,,False,run1
movenpick-residences-phu-quoc,2026-11-18,632765004_246972156_1_41_0,"('632765004', '246972156', '41', '0', '')",1,True,True,7100000.0,7100000.0,False,run1
movenpick-residences-phu-quoc,2026-11-18,632765014_246972156_2_41_0,"('632765014', '246972156', '41', '0', '')",N>=2,False,False,8600000.0,,False,run1
movenpick-residences-phu-quoc,2026-11-18,632765014_246972156_1_41_0,"('632765014', '246972156', '41', '0', '')",1,True,True,8300000.0,8300000.0,False,run1
movenpick-residences-phu-quoc,2026-11-18,632765006_246972156_2_41_0,"('632765006', '246972156', '41', '0', '')",N>=2,False,False,10600000.0,,False,run1
movenpick-residences-phu-quoc,2026-11-18,632765006_246972156_1_41_0,"('632765006', '246972156', '41', '0', '')",1,True,True,10300000.0,10300000.0,False,run1
movenpick-residences-phu-quoc,2026-11-18,632765008_246972156_2_41_0,"('632765008', '246972156', '41', '0', '')",N>=2,False,False,11800000.0,,False,run1
movenpick-residences-phu-quoc,2026-11-18,632765008_246972156_1_41_0,"('632765008', '246972156', '41', '0', '')",1,True,True,11500000.0,11500000.0,False,run1
movenpick-residences-phu-quoc,2026-11-18,632765010_246972156_2_41_0,"('632765010', '246972156', '41', '0', '')",N>=2,False,False,13400000.0,,False,run1
movenpick-residences-phu-quoc,2026-11-18,632765010_246972156_1_41_0,"('632765010', '246972156', '41', '0', '')",1,True,True,13100000.0,13100000.0,False,run1
movenpick-residences-phu-quoc,2026-11-18,632765007_246972156_2_41_0,"('632765007', '246972156', '41', '0', '')",N>=2,False,False,20600000.0,,False,run1
movenpick-residences-phu-quoc,2026-11-18,632765007_246972156_1_41_0,"('632765007', '246972156', '41', '0', '')",1,True,True,20300000.0,20300000.0,False,run1
movenpick-residences-phu-quoc,2026-11-18,632765013_246972156_2_41_0,"('632765013', '246972156', '41', '0', '')",N>=2,False,False,56600000.0,,False,run1
movenpick-residences-phu-quoc,2026-11-18,632765013_246972156_1_41_0,"('632765013', '246972156', '41', '0', '')",1,True,True,56300000.0,56300000.0,False,run1
pearl-wealth-da-lat,2026-10-01,1074539504_391656433_2_0_0_1338695,"('1074539504', '391656433', '0', '0', '1338695')",N>=2,False,False,280000.0,,False,run1
pearl-wealth-da-lat,2026-10-01,1074539504_391656433_0_0_0_1165746,"('1074539504', '391656433', '0', '0', '1165746')",0,False,True,315000.0,315000.0,False,run1
pearl-wealth-da-lat,2026-10-01,1074539504_391656433_1_0_0_1338695,"('1074539504', '391656433', '0', '0', '1338695')",1,True,True,266000.0,266000.0,False,run1
pearl-wealth-da-lat,2026-10-01,1074539502_391656433_2_0_0_1338695,"('1074539502', '391656433', '0', '0', '1338695')",N>=2,False,True,565250.0,565250.0,False,run1
pearl-wealth-da-lat,2026-10-01,1074539502_391656433_0_0_0_1165746,"('1074539502', '391656433', '0', '0', '1165746')",0,False,True,630000.0,630000.0,False,run1
pearl-wealth-da-lat,2026-10-01,1074539501_391656433_2_0_0_1338695,"('1074539501', '391656433', '0', '0', '1338695')",N>=2,False,False,385000.0,,False,run1
pearl-wealth-da-lat,2026-10-01,1074539501_391656433_0_0_0_1165746,"('1074539501', '391656433', '0', '0', '1165746')",0,False,True,420000.0,420000.0,False,run1
pearl-wealth-da-lat,2026-10-01,1074539501_391656433_1_0_0_1338695,"('1074539501', '391656433', '0', '0', '1338695')",1,True,True,365750.0,365750.0,False,run1
pearl-wealth-da-lat,2026-10-01,1074539503_391656433_3_0_0_1338695,"('1074539503', '391656433', '0', '0', '1338695')",N>=2,False,True,651000.0,651000.0,False,run1
pearl-wealth-da-lat,2026-10-01,1074539503_391656433_0_0_0_1165746,"('1074539503', '391656433', '0', '0', '1165746')",0,False,True,735000.0,735000.0,False,run1
pearl-wealth-da-lat,2026-10-11,1074539504_391656433_2_0_0_1338695,"('1074539504', '391656433', '0', '0', '1338695')",N>=2,False,False,280000.0,,False,run1
pearl-wealth-da-lat,2026-10-11,1074539504_391656433_0_0_0_1165746,"('1074539504', '391656433', '0', '0', '1165746')",0,False,True,315000.0,315000.0,False,run1
pearl-wealth-da-lat,2026-10-11,1074539504_391656433_1_0_0_1338695,"('1074539504', '391656433', '0', '0', '1338695')",1,True,True,266000.0,266000.0,False,run1
pearl-wealth-da-lat,2026-10-11,1074539501_391656433_2_0_0_1338695,"('1074539501', '391656433', '0', '0', '1338695')",N>=2,False,False,385000.0,,False,run1
pearl-wealth-da-lat,2026-10-11,1074539501_391656433_0_0_0_1165746,"('1074539501', '391656433', '0', '0', '1165746')",0,False,True,420000.0,420000.0,False,run1
pearl-wealth-da-lat,2026-10-11,1074539501_391656433_1_0_0_1338695,"('1074539501', '391656433', '0', '0', '1338695')",1,True,True,365750.0,365750.0,False,run1
pearl-wealth-da-lat,2026-10-11,1074539502_391656433_2_0_0_1338695,"('1074539502', '391656433', '0', '0', '1338695')",N>=2,False,True,565250.0,565250.0,False,run1
pearl-wealth-da-lat,2026-10-11,1074539502_391656433_0_0_0_1165746,"('1074539502', '391656433', '0', '0', '1165746')",0,False,True,630000.0,630000.0,False,run1
pearl-wealth-da-lat,2026-10-11,1074539503_391656433_3_0_0_1338695,"('1074539503', '391656433', '0', '0', '1338695')",N>=2,False,True,651000.0,651000.0,False,run1
pearl-wealth-da-lat,2026-10-11,1074539503_391656433_0_0_0_1165746,"('1074539503', '391656433', '0', '0', '1165746')",0,False,True,735000.0,735000.0,False,run1
pearl-wealth-da-lat,2026-11-18,1074539504_391656433_2_0_0_1338695,"('1074539504', '391656433', '0', '0', '1338695')",N>=2,False,False,308000.0,,False,run1
pearl-wealth-da-lat,2026-11-18,1074539504_391656433_0_0_0_1165746,"('1074539504', '391656433', '0', '0', '1165746')",0,False,True,343000.0,343000.0,False,run1
pearl-wealth-da-lat,2026-11-18,1074539504_391656433_1_0_0_1338695,"('1074539504', '391656433', '0', '0', '1338695')",1,True,True,292600.0,292600.0,False,run1
pearl-wealth-da-lat,2026-11-18,1074539501_391656433_2_0_0_1338695,"('1074539501', '391656433', '0', '0', '1338695')",N>=2,False,False,385000.0,,False,run1
pearl-wealth-da-lat,2026-11-18,1074539501_391656433_0_0_0_1165746,"('1074539501', '391656433', '0', '0', '1165746')",0,False,True,420000.0,420000.0,False,run1
pearl-wealth-da-lat,2026-11-18,1074539501_391656433_1_0_0_1338695,"('1074539501', '391656433', '0', '0', '1338695')",1,True,True,365750.0,365750.0,False,run1
pearl-wealth-da-lat,2026-11-18,1074539502_391656433_2_0_0_1338695,"('1074539502', '391656433', '0', '0', '1338695')",N>=2,False,True,565250.0,565250.0,False,run1
pearl-wealth-da-lat,2026-11-18,1074539502_391656433_0_0_0_1165746,"('1074539502', '391656433', '0', '0', '1165746')",0,False,True,630000.0,630000.0,False,run1
pearl-wealth-da-lat,2026-11-18,1074539503_391656433_3_0_0_1338695,"('1074539503', '391656433', '0', '0', '1338695')",N>=2,False,True,651000.0,651000.0,False,run1
pearl-wealth-da-lat,2026-11-18,1074539503_391656433_0_0_0_1165746,"('1074539503', '391656433', '0', '0', '1165746')",0,False,True,735000.0,735000.0,False,run1
roma,2026-10-01,998285901_429664359_2_1_0_304452,"('998285901', '429664359', '1', '0', '304452')",N>=2,False,True,5203116.0,5203116.0,False,run1
roma,2026-10-01,998285904_429664359_2_1_0_304452,"('998285904', '429664359', '1', '0', '304452')",N>=2,False,True,3298482.0,3298482.0,False,run1
roma,2026-10-01,998285912_429664359_2_1_0_304452,"('998285912', '429664359', '1', '0', '304452')",N>=2,False,True,3857382.0,3857382.0,False,run1
roma,2026-10-01,998285905_429664359_2_1_0_304452,"('998285905', '429664359', '1', '0', '304452')",N>=2,False,True,4191750.0,4191750.0,False,run1
roma,2026-10-01,998285911_429664359_2_1_0_304452,"('998285911', '429664359', '1', '0', '304452')",N>=2,False,True,6804000.0,6804000.0,False,run1
roma,2026-10-01,998285909_429664359_4_1_0_304452,"('998285909', '429664359', '1', '0', '304452')",N>=2,False,True,6757830.0,6757830.0,False,run1
roma,2026-10-01,998285914_429664359_4_1_0_304452,"('998285914', '429664359', '1', '0', '304452')",N>=2,False,True,6757830.0,6757830.0,False,run1
roma,2026-10-01,998285908_429664359_4_1_0_304452,"('998285908', '429664359', '1', '0', '304452')",N>=2,False,True,7348320.0,7348320.0,False,run1
roma,2026-10-01,bbasic_0,"('bbasic_0',)",?,False,False,,2269165.0,True,run1
roma,2026-10-01,998285912_bbasic_0,"('998285912_bbasic_0',)",0,False,False,,2713946.0,True,run1
roma,2026-10-01,998285905_bbasic_0,"('998285905_bbasic_0',)",0,False,False,,2949082.0,True,run1
roma,2026-10-11,998285901_429664359_2_1_0_304452,"('998285901', '429664359', '1', '0', '304452')",N>=2,False,True,5203116.0,5203116.0,False,run1
roma,2026-10-11,998285913_429664359_2_1_0_304452,"('998285913', '429664359', '1', '0', '304452')",N>=2,False,True,4869720.0,4869720.0,False,run1
roma,2026-10-11,998285904_429664359_2_1_0_304452,"('998285904', '429664359', '1', '0', '304452')",N>=2,False,True,3298482.0,3298482.0,False,run1
roma,2026-10-11,998285912_429664359_2_1_0_304452,"('998285912', '429664359', '1', '0', '304452')",N>=2,False,True,3857382.0,3857382.0,False,run1
roma,2026-10-11,998285905_429664359_2_1_0_304452,"('998285905', '429664359', '1', '0', '304452')",N>=2,False,True,4191750.0,4191750.0,False,run1
roma,2026-10-11,998285903_429664359_2_1_0_304452,"('998285903', '429664359', '1', '0', '304452')",N>=2,False,True,5750352.0,5750352.0,False,run1
roma,2026-10-11,998285911_429664359_2_1_0_304452,"('998285911', '429664359', '1', '0', '304452')",N>=2,False,True,6804000.0,6804000.0,False,run1
roma,2026-10-11,998285909_429664359_4_1_0_304452,"('998285909', '429664359', '1', '0', '304452')",N>=2,False,True,6757830.0,6757830.0,False,run1
roma,2026-10-11,998285914_429664359_4_1_0_304452,"('998285914', '429664359', '1', '0', '304452')",N>=2,False,True,6757830.0,6757830.0,False,run1
roma,2026-10-11,bbasic_0,"('bbasic_0',)",?,False,False,,2269165.0,True,run1
roma,2026-10-11,998285912_bbasic_0,"('998285912_bbasic_0',)",0,False,False,,2713946.0,True,run1
roma,2026-10-11,998285905_bbasic_0,"('998285905_bbasic_0',)",0,False,False,,2949082.0,True,run1
roma,2026-11-18,998285910_429664359_2_1_0_304452,"('998285910', '429664359', '1', '0', '304452')",N>=2,False,True,9331200.0,8398080.0,False,run1
roma,2026-11-18,998285904_429664359_2_1_0_304452,"('998285904', '429664359', '1', '0', '304452')",N>=2,False,True,11728800.0,10555920.0,False,run1
roma,2026-11-18,998285912_429664359_2_1_0_304452,"('998285912', '429664359', '1', '0', '304452')",N>=2,False,True,13716000.0,12344400.0,False,run1
roma,2026-11-18,998285905_429664359_2_1_0_304452,"('998285905', '429664359', '1', '0', '304452')",N>=2,False,True,14904000.0,13413600.0,False,run1
roma,2026-11-18,998285913_429664359_2_1_0_304452,"('998285913', '429664359', '1', '0', '304452')",N>=2,False,True,17314560.0,15583104.0,False,run1
roma,2026-11-18,998285901_429664359_2_1_0_304452,"('998285901', '429664359', '1', '0', '304452')",N>=2,False,True,18500400.0,16650360.0,False,run1
roma,2026-11-18,998285903_429664359_2_1_0_304452,"('998285903', '429664359', '1', '0', '304452')",N>=2,False,True,20446560.0,18401904.0,False,run1
roma,2026-11-18,998285911_429664359_2_1_0_304452,"('998285911', '429664359', '1', '0', '304452')",N>=2,False,True,25920000.0,23328000.0,False,run1
roma,2026-11-18,998285909_429664359_4_1_0_304452,"('998285909', '429664359', '1', '0', '304452')",N>=2,False,True,22248000.0,20023200.0,False,run1
roma,2026-11-18,998285914_429664359_4_1_0_304452,"('998285914', '429664359', '1', '0', '304452')",N>=2,False,True,22248000.0,20023200.0,False,run1
roma,2026-11-18,998285908_429664359_4_1_0_304452,"('998285908', '429664359', '1', '0', '304452')",N>=2,False,True,24192000.0,21772800.0,False,run1
roma,2026-11-18,bbasic_0,"('bbasic_0',)",?,False,False,,5777215.0,True,run1
roma,2026-11-18,998285904_bbasic_0,"('998285904_bbasic_0',)",0,False,False,,7426808.0,True,run1
sol-phu-quoc,2026-10-01,bbasic_0,"('bbasic_0',)",?,False,True,2825532.0,2464245.0,False,run1
sol-phu-quoc,2026-10-01,198000306_139430543_2_41_0_78998,"('198000306', '139430543', '41', '0', '78998')",N>=2,False,True,3367980.0,3367980.0,False,run1
sol-phu-quoc,2026-10-01,198000306_246462236_2_1_0_78998,"('198000306', '246462236', '1', '0', '78998')",N>=2,False,True,3742200.0,3742200.0,False,run1
sol-phu-quoc,2026-10-01,198000306_139430543_2_17_0_78998,"('198000306', '139430543', '17', '0', '78998')",N>=2,False,True,4898880.0,4898880.0,False,run1
sol-phu-quoc,2026-10-01,198000306_246462236_2_17_0_78998,"('198000306', '246462236', '17', '0', '78998')",N>=2,False,True,5443200.0,5443200.0,False,run1
sol-phu-quoc,2026-10-01,198000306_139430543_2_21_0_78998,"('198000306', '139430543', '21', '0', '78998')",N>=2,False,True,7042140.0,7042140.0,False,run1
sol-phu-quoc,2026-10-01,198000306_246462236_2_21_0_78998,"('198000306', '246462236', '21', '0', '78998')",N>=2,False,True,7824600.0,7824600.0,False,run1
sol-phu-quoc,2026-10-01,198000349_139430543_2_41_0_78998,"('198000349', '139430543', '41', '0', '78998')",N>=2,False,True,3623130.0,3623130.0,False,run1
sol-phu-quoc,2026-10-01,198000349_246462236_2_1_0_78998,"('198000349', '246462236', '1', '0', '78998')",N>=2,False,True,4025700.0,4025700.0,False,run1
sol-phu-quoc,2026-10-01,198000349_139430543_2_17_0_78998,"('198000349', '139430543', '17', '0', '78998')",N>=2,False,True,5154030.0,5154030.0,False,run1
sol-phu-quoc,2026-10-01,198000349_246462236_2_17_0_78998,"('198000349', '246462236', '17', '0', '78998')",N>=2,False,True,5726700.0,5726700.0,False,run1
sol-phu-quoc,2026-10-01,198000349_139430543_2_21_0_78998,"('198000349', '139430543', '21', '0', '78998')",N>=2,False,True,7297290.0,7297290.0,False,run1
sol-phu-quoc,2026-10-01,198000349_246462236_2_21_0_78998,"('198000349', '246462236', '21', '0', '78998')",N>=2,False,True,8108100.0,8108100.0,False,run1
sol-phu-quoc,2026-10-01,198000307_139430543_2_41_0_78998,"('198000307', '139430543', '41', '0', '78998')",N>=2,False,True,3878280.0,3878280.0,False,run1
sol-phu-quoc,2026-10-01,198000307_246462236_2_1_0_78998,"('198000307', '246462236', '1', '0', '78998')",N>=2,False,True,4309200.0,4309200.0,False,run1
sol-phu-quoc,2026-10-01,198000307_139430543_2_17_0_78998,"('198000307', '139430543', '17', '0', '78998')",N>=2,False,True,5409180.0,5409180.0,False,run1
sol-phu-quoc,2026-10-01,198000307_246462236_2_17_0_78998,"('198000307', '246462236', '17', '0', '78998')",N>=2,False,True,6010200.0,6010200.0,False,run1
sol-phu-quoc,2026-10-01,198000307_139430543_2_21_0_78998,"('198000307', '139430543', '21', '0', '78998')",N>=2,False,True,7552440.0,7552440.0,False,run1
sol-phu-quoc,2026-10-01,198000307_246462236_2_21_0_78998,"('198000307', '246462236', '21', '0', '78998')",N>=2,False,True,8391600.0,8391600.0,False,run1
sol-phu-quoc,2026-10-01,198000350_139430543_2_41_0_78998,"('198000350', '139430543', '41', '0', '78998')",N>=2,False,True,4133430.0,4133430.0,False,run1
sol-phu-quoc,2026-10-01,198000350_246462236_2_1_0_78998,"('198000350', '246462236', '1', '0', '78998')",N>=2,False,True,4592700.0,4592700.0,False,run1
sol-phu-quoc,2026-10-01,198000350_139430543_2_17_0_78998,"('198000350', '139430543', '17', '0', '78998')",N>=2,False,True,5664330.0,5664330.0,False,run1
sol-phu-quoc,2026-10-01,198000350_246462236_2_17_0_78998,"('198000350', '246462236', '17', '0', '78998')",N>=2,False,True,6293700.0,6293700.0,False,run1
sol-phu-quoc,2026-10-01,198000350_139430543_2_21_0_78998,"('198000350', '139430543', '21', '0', '78998')",N>=2,False,True,7807590.0,7807590.0,False,run1
sol-phu-quoc,2026-10-01,198000350_246462236_2_21_0_78998,"('198000350', '246462236', '21', '0', '78998')",N>=2,False,True,8675100.0,8675100.0,False,run1
sol-phu-quoc,2026-10-01,198000309_139430543_2_41_0_78998,"('198000309', '139430543', '41', '0', '78998')",N>=2,False,True,4388580.0,4388580.0,False,run1
sol-phu-quoc,2026-10-01,198000309_246462236_2_1_0_78998,"('198000309', '246462236', '1', '0', '78998')",N>=2,False,True,4876200.0,4876200.0,False,run1
sol-phu-quoc,2026-10-01,198000309_139430543_2_17_0_78998,"('198000309', '139430543', '17', '0', '78998')",N>=2,False,True,5919480.0,5919480.0,False,run1
sol-phu-quoc,2026-10-01,198000309_246462236_2_17_0_78998,"('198000309', '246462236', '17', '0', '78998')",N>=2,False,True,6577200.0,6577200.0,False,run1
sol-phu-quoc,2026-10-01,198000309_139430543_2_21_0_78998,"('198000309', '139430543', '21', '0', '78998')",N>=2,False,True,8062740.0,8062740.0,False,run1
sol-phu-quoc,2026-10-01,198000309_246462236_2_21_0_78998,"('198000309', '246462236', '21', '0', '78998')",N>=2,False,True,8958600.0,8958600.0,False,run1
sol-phu-quoc,2026-10-01,198000310_139430543_2_41_0_78998,"('198000310', '139430543', '41', '0', '78998')",N>=2,False,True,4949910.0,4949910.0,False,run1
sol-phu-quoc,2026-10-01,198000310_246462236_2_1_0_78998,"('198000310', '246462236', '1', '0', '78998')",N>=2,False,True,5499900.0,5499900.0,False,run1
sol-phu-quoc,2026-10-01,198000310_139430543_2_17_0_78998,"('198000310', '139430543', '17', '0', '78998')",N>=2,False,True,6480810.0,6480810.0,False,run1
sol-phu-quoc,2026-10-01,198000310_246462236_2_17_0_78998,"('198000310', '246462236', '17', '0', '78998')",N>=2,False,True,7200900.0,7200900.0,False,run1
sol-phu-quoc,2026-10-01,198000310_139430543_2_21_0_78998,"('198000310', '139430543', '21', '0', '78998')",N>=2,False,True,8624070.0,8624070.0,False,run1
sol-phu-quoc,2026-10-01,198000310_246462236_2_21_0_78998,"('198000310', '246462236', '21', '0', '78998')",N>=2,False,True,9582300.0,9582300.0,False,run1
sol-phu-quoc,2026-10-01,198000306_bbasic_0,"('198000306_bbasic_0',)",0,False,False,,3089800.0,True,run1
sol-phu-quoc,2026-10-11,198000306_139430543_2_41_0_78998,"('198000306', '139430543', '41', '0', '78998')",N>=2,False,True,3367980.0,3367980.0,False,run1
sol-phu-quoc,2026-10-11,198000306_246462236_2_1_0_78998,"('198000306', '246462236', '1', '0', '78998')",N>=2,False,True,3742200.0,3742200.0,False,run1
sol-phu-quoc,2026-10-11,198000306_139430543_2_17_0_78998,"('198000306', '139430543', '17', '0', '78998')",N>=2,False,True,4898880.0,4898880.0,False,run1
sol-phu-quoc,2026-10-11,198000306_246462236_2_17_0_78998,"('198000306', '246462236', '17', '0', '78998')",N>=2,False,True,5443200.0,5443200.0,False,run1
sol-phu-quoc,2026-10-11,198000306_139430543_2_21_0_78998,"('198000306', '139430543', '21', '0', '78998')",N>=2,False,True,7042140.0,7042140.0,False,run1
sol-phu-quoc,2026-10-11,198000306_246462236_2_21_0_78998,"('198000306', '246462236', '21', '0', '78998')",N>=2,False,True,7824600.0,7824600.0,False,run1
sol-phu-quoc,2026-10-11,198000349_139430543_2_41_0_78998,"('198000349', '139430543', '41', '0', '78998')",N>=2,False,True,3623130.0,3623130.0,False,run1
sol-phu-quoc,2026-10-11,198000349_246462236_2_1_0_78998,"('198000349', '246462236', '1', '0', '78998')",N>=2,False,True,4025700.0,4025700.0,False,run1
sol-phu-quoc,2026-10-11,198000349_139430543_2_17_0_78998,"('198000349', '139430543', '17', '0', '78998')",N>=2,False,True,5154030.0,5154030.0,False,run1
sol-phu-quoc,2026-10-11,198000349_246462236_2_17_0_78998,"('198000349', '246462236', '17', '0', '78998')",N>=2,False,True,5726700.0,5726700.0,False,run1
sol-phu-quoc,2026-10-11,198000349_139430543_2_21_0_78998,"('198000349', '139430543', '21', '0', '78998')",N>=2,False,True,7297290.0,7297290.0,False,run1
sol-phu-quoc,2026-10-11,198000349_246462236_2_21_0_78998,"('198000349', '246462236', '21', '0', '78998')",N>=2,False,True,8108100.0,8108100.0,False,run1
sol-phu-quoc,2026-10-11,198000307_139430543_2_41_0_78998,"('198000307', '139430543', '41', '0', '78998')",N>=2,False,True,3878280.0,3878280.0,False,run1
sol-phu-quoc,2026-10-11,198000307_246462236_2_1_0_78998,"('198000307', '246462236', '1', '0', '78998')",N>=2,False,True,4309200.0,4309200.0,False,run1
sol-phu-quoc,2026-10-11,198000307_139430543_2_17_0_78998,"('198000307', '139430543', '17', '0', '78998')",N>=2,False,True,5409180.0,5409180.0,False,run1
sol-phu-quoc,2026-10-11,198000307_246462236_2_17_0_78998,"('198000307', '246462236', '17', '0', '78998')",N>=2,False,True,6010200.0,6010200.0,False,run1
sol-phu-quoc,2026-10-11,198000307_139430543_2_21_0_78998,"('198000307', '139430543', '21', '0', '78998')",N>=2,False,True,7552440.0,7552440.0,False,run1
sol-phu-quoc,2026-10-11,198000307_246462236_2_21_0_78998,"('198000307', '246462236', '21', '0', '78998')",N>=2,False,True,8391600.0,8391600.0,False,run1
sol-phu-quoc,2026-10-11,198000350_139430543_2_41_0_78998,"('198000350', '139430543', '41', '0', '78998')",N>=2,False,True,4133430.0,4133430.0,False,run1
sol-phu-quoc,2026-10-11,198000350_246462236_2_1_0_78998,"('198000350', '246462236', '1', '0', '78998')",N>=2,False,True,4592700.0,4592700.0,False,run1
sol-phu-quoc,2026-10-11,198000350_139430543_2_17_0_78998,"('198000350', '139430543', '17', '0', '78998')",N>=2,False,True,5664330.0,5664330.0,False,run1
sol-phu-quoc,2026-10-11,198000350_246462236_2_17_0_78998,"('198000350', '246462236', '17', '0', '78998')",N>=2,False,True,6293700.0,6293700.0,False,run1
sol-phu-quoc,2026-10-11,198000350_139430543_2_21_0_78998,"('198000350', '139430543', '21', '0', '78998')",N>=2,False,True,7807590.0,7807590.0,False,run1
sol-phu-quoc,2026-10-11,198000350_246462236_2_21_0_78998,"('198000350', '246462236', '21', '0', '78998')",N>=2,False,True,8675100.0,8675100.0,False,run1
sol-phu-quoc,2026-10-11,198000309_139430543_2_41_0_78998,"('198000309', '139430543', '41', '0', '78998')",N>=2,False,True,4388580.0,4388580.0,False,run1
sol-phu-quoc,2026-10-11,198000309_246462236_2_1_0_78998,"('198000309', '246462236', '1', '0', '78998')",N>=2,False,True,4876200.0,4876200.0,False,run1
sol-phu-quoc,2026-10-11,198000309_139430543_2_17_0_78998,"('198000309', '139430543', '17', '0', '78998')",N>=2,False,True,5919480.0,5919480.0,False,run1
sol-phu-quoc,2026-10-11,198000309_246462236_2_17_0_78998,"('198000309', '246462236', '17', '0', '78998')",N>=2,False,True,6577200.0,6577200.0,False,run1
sol-phu-quoc,2026-10-11,198000309_139430543_2_21_0_78998,"('198000309', '139430543', '21', '0', '78998')",N>=2,False,True,8062740.0,8062740.0,False,run1
sol-phu-quoc,2026-10-11,198000309_246462236_2_21_0_78998,"('198000309', '246462236', '21', '0', '78998')",N>=2,False,True,8958600.0,8958600.0,False,run1
sol-phu-quoc,2026-10-11,198000310_139430543_2_41_0_78998,"('198000310', '139430543', '41', '0', '78998')",N>=2,False,True,4949910.0,4949910.0,False,run1
sol-phu-quoc,2026-10-11,198000310_246462236_2_1_0_78998,"('198000310', '246462236', '1', '0', '78998')",N>=2,False,True,5499900.0,5499900.0,False,run1
sol-phu-quoc,2026-10-11,198000310_139430543_2_17_0_78998,"('198000310', '139430543', '17', '0', '78998')",N>=2,False,True,6480810.0,6480810.0,False,run1
sol-phu-quoc,2026-10-11,198000310_246462236_2_17_0_78998,"('198000310', '246462236', '17', '0', '78998')",N>=2,False,True,7200900.0,7200900.0,False,run1
sol-phu-quoc,2026-10-11,198000310_139430543_2_21_0_78998,"('198000310', '139430543', '21', '0', '78998')",N>=2,False,True,8624070.0,8624070.0,False,run1
sol-phu-quoc,2026-10-11,198000310_246462236_2_21_0_78998,"('198000310', '246462236', '21', '0', '78998')",N>=2,False,True,9582300.0,9582300.0,False,run1
sol-phu-quoc,2026-10-11,198000308_139430543_2_41_0_78998,"('198000308', '139430543', '41', '0', '78998')",N>=2,False,True,6327720.0,6327720.0,False,run1
sol-phu-quoc,2026-10-11,198000308_246462236_2_1_0_78998,"('198000308', '246462236', '1', '0', '78998')",N>=2,False,True,7030800.0,7030800.0,False,run1
sol-phu-quoc,2026-10-11,198000308_139430543_2_17_0_78998,"('198000308', '139430543', '17', '0', '78998')",N>=2,False,True,7858620.0,7858620.0,False,run1
sol-phu-quoc,2026-10-11,198000308_246462236_2_17_0_78998,"('198000308', '246462236', '17', '0', '78998')",N>=2,False,True,8731800.0,8731800.0,False,run1
sol-phu-quoc,2026-10-11,198000308_139430543_2_21_0_78998,"('198000308', '139430543', '21', '0', '78998')",N>=2,False,True,10001880.0,10001880.0,False,run1
sol-phu-quoc,2026-10-11,198000308_246462236_2_21_0_78998,"('198000308', '246462236', '21', '0', '78998')",N>=2,False,True,11113200.0,11113200.0,False,run1
sol-phu-quoc,2026-10-11,bbasic_0,"('bbasic_0',)",?,False,False,,2514445.0,True,run1
starview-villa,2026-10-01,422286601_434069091_2_0_0,"('422286601', '434069091', '0', '0', '')",N>=2,False,False,413400.0,,False,run1
starview-villa,2026-10-01,422286601_434069091_2_0_0_1426390,"('422286601', '434069091', '0', '0', '1426390')",N>=2,False,False,413401.0,,False,run1
starview-villa,2026-10-01,422286601_434069091_1_0_0,"('422286601', '434069091', '0', '0', '')",1,True,True,390666.0,390666.0,False,run1
starview-villa,2026-10-01,422286601_434069091_1_0_0_1426390,"('422286601', '434069091', '0', '0', '1426390')",1,True,True,390666.0,390666.0,False,run1
starview-villa,2026-10-01,422286602_434069091_2_0_0,"('422286602', '434069091', '0', '0', '')",N>=2,False,False,478400.0,,False,run1
starview-villa,2026-10-01,422286602_434069091_2_0_0_1426390,"('422286602', '434069091', '0', '0', '1426390')",N>=2,False,False,478401.0,,False,run1
starview-villa,2026-10-01,422286602_434069091_1_0_0_1426390,"('422286602', '434069091', '0', '0', '1426390')",1,True,True,455666.0,455666.0,False,run1
starview-villa,2026-10-01,422286602_434069091_1_0_0,"('422286602', '434069091', '0', '0', '')",1,True,True,455666.0,455666.0,False,run1
starview-villa,2026-10-01,422286604_434069091_2_0_0_1426390,"('422286604', '434069091', '0', '0', '1426390')",N>=2,False,False,663031.0,,False,run1
starview-villa,2026-10-01,422286604_434069091_2_0_0,"('422286604', '434069091', '0', '0', '')",N>=2,False,False,663031.0,,False,run1
starview-villa,2026-10-01,422286604_434069091_1_0_0,"('422286604', '434069091', '0', '0', '')",1,True,True,640296.0,640296.0,False,run1
starview-villa,2026-10-01,422286604_434069091_1_0_0_1426390,"('422286604', '434069091', '0', '0', '1426390')",1,True,True,640297.0,640297.0,False,run1
starview-villa,2026-10-01,422286607_434069091_2_0_0,"('422286607', '434069091', '0', '0', '')",N>=2,False,True,708500.0,708500.0,False,run1
starview-villa,2026-10-01,422286607_434069091_2_0_0_1426390,"('422286607', '434069091', '0', '0', '1426390')",N>=2,False,True,708501.0,708501.0,False,run1
starview-villa,2026-10-01,422286606_434069091_4_0_0,"('422286606', '434069091', '0', '0', '')",N>=2,False,True,780000.0,780000.0,False,run1
starview-villa,2026-10-01,422286606_434069091_4_0_0_1426390,"('422286606', '434069091', '0', '0', '1426390')",N>=2,False,True,780001.0,780001.0,False,run1
starview-villa,2026-10-11,422286601_434069091_2_0_0,"('422286601', '434069091', '0', '0', '')",N>=2,False,False,413400.0,,False,run1
starview-villa,2026-10-11,422286601_434069091_2_0_0_1426390,"('422286601', '434069091', '0', '0', '1426390')",N>=2,False,False,413401.0,,False,run1
starview-villa,2026-10-11,422286601_434069091_1_0_0,"('422286601', '434069091', '0', '0', '')",1,True,True,390666.0,390666.0,False,run1
starview-villa,2026-10-11,422286601_434069091_1_0_0_1426390,"('422286601', '434069091', '0', '0', '1426390')",1,True,True,390666.0,390666.0,False,run1
starview-villa,2026-10-11,422286602_434069091_2_0_0,"('422286602', '434069091', '0', '0', '')",N>=2,False,False,478400.0,,False,run1
starview-villa,2026-10-11,422286602_434069091_2_0_0_1426390,"('422286602', '434069091', '0', '0', '1426390')",N>=2,False,False,478401.0,,False,run1
starview-villa,2026-10-11,422286602_434069091_1_0_0_1426390,"('422286602', '434069091', '0', '0', '1426390')",1,True,True,455666.0,455666.0,False,run1
starview-villa,2026-10-11,422286602_434069091_1_0_0,"('422286602', '434069091', '0', '0', '')",1,True,True,455666.0,455666.0,False,run1
starview-villa,2026-10-11,422286604_434069091_2_0_0_1426390,"('422286604', '434069091', '0', '0', '1426390')",N>=2,False,False,663031.0,,False,run1
starview-villa,2026-10-11,422286604_434069091_2_0_0,"('422286604', '434069091', '0', '0', '')",N>=2,False,False,663031.0,,False,run1
starview-villa,2026-10-11,422286604_434069091_1_0_0,"('422286604', '434069091', '0', '0', '')",1,True,True,640296.0,640296.0,False,run1
starview-villa,2026-10-11,422286604_434069091_1_0_0_1426390,"('422286604', '434069091', '0', '0', '1426390')",1,True,True,640297.0,640297.0,False,run1
starview-villa,2026-10-11,422286607_434069091_2_0_0,"('422286607', '434069091', '0', '0', '')",N>=2,False,True,708500.0,708500.0,False,run1
starview-villa,2026-10-11,422286607_434069091_2_0_0_1426390,"('422286607', '434069091', '0', '0', '1426390')",N>=2,False,True,708501.0,708501.0,False,run1
starview-villa,2026-10-11,422286606_434069091_4_0_0,"('422286606', '434069091', '0', '0', '')",N>=2,False,True,780000.0,780000.0,False,run1
starview-villa,2026-10-11,422286606_434069091_4_0_0_1426390,"('422286606', '434069091', '0', '0', '1426390')",N>=2,False,True,780001.0,780001.0,False,run1
starview-villa,2026-11-18,422286601_434069091_2_0_0,"('422286601', '434069091', '0', '0', '')",N>=2,False,False,505555.0,,False,run1
starview-villa,2026-11-18,422286601_434069091_2_0_0_1426390,"('422286601', '434069091', '0', '0', '1426390')",N>=2,False,False,505556.0,,False,run1
starview-villa,2026-11-18,422286601_434069091_1_0_0,"('422286601', '434069091', '0', '0', '')",1,True,True,482821.0,482821.0,False,run1
starview-villa,2026-11-18,422286601_434069091_1_0_0_1426390,"('422286601', '434069091', '0', '0', '1426390')",1,True,True,482821.0,482821.0,False,run1
starview-villa,2026-11-18,422286602_434069091_2_0_0,"('422286602', '434069091', '0', '0', '')",N>=2,False,False,577777.0,,False,run1
starview-villa,2026-11-18,422286602_434069091_2_0_0_1426390,"('422286602', '434069091', '0', '0', '1426390')",N>=2,False,False,577778.0,,False,run1
starview-villa,2026-11-18,422286602_434069091_1_0_0,"('422286602', '434069091', '0', '0', '')",1,True,True,555043.0,555043.0,False,run1
starview-villa,2026-11-18,422286602_434069091_1_0_0_1426390,"('422286602', '434069091', '0', '0', '1426390')",1,True,True,555043.0,555043.0,False,run1
starview-villa,2026-11-18,422286604_434069091_2_0_0_1426390,"('422286604', '434069091', '0', '0', '1426390')",N>=2,False,False,893131.0,,False,run1
starview-villa,2026-11-18,422286604_434069091_2_0_0,"('422286604', '434069091', '0', '0', '')",N>=2,False,False,893131.0,,False,run1
starview-villa,2026-11-18,422286604_434069091_1_0_0,"('422286604', '434069091', '0', '0', '')",1,True,True,870396.0,870396.0,False,run1
starview-villa,2026-11-18,422286604_434069091_1_0_0_1426390,"('422286604', '434069091', '0', '0', '1426390')",1,True,True,870397.0,870397.0,False,run1
starview-villa,2026-11-18,422286607_434069091_2_0_0,"('422286607', '434069091', '0', '0', '')",N>=2,False,True,938889.0,938889.0,False,run1
starview-villa,2026-11-18,422286607_434069091_2_0_0_1426390,"('422286607', '434069091', '0', '0', '1426390')",N>=2,False,True,938889.0,938889.0,False,run1
taladalat-thanh-pho-da-lat123,2026-10-01,846857804_417190613_2_0_0_730517,"('846857804', '417190613', '0', '0', '730517')",N>=2,False,True,354750.0,354750.0,False,run1
taladalat-thanh-pho-da-lat123,2026-10-01,846857804_417190613_0_1_0_730517,"('846857804', '417190613', '1', '0', '730517')",0,False,True,473550.0,473550.0,False,run1
taladalat-thanh-pho-da-lat123,2026-10-01,846857802_417190613_2_0_0_730517,"('846857802', '417190613', '0', '0', '730517')",N>=2,False,True,356400.0,356400.0,False,run1
taladalat-thanh-pho-da-lat123,2026-10-01,846857802_417190613_0_1_0_730517,"('846857802', '417190613', '1', '0', '730517')",0,False,True,475200.0,475200.0,False,run1
taladalat-thanh-pho-da-lat123,2026-10-01,846857806_417190613_2_0_0_730517,"('846857806', '417190613', '0', '0', '730517')",N>=2,False,True,379500.0,379500.0,False,run1
taladalat-thanh-pho-da-lat123,2026-10-01,846857806_417190613_0_1_0_730517,"('846857806', '417190613', '1', '0', '730517')",0,False,True,498300.0,498300.0,False,run1
taladalat-thanh-pho-da-lat123,2026-10-01,846857801_417190613_2_0_0_730517,"('846857801', '417190613', '0', '0', '730517')",N>=2,False,True,445500.0,445500.0,False,run1
taladalat-thanh-pho-da-lat123,2026-10-01,846857801_417190613_0_1_0_730517,"('846857801', '417190613', '1', '0', '730517')",0,False,True,564300.0,564300.0,False,run1
taladalat-thanh-pho-da-lat123,2026-10-01,846857808_417190613_3_0_0_730517,"('846857808', '417190613', '0', '0', '730517')",N>=2,False,True,825000.0,825000.0,False,run1
taladalat-thanh-pho-da-lat123,2026-10-01,846857808_417190613_0_1_0_730517,"('846857808', '417190613', '1', '0', '730517')",0,False,True,943800.0,943800.0,False,run1
taladalat-thanh-pho-da-lat123,2026-10-01,846857809_417190613_4_0_0_730517,"('846857809', '417190613', '0', '0', '730517')",N>=2,False,True,943800.0,943800.0,False,run1
taladalat-thanh-pho-da-lat123,2026-10-01,846857809_417190613_0_1_0_730517,"('846857809', '417190613', '1', '0', '730517')",0,False,True,1062600.0,1062600.0,False,run1
taladalat-thanh-pho-da-lat123,2026-10-01,bbasic_0,"('bbasic_0',)",?,False,False,,328254.0,True,run1
taladalat-thanh-pho-da-lat123,2026-10-01,846857802_bbasic_0,"('846857802_bbasic_0',)",0,False,False,,329814.0,True,run1
taladalat-thanh-pho-da-lat123,2026-10-11,846857802_417190613_2_0_0_730517,"('846857802', '417190613', '0', '0', '730517')",N>=2,False,True,354750.0,354750.0,False,run1
taladalat-thanh-pho-da-lat123,2026-10-11,846857802_417190613_0_1_0_730517,"('846857802', '417190613', '1', '0', '730517')",0,False,True,473550.0,473550.0,False,run1
taladalat-thanh-pho-da-lat123,2026-10-11,846857804_417190613_2_0_0_730517,"('846857804', '417190613', '0', '0', '730517')",N>=2,False,True,354750.0,354750.0,False,run1
taladalat-thanh-pho-da-lat123,2026-10-11,846857804_417190613_0_1_0_730517,"('846857804', '417190613', '1', '0', '730517')",0,False,True,473550.0,473550.0,False,run1
taladalat-thanh-pho-da-lat123,2026-10-11,846857806_417190613_2_0_0_730517,"('846857806', '417190613', '0', '0', '730517')",N>=2,False,True,379500.0,379500.0,False,run1
taladalat-thanh-pho-da-lat123,2026-10-11,846857806_417190613_0_1_0_730517,"('846857806', '417190613', '1', '0', '730517')",0,False,True,498300.0,498300.0,False,run1
taladalat-thanh-pho-da-lat123,2026-10-11,846857801_417190613_2_0_0_730517,"('846857801', '417190613', '0', '0', '730517')",N>=2,False,True,445500.0,445500.0,False,run1
taladalat-thanh-pho-da-lat123,2026-10-11,846857801_417190613_0_1_0_730517,"('846857801', '417190613', '1', '0', '730517')",0,False,True,564300.0,564300.0,False,run1
taladalat-thanh-pho-da-lat123,2026-10-11,846857808_417190613_3_0_0_730517,"('846857808', '417190613', '0', '0', '730517')",N>=2,False,True,825000.0,825000.0,False,run1
taladalat-thanh-pho-da-lat123,2026-10-11,846857808_417190613_0_1_0_730517,"('846857808', '417190613', '1', '0', '730517')",0,False,True,943800.0,943800.0,False,run1
taladalat-thanh-pho-da-lat123,2026-10-11,846857809_417190613_4_0_0_730517,"('846857809', '417190613', '0', '0', '730517')",N>=2,False,True,943800.0,943800.0,False,run1
taladalat-thanh-pho-da-lat123,2026-10-11,846857809_417190613_0_1_0_730517,"('846857809', '417190613', '1', '0', '730517')",0,False,True,1062600.0,1062600.0,False,run1
taladalat-thanh-pho-da-lat123,2026-11-18,846857802_417190613_2_0_0_730517,"('846857802', '417190613', '0', '0', '730517')",N>=2,False,True,354750.0,354750.0,False,run1
taladalat-thanh-pho-da-lat123,2026-11-18,846857802_417190613_0_1_0_730517,"('846857802', '417190613', '1', '0', '730517')",0,False,True,473550.0,473550.0,False,run1
taladalat-thanh-pho-da-lat123,2026-11-18,846857804_417190613_2_0_0_730517,"('846857804', '417190613', '0', '0', '730517')",N>=2,False,True,354750.0,354750.0,False,run1
taladalat-thanh-pho-da-lat123,2026-11-18,846857804_417190613_0_1_0_730517,"('846857804', '417190613', '1', '0', '730517')",0,False,True,473550.0,473550.0,False,run1
taladalat-thanh-pho-da-lat123,2026-11-18,846857806_417190613_2_0_0_730517,"('846857806', '417190613', '0', '0', '730517')",N>=2,False,True,379500.0,379500.0,False,run1
taladalat-thanh-pho-da-lat123,2026-11-18,846857806_417190613_0_1_0_730517,"('846857806', '417190613', '1', '0', '730517')",0,False,True,498300.0,498300.0,False,run1
taladalat-thanh-pho-da-lat123,2026-11-18,846857801_417190613_2_0_0_730517,"('846857801', '417190613', '0', '0', '730517')",N>=2,False,True,425700.0,425700.0,False,run1
taladalat-thanh-pho-da-lat123,2026-11-18,846857801_417190613_0_1_0_730517,"('846857801', '417190613', '1', '0', '730517')",0,False,True,544500.0,544500.0,False,run1
taladalat-thanh-pho-da-lat123,2026-11-18,846857808_417190613_3_0_0_730517,"('846857808', '417190613', '0', '0', '730517')",N>=2,False,True,825000.0,825000.0,False,run1
taladalat-thanh-pho-da-lat123,2026-11-18,846857808_417190613_0_1_0_730517,"('846857808', '417190613', '1', '0', '730517')",0,False,True,943800.0,943800.0,False,run1
taladalat-thanh-pho-da-lat123,2026-11-18,846857809_417190613_4_0_0_730517,"('846857809', '417190613', '0', '0', '730517')",N>=2,False,True,943800.0,943800.0,False,run1
taladalat-thanh-pho-da-lat123,2026-11-18,846857809_417190613_0_1_0_730517,"('846857809', '417190613', '1', '0', '730517')",0,False,True,1062600.0,1062600.0,False,run1
taladalat-thanh-pho-da-lat123,2026-11-18,846857810_417190613_4_0_0_730517,"('846857810', '417190613', '0', '0', '730517')",N>=2,False,True,1006500.0,1006500.0,False,run1
taladalat-thanh-pho-da-lat123,2026-11-18,846857810_417190613_0_1_0_730517,"('846857810', '417190613', '1', '0', '730517')",0,False,True,1125300.0,1125300.0,False,run1
taladalat-thanh-pho-da-lat123,2026-11-18,846857805_417190613_6_0_0_730517,"('846857805', '417190613', '0', '0', '730517')",N>=2,False,True,1072500.0,1072500.0,False,run1
taladalat-thanh-pho-da-lat123,2026-11-18,846857805_417190613_0_1_0_730517,"('846857805', '417190613', '1', '0', '730517')",0,False,True,1191300.0,1191300.0,False,run1
taladalat-thanh-pho-da-lat123,2026-11-18,bbasic_0,"('bbasic_0',)",?,False,False,,328254.0,True,run1
taladalat-thanh-pho-da-lat123,2026-11-18,846857802_bbasic_0,"('846857802_bbasic_0',)",0,False,False,,328254.0,True,run1
the-imperial-vung-tau,2026-10-01,bbasic_0,"('bbasic_0',)",?,False,True,2185671.0,2122205.0,False,run1
the-imperial-vung-tau,2026-10-01,17274881_119446698_2_2_0_563131,"('17274881', '119446698', '2', '0', '563131')",N>=2,False,True,2457000.0,2457000.0,False,run1
the-imperial-vung-tau,2026-10-01,17274881_119446698_2_1_0_563131,"('17274881', '119446698', '1', '0', '563131')",N>=2,False,True,2898000.0,2898000.0,False,run1
the-imperial-vung-tau,2026-10-01,17274881_119446698_2_1_0_1735753,"('17274881', '119446698', '1', '0', '1735753')",N>=2,False,True,2929500.0,2929500.0,False,run1
the-imperial-vung-tau,2026-10-01,17274881_119446695_2_1_0_563131,"('17274881', '119446695', '1', '0', '563131')",N>=2,False,True,3114720.0,3114720.0,False,run1
the-imperial-vung-tau,2026-10-01,17274801_bbasic_0,"('17274801_bbasic_0',)",0,False,True,2185671.0,2122205.0,False,run1
the-imperial-vung-tau,2026-10-01,17274801_119446698_2_2_0_563131,"('17274801', '119446698', '2', '0', '563131')",N>=2,False,True,2520000.0,2520000.0,False,run1
the-imperial-vung-tau,2026-10-01,17274801_119446698_2_1_0_563131,"('17274801', '119446698', '1', '0', '563131')",N>=2,False,True,2898000.0,2898000.0,False,run1
the-imperial-vung-tau,2026-10-01,17274801_119446698_2_1_0_1735753,"('17274801', '119446698', '1', '0', '1735753')",N>=2,False,True,2929500.0,2929500.0,False,run1
the-imperial-vung-tau,2026-10-01,17274801_119446695_2_1_0_563131,"('17274801', '119446695', '1', '0', '563131')",N>=2,False,True,3114720.0,3114720.0,False,run1
the-imperial-vung-tau,2026-10-01,17274814_bbasic_0,"('17274814_bbasic_0',)",0,False,True,2185671.0,2122205.0,False,run1
the-imperial-vung-tau,2026-10-01,17274814_119446698_2_2_0_563131,"('17274814', '119446698', '2', '0', '563131')",N>=2,False,True,2457000.0,2457000.0,False,run1
the-imperial-vung-tau,2026-10-01,17274814_119446698_2_1_0_563131,"('17274814', '119446698', '1', '0', '563131')",N>=2,False,True,2898000.0,2898000.0,False,run1
the-imperial-vung-tau,2026-10-01,17274814_119446698_2_1_0_1735753,"('17274814', '119446698', '1', '0', '1735753')",N>=2,False,True,2929500.0,2929500.0,False,run1
the-imperial-vung-tau,2026-10-01,17274814_119446695_2_1_0_563131,"('17274814', '119446695', '1', '0', '563131')",N>=2,False,True,3114720.0,3114720.0,False,run1
the-imperial-vung-tau,2026-10-01,17274891_bbasic_0,"('17274891_bbasic_0',)",0,False,True,2289714.0,2223647.0,False,run1
the-imperial-vung-tau,2026-10-01,17274891_119446698_2_2_0_563131,"('17274891', '119446698', '2', '0', '563131')",N>=2,False,True,2583000.0,2583000.0,False,run1
the-imperial-vung-tau,2026-10-01,17274891_119446698_2_1_0_563131,"('17274891', '119446698', '1', '0', '563131')",N>=2,False,True,3024000.0,3024000.0,False,run1
the-imperial-vung-tau,2026-10-01,17274891_119446698_2_1_0_1735753,"('17274891', '119446698', '1', '0', '1735753')",N>=2,False,True,3055500.0,3055500.0,False,run1
the-imperial-vung-tau,2026-10-01,17274891_119446695_2_1_0_563131,"('17274891', '119446695', '1', '0', '563131')",N>=2,False,True,3244500.0,3244500.0,False,run1
the-imperial-vung-tau,2026-10-01,17274893_bbasic_0,"('17274893_bbasic_0',)",0,False,False,2393756.0,,False,run1
the-imperial-vung-tau,2026-10-01,17274893_119446698_2_2_0_563131,"('17274893', '119446698', '2', '0', '563131')",N>=2,False,True,2646000.0,2646000.0,False,run1
the-imperial-vung-tau,2026-10-01,17274893_119446698_2_1_0_563131,"('17274893', '119446698', '1', '0', '563131')",N>=2,False,True,3150000.0,3150000.0,False,run1
the-imperial-vung-tau,2026-10-01,17274893_119446698_2_1_0_1735753,"('17274893', '119446698', '1', '0', '1735753')",N>=2,False,True,3181500.0,3181500.0,False,run1
the-imperial-vung-tau,2026-10-01,17274893_119446695_2_1_0_563131,"('17274893', '119446695', '1', '0', '563131')",N>=2,False,True,3374280.0,3374280.0,False,run1
the-imperial-vung-tau,2026-10-01,17274896_bbasic_0,"('17274896_bbasic_0',)",0,False,True,2185671.0,2122205.0,False,run1
the-imperial-vung-tau,2026-10-01,17274896_119446698_2_2_0_563131,"('17274896', '119446698', '2', '0', '563131')",N>=2,False,True,2646000.0,2646000.0,False,run1
the-imperial-vung-tau,2026-10-01,17274896_119446698_2_1_0_563131,"('17274896', '119446698', '1', '0', '563131')",N>=2,False,True,2961000.0,2961000.0,False,run1
the-imperial-vung-tau,2026-10-01,17274896_119446698_2_1_0_1735753,"('17274896', '119446698', '1', '0', '1735753')",N>=2,False,True,2992500.0,2992500.0,False,run1
the-imperial-vung-tau,2026-10-01,17274894_119446698_2_2_0_563131,"('17274894', '119446698', '2', '0', '563131')",N>=2,False,True,2772000.0,2772000.0,False,run1
the-imperial-vung-tau,2026-10-01,17274894_119446698_2_1_0_563131,"('17274894', '119446698', '1', '0', '563131')",N>=2,False,True,3150000.0,3150000.0,False,run1
the-imperial-vung-tau,2026-10-01,17274894_119446698_2_1_0_1735753,"('17274894', '119446698', '1', '0', '1735753')",N>=2,False,True,3181500.0,3181500.0,False,run1
the-imperial-vung-tau,2026-10-01,17274894_119446695_2_1_0_563131,"('17274894', '119446695', '1', '0', '563131')",N>=2,False,True,3374280.0,3374280.0,False,run1
the-imperial-vung-tau,2026-10-01,17274882_119446698_2_2_0_563131,"('17274882', '119446698', '2', '0', '563131')",N>=2,False,True,3150000.0,3150000.0,False,run1
the-imperial-vung-tau,2026-10-01,17274882_119446698_2_1_0_563131,"('17274882', '119446698', '1', '0', '563131')",N>=2,False,True,3654000.0,3654000.0,False,run1
the-imperial-vung-tau,2026-10-01,17274882_119446698_2_1_0_1735753,"('17274882', '119446698', '1', '0', '1735753')",N>=2,False,True,3685500.0,3685500.0,False,run1
the-imperial-vung-tau,2026-10-01,17274882_389879713_2_1_0_1402980,"('17274882', '389879713', '1', '0', '1402980')",N>=2,False,True,3780001.0,3780001.0,False,run1
the-imperial-vung-tau,2026-10-01,17274882_119446695_2_1_0_563131,"('17274882', '119446695', '1', '0', '563131')",N>=2,False,True,3893400.0,3893400.0,False,run1
the-imperial-vung-tau,2026-10-01,17274897_119446698_2_1_0_563131,"('17274897', '119446698', '1', '0', '563131')",N>=2,False,True,3150000.0,3150000.0,False,run1
the-imperial-vung-tau,2026-10-01,17274897_119446698_2_1_0_1735753,"('17274897', '119446698', '1', '0', '1735753')",N>=2,False,True,3181500.0,3181500.0,False,run1
the-imperial-vung-tau,2026-10-01,17274892_119446698_2_2_0_563131,"('17274892', '119446698', '2', '0', '563131')",N>=2,False,True,3402000.0,3402000.0,False,run1
the-imperial-vung-tau,2026-10-01,17274892_119446698_2_1_0_563131,"('17274892', '119446698', '1', '0', '563131')",N>=2,False,True,4000500.0,4000500.0,False,run1
the-imperial-vung-tau,2026-10-01,17274892_119446698_2_1_0_1735753,"('17274892', '119446698', '1', '0', '1735753')",N>=2,False,True,4032000.0,4032000.0,False,run1
the-imperial-vung-tau,2026-10-01,17274892_389879713_2_1_0_1402980,"('17274892', '389879713', '1', '0', '1402980')",N>=2,False,True,4095001.0,4095001.0,False,run1
the-imperial-vung-tau,2026-10-01,17274892_119446695_2_1_0_563131,"('17274892', '119446695', '1', '0', '563131')",N>=2,False,True,4217850.0,4217850.0,False,run1
the-imperial-vung-tau,2026-10-01,17274886_119446698_2_2_0_563131,"('17274886', '119446698', '2', '0', '563131')",N>=2,False,True,3465000.0,3465000.0,False,run1
the-imperial-vung-tau,2026-10-01,17274886_119446698_2_1_0_563131,"('17274886', '119446698', '1', '0', '563131')",N>=2,False,True,3969000.0,3969000.0,False,run1
the-imperial-vung-tau,2026-10-01,17274886_119446698_2_1_0_1735753,"('17274886', '119446698', '1', '0', '1735753')",N>=2,False,True,4000500.0,4000500.0,False,run1
the-imperial-vung-tau,2026-10-01,17274886_389879713_2_1_0_1402980,"('17274886', '389879713', '1', '0', '1402980')",N>=2,False,True,4095001.0,4095001.0,False,run1
the-imperial-vung-tau,2026-10-01,17274886_119446695_2_1_0_563131,"('17274886', '119446695', '1', '0', '563131')",N>=2,False,True,4217850.0,4217850.0,False,run1
the-imperial-vung-tau,2026-10-01,17274907_380584448_2_1_0_563131,"('17274907', '380584448', '1', '0', '563131')",N>=2,False,True,3528000.0,3528000.0,False,run1
the-imperial-vung-tau,2026-10-01,17274907_119446698_2_1_0_1735753,"('17274907', '119446698', '1', '0', '1735753')",N>=2,False,True,3559500.0,3559500.0,False,run1
the-imperial-vung-tau,2026-10-01,17274895_119446698_2_2_0_563131,"('17274895', '119446698', '2', '0', '563131')",N>=2,False,True,3717000.0,3717000.0,False,run1
the-imperial-vung-tau,2026-10-01,17274895_119446698_2_1_0_563131,"('17274895', '119446698', '1', '0', '563131')",N>=2,False,True,4221000.0,4221000.0,False,run1
the-imperial-vung-tau,2026-10-01,17274895_119446698_2_1_0_1735753,"('17274895', '119446698', '1', '0', '1735753')",N>=2,False,True,4252500.0,4252500.0,False,run1
the-imperial-vung-tau,2026-10-01,17274895_389879713_2_1_0_1402980,"('17274895', '389879713', '1', '0', '1402980')",N>=2,False,True,4347001.0,4347001.0,False,run1
the-imperial-vung-tau,2026-10-01,17274895_119446695_2_1_0_563131,"('17274895', '119446695', '1', '0', '563131')",N>=2,False,True,4477410.0,4477410.0,False,run1
the-imperial-vung-tau,2026-10-01,17274837_119446698_2_2_0_563131,"('17274837', '119446698', '2', '0', '563131')",N>=2,False,True,4032000.0,4032000.0,False,run1
the-imperial-vung-tau,2026-10-01,17274837_119446698_2_1_0_563131,"('17274837', '119446698', '1', '0', '563131')",N>=2,False,True,4630500.0,4630500.0,False,run1
the-imperial-vung-tau,2026-10-01,17274837_119446698_2_1_0_1735753,"('17274837', '119446698', '1', '0', '1735753')",N>=2,False,True,4662000.0,4662000.0,False,run1
the-imperial-vung-tau,2026-10-01,17274837_389879713_2_1_0_1402980,"('17274837', '389879713', '1', '0', '1402980')",N>=2,False,True,4725001.0,4725001.0,False,run1
the-imperial-vung-tau,2026-10-01,17274837_119446695_2_1_0_563131,"('17274837', '119446695', '1', '0', '563131')",N>=2,False,True,4866750.0,4866750.0,False,run1
the-imperial-vung-tau,2026-10-01,17274899_119446698_2_1_0_563131,"('17274899', '119446698', '1', '0', '563131')",N>=2,False,True,4158000.0,4158000.0,False,run1
the-imperial-vung-tau,2026-10-01,17274899_119446698_3_1_0_1735753,"('17274899', '119446698', '1', '0', '1735753')",N>=2,False,True,4189500.0,4189500.0,False,run1
the-imperial-vung-tau,2026-10-01,17274885_119446698_2_2_0_563131,"('17274885', '119446698', '2', '0', '563131')",N>=2,False,True,4347000.0,4347000.0,False,run1
the-imperial-vung-tau,2026-10-01,17274885_119446698_2_1_0_563131,"('17274885', '119446698', '1', '0', '563131')",N>=2,False,True,4914000.0,4914000.0,False,run1
the-imperial-vung-tau,2026-10-01,17274885_119446698_2_1_0_1735753,"('17274885', '119446698', '1', '0', '1735753')",N>=2,False,True,4945500.0,4945500.0,False,run1
the-imperial-vung-tau,2026-10-01,17274885_389879713_2_1_0_1402980,"('17274885', '389879713', '1', '0', '1402980')",N>=2,False,True,5040001.0,5040001.0,False,run1
the-imperial-vung-tau,2026-10-01,17274885_119446695_2_1_0_563131,"('17274885', '119446695', '1', '0', '563131')",N>=2,False,True,5191200.0,5191200.0,False,run1
the-imperial-vung-tau,2026-10-01,17274839_119446698_2_2_0_563131,"('17274839', '119446698', '2', '0', '563131')",N>=2,False,True,4662000.0,4662000.0,False,run1
the-imperial-vung-tau,2026-10-01,17274839_119446698_2_1_0_563131,"('17274839', '119446698', '1', '0', '563131')",N>=2,False,True,5166000.0,5166000.0,False,run1
the-imperial-vung-tau,2026-10-01,17274839_119446698_2_1_0_1735753,"('17274839', '119446698', '1', '0', '1735753')",N>=2,False,True,5197500.0,5197500.0,False,run1
the-imperial-vung-tau,2026-10-01,17274839_389879713_2_1_0_1402980,"('17274839', '389879713', '1', '0', '1402980')",N>=2,False,True,5355001.0,5355001.0,False,run1
the-imperial-vung-tau,2026-10-01,17274839_119446695_2_1_0_563131,"('17274839', '119446695', '1', '0', '563131')",N>=2,False,True,5515650.0,5515650.0,False,run1
the-imperial-vung-tau,2026-10-01,17274900_389879713_2_1_0_563131,"('17274900', '389879713', '1', '0', '563131')",N>=2,False,True,5418000.0,5418000.0,False,run1
the-imperial-vung-tau,2026-10-01,17274900_119446698_2_1_0_1735753,"('17274900', '119446698', '1', '0', '1735753')",N>=2,False,True,5449500.0,5449500.0,False,run1
the-imperial-vung-tau,2026-10-01,17274844_119446698_2_2_0_563131,"('17274844', '119446698', '2', '0', '563131')",N>=2,False,True,30807000.0,30807000.0,False,run1
the-imperial-vung-tau,2026-10-01,17274844_119446698_2_1_0_563131,"('17274844', '119446698', '1', '0', '563131')",N>=2,False,True,31311000.0,31311000.0,False,run1
the-imperial-vung-tau,2026-10-01,17274844_389879713_2_1_0_1402980,"('17274844', '389879713', '1', '0', '1402980')",N>=2,False,True,31500001.0,31500001.0,False,run1
the-imperial-vung-tau,2026-10-01,17274844_119446695_2_1_0_563131,"('17274844', '119446695', '1', '0', '563131')",N>=2,False,True,32445000.0,32445000.0,False,run1
the-imperial-vung-tau,2026-10-01,17274844_119446698_3_1_0_1735753,"('17274844', '119446698', '1', '0', '1735753')",N>=2,False,True,31342500.0,31342500.0,False,run1
the-imperial-vung-tau,2026-10-01,17274805_119446698_3_2_0_563131,"('17274805', '119446698', '2', '0', '563131')",N>=2,False,True,3276000.0,3276000.0,False,run1
the-imperial-vung-tau,2026-10-01,17274805_119446698_3_1_0_563131,"('17274805', '119446698', '1', '0', '563131')",N>=2,False,True,3843000.0,3843000.0,False,run1
the-imperial-vung-tau,2026-10-01,17274805_119446698_3_1_0_1735753,"('17274805', '119446698', '1', '0', '1735753')",N>=2,False,True,3874500.0,3874500.0,False,run1
the-imperial-vung-tau,2026-10-01,17274805_119446695_3_1_0_563131,"('17274805', '119446695', '1', '0', '563131')",N>=2,False,True,4088070.0,4088070.0,False,run1
the-imperial-vung-tau,2026-10-01,17274898_119446698_3_1_0_563131,"('17274898', '119446698', '1', '0', '563131')",N>=2,False,True,4347000.0,4347000.0,False,run1
the-imperial-vung-tau,2026-10-01,17274898_119446698_3_1_0_1735753,"('17274898', '119446698', '1', '0', '1735753')",N>=2,False,True,4378500.0,4378500.0,False,run1
the-imperial-vung-tau,2026-10-01,17274867_119446698_4_2_0_563131,"('17274867', '119446698', '2', '0', '563131')",N>=2,False,True,5670000.0,5670000.0,False,run1
the-imperial-vung-tau,2026-10-01,17274867_119446698_0_1_0_563131,"('17274867', '119446698', '1', '0', '563131')",0,False,True,6174000.0,6174000.0,False,run1
the-imperial-vung-tau,2026-10-01,17274867_119446698_4_1_0_1735753,"('17274867', '119446698', '1', '0', '1735753')",N>=2,False,True,6205500.0,6205500.0,False,run1
the-imperial-vung-tau,2026-10-01,17274867_119446695_4_1_0_563131,"('17274867', '119446695', '1', '0', '563131')",N>=2,False,True,6489000.0,6489000.0,False,run1
the-imperial-vung-tau,2026-10-01,17274841_119446698_4_2_0_563131,"('17274841', '119446698', '2', '0', '563131')",N>=2,False,True,7182000.0,7182000.0,False,run1
the-imperial-vung-tau,2026-10-01,17274841_119446698_4_1_0_563131,"('17274841', '119446698', '1', '0', '563131')",N>=2,False,True,8001000.0,8001000.0,False,run1
the-imperial-vung-tau,2026-10-01,17274841_119446698_4_1_0_1735753,"('17274841', '119446698', '1', '0', '1735753')",N>=2,False,True,8032500.0,8032500.0,False,run1
the-imperial-vung-tau,2026-10-01,17274841_389879713_4_1_0_1402980,"('17274841', '389879713', '1', '0', '1402980')",N>=2,False,True,8190001.0,8190001.0,False,run1
the-imperial-vung-tau,2026-10-01,17274841_119446695_4_1_0_563131,"('17274841', '119446695', '1', '0', '563131')",N>=2,False,True,8435700.0,8435700.0,False,run1
the-imperial-vung-tau,2026-10-11,bbasic_0,"('bbasic_0',)",?,False,True,2122205.0,1963280.0,False,run1
the-imperial-vung-tau,2026-10-11,17274801_bbasic_0,"('17274801_bbasic_0',)",0,False,True,2122205.0,1963280.0,False,run1
the-imperial-vung-tau,2026-10-11,17274801_119446698_2_2_0_563131,"('17274801', '119446698', '2', '0', '563131')",N>=2,False,True,2520000.0,2520000.0,False,run1
the-imperial-vung-tau,2026-10-11,17274801_119446698_2_1_0_563131,"('17274801', '119446698', '1', '0', '563131')",N>=2,False,True,2898000.0,2898000.0,False,run1
the-imperial-vung-tau,2026-10-11,17274801_119446698_2_1_0_1735753,"('17274801', '119446698', '1', '0', '1735753')",N>=2,False,True,2929500.0,2929500.0,False,run1
the-imperial-vung-tau,2026-10-11,17274801_389879713_2_1_0_563131,"('17274801', '389879713', '1', '0', '563131')",N>=2,False,True,3024000.0,3024000.0,False,run1
the-imperial-vung-tau,2026-10-11,17274801_119446695_2_1_0_563131,"('17274801', '119446695', '1', '0', '563131')",N>=2,False,True,3114720.0,3114720.0,False,run1
the-imperial-vung-tau,2026-10-11,17274881_bbasic_0,"('17274881_bbasic_0',)",0,False,True,2122205.0,1963280.0,False,run1
the-imperial-vung-tau,2026-10-11,17274881_119446698_2_2_0_563131,"('17274881', '119446698', '2', '0', '563131')",N>=2,False,True,2457000.0,2457000.0,False,run1
the-imperial-vung-tau,2026-10-11,17274881_119446698_2_1_0_563131,"('17274881', '119446698', '1', '0', '563131')",N>=2,False,True,2898000.0,2898000.0,False,run1
the-imperial-vung-tau,2026-10-11,17274881_119446698_2_1_0_1735753,"('17274881', '119446698', '1', '0', '1735753')",N>=2,False,True,2929500.0,2929500.0,False,run1
the-imperial-vung-tau,2026-10-11,17274881_389879713_2_1_0_563131,"('17274881', '389879713', '1', '0', '563131')",N>=2,False,True,3024000.0,3024000.0,False,run1
the-imperial-vung-tau,2026-10-11,17274881_119446695_2_1_0_563131,"('17274881', '119446695', '1', '0', '563131')",N>=2,False,True,3114720.0,3114720.0,False,run1
the-imperial-vung-tau,2026-10-11,17274814_bbasic_0,"('17274814_bbasic_0',)",0,False,False,2122205.0,,False,run1
the-imperial-vung-tau,2026-10-11,17274814_119446698_2_2_0_563131,"('17274814', '119446698', '2', '0', '563131')",N>=2,False,True,2457000.0,2457000.0,False,run1
the-imperial-vung-tau,2026-10-11,17274814_119446698_2_1_0_563131,"('17274814', '119446698', '1', '0', '563131')",N>=2,False,True,2898000.0,2898000.0,False,run1
the-imperial-vung-tau,2026-10-11,17274814_119446698_2_1_0_1735753,"('17274814', '119446698', '1', '0', '1735753')",N>=2,False,True,2929500.0,2929500.0,False,run1
the-imperial-vung-tau,2026-10-11,17274814_389879713_2_1_0_563131,"('17274814', '389879713', '1', '0', '563131')",N>=2,False,True,3024000.0,3024000.0,False,run1
the-imperial-vung-tau,2026-10-11,17274814_119446695_2_1_0_563131,"('17274814', '119446695', '1', '0', '563131')",N>=2,False,True,3114720.0,3114720.0,False,run1
the-imperial-vung-tau,2026-10-11,17274891_119446698_2_2_0_563131,"('17274891', '119446698', '2', '0', '563131')",N>=2,False,True,2583000.0,2583000.0,False,run1
the-imperial-vung-tau,2026-10-11,17274891_119446698_2_1_0_563131,"('17274891', '119446698', '1', '0', '563131')",N>=2,False,True,3024000.0,3024000.0,False,run1
the-imperial-vung-tau,2026-10-11,17274891_119446698_2_1_0_1735753,"('17274891', '119446698', '1', '0', '1735753')",N>=2,False,True,3055500.0,3055500.0,False,run1
the-imperial-vung-tau,2026-10-11,17274891_389879713_2_1_0_563131,"('17274891', '389879713', '1', '0', '563131')",N>=2,False,True,3150000.0,3150000.0,False,run1
the-imperial-vung-tau,2026-10-11,17274891_119446695_2_1_0_563131,"('17274891', '119446695', '1', '0', '563131')",N>=2,False,True,3244500.0,3244500.0,False,run1
the-imperial-vung-tau,2026-10-11,17274893_119446698_2_2_0_563131,"('17274893', '119446698', '2', '0', '563131')",N>=2,False,True,2646000.0,2646000.0,False,run1
the-imperial-vung-tau,2026-10-11,17274893_119446698_2_1_0_563131,"('17274893', '119446698', '1', '0', '563131')",N>=2,False,True,3150000.0,3150000.0,False,run1
the-imperial-vung-tau,2026-10-11,17274893_119446698_2_1_0_1735753,"('17274893', '119446698', '1', '0', '1735753')",N>=2,False,True,3181500.0,3181500.0,False,run1
the-imperial-vung-tau,2026-10-11,17274893_389879713_2_1_0_563131,"('17274893', '389879713', '1', '0', '563131')",N>=2,False,True,3276000.0,3276000.0,False,run1
the-imperial-vung-tau,2026-10-11,17274893_119446695_2_1_0_563131,"('17274893', '119446695', '1', '0', '563131')",N>=2,False,True,3374280.0,3374280.0,False,run1
the-imperial-vung-tau,2026-10-11,17274896_119446698_2_2_0_563131,"('17274896', '119446698', '2', '0', '563131')",N>=2,False,True,2646000.0,2646000.0,False,run1
the-imperial-vung-tau,2026-10-11,17274896_119446698_2_1_0_563131,"('17274896', '119446698', '1', '0', '563131')",N>=2,False,True,2961000.0,2961000.0,False,run1
the-imperial-vung-tau,2026-10-11,17274896_119446698_2_1_0_1735753,"('17274896', '119446698', '1', '0', '1735753')",N>=2,False,True,2992500.0,2992500.0,False,run1
the-imperial-vung-tau,2026-10-11,17274896_389879713_2_1_0_563131,"('17274896', '389879713', '1', '0', '563131')",N>=2,False,True,3024000.0,3024000.0,False,run1
the-imperial-vung-tau,2026-10-11,17274894_119446698_2_2_0_563131,"('17274894', '119446698', '2', '0', '563131')",N>=2,False,True,2772000.0,2772000.0,False,run1
the-imperial-vung-tau,2026-10-11,17274894_119446698_2_1_0_563131,"('17274894', '119446698', '1', '0', '563131')",N>=2,False,True,3150000.0,3150000.0,False,run1
the-imperial-vung-tau,2026-10-11,17274894_119446698_2_1_0_1735753,"('17274894', '119446698', '1', '0', '1735753')",N>=2,False,True,3181500.0,3181500.0,False,run1
the-imperial-vung-tau,2026-10-11,17274894_389879713_2_1_0_563131,"('17274894', '389879713', '1', '0', '563131')",N>=2,False,True,3276000.0,3276000.0,False,run1
the-imperial-vung-tau,2026-10-11,17274894_119446695_2_1_0_563131,"('17274894', '119446695', '1', '0', '563131')",N>=2,False,True,3374280.0,3374280.0,False,run1
the-imperial-vung-tau,2026-10-11,17274882_119446698_2_2_0_563131,"('17274882', '119446698', '2', '0', '563131')",N>=2,False,True,3150000.0,3150000.0,False,run1
the-imperial-vung-tau,2026-10-11,17274882_119446698_2_1_0_563131,"('17274882', '119446698', '1', '0', '563131')",N>=2,False,True,3654000.0,3654000.0,False,run1
the-imperial-vung-tau,2026-10-11,17274882_119446698_2_1_0_1735753,"('17274882', '119446698', '1', '0', '1735753')",N>=2,False,True,3685500.0,3685500.0,False,run1
the-imperial-vung-tau,2026-10-11,17274882_389879713_2_1_0_563131,"('17274882', '389879713', '1', '0', '563131')",N>=2,False,True,3780000.0,3780000.0,False,run1
the-imperial-vung-tau,2026-10-11,17274882_389879713_2_1_0_1402980,"('17274882', '389879713', '1', '0', '1402980')",N>=2,False,True,3780001.0,3780001.0,False,run1
the-imperial-vung-tau,2026-10-11,17274882_119446695_2_1_0_563131,"('17274882', '119446695', '1', '0', '563131')",N>=2,False,True,3893400.0,3893400.0,False,run1
the-imperial-vung-tau,2026-10-11,17274897_119446698_2_1_0_563131,"('17274897', '119446698', '1', '0', '563131')",N>=2,False,True,3150000.0,3150000.0,False,run1
the-imperial-vung-tau,2026-10-11,17274897_119446698_2_1_0_1735753,"('17274897', '119446698', '1', '0', '1735753')",N>=2,False,True,3181500.0,3181500.0,False,run1
the-imperial-vung-tau,2026-10-11,17274897_389879713_2_1_0_563131,"('17274897', '389879713', '1', '0', '563131')",N>=2,False,True,3339000.0,3339000.0,False,run1
the-imperial-vung-tau,2026-10-11,17274892_119446698_2_2_0_563131,"('17274892', '119446698', '2', '0', '563131')",N>=2,False,True,3402000.0,3402000.0,False,run1
the-imperial-vung-tau,2026-10-11,17274892_119446698_2_1_0_563131,"('17274892', '119446698', '1', '0', '563131')",N>=2,False,True,4000500.0,4000500.0,False,run1
the-imperial-vung-tau,2026-10-11,17274892_119446698_2_1_0_1735753,"('17274892', '119446698', '1', '0', '1735753')",N>=2,False,True,4032000.0,4032000.0,False,run1
the-imperial-vung-tau,2026-10-11,17274892_389879713_2_1_0_563131,"('17274892', '389879713', '1', '0', '563131')",N>=2,False,True,4095000.0,4095000.0,False,run1
the-imperial-vung-tau,2026-10-11,17274892_389879713_2_1_0_1402980,"('17274892', '389879713', '1', '0', '1402980')",N>=2,False,True,4095001.0,4095001.0,False,run1
the-imperial-vung-tau,2026-10-11,17274892_119446695_2_1_0_563131,"('17274892', '119446695', '1', '0', '563131')",N>=2,False,True,4217850.0,4217850.0,False,run1
the-imperial-vung-tau,2026-10-11,17274886_119446698_2_2_0_563131,"('17274886', '119446698', '2', '0', '563131')",N>=2,False,True,3465000.0,3465000.0,False,run1
the-imperial-vung-tau,2026-10-11,17274886_119446698_2_1_0_563131,"('17274886', '119446698', '1', '0', '563131')",N>=2,False,True,3969000.0,3969000.0,False,run1
the-imperial-vung-tau,2026-10-11,17274886_119446698_2_1_0_1735753,"('17274886', '119446698', '1', '0', '1735753')",N>=2,False,True,4000500.0,4000500.0,False,run1
the-imperial-vung-tau,2026-10-11,17274886_389879713_2_1_0_563131,"('17274886', '389879713', '1', '0', '563131')",N>=2,False,True,4095000.0,4095000.0,False,run1
the-imperial-vung-tau,2026-10-11,17274886_389879713_2_1_0_1402980,"('17274886', '389879713', '1', '0', '1402980')",N>=2,False,True,4095001.0,4095001.0,False,run1
the-imperial-vung-tau,2026-10-11,17274886_119446695_2_1_0_563131,"('17274886', '119446695', '1', '0', '563131')",N>=2,False,True,4217850.0,4217850.0,False,run1
the-imperial-vung-tau,2026-10-11,17274907_380584448_2_1_0_563131,"('17274907', '380584448', '1', '0', '563131')",N>=2,False,True,3528000.0,3528000.0,False,run1
the-imperial-vung-tau,2026-10-11,17274907_119446698_2_1_0_1735753,"('17274907', '119446698', '1', '0', '1735753')",N>=2,False,True,3559500.0,3559500.0,False,run1
the-imperial-vung-tau,2026-10-11,17274895_119446698_2_2_0_563131,"('17274895', '119446698', '2', '0', '563131')",N>=2,False,True,3717000.0,3717000.0,False,run1
the-imperial-vung-tau,2026-10-11,17274895_119446698_2_1_0_563131,"('17274895', '119446698', '1', '0', '563131')",N>=2,False,True,4221000.0,4221000.0,False,run1
the-imperial-vung-tau,2026-10-11,17274895_119446698_2_1_0_1735753,"('17274895', '119446698', '1', '0', '1735753')",N>=2,False,True,4252500.0,4252500.0,False,run1
the-imperial-vung-tau,2026-10-11,17274895_389879713_2_1_0_563131,"('17274895', '389879713', '1', '0', '563131')",N>=2,False,True,4347000.0,4347000.0,False,run1
the-imperial-vung-tau,2026-10-11,17274895_389879713_2_1_0_1402980,"('17274895', '389879713', '1', '0', '1402980')",N>=2,False,True,4347001.0,4347001.0,False,run1
the-imperial-vung-tau,2026-10-11,17274895_119446695_2_1_0_563131,"('17274895', '119446695', '1', '0', '563131')",N>=2,False,True,4477410.0,4477410.0,False,run1
the-imperial-vung-tau,2026-10-11,17274837_119446698_2_2_0_563131,"('17274837', '119446698', '2', '0', '563131')",N>=2,False,True,4032000.0,4032000.0,False,run1
the-imperial-vung-tau,2026-10-11,17274837_119446698_2_1_0_563131,"('17274837', '119446698', '1', '0', '563131')",N>=2,False,True,4630500.0,4630500.0,False,run1
the-imperial-vung-tau,2026-10-11,17274837_119446698_2_1_0_1735753,"('17274837', '119446698', '1', '0', '1735753')",N>=2,False,True,4662000.0,4662000.0,False,run1
the-imperial-vung-tau,2026-10-11,17274837_389879713_2_1_0_563131,"('17274837', '389879713', '1', '0', '563131')",N>=2,False,True,4725000.0,4725000.0,False,run1
the-imperial-vung-tau,2026-10-11,17274837_389879713_2_1_0_1402980,"('17274837', '389879713', '1', '0', '1402980')",N>=2,False,True,4725001.0,4725001.0,False,run1
the-imperial-vung-tau,2026-10-11,17274837_119446695_2_1_0_563131,"('17274837', '119446695', '1', '0', '563131')",N>=2,False,True,4866750.0,4866750.0,False,run1
the-imperial-vung-tau,2026-10-11,17274899_119446698_2_1_0_563131,"('17274899', '119446698', '1', '0', '563131')",N>=2,False,True,4158000.0,4158000.0,False,run1
the-imperial-vung-tau,2026-10-11,17274899_389879713_2_1_0_563131,"('17274899', '389879713', '1', '0', '563131')",N>=2,False,True,4347000.0,4347000.0,False,run1
the-imperial-vung-tau,2026-10-11,17274899_119446698_3_1_0_1735753,"('17274899', '119446698', '1', '0', '1735753')",N>=2,False,True,4189500.0,4189500.0,False,run1
the-imperial-vung-tau,2026-10-11,17274885_119446698_2_2_0_563131,"('17274885', '119446698', '2', '0', '563131')",N>=2,False,True,4347000.0,4347000.0,False,run1
the-imperial-vung-tau,2026-10-11,17274885_119446698_2_1_0_563131,"('17274885', '119446698', '1', '0', '563131')",N>=2,False,True,4914000.0,4914000.0,False,run1
the-imperial-vung-tau,2026-10-11,17274885_119446698_2_1_0_1735753,"('17274885', '119446698', '1', '0', '1735753')",N>=2,False,True,4945500.0,4945500.0,False,run1
the-imperial-vung-tau,2026-10-11,17274885_389879713_2_1_0_563131,"('17274885', '389879713', '1', '0', '563131')",N>=2,False,True,5040000.0,5040000.0,False,run1
the-imperial-vung-tau,2026-10-11,17274885_389879713_2_1_0_1402980,"('17274885', '389879713', '1', '0', '1402980')",N>=2,False,True,5040001.0,5040001.0,False,run1
the-imperial-vung-tau,2026-10-11,17274885_119446695_2_1_0_563131,"('17274885', '119446695', '1', '0', '563131')",N>=2,False,True,5191200.0,5191200.0,False,run1
the-imperial-vung-tau,2026-10-11,17274839_119446698_2_2_0_563131,"('17274839', '119446698', '2', '0', '563131')",N>=2,False,True,4662000.0,4662000.0,False,run1
the-imperial-vung-tau,2026-10-11,17274839_119446698_2_1_0_563131,"('17274839', '119446698', '1', '0', '563131')",N>=2,False,True,5166000.0,5166000.0,False,run1
the-imperial-vung-tau,2026-10-11,17274839_119446698_2_1_0_1735753,"('17274839', '119446698', '1', '0', '1735753')",N>=2,False,True,5197500.0,5197500.0,False,run1
the-imperial-vung-tau,2026-10-11,17274839_389879713_2_1_0_563131,"('17274839', '389879713', '1', '0', '563131')",N>=2,False,True,5355000.0,5355000.0,False,run1
the-imperial-vung-tau,2026-10-11,17274839_389879713_2_1_0_1402980,"('17274839', '389879713', '1', '0', '1402980')",N>=2,False,True,5355001.0,5355001.0,False,run1
the-imperial-vung-tau,2026-10-11,17274839_119446695_2_1_0_563131,"('17274839', '119446695', '1', '0', '563131')",N>=2,False,True,5515650.0,5515650.0,False,run1
the-imperial-vung-tau,2026-10-11,17274900_389879713_2_1_0_563131,"('17274900', '389879713', '1', '0', '563131')",N>=2,False,True,5418000.0,5418000.0,False,run1
the-imperial-vung-tau,2026-10-11,17274900_119446698_2_1_0_1735753,"('17274900', '119446698', '1', '0', '1735753')",N>=2,False,True,5449500.0,5449500.0,False,run1
the-imperial-vung-tau,2026-10-11,17274844_119446698_2_2_0_563131,"('17274844', '119446698', '2', '0', '563131')",N>=2,False,True,30807000.0,30807000.0,False,run1
the-imperial-vung-tau,2026-10-11,17274844_119446698_2_1_0_563131,"('17274844', '119446698', '1', '0', '563131')",N>=2,False,True,31311000.0,31311000.0,False,run1
the-imperial-vung-tau,2026-10-11,17274844_389879713_2_1_0_563131,"('17274844', '389879713', '1', '0', '563131')",N>=2,False,True,31500000.0,31500000.0,False,run1
the-imperial-vung-tau,2026-10-11,17274844_389879713_2_1_0_1402980,"('17274844', '389879713', '1', '0', '1402980')",N>=2,False,True,31500001.0,31500001.0,False,run1
the-imperial-vung-tau,2026-10-11,17274844_119446695_2_1_0_563131,"('17274844', '119446695', '1', '0', '563131')",N>=2,False,True,32445000.0,32445000.0,False,run1
the-imperial-vung-tau,2026-10-11,17274844_119446698_3_1_0_1735753,"('17274844', '119446698', '1', '0', '1735753')",N>=2,False,True,31342500.0,31342500.0,False,run1
the-imperial-vung-tau,2026-10-11,17274805_119446698_3_2_0_563131,"('17274805', '119446698', '2', '0', '563131')",N>=2,False,True,3276000.0,3276000.0,False,run1
the-imperial-vung-tau,2026-10-11,17274805_119446698_3_1_0_563131,"('17274805', '119446698', '1', '0', '563131')",N>=2,False,True,3843000.0,3843000.0,False,run1
the-imperial-vung-tau,2026-10-11,17274805_119446698_3_1_0_1735753,"('17274805', '119446698', '1', '0', '1735753')",N>=2,False,True,3874500.0,3874500.0,False,run1
the-imperial-vung-tau,2026-10-11,17274805_389879713_3_1_0_563131,"('17274805', '389879713', '1', '0', '563131')",N>=2,False,True,3969000.0,3969000.0,False,run1
the-imperial-vung-tau,2026-10-11,17274805_119446695_3_1_0_563131,"('17274805', '119446695', '1', '0', '563131')",N>=2,False,True,4088070.0,4088070.0,False,run1
the-imperial-vung-tau,2026-10-11,17274898_119446698_3_1_0_563131,"('17274898', '119446698', '1', '0', '563131')",N>=2,False,True,4347000.0,4347000.0,False,run1
the-imperial-vung-tau,2026-10-11,17274898_119446698_3_1_0_1735753,"('17274898', '119446698', '1', '0', '1735753')",N>=2,False,True,4378500.0,4378500.0,False,run1
the-imperial-vung-tau,2026-10-11,17274898_389879713_3_1_0_563131,"('17274898', '389879713', '1', '0', '563131')",N>=2,False,True,4536000.0,4536000.0,False,run1
the-imperial-vung-tau,2026-10-11,17274867_119446698_4_2_0_563131,"('17274867', '119446698', '2', '0', '563131')",N>=2,False,True,5670000.0,5670000.0,False,run1
the-imperial-vung-tau,2026-10-11,17274867_119446698_0_1_0_563131,"('17274867', '119446698', '1', '0', '563131')",0,False,True,6174000.0,6174000.0,False,run1
the-imperial-vung-tau,2026-10-11,17274867_119446698_4_1_0_1735753,"('17274867', '119446698', '1', '0', '1735753')",N>=2,False,True,6205500.0,6205500.0,False,run1
the-imperial-vung-tau,2026-10-11,17274867_389879713_4_1_0_563131,"('17274867', '389879713', '1', '0', '563131')",N>=2,False,True,6300000.0,6300000.0,False,run1
the-imperial-vung-tau,2026-10-11,17274867_119446695_4_1_0_563131,"('17274867', '119446695', '1', '0', '563131')",N>=2,False,True,6489000.0,6489000.0,False,run1
the-imperial-vung-tau,2026-10-11,17274841_119446698_4_2_0_563131,"('17274841', '119446698', '2', '0', '563131')",N>=2,False,True,7182000.0,7182000.0,False,run1
the-imperial-vung-tau,2026-10-11,17274841_119446698_4_1_0_563131,"('17274841', '119446698', '1', '0', '563131')",N>=2,False,True,8001000.0,8001000.0,False,run1
the-imperial-vung-tau,2026-10-11,17274841_119446698_4_1_0_1735753,"('17274841', '119446698', '1', '0', '1735753')",N>=2,False,True,8032500.0,8032500.0,False,run1
the-imperial-vung-tau,2026-10-11,17274841_389879713_4_1_0_563131,"('17274841', '389879713', '1', '0', '563131')",N>=2,False,True,8190000.0,8190000.0,False,run1
the-imperial-vung-tau,2026-10-11,17274841_389879713_4_1_0_1402980,"('17274841', '389879713', '1', '0', '1402980')",N>=2,False,True,8190001.0,8190001.0,False,run1
the-imperial-vung-tau,2026-10-11,17274841_119446695_4_1_0_563131,"('17274841', '119446695', '1', '0', '563131')",N>=2,False,True,8435700.0,8435700.0,False,run1
the-imperial-vung-tau,2026-10-11,17274896_bbasic_0,"('17274896_bbasic_0',)",0,False,False,,1963280.0,True,run1
the-imperial-vung-tau,2026-11-18,bbasic_0,"('bbasic_0',)",?,False,True,2122205.0,2122205.0,False,run1
the-imperial-vung-tau,2026-11-18,17274814_bbasic_0,"('17274814_bbasic_0',)",0,False,True,2122205.0,2122205.0,False,run1
the-imperial-vung-tau,2026-11-18,17274814_119446698_2_2_0_563131,"('17274814', '119446698', '2', '0', '563131')",N>=2,False,True,2360280.0,2360280.0,False,run1
the-imperial-vung-tau,2026-11-18,17274814_119446698_2_1_0_563131,"('17274814', '119446698', '1', '0', '563131')",N>=2,False,True,2783920.0,2783920.0,False,run1
the-imperial-vung-tau,2026-11-18,17274814_119446698_2_1_0_1735753,"('17274814', '119446698', '1', '0', '1735753')",N>=2,False,True,2814180.0,2814180.0,False,run1
the-imperial-vung-tau,2026-11-18,17274814_389879713_2_1_0_563131,"('17274814', '389879713', '1', '0', '563131')",N>=2,False,True,2904960.0,2904960.0,False,run1
the-imperial-vung-tau,2026-11-18,17274814_119446695_2_1_0_563131,"('17274814', '119446695', '1', '0', '563131')",N>=2,False,True,2992109.0,2992109.0,False,run1
the-imperial-vung-tau,2026-11-18,17274881_119446698_2_2_0_563131,"('17274881', '119446698', '2', '0', '563131')",N>=2,False,True,2360280.0,2360280.0,False,run1
the-imperial-vung-tau,2026-11-18,17274881_119446698_2_1_0_563131,"('17274881', '119446698', '1', '0', '563131')",N>=2,False,True,2783920.0,2783920.0,False,run1
the-imperial-vung-tau,2026-11-18,17274881_119446698_2_1_0_1735753,"('17274881', '119446698', '1', '0', '1735753')",N>=2,False,True,2814180.0,2814180.0,False,run1
the-imperial-vung-tau,2026-11-18,17274881_389879713_2_1_0_563131,"('17274881', '389879713', '1', '0', '563131')",N>=2,False,True,2904960.0,2904960.0,False,run1
the-imperial-vung-tau,2026-11-18,17274881_119446695_2_1_0_563131,"('17274881', '119446695', '1', '0', '563131')",N>=2,False,True,2992109.0,2992109.0,False,run1
the-imperial-vung-tau,2026-11-18,17274896_bbasic_0,"('17274896_bbasic_0',)",0,False,True,2122205.0,2122205.0,False,run1
the-imperial-vung-tau,2026-11-18,17274896_119446698_2_2_0_563131,"('17274896', '119446698', '2', '0', '563131')",N>=2,False,True,2541840.0,2541840.0,False,run1
the-imperial-vung-tau,2026-11-18,17274896_119446698_2_1_0_563131,"('17274896', '119446698', '1', '0', '563131')",N>=2,False,True,2844440.0,2844440.0,False,run1
the-imperial-vung-tau,2026-11-18,17274896_119446698_2_1_0_1735753,"('17274896', '119446698', '1', '0', '1735753')",N>=2,False,True,2874700.0,2874700.0,False,run1
the-imperial-vung-tau,2026-11-18,17274896_389879713_2_1_0_563131,"('17274896', '389879713', '1', '0', '563131')",N>=2,False,True,2904960.0,2904960.0,False,run1
the-imperial-vung-tau,2026-11-18,17274893_bbasic_0,"('17274893_bbasic_0',)",0,False,False,2375288.0,,False,run1
the-imperial-vung-tau,2026-11-18,17274893_119446698_2_2_0_563131,"('17274893', '119446698', '2', '0', '563131')",N>=2,False,True,2602360.0,2602360.0,False,run1
the-imperial-vung-tau,2026-11-18,17274893_119446698_2_1_0_563131,"('17274893', '119446698', '1', '0', '563131')",N>=2,False,True,3086520.0,3086520.0,False,run1
the-imperial-vung-tau,2026-11-18,17274893_119446698_2_1_0_1735753,"('17274893', '119446698', '1', '0', '1735753')",N>=2,False,True,3116780.0,3116780.0,False,run1
the-imperial-vung-tau,2026-11-18,17274893_389879713_2_1_0_563131,"('17274893', '389879713', '1', '0', '563131')",N>=2,False,True,3207560.0,3207560.0,False,run1
the-imperial-vung-tau,2026-11-18,17274893_119446695_2_1_0_563131,"('17274893', '119446695', '1', '0', '563131')",N>=2,False,True,3303787.0,3303787.0,False,run1
the-imperial-vung-tau,2026-11-18,17274891_119446698_2_2_0_563131,"('17274891', '119446698', '2', '0', '563131')",N>=2,False,True,2783920.0,2783920.0,False,run1
the-imperial-vung-tau,2026-11-18,17274891_119446698_2_1_0_563131,"('17274891', '119446698', '1', '0', '563131')",N>=2,False,True,3207560.0,3207560.0,False,run1
the-imperial-vung-tau,2026-11-18,17274891_119446698_2_1_0_1735753,"('17274891', '119446698', '1', '0', '1735753')",N>=2,False,True,3237820.0,3237820.0,False,run1
the-imperial-vung-tau,2026-11-18,17274891_389879713_2_1_0_563131,"('17274891', '389879713', '1', '0', '563131')",N>=2,False,True,3328600.0,3328600.0,False,run1
the-imperial-vung-tau,2026-11-18,17274891_119446695_2_1_0_563131,"('17274891', '119446695', '1', '0', '563131')",N>=2,False,True,3428458.0,3428458.0,False,run1
the-imperial-vung-tau,2026-11-18,17274801_119446698_2_2_0_563131,"('17274801', '119446698', '2', '0', '563131')",N>=2,False,True,2844440.0,2844440.0,False,run1
the-imperial-vung-tau,2026-11-18,17274801_119446698_2_1_0_563131,"('17274801', '119446698', '1', '0', '563131')",N>=2,False,True,3207560.0,3207560.0,False,run1
the-imperial-vung-tau,2026-11-18,17274801_119446698_2_1_0_1735753,"('17274801', '119446698', '1', '0', '1735753')",N>=2,False,True,3237820.0,3237820.0,False,run1
the-imperial-vung-tau,2026-11-18,17274801_389879713_2_1_0_563131,"('17274801', '389879713', '1', '0', '563131')",N>=2,False,True,3328600.0,3328600.0,False,run1
the-imperial-vung-tau,2026-11-18,17274801_119446695_2_1_0_563131,"('17274801', '119446695', '1', '0', '563131')",N>=2,False,True,3428458.0,3428458.0,False,run1
the-imperial-vung-tau,2026-11-18,17274894_119446698_2_2_0_563131,"('17274894', '119446698', '2', '0', '563131')",N>=2,False,True,2844440.0,2844440.0,False,run1
the-imperial-vung-tau,2026-11-18,17274894_119446698_2_1_0_563131,"('17274894', '119446698', '1', '0', '563131')",N>=2,False,True,3207560.0,3207560.0,False,run1
the-imperial-vung-tau,2026-11-18,17274894_119446698_2_1_0_1735753,"('17274894', '119446698', '1', '0', '1735753')",N>=2,False,True,3237820.0,3237820.0,False,run1
the-imperial-vung-tau,2026-11-18,17274894_389879713_2_1_0_563131,"('17274894', '389879713', '1', '0', '563131')",N>=2,False,True,3328600.0,3328600.0,False,run1
the-imperial-vung-tau,2026-11-18,17274894_119446695_2_1_0_563131,"('17274894', '119446695', '1', '0', '563131')",N>=2,False,True,3428458.0,3428458.0,False,run1
the-imperial-vung-tau,2026-11-18,17274882_119446698_2_2_0_563131,"('17274882', '119446698', '2', '0', '563131')",N>=2,False,True,3328600.0,3328600.0,False,run1
the-imperial-vung-tau,2026-11-18,17274882_119446698_2_1_0_563131,"('17274882', '119446698', '1', '0', '563131')",N>=2,False,True,3812760.0,3812760.0,False,run1
the-imperial-vung-tau,2026-11-18,17274882_119446698_2_1_0_1735753,"('17274882', '119446698', '1', '0', '1735753')",N>=2,False,True,3843020.0,3843020.0,False,run1
the-imperial-vung-tau,2026-11-18,17274882_389879713_2_1_0_563131,"('17274882', '389879713', '1', '0', '563131')",N>=2,False,True,3933800.0,3933800.0,False,run1
the-imperial-vung-tau,2026-11-18,17274882_389879713_2_1_0_1402980,"('17274882', '389879713', '1', '0', '1402980')",N>=2,False,True,3933801.0,3933801.0,False,run1
the-imperial-vung-tau,2026-11-18,17274882_119446695_2_1_0_563131,"('17274882', '119446695', '1', '0', '563131')",N>=2,False,True,4051814.0,4051814.0,False,run1
the-imperial-vung-tau,2026-11-18,17274886_119446698_2_2_0_563131,"('17274886', '119446698', '2', '0', '563131')",N>=2,False,True,3328600.0,3328600.0,False,run1
the-imperial-vung-tau,2026-11-18,17274886_119446698_2_1_0_563131,"('17274886', '119446698', '1', '0', '563131')",N>=2,False,True,3812760.0,3812760.0,False,run1
the-imperial-vung-tau,2026-11-18,17274886_119446698_2_1_0_1735753,"('17274886', '119446698', '1', '0', '1735753')",N>=2,False,True,3843020.0,3843020.0,False,run1
the-imperial-vung-tau,2026-11-18,17274886_389879713_2_1_0_563131,"('17274886', '389879713', '1', '0', '563131')",N>=2,False,True,3933800.0,3933800.0,False,run1
the-imperial-vung-tau,2026-11-18,17274886_389879713_2_1_0_1402980,"('17274886', '389879713', '1', '0', '1402980')",N>=2,False,True,3933801.0,3933801.0,False,run1
the-imperial-vung-tau,2026-11-18,17274886_119446695_2_1_0_563131,"('17274886', '119446695', '1', '0', '563131')",N>=2,False,True,4051814.0,4051814.0,False,run1
the-imperial-vung-tau,2026-11-18,17274907_380584448_2_1_0_563131,"('17274907', '380584448', '1', '0', '563131')",N>=2,False,True,3389120.0,3389120.0,False,run1
the-imperial-vung-tau,2026-11-18,17274907_119446698_2_1_0_1735753,"('17274907', '119446698', '1', '0', '1735753')",N>=2,False,True,3419380.0,3419380.0,False,run1
the-imperial-vung-tau,2026-11-18,17274897_119446698_2_1_0_563131,"('17274897', '119446698', '1', '0', '563131')",N>=2,False,True,3449640.0,3449640.0,False,run1
the-imperial-vung-tau,2026-11-18,17274897_119446698_2_1_0_1735753,"('17274897', '119446698', '1', '0', '1735753')",N>=2,False,True,3479900.0,3479900.0,False,run1
the-imperial-vung-tau,2026-11-18,17274897_389879713_2_1_0_563131,"('17274897', '389879713', '1', '0', '563131')",N>=2,False,True,3631200.0,3631200.0,False,run1
the-imperial-vung-tau,2026-11-18,17274895_119446698_2_2_0_563131,"('17274895', '119446698', '2', '0', '563131')",N>=2,False,True,3631200.0,3631200.0,False,run1
the-imperial-vung-tau,2026-11-18,17274895_119446698_2_1_0_563131,"('17274895', '119446698', '1', '0', '563131')",N>=2,False,True,4115360.0,4115360.0,False,run1
the-imperial-vung-tau,2026-11-18,17274895_119446698_2_1_0_1735753,"('17274895', '119446698', '1', '0', '1735753')",N>=2,False,True,4145620.0,4145620.0,False,run1
the-imperial-vung-tau,2026-11-18,17274895_389879713_2_1_0_563131,"('17274895', '389879713', '1', '0', '563131')",N>=2,False,True,4236400.0,4236400.0,False,run1
the-imperial-vung-tau,2026-11-18,17274895_389879713_2_1_0_1402980,"('17274895', '389879713', '1', '0', '1402980')",N>=2,False,True,4236401.0,4236401.0,False,run1
the-imperial-vung-tau,2026-11-18,17274895_119446695_2_1_0_563131,"('17274895', '119446695', '1', '0', '563131')",N>=2,False,True,4363492.0,4363492.0,False,run1
the-imperial-vung-tau,2026-11-18,17274892_119446698_2_2_0_563131,"('17274892', '119446698', '2', '0', '563131')",N>=2,False,True,3873280.0,3873280.0,False,run1
the-imperial-vung-tau,2026-11-18,17274892_119446698_2_1_0_563131,"('17274892', '119446698', '1', '0', '563131')",N>=2,False,True,4448220.0,4448220.0,False,run1
the-imperial-vung-tau,2026-11-18,17274892_119446698_2_1_0_1735753,"('17274892', '119446698', '1', '0', '1735753')",N>=2,False,True,4478480.0,4478480.0,False,run1
the-imperial-vung-tau,2026-11-18,17274892_389879713_2_1_0_563131,"('17274892', '389879713', '1', '0', '563131')",N>=2,False,True,4539000.0,4539000.0,False,run1
the-imperial-vung-tau,2026-11-18,17274892_389879713_2_1_0_1402980,"('17274892', '389879713', '1', '0', '1402980')",N>=2,False,True,4539001.0,4539001.0,False,run1
the-imperial-vung-tau,2026-11-18,17274892_119446695_2_1_0_563131,"('17274892', '119446695', '1', '0', '563131')",N>=2,False,True,4675170.0,4675170.0,False,run1
the-imperial-vung-tau,2026-11-18,17274899_119446698_2_1_0_563131,"('17274899', '119446698', '1', '0', '563131')",N>=2,False,True,3994320.0,3994320.0,False,run1
the-imperial-vung-tau,2026-11-18,17274899_389879713_2_1_0_563131,"('17274899', '389879713', '1', '0', '563131')",N>=2,False,True,4175880.0,4175880.0,False,run1
the-imperial-vung-tau,2026-11-18,17274899_119446698_3_1_0_1735753,"('17274899', '119446698', '1', '0', '1735753')",N>=2,False,True,4024580.0,4024580.0,False,run1
the-imperial-vung-tau,2026-11-18,17274837_119446698_2_2_0_563131,"('17274837', '119446698', '2', '0', '563131')",N>=2,False,True,4296920.0,4296920.0,False,run1
the-imperial-vung-tau,2026-11-18,17274837_119446698_2_1_0_563131,"('17274837', '119446698', '1', '0', '563131')",N>=2,False,True,4871860.0,4871860.0,False,run1
the-imperial-vung-tau,2026-11-18,17274837_119446698_2_1_0_1735753,"('17274837', '119446698', '1', '0', '1735753')",N>=2,False,True,4902120.0,4902120.0,False,run1
the-imperial-vung-tau,2026-11-18,17274837_389879713_2_1_0_563131,"('17274837', '389879713', '1', '0', '563131')",N>=2,False,True,4962640.0,4962640.0,False,run1
the-imperial-vung-tau,2026-11-18,17274837_389879713_2_1_0_1402980,"('17274837', '389879713', '1', '0', '1402980')",N>=2,False,True,4962641.0,4962641.0,False,run1
the-imperial-vung-tau,2026-11-18,17274837_119446695_2_1_0_563131,"('17274837', '119446695', '1', '0', '563131')",N>=2,False,True,5111519.0,5111519.0,False,run1
the-imperial-vung-tau,2026-11-18,17274839_119446698_2_2_0_563131,"('17274839', '119446698', '2', '0', '563131')",N>=2,False,True,5144200.0,5144200.0,False,run1
the-imperial-vung-tau,2026-11-18,17274839_119446698_2_1_0_563131,"('17274839', '119446698', '1', '0', '563131')",N>=2,False,True,5628360.0,5628360.0,False,run1
the-imperial-vung-tau,2026-11-18,17274839_119446698_2_1_0_1735753,"('17274839', '119446698', '1', '0', '1735753')",N>=2,False,True,5658620.0,5658620.0,False,run1
the-imperial-vung-tau,2026-11-18,17274839_389879713_2_1_0_563131,"('17274839', '389879713', '1', '0', '563131')",N>=2,False,True,5809920.0,5809920.0,False,run1
the-imperial-vung-tau,2026-11-18,17274839_389879713_2_1_0_1402980,"('17274839', '389879713', '1', '0', '1402980')",N>=2,False,True,5809921.0,5809921.0,False,run1
the-imperial-vung-tau,2026-11-18,17274839_119446695_2_1_0_563131,"('17274839', '119446695', '1', '0', '563131')",N>=2,False,True,5984218.0,5984218.0,False,run1
the-imperial-vung-tau,2026-11-18,17274885_119446698_2_2_0_563131,"('17274885', '119446698', '2', '0', '563131')",N>=2,False,True,5144200.0,5144200.0,False,run1
the-imperial-vung-tau,2026-11-18,17274885_119446698_2_1_0_563131,"('17274885', '119446698', '1', '0', '563131')",N>=2,False,True,5688880.0,5688880.0,False,run1
the-imperial-vung-tau,2026-11-18,17274885_119446698_2_1_0_1735753,"('17274885', '119446698', '1', '0', '1735753')",N>=2,False,True,5719140.0,5719140.0,False,run1
the-imperial-vung-tau,2026-11-18,17274885_389879713_2_1_0_563131,"('17274885', '389879713', '1', '0', '563131')",N>=2,False,True,5809920.0,5809920.0,False,run1
the-imperial-vung-tau,2026-11-18,17274885_389879713_2_1_0_1402980,"('17274885', '389879713', '1', '0', '1402980')",N>=2,False,True,5809921.0,5809921.0,False,run1
the-imperial-vung-tau,2026-11-18,17274885_119446695_2_1_0_563131,"('17274885', '119446695', '1', '0', '563131')",N>=2,False,True,5984218.0,5984218.0,False,run1
the-imperial-vung-tau,2026-11-18,17274900_389879713_2_1_0_563131,"('17274900', '389879713', '1', '0', '563131')",N>=2,False,True,5870440.0,5870440.0,False,run1
the-imperial-vung-tau,2026-11-18,17274900_119446698_2_1_0_1735753,"('17274900', '119446698', '1', '0', '1735753')",N>=2,False,True,5900700.0,5900700.0,False,run1
the-imperial-vung-tau,2026-11-18,17274844_119446698_2_2_0_563131,"('17274844', '119446698', '2', '0', '563131')",N>=2,False,True,29594280.0,29594280.0,False,run1
the-imperial-vung-tau,2026-11-18,17274844_119446698_2_1_0_563131,"('17274844', '119446698', '1', '0', '563131')",N>=2,False,True,30078440.0,30078440.0,False,run1
the-imperial-vung-tau,2026-11-18,17274844_389879713_2_1_0_563131,"('17274844', '389879713', '1', '0', '563131')",N>=2,False,True,30260000.0,30260000.0,False,run1
the-imperial-vung-tau,2026-11-18,17274844_389879713_2_1_0_1402980,"('17274844', '389879713', '1', '0', '1402980')",N>=2,False,True,30260001.0,30260001.0,False,run1
the-imperial-vung-tau,2026-11-18,17274844_119446695_2_1_0_563131,"('17274844', '119446695', '1', '0', '563131')",N>=2,False,True,31167800.0,31167800.0,False,run1
the-imperial-vung-tau,2026-11-18,17274844_119446698_3_1_0_1735753,"('17274844', '119446698', '1', '0', '1735753')",N>=2,False,True,30108700.0,30108700.0,False,run1
the-imperial-vung-tau,2026-11-18,17274805_119446698_3_2_0_563131,"('17274805', '119446698', '2', '0', '563131')",N>=2,False,True,3389120.0,3389120.0,False,run1
the-imperial-vung-tau,2026-11-18,17274805_119446698_3_1_0_563131,"('17274805', '119446698', '1', '0', '563131')",N>=2,False,True,3933800.0,3933800.0,False,run1
the-imperial-vung-tau,2026-11-18,17274805_119446698_3_1_0_1735753,"('17274805', '119446698', '1', '0', '1735753')",N>=2,False,True,3964060.0,3964060.0,False,run1
the-imperial-vung-tau,2026-11-18,17274805_389879713_3_1_0_563131,"('17274805', '389879713', '1', '0', '563131')",N>=2,False,True,4054840.0,4054840.0,False,run1
the-imperial-vung-tau,2026-11-18,17274805_119446695_3_1_0_563131,"('17274805', '119446695', '1', '0', '563131')",N>=2,False,True,4176485.0,4176485.0,False,run1
the-imperial-vung-tau,2026-11-18,17274898_119446698_3_1_0_563131,"('17274898', '119446698', '1', '0', '563131')",N>=2,False,True,4417960.0,4417960.0,False,run1
the-imperial-vung-tau,2026-11-18,17274898_119446698_3_1_0_1735753,"('17274898', '119446698', '1', '0', '1735753')",N>=2,False,True,4448220.0,4448220.0,False,run1
the-imperial-vung-tau,2026-11-18,17274898_389879713_3_1_0_563131,"('17274898', '389879713', '1', '0', '563131')",N>=2,False,True,4599520.0,4599520.0,False,run1
the-imperial-vung-tau,2026-11-18,17274867_119446698_4_2_0_563131,"('17274867', '119446698', '2', '0', '563131')",N>=2,False,True,5749400.0,5749400.0,False,run1
the-imperial-vung-tau,2026-11-18,17274867_119446698_0_1_0_563131,"('17274867', '119446698', '1', '0', '563131')",0,False,True,6233560.0,6233560.0,False,run1
the-imperial-vung-tau,2026-11-18,17274867_119446698_4_1_0_1735753,"('17274867', '119446698', '1', '0', '1735753')",N>=2,False,True,6263820.0,6263820.0,False,run1
the-imperial-vung-tau,2026-11-18,17274867_389879713_4_1_0_563131,"('17274867', '389879713', '1', '0', '563131')",N>=2,False,True,6354600.0,6354600.0,False,run1
the-imperial-vung-tau,2026-11-18,17274867_119446695_4_1_0_563131,"('17274867', '119446695', '1', '0', '563131')",N>=2,False,True,6545238.0,6545238.0,False,run1
the-imperial-vung-tau,2026-11-18,17274841_119446698_4_2_0_563131,"('17274841', '119446698', '2', '0', '563131')",N>=2,False,True,6899280.0,6899280.0,False,run1
the-imperial-vung-tau,2026-11-18,17274841_119446698_4_1_0_563131,"('17274841', '119446698', '1', '0', '563131')",N>=2,False,True,7686040.0,7686040.0,False,run1
the-imperial-vung-tau,2026-11-18,17274841_119446698_4_1_0_1735753,"('17274841', '119446698', '1', '0', '1735753')",N>=2,False,True,7716300.0,7716300.0,False,run1
the-imperial-vung-tau,2026-11-18,17274841_389879713_4_1_0_563131,"('17274841', '389879713', '1', '0', '563131')",N>=2,False,True,7867600.0,7867600.0,False,run1
the-imperial-vung-tau,2026-11-18,17274841_389879713_4_1_0_1402980,"('17274841', '389879713', '1', '0', '1402980')",N>=2,False,True,7867601.0,7867601.0,False,run1
the-imperial-vung-tau,2026-11-18,17274841_119446695_4_1_0_563131,"('17274841', '119446695', '1', '0', '563131')",N>=2,False,True,8103628.0,8103628.0,False,run1
the-myst-dong-khoi,2026-10-01,206690402_363982880_0_2_0,"('206690402', '363982880', '2', '0', '')",0,False,True,6649000.0,6322000.0,False,run1
the-myst-dong-khoi,2026-10-01,206690402_121939302_0_1_0,"('206690402', '121939302', '1', '0', '')",0,False,False,7390333.0,,False,run1
the-myst-dong-khoi,2026-10-01,206690402_363982880_0_1_0,"('206690402', '363982880', '1', '0', '')",0,False,False,7618900.0,,False,run1
the-myst-dong-khoi,2026-10-01,206690402_121939302_1_1_0,"('206690402', '121939302', '1', '0', '')",1,True,True,6908433.0,6568674.0,False,run1
the-myst-dong-khoi,2026-10-01,206690402_363982880_1_1_0,"('206690402', '363982880', '1', '0', '')",1,True,True,7173600.0,6820800.0,False,run1
the-myst-dong-khoi,2026-10-01,206690418_363982880_0_2_0,"('206690418', '363982880', '2', '0', '')",0,False,True,6649000.0,6322000.0,False,run1
the-myst-dong-khoi,2026-10-01,206690418_121939302_0_1_0,"('206690418', '121939302', '1', '0', '')",0,False,False,7390333.0,,False,run1
the-myst-dong-khoi,2026-10-01,206690418_363982880_0_1_0,"('206690418', '363982880', '1', '0', '')",0,False,False,7618900.0,,False,run1
the-myst-dong-khoi,2026-10-01,206690418_121939302_1_1_0,"('206690418', '121939302', '1', '0', '')",1,True,True,6908433.0,6568674.0,False,run1
the-myst-dong-khoi,2026-10-01,206690418_363982880_1_1_0,"('206690418', '363982880', '1', '0', '')",1,True,True,7173600.0,6820800.0,False,run1
the-myst-dong-khoi,2026-10-01,206690403_363982880_0_2_0,"('206690403', '363982880', '2', '0', '')",0,False,True,6716400.0,6716400.0,False,run1
the-myst-dong-khoi,2026-10-01,206690403_121939302_0_1_0,"('206690403', '121939302', '1', '0', '')",0,False,False,7409442.0,,False,run1
the-myst-dong-khoi,2026-10-01,206690403_363982880_0_1_0,"('206690403', '363982880', '1', '0', '')",0,False,False,7638600.0,,False,run1
the-myst-dong-khoi,2026-10-01,206690403_121939302_1_1_0,"('206690403', '121939302', '1', '0', '')",1,True,True,6951242.0,6951242.0,False,run1
the-myst-dong-khoi,2026-10-01,206690403_363982880_1_1_0,"('206690403', '363982880', '1', '0', '')",1,True,True,7215200.0,7215200.0,False,run1
the-myst-dong-khoi,2026-10-01,206690404_363982880_0_2_0,"('206690404', '363982880', '2', '0', '')",0,False,True,7110800.0,7110800.0,False,run1
the-myst-dong-khoi,2026-10-01,206690404_121939302_0_1_0,"('206690404', '121939302', '1', '0', '')",0,False,False,7792010.0,,False,run1
the-myst-dong-khoi,2026-10-01,206690404_363982880_0_1_0,"('206690404', '363982880', '1', '0', '')",0,False,False,8033000.0,,False,run1
the-myst-dong-khoi,2026-10-01,206690404_121939302_1_1_0,"('206690404', '121939302', '1', '0', '')",1,True,True,7333810.0,7333810.0,False,run1
the-myst-dong-khoi,2026-10-01,206690404_363982880_1_1_0,"('206690404', '363982880', '1', '0', '')",1,True,True,7609600.0,7609600.0,False,run1
the-myst-dong-khoi,2026-10-01,206690419_363982880_0_2_0,"('206690419', '363982880', '2', '0', '')",0,False,True,7110800.0,7110800.0,False,run1
the-myst-dong-khoi,2026-10-01,206690419_121939302_0_1_0,"('206690419', '121939302', '1', '0', '')",0,False,False,7792010.0,,False,run1
the-myst-dong-khoi,2026-10-01,206690419_363982880_0_1_0,"('206690419', '363982880', '1', '0', '')",0,False,False,8033000.0,,False,run1
the-myst-dong-khoi,2026-10-01,206690419_121939302_1_1_0,"('206690419', '121939302', '1', '0', '')",1,True,True,7333810.0,7333810.0,False,run1
the-myst-dong-khoi,2026-10-01,206690419_363982880_1_1_0,"('206690419', '363982880', '1', '0', '')",1,True,True,7609600.0,7609600.0,False,run1
the-myst-dong-khoi,2026-10-01,206690405_363982880_0_2_0,"('206690405', '363982880', '2', '0', '')",0,False,True,7563200.0,7563200.0,False,run1
the-myst-dong-khoi,2026-10-01,206690405_121939302_0_1_0,"('206690405', '121939302', '1', '0', '')",0,False,False,8230838.0,,False,run1
the-myst-dong-khoi,2026-10-01,206690405_363982880_0_1_0,"('206690405', '363982880', '1', '0', '')",0,False,False,8485400.0,,False,run1
the-myst-dong-khoi,2026-10-01,206690405_121939302_1_1_0,"('206690405', '121939302', '1', '0', '')",1,True,True,7772638.0,7772638.0,False,run1
the-myst-dong-khoi,2026-10-01,206690405_363982880_1_1_0,"('206690405', '363982880', '1', '0', '')",1,True,True,8079400.0,8079400.0,False,run1
the-myst-dong-khoi,2026-10-11,206690402_363982880_0_2_0,"('206690402', '363982880', '2', '0', '')",0,False,True,6533100.0,6211800.0,False,run1
the-myst-dong-khoi,2026-10-11,206690402_121939302_0_1_0,"('206690402', '121939302', '1', '0', '')",0,False,False,7277910.0,,False,run1
the-myst-dong-khoi,2026-10-11,206690402_363982880_0_1_0,"('206690402', '363982880', '1', '0', '')",0,False,False,7503000.0,,False,run1
the-myst-dong-khoi,2026-10-11,206690402_121939302_1_1_0,"('206690402', '121939302', '1', '0', '')",1,True,True,6796010.0,6461780.0,False,run1
the-myst-dong-khoi,2026-10-11,206690402_363982880_1_1_0,"('206690402', '363982880', '1', '0', '')",1,True,True,7057700.0,6710600.0,False,run1
the-myst-dong-khoi,2026-10-11,206690401_363982880_0_2_0,"('206690401', '363982880', '2', '0', '')",0,False,True,6179300.0,5875400.0,False,run1
the-myst-dong-khoi,2026-10-11,206690401_121939302_0_1_0,"('206690401', '121939302', '1', '0', '')",0,False,False,6934724.0,,False,run1
the-myst-dong-khoi,2026-10-11,206690401_363982880_0_1_0,"('206690401', '363982880', '1', '0', '')",0,False,False,7149200.0,,False,run1
the-myst-dong-khoi,2026-10-11,206690401_121939302_1_1_0,"('206690401', '121939302', '1', '0', '')",1,True,True,6452824.0,6135472.0,False,run1
the-myst-dong-khoi,2026-10-11,206690401_363982880_1_1_0,"('206690401', '363982880', '1', '0', '')",1,True,True,6722200.0,6391600.0,False,run1
the-myst-dong-khoi,2026-10-11,206690417_363982880_0_2_0,"('206690417', '363982880', '2', '0', '')",0,False,True,6179300.0,5875400.0,False,run1
the-myst-dong-khoi,2026-10-11,206690417_121939302_0_1_0,"('206690417', '121939302', '1', '0', '')",0,False,False,6934724.0,,False,run1
the-myst-dong-khoi,2026-10-11,206690417_363982880_0_1_0,"('206690417', '363982880', '1', '0', '')",0,False,False,7149200.0,,False,run1
the-myst-dong-khoi,2026-10-11,206690417_121939302_1_1_0,"('206690417', '121939302', '1', '0', '')",1,True,True,6452824.0,6135472.0,False,run1
the-myst-dong-khoi,2026-10-11,206690417_363982880_1_1_0,"('206690417', '363982880', '1', '0', '')",1,True,True,6703900.0,6374200.0,False,run1
the-myst-dong-khoi,2026-10-11,206690418_363982880_0_2_0,"('206690418', '363982880', '2', '0', '')",0,False,True,6533100.0,6211800.0,False,run1
the-myst-dong-khoi,2026-10-11,206690418_121939302_0_1_0,"('206690418', '121939302', '1', '0', '')",0,False,False,7277910.0,,False,run1
the-myst-dong-khoi,2026-10-11,206690418_363982880_0_1_0,"('206690418', '363982880', '1', '0', '')",0,False,False,7503000.0,,False,run1
the-myst-dong-khoi,2026-10-11,206690418_121939302_1_1_0,"('206690418', '121939302', '1', '0', '')",1,True,True,6796010.0,6461780.0,False,run1
the-myst-dong-khoi,2026-10-11,206690418_363982880_1_1_0,"('206690418', '363982880', '1', '0', '')",1,True,True,7057700.0,6710600.0,False,run1
the-myst-dong-khoi,2026-10-11,206690403_363982880_0_2_0,"('206690403', '363982880', '2', '0', '')",0,False,True,6606200.0,6606200.0,False,run1
the-myst-dong-khoi,2026-10-11,206690403_121939302_0_1_0,"('206690403', '121939302', '1', '0', '')",0,False,False,7302548.0,,False,run1
the-myst-dong-khoi,2026-10-11,206690403_363982880_0_1_0,"('206690403', '363982880', '1', '0', '')",0,False,False,7528400.0,,False,run1
the-myst-dong-khoi,2026-10-11,206690403_121939302_1_1_0,"('206690403', '121939302', '1', '0', '')",1,True,True,6844348.0,6844348.0,False,run1
the-myst-dong-khoi,2026-10-11,206690403_363982880_1_1_0,"('206690403', '363982880', '1', '0', '')",1,True,True,7105000.0,7105000.0,False,run1
the-myst-dong-khoi,2026-10-11,206690404_363982880_0_2_0,"('206690404', '363982880', '2', '0', '')",0,False,True,7000600.0,7000600.0,False,run1
the-myst-dong-khoi,2026-10-11,206690404_121939302_0_1_0,"('206690404', '121939302', '1', '0', '')",0,False,False,7685116.0,,False,run1
the-myst-dong-khoi,2026-10-11,206690404_363982880_0_1_0,"('206690404', '363982880', '1', '0', '')",0,False,False,7922800.0,,False,run1
the-myst-dong-khoi,2026-10-11,206690404_121939302_1_1_0,"('206690404', '121939302', '1', '0', '')",1,True,True,7226916.0,7226916.0,False,run1
the-myst-dong-khoi,2026-10-11,206690404_363982880_1_1_0,"('206690404', '363982880', '1', '0', '')",1,True,True,7499400.0,7499400.0,False,run1
the-myst-dong-khoi,2026-10-11,206690419_363982880_0_2_0,"('206690419', '363982880', '2', '0', '')",0,False,True,7000600.0,7000600.0,False,run1
the-myst-dong-khoi,2026-10-11,206690419_121939302_0_1_0,"('206690419', '121939302', '1', '0', '')",0,False,False,7685116.0,,False,run1
the-myst-dong-khoi,2026-10-11,206690419_363982880_0_1_0,"('206690419', '363982880', '1', '0', '')",0,False,False,7922800.0,,False,run1
the-myst-dong-khoi,2026-10-11,206690419_121939302_1_1_0,"('206690419', '121939302', '1', '0', '')",1,True,True,7226916.0,7226916.0,False,run1
the-myst-dong-khoi,2026-10-11,206690419_363982880_1_1_0,"('206690419', '363982880', '1', '0', '')",1,True,True,7499400.0,7499400.0,False,run1
the-myst-dong-khoi,2026-10-11,206690405_363982880_0_2_0,"('206690405', '363982880', '2', '0', '')",0,False,True,7453000.0,7453000.0,False,run1
the-myst-dong-khoi,2026-10-11,206690405_121939302_0_1_0,"('206690405', '121939302', '1', '0', '')",0,False,False,8123944.0,,False,run1
the-myst-dong-khoi,2026-10-11,206690405_363982880_0_1_0,"('206690405', '363982880', '1', '0', '')",0,False,False,8375200.0,,False,run1
the-myst-dong-khoi,2026-10-11,206690405_121939302_1_1_0,"('206690405', '121939302', '1', '0', '')",1,True,True,7665744.0,7665744.0,False,run1
the-myst-dong-khoi,2026-10-11,206690405_363982880_1_1_0,"('206690405', '363982880', '1', '0', '')",1,True,True,7969200.0,7969200.0,False,run1
the-myst-dong-khoi,2026-10-11,206690421_121939302_0_1_0,"('206690421', '121939302', '1', '0', '')",0,False,False,10852554.0,,False,run1
the-myst-dong-khoi,2026-10-11,206690421_363982880_0_1_0,"('206690421', '363982880', '1', '0', '')",0,False,True,11188200.0,11188200.0,False,run1
the-myst-dong-khoi,2026-10-11,206690421_121939302_1_1_0,"('206690421', '121939302', '1', '0', '')",1,True,True,10394354.0,10394354.0,False,run1
the-myst-dong-khoi,2026-11-18,206690401_363982880_0_2_0,"('206690401', '363982880', '2', '0', '')",0,False,True,7588400.0,7215200.0,False,run1
the-myst-dong-khoi,2026-11-18,206690401_121939302_0_1_0,"('206690401', '121939302', '1', '0', '')",0,False,False,8301551.0,,False,run1
the-myst-dong-khoi,2026-11-18,206690401_363982880_0_1_0,"('206690401', '363982880', '1', '0', '')",0,False,False,8558300.0,,False,run1
the-myst-dong-khoi,2026-11-18,206690401_121939302_1_1_0,"('206690401', '121939302', '1', '0', '')",1,True,True,7819651.0,7435078.0,False,run1
the-myst-dong-khoi,2026-11-18,206690401_363982880_1_1_0,"('206690401', '363982880', '1', '0', '')",1,True,True,8131300.0,7731400.0,False,run1
the-myst-dong-khoi,2026-11-18,206690417_363982880_0_2_0,"('206690417', '363982880', '2', '0', '')",0,False,True,7588400.0,7215200.0,False,run1
the-myst-dong-khoi,2026-11-18,206690417_121939302_0_1_0,"('206690417', '121939302', '1', '0', '')",0,False,False,8301551.0,,False,run1
the-myst-dong-khoi,2026-11-18,206690417_363982880_0_1_0,"('206690417', '363982880', '1', '0', '')",0,False,False,8558300.0,,False,run1
the-myst-dong-khoi,2026-11-18,206690417_121939302_1_1_0,"('206690417', '121939302', '1', '0', '')",1,True,True,7819651.0,7435078.0,False,run1
the-myst-dong-khoi,2026-11-18,206690417_363982880_1_1_0,"('206690417', '363982880', '1', '0', '')",1,True,True,8113000.0,7714000.0,False,run1
the-myst-dong-khoi,2026-11-18,206690402_363982880_0_2_0,"('206690402', '363982880', '2', '0', '')",0,False,True,7942200.0,7551600.0,False,run1
the-myst-dong-khoi,2026-11-18,206690402_121939302_0_1_0,"('206690402', '121939302', '1', '0', '')",0,False,False,8644737.0,,False,run1
the-myst-dong-khoi,2026-11-18,206690402_363982880_0_1_0,"('206690402', '363982880', '1', '0', '')",0,False,False,8912100.0,,False,run1
the-myst-dong-khoi,2026-11-18,206690402_121939302_1_1_0,"('206690402', '121939302', '1', '0', '')",1,True,True,8162837.0,7761386.0,False,run1
the-myst-dong-khoi,2026-11-18,206690402_363982880_1_1_0,"('206690402', '363982880', '1', '0', '')",1,True,True,8466800.0,8050400.0,False,run1
the-myst-dong-khoi,2026-11-18,206690418_363982880_0_2_0,"('206690418', '363982880', '2', '0', '')",0,False,True,7942200.0,7551600.0,False,run1
the-myst-dong-khoi,2026-11-18,206690418_121939302_0_1_0,"('206690418', '121939302', '1', '0', '')",0,False,False,8644737.0,,False,run1
the-myst-dong-khoi,2026-11-18,206690418_363982880_0_1_0,"('206690418', '363982880', '1', '0', '')",0,False,False,8912100.0,,False,run1
the-myst-dong-khoi,2026-11-18,206690418_121939302_1_1_0,"('206690418', '121939302', '1', '0', '')",1,True,True,8162837.0,7761386.0,False,run1
the-myst-dong-khoi,2026-11-18,206690418_363982880_1_1_0,"('206690418', '363982880', '1', '0', '')",1,True,True,8466800.0,8050400.0,False,run1
the-myst-dong-khoi,2026-11-18,206690403_363982880_0_2_0,"('206690403', '363982880', '2', '0', '')",0,False,True,7946000.0,7946000.0,False,run1
the-myst-dong-khoi,2026-11-18,206690403_121939302_0_1_0,"('206690403', '121939302', '1', '0', '')",0,False,False,8602154.0,,False,run1
the-myst-dong-khoi,2026-11-18,206690403_363982880_0_1_0,"('206690403', '363982880', '1', '0', '')",0,False,False,8868200.0,,False,run1
the-myst-dong-khoi,2026-11-18,206690403_121939302_1_1_0,"('206690403', '121939302', '1', '0', '')",1,True,True,8143954.0,8143954.0,False,run1
the-myst-dong-khoi,2026-11-18,206690403_363982880_1_1_0,"('206690403', '363982880', '1', '0', '')",1,True,True,8444800.0,8444800.0,False,run1
the-myst-dong-khoi,2026-11-18,206690404_363982880_0_2_0,"('206690404', '363982880', '2', '0', '')",0,False,True,8340400.0,8340400.0,False,run1
the-myst-dong-khoi,2026-11-18,206690404_121939302_0_1_0,"('206690404', '121939302', '1', '0', '')",0,False,False,8984722.0,,False,run1
the-myst-dong-khoi,2026-11-18,206690404_363982880_0_1_0,"('206690404', '363982880', '1', '0', '')",0,False,False,9262600.0,,False,run1
the-myst-dong-khoi,2026-11-18,206690404_121939302_1_1_0,"('206690404', '121939302', '1', '0', '')",1,True,True,8526522.0,8526522.0,False,run1
the-myst-dong-khoi,2026-11-18,206690404_363982880_1_1_0,"('206690404', '363982880', '1', '0', '')",1,True,True,8839200.0,8839200.0,False,run1
the-myst-dong-khoi,2026-11-18,206690419_363982880_0_2_0,"('206690419', '363982880', '2', '0', '')",0,False,True,8340400.0,8340400.0,False,run1
the-myst-dong-khoi,2026-11-18,206690419_121939302_0_1_0,"('206690419', '121939302', '1', '0', '')",0,False,False,8984722.0,,False,run1
the-myst-dong-khoi,2026-11-18,206690419_363982880_0_1_0,"('206690419', '363982880', '1', '0', '')",0,False,False,9262600.0,,False,run1
the-myst-dong-khoi,2026-11-18,206690419_121939302_1_1_0,"('206690419', '121939302', '1', '0', '')",1,True,True,8526522.0,8526522.0,False,run1
the-myst-dong-khoi,2026-11-18,206690419_363982880_1_1_0,"('206690419', '363982880', '1', '0', '')",1,True,True,8839200.0,8839200.0,False,run1
the-myst-dong-khoi,2026-11-18,206690405_363982880_0_2_0,"('206690405', '363982880', '2', '0', '')",0,False,False,8792800.0,,False,run1
the-myst-dong-khoi,2026-11-18,206690405_121939302_0_1_0,"('206690405', '121939302', '1', '0', '')",0,False,False,9423550.0,,False,run1
the-myst-dong-khoi,2026-11-18,206690405_363982880_0_1_0,"('206690405', '363982880', '1', '0', '')",0,False,False,9715000.0,,False,run1
the-myst-dong-khoi,2026-11-18,206690405_121939302_1_1_0,"('206690405', '121939302', '1', '0', '')",1,True,False,8965350.0,,False,run1
the-myst-dong-khoi,2026-11-18,206690405_363982880_1_1_0,"('206690405', '363982880', '1', '0', '')",1,True,False,9309000.0,,False,run1
vinhomes-ocean-park-bunnys-homes-nature-room,2026-10-01,665384701_409602035_2_0_0,"('665384701', '409602035', '0', '0', '')",N>=2,False,True,769500.0,769500.0,False,run1
vinhomes-ocean-park-bunnys-homes-nature-room,2026-10-01,665384701_409602035_0_0_0_1410366,"('665384701', '409602035', '0', '0', '1410366')",0,False,True,1453500.0,1453500.0,False,run1
vinhomes-ocean-park-bunnys-homes-nature-room,2026-10-01,665384705_409602035_2_0_0,"('665384705', '409602035', '0', '0', '')",N>=2,False,True,769500.0,769500.0,False,run1
vinhomes-ocean-park-bunnys-homes-nature-room,2026-10-01,665384705_409602035_0_0_0_1410366,"('665384705', '409602035', '0', '0', '1410366')",0,False,True,1453500.0,1453500.0,False,run1
vinhomes-ocean-park-bunnys-homes-nature-room,2026-10-01,665384706_409602035_2_0_0,"('665384706', '409602035', '0', '0', '')",N>=2,False,True,769500.0,769500.0,False,run1
vinhomes-ocean-park-bunnys-homes-nature-room,2026-10-01,665384706_409602035_0_0_0_1410366,"('665384706', '409602035', '0', '0', '1410366')",0,False,True,1453500.0,1453500.0,False,run1
vinhomes-ocean-park-bunnys-homes-nature-room,2026-10-01,665384703_409602035_2_0_0,"('665384703', '409602035', '0', '0', '')",N>=2,False,True,855000.0,855000.0,False,run1
vinhomes-ocean-park-bunnys-homes-nature-room,2026-10-01,665384703_409602035_0_0_0_1410366,"('665384703', '409602035', '0', '0', '1410366')",0,False,True,1539000.0,1539000.0,False,run1
vinhomes-ocean-park-bunnys-homes-nature-room,2026-10-01,665384702_409602035_0_0_0_1410366,"('665384702', '409602035', '0', '0', '1410366')",0,False,True,1795500.0,1795500.0,False,run1
vinhomes-ocean-park-bunnys-homes-nature-room,2026-10-01,665384702_409602035_1_0_0,"('665384702', '409602035', '0', '0', '')",1,True,True,1111500.0,1111500.0,False,run1
vinhomes-ocean-park-bunnys-homes-nature-room,2026-10-01,665384707_409602035_4_0_0,"('665384707', '409602035', '0', '0', '')",N>=2,False,True,1111500.0,1111500.0,False,run1
vinhomes-ocean-park-bunnys-homes-nature-room,2026-10-01,665384707_409602035_0_0_0_1410366,"('665384707', '409602035', '0', '0', '1410366')",0,False,True,1795500.0,1795500.0,False,run1
vinhomes-ocean-park-bunnys-homes-nature-room,2026-10-11,665384701_409602035_2_0_0,"('665384701', '409602035', '0', '0', '')",N>=2,False,True,769500.0,769500.0,False,run1
vinhomes-ocean-park-bunnys-homes-nature-room,2026-10-11,665384701_409602035_0_0_0_1410366,"('665384701', '409602035', '0', '0', '1410366')",0,False,True,1453500.0,1453500.0,False,run1
vinhomes-ocean-park-bunnys-homes-nature-room,2026-10-11,665384705_409602035_2_0_0,"('665384705', '409602035', '0', '0', '')",N>=2,False,True,769500.0,769500.0,False,run1
vinhomes-ocean-park-bunnys-homes-nature-room,2026-10-11,665384705_409602035_0_0_0_1410366,"('665384705', '409602035', '0', '0', '1410366')",0,False,True,1453500.0,1453500.0,False,run1
vinhomes-ocean-park-bunnys-homes-nature-room,2026-10-11,665384706_409602035_2_0_0,"('665384706', '409602035', '0', '0', '')",N>=2,False,True,769500.0,769500.0,False,run1
vinhomes-ocean-park-bunnys-homes-nature-room,2026-10-11,665384706_409602035_0_0_0_1410366,"('665384706', '409602035', '0', '0', '1410366')",0,False,True,1453500.0,1453500.0,False,run1
vinhomes-ocean-park-bunnys-homes-nature-room,2026-10-11,665384703_409602035_2_0_0,"('665384703', '409602035', '0', '0', '')",N>=2,False,True,855000.0,855000.0,False,run1
vinhomes-ocean-park-bunnys-homes-nature-room,2026-10-11,665384703_409602035_0_0_0_1410366,"('665384703', '409602035', '0', '0', '1410366')",0,False,True,1539000.0,1539000.0,False,run1
vinhomes-ocean-park-bunnys-homes-nature-room,2026-10-11,665384702_409602035_0_0_0_1410366,"('665384702', '409602035', '0', '0', '1410366')",0,False,True,1795500.0,1795500.0,False,run1
vinhomes-ocean-park-bunnys-homes-nature-room,2026-10-11,665384702_409602035_1_0_0,"('665384702', '409602035', '0', '0', '')",1,True,True,1111500.0,1111500.0,False,run1
vinhomes-ocean-park-bunnys-homes-nature-room,2026-10-11,665384707_409602035_4_0_0,"('665384707', '409602035', '0', '0', '')",N>=2,False,True,1111500.0,1111500.0,False,run1
vinhomes-ocean-park-bunnys-homes-nature-room,2026-10-11,665384707_409602035_0_0_0_1410366,"('665384707', '409602035', '0', '0', '1410366')",0,False,True,1795500.0,1795500.0,False,run1
vinhomes-ocean-park-bunnys-homes-nature-room,2026-11-18,665384701_409602035_2_0_0,"('665384701', '409602035', '0', '0', '')",N>=2,False,True,729000.0,729000.0,False,run1
vinhomes-ocean-park-bunnys-homes-nature-room,2026-11-18,665384701_409602035_0_0_0_1410366,"('665384701', '409602035', '0', '0', '1410366')",0,False,True,1377000.0,1377000.0,False,run1
vinhomes-ocean-park-bunnys-homes-nature-room,2026-11-18,665384705_409602035_2_0_0,"('665384705', '409602035', '0', '0', '')",N>=2,False,True,729000.0,729000.0,False,run1
vinhomes-ocean-park-bunnys-homes-nature-room,2026-11-18,665384705_409602035_0_0_0_1410366,"('665384705', '409602035', '0', '0', '1410366')",0,False,True,1377000.0,1377000.0,False,run1
vinhomes-ocean-park-bunnys-homes-nature-room,2026-11-18,665384706_409602035_2_0_0,"('665384706', '409602035', '0', '0', '')",N>=2,False,True,729000.0,729000.0,False,run1
vinhomes-ocean-park-bunnys-homes-nature-room,2026-11-18,665384706_409602035_0_0_0_1410366,"('665384706', '409602035', '0', '0', '1410366')",0,False,True,1377000.0,1377000.0,False,run1
vinhomes-ocean-park-bunnys-homes-nature-room,2026-11-18,665384703_409602035_2_0_0,"('665384703', '409602035', '0', '0', '')",N>=2,False,True,810000.0,810000.0,False,run1
vinhomes-ocean-park-bunnys-homes-nature-room,2026-11-18,665384703_409602035_0_0_0_1410366,"('665384703', '409602035', '0', '0', '1410366')",0,False,True,1458000.0,1458000.0,False,run1
vinhomes-ocean-park-bunnys-homes-nature-room,2026-11-18,665384702_409602035_0_0_0_1410366,"('665384702', '409602035', '0', '0', '1410366')",0,False,True,1701000.0,1701000.0,False,run1
vinhomes-ocean-park-bunnys-homes-nature-room,2026-11-18,665384702_409602035_1_0_0,"('665384702', '409602035', '0', '0', '')",1,True,True,1053000.0,1053000.0,False,run1
vinhomes-ocean-park-bunnys-homes-nature-room,2026-11-18,665384707_409602035_4_0_0,"('665384707', '409602035', '0', '0', '')",N>=2,False,True,1053000.0,1053000.0,False,run1
vinhomes-ocean-park-bunnys-homes-nature-room,2026-11-18,665384707_409602035_0_0_0_1410366,"('665384707', '409602035', '0', '0', '1410366')",0,False,True,1701000.0,1701000.0,False,run1
22land-residence-2,2026-10-01,bbasic_0,"('bbasic_0',)",?,False,False,905169.0,,False,run2
22land-residence-2,2026-10-01,1552871001_427146946_0_1_0,"('1552871001', '427146946', '1', '0', '')",0,False,True,958968.0,958968.0,False,run2
22land-residence-2,2026-10-01,1552871001_437413543_2_1_0_1335003,"('1552871001', '437413543', '1', '0', '1335003')",N>=2,False,True,1009440.0,1009440.0,False,run2
22land-residence-2,2026-10-01,1552871002_bbasic_0,"('1552871002_bbasic_0',)",0,False,False,929359.0,,False,run2
22land-residence-2,2026-10-01,1552871002_427146946_2_1_0,"('1552871002', '427146946', '1', '0', '')",N>=2,False,True,984960.0,984960.0,False,run2
22land-residence-2,2026-10-01,1552871002_437413543_2_1_0_1335003,"('1552871002', '437413543', '1', '0', '1335003')",N>=2,False,True,1036800.0,1036800.0,False,run2
22land-residence-2,2026-10-01,1552871003_bbasic_0,"('1552871003_bbasic_0',)",0,False,False,989443.0,,False,run2
22land-residence-2,2026-10-01,1552871003_427146946_0_1_0,"('1552871003', '427146946', '1', '0', '')",0,False,True,1048572.0,1048572.0,False,run2
22land-residence-2,2026-10-01,1552871003_437413543_2_1_0_1335003,"('1552871003', '437413543', '1', '0', '1335003')",N>=2,False,True,1103760.0,1103760.0,False,run2
22land-residence-2,2026-10-01,1552871004_bbasic_0,"('1552871004_bbasic_0',)",0,False,False,1050048.0,,False,run2
22land-residence-2,2026-10-01,1552871004_427146946_0_1_0,"('1552871004', '427146946', '1', '0', '')",0,False,True,1114920.0,1114920.0,False,run2
22land-residence-2,2026-10-01,1552871004_437413543_2_1_0_1335003,"('1552871004', '437413543', '1', '0', '1335003')",N>=2,False,True,1173600.0,1173600.0,False,run2
22land-residence-2,2026-10-01,1552871005_427146946_0_1_0,"('1552871005', '427146946', '1', '0', '')",0,False,True,1176480.0,1176480.0,False,run2
22land-residence-2,2026-10-01,1552871005_437413543_2_1_0_1335003,"('1552871005', '437413543', '1', '0', '1335003')",N>=2,False,True,1238400.0,1238400.0,False,run2
22land-residence-2,2026-10-01,1552871006_427146946_0_1_0,"('1552871006', '427146946', '1', '0', '')",0,False,True,1176480.0,1176480.0,False,run2
22land-residence-2,2026-10-01,1552871006_437413543_2_1_0_1335003,"('1552871006', '437413543', '1', '0', '1335003')",N>=2,False,True,1238400.0,1238400.0,False,run2
22land-residence-2,2026-10-01,1552871007_427146946_0_1_0,"('1552871007', '427146946', '1', '0', '')",0,False,True,1244880.0,1244880.0,False,run2
22land-residence-2,2026-10-01,1552871007_437413543_2_1_0_1335003,"('1552871007', '437413543', '1', '0', '1335003')",N>=2,False,True,1310400.0,1310400.0,False,run2
22land-residence-2,2026-10-01,1552871008_427146946_0_1_0,"('1552871008', '427146946', '1', '0', '')",0,False,True,1928880.0,1928880.0,False,run2
22land-residence-2,2026-10-01,1552871008_437413543_4_1_0_1335003,"('1552871008', '437413543', '1', '0', '1335003')",N>=2,False,True,2030400.0,2030400.0,False,run2
22land-residence-2,2026-10-11,bbasic_0,"('bbasic_0',)",?,False,False,989443.0,,False,run2
22land-residence-2,2026-10-11,1552871003_427146946_0_1_0,"('1552871003', '427146946', '1', '0', '')",0,False,True,1048572.0,1048572.0,False,run2
22land-residence-2,2026-10-11,1552871003_437413543_2_1_0_1335003,"('1552871003', '437413543', '1', '0', '1335003')",N>=2,False,True,1103760.0,1103760.0,False,run2
22land-residence-2,2026-10-11,1552871004_bbasic_0,"('1552871004_bbasic_0',)",0,False,False,1050048.0,,False,run2
22land-residence-2,2026-10-11,1552871004_427146946_0_1_0,"('1552871004', '427146946', '1', '0', '')",0,False,True,1114920.0,1114920.0,False,run2
22land-residence-2,2026-10-11,1552871004_437413543_2_1_0_1335003,"('1552871004', '437413543', '1', '0', '1335003')",N>=2,False,True,1173600.0,1173600.0,False,run2
22land-residence-2,2026-10-11,1552871005_bbasic_0,"('1552871005_bbasic_0',)",0,False,False,1110393.0,,False,run2
22land-residence-2,2026-10-11,1552871005_427146946_0_1_0,"('1552871005', '427146946', '1', '0', '')",0,False,True,1176480.0,1176480.0,False,run2
22land-residence-2,2026-10-11,1552871005_437413543_2_1_0_1335003,"('1552871005', '437413543', '1', '0', '1335003')",N>=2,False,True,1238400.0,1238400.0,False,run2
22land-residence-2,2026-11-18,bbasic_0,"('bbasic_0',)",?,False,False,909851.0,,False,run2
22land-residence-2,2026-11-18,1552871001_427146946_0_1_0,"('1552871001', '427146946', '1', '0', '')",0,False,True,958968.0,958968.0,False,run2
22land-residence-2,2026-11-18,1552871001_437413543_2_1_0_1335003,"('1552871001', '437413543', '1', '0', '1335003')",N>=2,False,True,1009440.0,1009440.0,False,run2
22land-residence-2,2026-11-18,1552871002_bbasic_0,"('1552871002_bbasic_0',)",0,False,False,934041.0,,False,run2
22land-residence-2,2026-11-18,1552871002_427146946_2_1_0,"('1552871002', '427146946', '1', '0', '')",N>=2,False,True,984960.0,984960.0,False,run2
22land-residence-2,2026-11-18,1552871002_437413543_2_1_0_1335003,"('1552871002', '437413543', '1', '0', '1335003')",N>=2,False,True,1036800.0,1036800.0,False,run2
22land-residence-2,2026-11-18,1552871003_bbasic_0,"('1552871003_bbasic_0',)",0,False,False,994385.0,,False,run2
22land-residence-2,2026-11-18,1552871003_427146946_0_1_0,"('1552871003', '427146946', '1', '0', '')",0,False,True,1048572.0,1048572.0,False,run2
22land-residence-2,2026-11-18,1552871003_437413543_2_1_0_1335003,"('1552871003', '437413543', '1', '0', '1335003')",N>=2,False,True,1103760.0,1103760.0,False,run2
22land-residence-2,2026-11-18,1552871004_bbasic_0,"('1552871004_bbasic_0',)",0,False,False,1055510.0,,False,run2
22land-residence-2,2026-11-18,1552871004_427146946_0_1_0,"('1552871004', '427146946', '1', '0', '')",0,False,True,1114920.0,1114920.0,False,run2
22land-residence-2,2026-11-18,1552871004_437413543_2_1_0_1335003,"('1552871004', '437413543', '1', '0', '1335003')",N>=2,False,True,1173600.0,1173600.0,False,run2
22land-residence-2,2026-11-18,1552871005_bbasic_0,"('1552871005_bbasic_0',)",0,False,False,1116115.0,,False,run2
22land-residence-2,2026-11-18,1552871005_427146946_0_1_0,"('1552871005', '427146946', '1', '0', '')",0,False,True,1176480.0,1176480.0,False,run2
22land-residence-2,2026-11-18,1552871005_437413543_2_1_0_1335003,"('1552871005', '437413543', '1', '0', '1335003')",N>=2,False,True,1238400.0,1238400.0,False,run2
22land-residence-2,2026-11-18,1552871006_bbasic_0,"('1552871006_bbasic_0',)",0,False,False,1116115.0,,False,run2
22land-residence-2,2026-11-18,1552871006_427146946_0_1_0,"('1552871006', '427146946', '1', '0', '')",0,False,True,1176480.0,1176480.0,False,run2
22land-residence-2,2026-11-18,1552871006_437413543_2_1_0_1335003,"('1552871006', '437413543', '1', '0', '1335003')",N>=2,False,True,1238400.0,1238400.0,False,run2
22land-residence-2,2026-11-18,1552871007_bbasic_0,"('1552871007_bbasic_0',)",0,False,False,1176720.0,,False,run2
22land-residence-2,2026-11-18,1552871007_427146946_0_1_0,"('1552871007', '427146946', '1', '0', '')",0,False,True,1244880.0,1244880.0,False,run2
22land-residence-2,2026-11-18,1552871007_437413543_2_1_0_1335003,"('1552871007', '437413543', '1', '0', '1335003')",N>=2,False,True,1310400.0,1310400.0,False,run2
22land-residence-2,2026-11-18,1552871008_427146946_0_1_0,"('1552871008', '427146946', '1', '0', '')",0,False,True,1928880.0,1928880.0,False,run2
22land-residence-2,2026-11-18,1552871008_437413543_4_1_0_1335003,"('1552871008', '437413543', '1', '0', '1335003')",N>=2,False,True,2030400.0,2030400.0,False,run2
b-amp-k-homestay-glocery-store,2026-10-01,954924803_367993291_2_0_0,"('954924803', '367993291', '0', '0', '')",N>=2,False,False,810000.0,,False,run2
b-amp-k-homestay-glocery-store,2026-10-01,954924803_367993302_2_0_0,"('954924803', '367993302', '0', '0', '')",N>=2,False,False,900000.0,,False,run2
b-amp-k-homestay-glocery-store,2026-10-01,954924804_367993302_2_0_0,"('954924804', '367993302', '0', '0', '')",N>=2,False,True,900000.0,900000.0,False,run2
b-amp-k-homestay-glocery-store,2026-10-01,954924802_367993291_2_0_0,"('954924802', '367993291', '0', '0', '')",N>=2,False,False,972000.0,,False,run2
b-amp-k-homestay-glocery-store,2026-10-01,954924802_367993302_2_0_0,"('954924802', '367993302', '0', '0', '')",N>=2,False,False,1080000.0,,False,run2
b-amp-k-homestay-glocery-store,2026-10-01,954924803_367993302_1_0_0,"('954924803', '367993302', '0', '0', '')",1,True,False,,810000.0,True,run2
b-amp-k-homestay-glocery-store,2026-10-01,954924802_367993291_1_0_0,"('954924802', '367993291', '0', '0', '')",1,True,False,,918000.0,True,run2
b-amp-k-homestay-glocery-store,2026-10-01,954924802_367993302_1_0_0,"('954924802', '367993302', '0', '0', '')",1,True,False,,1020000.0,True,run2
b-amp-k-homestay-glocery-store,2026-10-11,bbasic_0,"('bbasic_0',)",?,False,False,878118.0,,False,run2
b-amp-k-homestay-glocery-store,2026-10-11,954924804_367993302_2_0_0,"('954924804', '367993302', '0', '0', '')",N>=2,False,True,900000.0,900000.0,False,run2
b-amp-k-homestay-glocery-store,2026-11-18,bbasic_0,"('bbasic_0',)",?,False,True,1059152.0,1059152.0,False,run2
b-amp-k-homestay-glocery-store,2026-11-18,954924803_367993291_2_0_0,"('954924803', '367993291', '0', '0', '')",N>=2,False,False,1260000.0,,False,run2
b-amp-k-homestay-glocery-store,2026-11-18,954924803_367993302_2_0_0,"('954924803', '367993302', '0', '0', '')",N>=2,False,False,1400000.0,,False,run2
b-amp-k-homestay-glocery-store,2026-11-18,954924804_367993302_2_0_0,"('954924804', '367993302', '0', '0', '')",N>=2,False,True,1400000.0,1400000.0,False,run2
b-amp-k-homestay-glocery-store,2026-11-18,954924802_bbasic_0,"('954924802_bbasic_0',)",0,False,False,1352291.0,,False,run2
b-amp-k-homestay-glocery-store,2026-11-18,954924802_367993291_2_0_0,"('954924802', '367993291', '0', '0', '')",N>=2,False,False,1458000.0,,False,run2
b-amp-k-homestay-glocery-store,2026-11-18,954924802_367993302_2_0_0,"('954924802', '367993302', '0', '0', '')",N>=2,False,False,1620000.0,,False,run2
b-amp-k-homestay-glocery-store,2026-11-18,954924803_367993302_1_0_0,"('954924803', '367993302', '0', '0', '')",1,True,False,,1260000.0,True,run2
b-amp-k-homestay-glocery-store,2026-11-18,954924802_367993291_1_0_0,"('954924802', '367993291', '0', '0', '')",1,True,False,,1377000.0,True,run2
b-amp-k-homestay-glocery-store,2026-11-18,954924802_367993302_1_0_0,"('954924802', '367993302', '0', '0', '')",1,True,False,,1530000.0,True,run2
diamond-sea-vung-tau,2026-10-01,222442401_391131631_2_0_0,"('222442401', '391131631', '0', '0', '')",N>=2,False,True,410001.0,410001.0,False,run2
diamond-sea-vung-tau,2026-10-01,222442401_428810522_0_0_0,"('222442401', '428810522', '0', '0', '')",0,False,True,471500.0,471500.0,False,run2
diamond-sea-vung-tau,2026-10-01,222442402_391131631_2_0_0,"('222442402', '391131631', '0', '0', '')",N>=2,False,True,476667.0,476667.0,False,run2
diamond-sea-vung-tau,2026-10-01,222442402_428810522_0_0_0,"('222442402', '428810522', '0', '0', '')",0,False,True,548167.0,548167.0,False,run2
diamond-sea-vung-tau,2026-10-01,222442406_391131631_2_0_0,"('222442406', '391131631', '0', '0', '')",N>=2,False,True,611111.0,611111.0,False,run2
diamond-sea-vung-tau,2026-10-01,222442406_428810522_0_0_0,"('222442406', '428810522', '0', '0', '')",0,False,True,702778.0,702778.0,False,run2
diamond-sea-vung-tau,2026-10-01,222442407_391131631_2_0_0,"('222442407', '391131631', '0', '0', '')",N>=2,False,True,733334.0,733334.0,False,run2
diamond-sea-vung-tau,2026-10-01,222442407_428810522_0_0_0,"('222442407', '428810522', '0', '0', '')",0,False,True,843334.0,843334.0,False,run2
diamond-sea-vung-tau,2026-10-01,222442403_391131631_4_0_0,"('222442403', '391131631', '0', '0', '')",N>=2,False,True,743334.0,743334.0,False,run2
diamond-sea-vung-tau,2026-10-01,222442403_428810522_0_0_0,"('222442403', '428810522', '0', '0', '')",0,False,True,854834.0,854834.0,False,run2
diamond-sea-vung-tau,2026-10-01,222442404_391131631_4_0_0,"('222442404', '391131631', '0', '0', '')",N>=2,False,True,854445.0,854445.0,False,run2
diamond-sea-vung-tau,2026-10-01,222442404_428810522_0_0_0,"('222442404', '428810522', '0', '0', '')",0,False,True,982611.0,982611.0,False,run2
diamond-sea-vung-tau,2026-10-01,222442408_391131631_4_0_0,"('222442408', '391131631', '0', '0', '')",N>=2,False,True,1666667.0,1666667.0,False,run2
diamond-sea-vung-tau,2026-10-01,222442405_391131631_6_0_0,"('222442405', '391131631', '0', '0', '')",N>=2,False,True,1077778.0,1077778.0,False,run2
diamond-sea-vung-tau,2026-10-01,222442405_428810522_0_0_0,"('222442405', '428810522', '0', '0', '')",0,False,True,1239445.0,1239445.0,False,run2
diamond-sea-vung-tau,2026-10-01,222442409_391131631_6_0_0,"('222442409', '391131631', '0', '0', '')",N>=2,False,True,2500000.0,2500000.0,False,run2
diamond-sea-vung-tau,2026-10-11,222442402_391131631_2_0_0,"('222442402', '391131631', '0', '0', '')",N>=2,False,True,476667.0,476667.0,False,run2
diamond-sea-vung-tau,2026-10-11,222442402_428810522_0_0_0,"('222442402', '428810522', '0', '0', '')",0,False,True,548167.0,548167.0,False,run2
diamond-sea-vung-tau,2026-10-11,222442401_391131631_2_0_0,"('222442401', '391131631', '0', '0', '')",N>=2,False,True,410001.0,410001.0,False,run2
diamond-sea-vung-tau,2026-10-11,222442401_428810522_0_0_0,"('222442401', '428810522', '0', '0', '')",0,False,True,471500.0,471500.0,False,run2
diamond-sea-vung-tau,2026-10-11,222442406_391131631_2_0_0,"('222442406', '391131631', '0', '0', '')",N>=2,False,True,611111.0,611111.0,False,run2
diamond-sea-vung-tau,2026-10-11,222442406_428810522_0_0_0,"('222442406', '428810522', '0', '0', '')",0,False,True,702778.0,702778.0,False,run2
diamond-sea-vung-tau,2026-10-11,222442407_391131631_2_0_0,"('222442407', '391131631', '0', '0', '')",N>=2,False,True,733334.0,733334.0,False,run2
diamond-sea-vung-tau,2026-10-11,222442407_428810522_0_0_0,"('222442407', '428810522', '0', '0', '')",0,False,True,843334.0,843334.0,False,run2
diamond-sea-vung-tau,2026-10-11,222442403_391131631_4_0_0,"('222442403', '391131631', '0', '0', '')",N>=2,False,True,743334.0,743334.0,False,run2
diamond-sea-vung-tau,2026-10-11,222442403_428810522_0_0_0,"('222442403', '428810522', '0', '0', '')",0,False,True,854834.0,854834.0,False,run2
diamond-sea-vung-tau,2026-10-11,222442404_391131631_4_0_0,"('222442404', '391131631', '0', '0', '')",N>=2,False,True,854445.0,854445.0,False,run2
diamond-sea-vung-tau,2026-10-11,222442404_428810522_0_0_0,"('222442404', '428810522', '0', '0', '')",0,False,True,982611.0,982611.0,False,run2
diamond-sea-vung-tau,2026-10-11,222442408_391131631_4_0_0,"('222442408', '391131631', '0', '0', '')",N>=2,False,True,1666667.0,1666667.0,False,run2
diamond-sea-vung-tau,2026-10-11,222442405_391131631_6_0_0,"('222442405', '391131631', '0', '0', '')",N>=2,False,True,1077778.0,1077778.0,False,run2
diamond-sea-vung-tau,2026-10-11,222442405_428810522_0_0_0,"('222442405', '428810522', '0', '0', '')",0,False,True,1239445.0,1239445.0,False,run2
diamond-sea-vung-tau,2026-10-11,222442409_391131631_6_0_0,"('222442409', '391131631', '0', '0', '')",N>=2,False,True,2500000.0,2500000.0,False,run2
diamond-sea-vung-tau,2026-11-18,222442401_391131631_2_0_0,"('222442401', '391131631', '0', '0', '')",N>=2,False,True,410001.0,410001.0,False,run2
diamond-sea-vung-tau,2026-11-18,222442401_428810522_0_0_0,"('222442401', '428810522', '0', '0', '')",0,False,True,471500.0,471500.0,False,run2
diamond-sea-vung-tau,2026-11-18,222442402_391131631_2_0_0,"('222442402', '391131631', '0', '0', '')",N>=2,False,True,476667.0,476667.0,False,run2
diamond-sea-vung-tau,2026-11-18,222442402_428810522_0_0_0,"('222442402', '428810522', '0', '0', '')",0,False,True,548167.0,548167.0,False,run2
diamond-sea-vung-tau,2026-11-18,222442406_391131631_2_0_0,"('222442406', '391131631', '0', '0', '')",N>=2,False,True,611111.0,611111.0,False,run2
diamond-sea-vung-tau,2026-11-18,222442406_428810522_0_0_0,"('222442406', '428810522', '0', '0', '')",0,False,True,702778.0,702778.0,False,run2
diamond-sea-vung-tau,2026-11-18,222442407_391131631_2_0_0,"('222442407', '391131631', '0', '0', '')",N>=2,False,True,733334.0,733334.0,False,run2
diamond-sea-vung-tau,2026-11-18,222442407_428810522_0_0_0,"('222442407', '428810522', '0', '0', '')",0,False,True,843334.0,843334.0,False,run2
diamond-sea-vung-tau,2026-11-18,222442403_391131631_4_0_0,"('222442403', '391131631', '0', '0', '')",N>=2,False,True,743334.0,743334.0,False,run2
diamond-sea-vung-tau,2026-11-18,222442403_428810522_0_0_0,"('222442403', '428810522', '0', '0', '')",0,False,True,854834.0,854834.0,False,run2
diamond-sea-vung-tau,2026-11-18,222442404_391131631_4_0_0,"('222442404', '391131631', '0', '0', '')",N>=2,False,True,854445.0,854445.0,False,run2
diamond-sea-vung-tau,2026-11-18,222442404_428810522_0_0_0,"('222442404', '428810522', '0', '0', '')",0,False,True,982611.0,982611.0,False,run2
diamond-sea-vung-tau,2026-11-18,222442408_391131631_4_0_0,"('222442408', '391131631', '0', '0', '')",N>=2,False,True,1666667.0,1666667.0,False,run2
diamond-sea-vung-tau,2026-11-18,222442405_391131631_6_0_0,"('222442405', '391131631', '0', '0', '')",N>=2,False,True,1077778.0,1077778.0,False,run2
diamond-sea-vung-tau,2026-11-18,222442405_428810522_0_0_0,"('222442405', '428810522', '0', '0', '')",0,False,True,1239445.0,1239445.0,False,run2
diamond-sea-vung-tau,2026-11-18,222442409_391131631_6_0_0,"('222442409', '391131631', '0', '0', '')",N>=2,False,True,2500000.0,2500000.0,False,run2
dusit-le-palais-tu-hoa-hanoi,2026-10-01,bbasic_0,"('bbasic_0',)",?,False,False,3178236.0,,False,run2
dusit-le-palais-tu-hoa-hanoi,2026-10-01,1331064701_405638420_2_0_0,"('1331064701', '405638420', '0', '0', '')",N>=2,False,True,3826683.0,3826683.0,False,run2
dusit-le-palais-tu-hoa-hanoi,2026-10-01,1331064701_405638420_2_1_0,"('1331064701', '405638420', '1', '0', '')",N>=2,False,False,4302963.0,,False,run2
dusit-le-palais-tu-hoa-hanoi,2026-10-01,1331064701_416423956_2_2_0,"('1331064701', '416423956', '2', '0', '')",N>=2,False,True,4501980.0,4501980.0,False,run2
dusit-le-palais-tu-hoa-hanoi,2026-10-01,1331064701_416423956_2_1_0,"('1331064701', '416423956', '1', '0', '')",N>=2,False,False,4978260.0,,False,run2
dusit-le-palais-tu-hoa-hanoi,2026-10-01,1331064702_bbasic_0,"('1331064702_bbasic_0',)",0,False,False,3178236.0,,False,run2
dusit-le-palais-tu-hoa-hanoi,2026-10-01,1331064702_405638420_2_0_0,"('1331064702', '405638420', '0', '0', '')",N>=2,False,True,3826683.0,3826683.0,False,run2
dusit-le-palais-tu-hoa-hanoi,2026-10-01,1331064702_405638420_2_1_0,"('1331064702', '405638420', '1', '0', '')",N>=2,False,False,4302963.0,,False,run2
dusit-le-palais-tu-hoa-hanoi,2026-10-01,1331064702_416423956_2_2_0,"('1331064702', '416423956', '2', '0', '')",N>=2,False,True,4501980.0,4501980.0,False,run2
dusit-le-palais-tu-hoa-hanoi,2026-10-01,1331064702_416423956_2_1_0,"('1331064702', '416423956', '1', '0', '')",N>=2,False,False,4978260.0,,False,run2
dusit-le-palais-tu-hoa-hanoi,2026-10-01,1331064703_405638420_2_0_0,"('1331064703', '405638420', '0', '0', '')",N>=2,False,True,4308633.0,4308633.0,False,run2
dusit-le-palais-tu-hoa-hanoi,2026-10-01,1331064703_405638420_2_1_0,"('1331064703', '405638420', '1', '0', '')",N>=2,False,False,4784913.0,,False,run2
dusit-le-palais-tu-hoa-hanoi,2026-10-01,1331064703_416423956_2_2_0,"('1331064703', '416423956', '2', '0', '')",N>=2,False,True,5068980.0,5068980.0,False,run2
dusit-le-palais-tu-hoa-hanoi,2026-10-01,1331064703_416423956_2_1_0,"('1331064703', '416423956', '1', '0', '')",N>=2,False,False,5545260.0,,False,run2
dusit-le-palais-tu-hoa-hanoi,2026-10-01,1331064704_405638420_2_0_0,"('1331064704', '405638420', '0', '0', '')",N>=2,False,True,4597803.0,4597803.0,False,run2
dusit-le-palais-tu-hoa-hanoi,2026-10-01,1331064704_405638420_2_1_0,"('1331064704', '405638420', '1', '0', '')",N>=2,False,False,5074083.0,,False,run2
dusit-le-palais-tu-hoa-hanoi,2026-10-01,1331064704_416423956_2_2_0,"('1331064704', '416423956', '2', '0', '')",N>=2,False,True,5409180.0,5409180.0,False,run2
dusit-le-palais-tu-hoa-hanoi,2026-10-01,1331064704_416423956_2_1_0,"('1331064704', '416423956', '1', '0', '')",N>=2,False,False,5885460.0,,False,run2
dusit-le-palais-tu-hoa-hanoi,2026-10-01,1331064711_432042635_2_2_0,"('1331064711', '432042635', '2', '0', '')",N>=2,False,False,4758264.0,,False,run2
dusit-le-palais-tu-hoa-hanoi,2026-10-01,1331064712_432042635_2_2_0,"('1331064712', '432042635', '2', '0', '')",N>=2,False,False,4758264.0,,False,run2
dusit-le-palais-tu-hoa-hanoi,2026-10-01,1331064705_405638420_2_0_0,"('1331064705', '405638420', '0', '0', '')",N>=2,False,True,5079753.0,5079753.0,False,run2
dusit-le-palais-tu-hoa-hanoi,2026-10-01,1331064705_405638420_2_1_0,"('1331064705', '405638420', '1', '0', '')",N>=2,False,False,5556033.0,,False,run2
dusit-le-palais-tu-hoa-hanoi,2026-10-01,1331064705_416423956_2_2_0,"('1331064705', '416423956', '2', '0', '')",N>=2,False,True,5976180.0,5976180.0,False,run2
dusit-le-palais-tu-hoa-hanoi,2026-10-01,1331064705_416423956_2_1_0,"('1331064705', '416423956', '1', '0', '')",N>=2,False,False,6452460.0,,False,run2
dusit-le-palais-tu-hoa-hanoi,2026-10-01,1331064713_432042635_2_2_0,"('1331064713', '432042635', '2', '0', '')",N>=2,False,False,5211864.0,,False,run2
dusit-le-palais-tu-hoa-hanoi,2026-10-01,1331064706_405638420_2_0_0,"('1331064706', '405638420', '0', '0', '')",N>=2,False,True,5368923.0,5368923.0,False,run2
dusit-le-palais-tu-hoa-hanoi,2026-10-01,1331064706_405638420_2_1_0,"('1331064706', '405638420', '1', '0', '')",N>=2,False,False,5845203.0,,False,run2
dusit-le-palais-tu-hoa-hanoi,2026-10-01,1331064706_416423956_2_2_0,"('1331064706', '416423956', '2', '0', '')",N>=2,False,True,6316380.0,6316380.0,False,run2
dusit-le-palais-tu-hoa-hanoi,2026-10-01,1331064706_416423956_2_1_0,"('1331064706', '416423956', '1', '0', '')",N>=2,False,False,6792660.0,,False,run2
dusit-le-palais-tu-hoa-hanoi,2026-10-01,1331064714_432042635_2_2_0,"('1331064714', '432042635', '2', '0', '')",N>=2,False,False,5484024.0,,False,run2
dusit-le-palais-tu-hoa-hanoi,2026-10-01,1331064715_432042635_2_2_0,"('1331064715', '432042635', '2', '0', '')",N>=2,False,False,5937624.0,,False,run2
dusit-le-palais-tu-hoa-hanoi,2026-10-01,1331064707_405638420_2_0_0,"('1331064707', '405638420', '0', '0', '')",N>=2,False,True,5947263.0,5947263.0,False,run2
dusit-le-palais-tu-hoa-hanoi,2026-10-01,1331064707_405638420_2_1_0,"('1331064707', '405638420', '1', '0', '')",N>=2,False,False,6423543.0,,False,run2
dusit-le-palais-tu-hoa-hanoi,2026-10-01,1331064707_416423956_2_2_0,"('1331064707', '416423956', '2', '0', '')",N>=2,False,True,6996780.0,6996780.0,False,run2
dusit-le-palais-tu-hoa-hanoi,2026-10-01,1331064707_416423956_2_1_0,"('1331064707', '416423956', '1', '0', '')",N>=2,False,False,7473060.0,,False,run2
dusit-le-palais-tu-hoa-hanoi,2026-10-01,1331064716_432042635_2_2_0,"('1331064716', '432042635', '2', '0', '')",N>=2,False,False,6209784.0,,False,run2
dusit-le-palais-tu-hoa-hanoi,2026-10-01,1331064708_405638420_2_0_0,"('1331064708', '405638420', '0', '0', '')",N>=2,False,True,6429213.0,6429213.0,False,run2
dusit-le-palais-tu-hoa-hanoi,2026-10-01,1331064708_405638420_2_1_0,"('1331064708', '405638420', '1', '0', '')",N>=2,False,False,6905493.0,,False,run2
dusit-le-palais-tu-hoa-hanoi,2026-10-01,1331064708_416423956_2_2_0,"('1331064708', '416423956', '2', '0', '')",N>=2,False,True,7563780.0,7563780.0,False,run2
dusit-le-palais-tu-hoa-hanoi,2026-10-01,1331064708_416423956_2_1_0,"('1331064708', '416423956', '1', '0', '')",N>=2,False,False,8040060.0,,False,run2
dusit-le-palais-tu-hoa-hanoi,2026-10-01,1331064717_432042635_2_2_0,"('1331064717', '432042635', '2', '0', '')",N>=2,False,False,6754104.0,,False,run2
dusit-le-palais-tu-hoa-hanoi,2026-10-01,1331064709_405638420_2_0_0,"('1331064709', '405638420', '0', '0', '')",N>=2,False,True,6911163.0,6911163.0,False,run2
dusit-le-palais-tu-hoa-hanoi,2026-10-01,1331064709_405638420_2_1_0,"('1331064709', '405638420', '1', '0', '')",N>=2,False,False,7387443.0,,False,run2
dusit-le-palais-tu-hoa-hanoi,2026-10-01,1331064709_416423956_2_2_0,"('1331064709', '416423956', '2', '0', '')",N>=2,False,True,8130780.0,8130780.0,False,run2
dusit-le-palais-tu-hoa-hanoi,2026-10-01,1331064709_416423956_2_1_0,"('1331064709', '416423956', '1', '0', '')",N>=2,False,False,8607060.0,,False,run2
dusit-le-palais-tu-hoa-hanoi,2026-10-01,1331064718_432042635_2_2_0,"('1331064718', '432042635', '2', '0', '')",N>=2,False,False,7207704.0,,False,run2
dusit-le-palais-tu-hoa-hanoi,2026-10-01,1331064719_432042635_2_2_0,"('1331064719', '432042635', '2', '0', '')",N>=2,False,False,7661304.0,,False,run2
dusit-le-palais-tu-hoa-hanoi,2026-10-01,1331064701_405638420_1_1_0,"('1331064701', '405638420', '1', '0', '')",1,True,False,,4064823.0,True,run2
dusit-le-palais-tu-hoa-hanoi,2026-10-01,1331064701_416423956_1_1_0,"('1331064701', '416423956', '1', '0', '')",1,True,False,,4740120.0,True,run2
dusit-le-palais-tu-hoa-hanoi,2026-10-01,1331064702_405638420_1_1_0,"('1331064702', '405638420', '1', '0', '')",1,True,False,,4064823.0,True,run2
dusit-le-palais-tu-hoa-hanoi,2026-10-01,1331064702_416423956_1_1_0,"('1331064702', '416423956', '1', '0', '')",1,True,False,,4740120.0,True,run2
dusit-le-palais-tu-hoa-hanoi,2026-10-01,1331064711_432042635_1_2_0,"('1331064711', '432042635', '2', '0', '')",1,True,False,,4293324.0,True,run2
dusit-le-palais-tu-hoa-hanoi,2026-10-01,1331064712_432042635_1_2_0,"('1331064712', '432042635', '2', '0', '')",1,True,False,,4293324.0,True,run2
dusit-le-palais-tu-hoa-hanoi,2026-10-01,1331064703_405638420_1_1_0,"('1331064703', '405638420', '1', '0', '')",1,True,False,,4546773.0,True,run2
dusit-le-palais-tu-hoa-hanoi,2026-10-01,1331064703_416423956_1_1_0,"('1331064703', '416423956', '1', '0', '')",1,True,False,,5307120.0,True,run2
dusit-le-palais-tu-hoa-hanoi,2026-10-01,1331064713_432042635_1_2_0,"('1331064713', '432042635', '2', '0', '')",1,True,False,,4746924.0,True,run2
dusit-le-palais-tu-hoa-hanoi,2026-10-01,1331064704_405638420_1_1_0,"('1331064704', '405638420', '1', '0', '')",1,True,False,,4835943.0,True,run2
dusit-le-palais-tu-hoa-hanoi,2026-10-01,1331064704_416423956_1_1_0,"('1331064704', '416423956', '1', '0', '')",1,True,False,,5647320.0,True,run2
dusit-le-palais-tu-hoa-hanoi,2026-10-01,1331064714_432042635_1_2_0,"('1331064714', '432042635', '2', '0', '')",1,True,False,,5019084.0,True,run2
dusit-le-palais-tu-hoa-hanoi,2026-10-01,1331064705_405638420_1_1_0,"('1331064705', '405638420', '1', '0', '')",1,True,False,,5317893.0,True,run2
dusit-le-palais-tu-hoa-hanoi,2026-10-01,1331064705_416423956_1_1_0,"('1331064705', '416423956', '1', '0', '')",1,True,False,,6214320.0,True,run2
dusit-le-palais-tu-hoa-hanoi,2026-10-01,1331064715_432042635_1_2_0,"('1331064715', '432042635', '2', '0', '')",1,True,False,,5472684.0,True,run2
dusit-le-palais-tu-hoa-hanoi,2026-10-01,1331064706_405638420_1_1_0,"('1331064706', '405638420', '1', '0', '')",1,True,False,,5607063.0,True,run2
dusit-le-palais-tu-hoa-hanoi,2026-10-01,1331064706_416423956_1_1_0,"('1331064706', '416423956', '1', '0', '')",1,True,False,,6554520.0,True,run2
dusit-le-palais-tu-hoa-hanoi,2026-10-01,1331064716_432042635_1_2_0,"('1331064716', '432042635', '2', '0', '')",1,True,False,,5744844.0,True,run2
dusit-le-palais-tu-hoa-hanoi,2026-10-01,1331064707_405638420_1_1_0,"('1331064707', '405638420', '1', '0', '')",1,True,False,,6185403.0,True,run2
dusit-le-palais-tu-hoa-hanoi,2026-10-01,1331064707_416423956_1_1_0,"('1331064707', '416423956', '1', '0', '')",1,True,False,,7234920.0,True,run2
dusit-le-palais-tu-hoa-hanoi,2026-10-01,1331064717_432042635_1_2_0,"('1331064717', '432042635', '2', '0', '')",1,True,False,,6289164.0,True,run2
dusit-le-palais-tu-hoa-hanoi,2026-10-01,1331064708_405638420_1_1_0,"('1331064708', '405638420', '1', '0', '')",1,True,False,,6667353.0,True,run2
dusit-le-palais-tu-hoa-hanoi,2026-10-01,1331064708_416423956_1_1_0,"('1331064708', '416423956', '1', '0', '')",1,True,False,,7801920.0,True,run2
dusit-le-palais-tu-hoa-hanoi,2026-10-01,1331064718_432042635_1_2_0,"('1331064718', '432042635', '2', '0', '')",1,True,False,,6742764.0,True,run2
dusit-le-palais-tu-hoa-hanoi,2026-10-01,1331064709_405638420_1_1_0,"('1331064709', '405638420', '1', '0', '')",1,True,False,,7149303.0,True,run2
dusit-le-palais-tu-hoa-hanoi,2026-10-01,1331064709_416423956_1_1_0,"('1331064709', '416423956', '1', '0', '')",1,True,False,,8368920.0,True,run2
dusit-le-palais-tu-hoa-hanoi,2026-10-01,1331064719_432042635_1_2_0,"('1331064719', '432042635', '2', '0', '')",1,True,False,,7196364.0,True,run2
dusit-le-palais-tu-hoa-hanoi,2026-10-11,bbasic_0,"('bbasic_0',)",?,False,False,3309589.0,,False,run2
dusit-le-palais-tu-hoa-hanoi,2026-10-11,1331064702_405638420_2_0_0,"('1331064702', '405638420', '0', '0', '')",N>=2,False,True,3633903.0,3633903.0,False,run2
dusit-le-palais-tu-hoa-hanoi,2026-10-11,1331064702_405638420_2_1_0,"('1331064702', '405638420', '1', '0', '')",N>=2,False,False,4110183.0,,False,run2
dusit-le-palais-tu-hoa-hanoi,2026-10-11,1331064702_416423956_2_2_0,"('1331064702', '416423956', '2', '0', '')",N>=2,False,True,4275180.0,4275180.0,False,run2
dusit-le-palais-tu-hoa-hanoi,2026-10-11,1331064702_416423956_2_1_0,"('1331064702', '416423956', '1', '0', '')",N>=2,False,False,4751460.0,,False,run2
dusit-le-palais-tu-hoa-hanoi,2026-10-11,1331064701_bbasic_0,"('1331064701_bbasic_0',)",0,False,False,3309589.0,,False,run2
dusit-le-palais-tu-hoa-hanoi,2026-10-11,1331064701_405638420_2_0_0,"('1331064701', '405638420', '0', '0', '')",N>=2,False,True,3633903.0,3633903.0,False,run2
dusit-le-palais-tu-hoa-hanoi,2026-10-11,1331064701_405638420_2_1_0,"('1331064701', '405638420', '1', '0', '')",N>=2,False,False,4110183.0,,False,run2
dusit-le-palais-tu-hoa-hanoi,2026-10-11,1331064701_416423956_2_2_0,"('1331064701', '416423956', '2', '0', '')",N>=2,False,True,4275180.0,4275180.0,False,run2
dusit-le-palais-tu-hoa-hanoi,2026-10-11,1331064701_416423956_2_1_0,"('1331064701', '416423956', '1', '0', '')",N>=2,False,False,4751460.0,,False,run2
dusit-le-palais-tu-hoa-hanoi,2026-10-11,1331064703_405638420_2_0_0,"('1331064703', '405638420', '0', '0', '')",N>=2,False,True,4115853.0,4115853.0,False,run2
dusit-le-palais-tu-hoa-hanoi,2026-10-11,1331064703_405638420_2_1_0,"('1331064703', '405638420', '1', '0', '')",N>=2,False,False,4592133.0,,False,run2
dusit-le-palais-tu-hoa-hanoi,2026-10-11,1331064703_416423956_2_2_0,"('1331064703', '416423956', '2', '0', '')",N>=2,False,True,4842180.0,4842180.0,False,run2
dusit-le-palais-tu-hoa-hanoi,2026-10-11,1331064703_416423956_2_1_0,"('1331064703', '416423956', '1', '0', '')",N>=2,False,False,5318460.0,,False,run2
dusit-le-palais-tu-hoa-hanoi,2026-10-11,1331064704_405638420_2_0_0,"('1331064704', '405638420', '0', '0', '')",N>=2,False,True,4405023.0,4405023.0,False,run2
dusit-le-palais-tu-hoa-hanoi,2026-10-11,1331064704_405638420_2_1_0,"('1331064704', '405638420', '1', '0', '')",N>=2,False,False,4881303.0,,False,run2
dusit-le-palais-tu-hoa-hanoi,2026-10-11,1331064704_416423956_2_2_0,"('1331064704', '416423956', '2', '0', '')",N>=2,False,True,5182380.0,5182380.0,False,run2
dusit-le-palais-tu-hoa-hanoi,2026-10-11,1331064704_416423956_2_1_0,"('1331064704', '416423956', '1', '0', '')",N>=2,False,False,5658660.0,,False,run2
dusit-le-palais-tu-hoa-hanoi,2026-10-11,1331064711_432042635_2_2_0,"('1331064711', '432042635', '2', '0', '')",N>=2,False,False,4576824.0,,False,run2
dusit-le-palais-tu-hoa-hanoi,2026-10-11,1331064712_432042635_2_2_0,"('1331064712', '432042635', '2', '0', '')",N>=2,False,False,4576824.0,,False,run2
dusit-le-palais-tu-hoa-hanoi,2026-10-11,1331064705_405638420_2_0_0,"('1331064705', '405638420', '0', '0', '')",N>=2,False,True,4886973.0,4886973.0,False,run2
dusit-le-palais-tu-hoa-hanoi,2026-10-11,1331064705_405638420_2_1_0,"('1331064705', '405638420', '1', '0', '')",N>=2,False,False,5363253.0,,False,run2
dusit-le-palais-tu-hoa-hanoi,2026-10-11,1331064705_416423956_2_2_0,"('1331064705', '416423956', '2', '0', '')",N>=2,False,True,5749380.0,5749380.0,False,run2
dusit-le-palais-tu-hoa-hanoi,2026-10-11,1331064705_416423956_2_1_0,"('1331064705', '416423956', '1', '0', '')",N>=2,False,False,6225660.0,,False,run2
dusit-le-palais-tu-hoa-hanoi,2026-10-11,1331064713_432042635_2_2_0,"('1331064713', '432042635', '2', '0', '')",N>=2,False,False,5030424.0,,False,run2
dusit-le-palais-tu-hoa-hanoi,2026-10-11,1331064706_405638420_2_0_0,"('1331064706', '405638420', '0', '0', '')",N>=2,False,True,5176143.0,5176143.0,False,run2
dusit-le-palais-tu-hoa-hanoi,2026-10-11,1331064706_405638420_2_1_0,"('1331064706', '405638420', '1', '0', '')",N>=2,False,False,5652423.0,,False,run2
dusit-le-palais-tu-hoa-hanoi,2026-10-11,1331064706_416423956_2_2_0,"('1331064706', '416423956', '2', '0', '')",N>=2,False,True,6089580.0,6089580.0,False,run2
dusit-le-palais-tu-hoa-hanoi,2026-10-11,1331064706_416423956_2_1_0,"('1331064706', '416423956', '1', '0', '')",N>=2,False,False,6565860.0,,False,run2
dusit-le-palais-tu-hoa-hanoi,2026-10-11,1331064714_432042635_2_2_0,"('1331064714', '432042635', '2', '0', '')",N>=2,False,False,5302584.0,,False,run2
dusit-le-palais-tu-hoa-hanoi,2026-10-11,1331064707_405638420_2_0_0,"('1331064707', '405638420', '0', '0', '')",N>=2,False,True,5754483.0,5754483.0,False,run2
dusit-le-palais-tu-hoa-hanoi,2026-10-11,1331064707_405638420_2_1_0,"('1331064707', '405638420', '1', '0', '')",N>=2,False,False,6230763.0,,False,run2
dusit-le-palais-tu-hoa-hanoi,2026-10-11,1331064707_416423956_2_2_0,"('1331064707', '416423956', '2', '0', '')",N>=2,False,True,6769980.0,6769980.0,False,run2
dusit-le-palais-tu-hoa-hanoi,2026-10-11,1331064707_416423956_2_1_0,"('1331064707', '416423956', '1', '0', '')",N>=2,False,False,7246260.0,,False,run2
dusit-le-palais-tu-hoa-hanoi,2026-10-11,1331064715_432042635_2_2_0,"('1331064715', '432042635', '2', '0', '')",N>=2,False,False,5756184.0,,False,run2
dusit-le-palais-tu-hoa-hanoi,2026-10-11,1331064716_432042635_2_2_0,"('1331064716', '432042635', '2', '0', '')",N>=2,False,False,6028344.0,,False,run2
dusit-le-palais-tu-hoa-hanoi,2026-10-11,1331064708_405638420_2_0_0,"('1331064708', '405638420', '0', '0', '')",N>=2,False,True,6236433.0,6236433.0,False,run2
dusit-le-palais-tu-hoa-hanoi,2026-10-11,1331064708_405638420_2_1_0,"('1331064708', '405638420', '1', '0', '')",N>=2,False,False,6712713.0,,False,run2
dusit-le-palais-tu-hoa-hanoi,2026-10-11,1331064708_416423956_2_2_0,"('1331064708', '416423956', '2', '0', '')",N>=2,False,True,7336980.0,7336980.0,False,run2
dusit-le-palais-tu-hoa-hanoi,2026-10-11,1331064708_416423956_2_1_0,"('1331064708', '416423956', '1', '0', '')",N>=2,False,False,7813260.0,,False,run2
dusit-le-palais-tu-hoa-hanoi,2026-10-11,1331064717_432042635_2_2_0,"('1331064717', '432042635', '2', '0', '')",N>=2,False,False,6572664.0,,False,run2
dusit-le-palais-tu-hoa-hanoi,2026-10-11,1331064709_405638420_2_0_0,"('1331064709', '405638420', '0', '0', '')",N>=2,False,True,6718383.0,6718383.0,False,run2
dusit-le-palais-tu-hoa-hanoi,2026-10-11,1331064709_405638420_2_1_0,"('1331064709', '405638420', '1', '0', '')",N>=2,False,False,7194663.0,,False,run2
dusit-le-palais-tu-hoa-hanoi,2026-10-11,1331064709_416423956_2_2_0,"('1331064709', '416423956', '2', '0', '')",N>=2,False,True,7903980.0,7903980.0,False,run2
dusit-le-palais-tu-hoa-hanoi,2026-10-11,1331064709_416423956_2_1_0,"('1331064709', '416423956', '1', '0', '')",N>=2,False,False,8380260.0,,False,run2
dusit-le-palais-tu-hoa-hanoi,2026-10-11,1331064718_432042635_2_2_0,"('1331064718', '432042635', '2', '0', '')",N>=2,False,False,7026264.0,,False,run2
dusit-le-palais-tu-hoa-hanoi,2026-10-11,1331064719_432042635_2_2_0,"('1331064719', '432042635', '2', '0', '')",N>=2,False,False,7479864.0,,False,run2
dusit-le-palais-tu-hoa-hanoi,2026-10-11,1331064701_405638420_1_1_0,"('1331064701', '405638420', '1', '0', '')",1,True,False,,3872043.0,True,run2
dusit-le-palais-tu-hoa-hanoi,2026-10-11,1331064701_416423956_1_1_0,"('1331064701', '416423956', '1', '0', '')",1,True,False,,4513320.0,True,run2
dusit-le-palais-tu-hoa-hanoi,2026-10-11,1331064702_405638420_1_1_0,"('1331064702', '405638420', '1', '0', '')",1,True,False,,3872043.0,True,run2
dusit-le-palais-tu-hoa-hanoi,2026-10-11,1331064702_416423956_1_1_0,"('1331064702', '416423956', '1', '0', '')",1,True,False,,4513320.0,True,run2
dusit-le-palais-tu-hoa-hanoi,2026-10-11,1331064711_432042635_1_2_0,"('1331064711', '432042635', '2', '0', '')",1,True,False,,4111884.0,True,run2
dusit-le-palais-tu-hoa-hanoi,2026-10-11,1331064712_432042635_1_2_0,"('1331064712', '432042635', '2', '0', '')",1,True,False,,4111884.0,True,run2
dusit-le-palais-tu-hoa-hanoi,2026-10-11,1331064703_405638420_1_1_0,"('1331064703', '405638420', '1', '0', '')",1,True,False,,4353993.0,True,run2
dusit-le-palais-tu-hoa-hanoi,2026-10-11,1331064703_416423956_1_1_0,"('1331064703', '416423956', '1', '0', '')",1,True,False,,5080320.0,True,run2
dusit-le-palais-tu-hoa-hanoi,2026-10-11,1331064713_432042635_1_2_0,"('1331064713', '432042635', '2', '0', '')",1,True,False,,4565484.0,True,run2
dusit-le-palais-tu-hoa-hanoi,2026-10-11,1331064704_405638420_1_1_0,"('1331064704', '405638420', '1', '0', '')",1,True,False,,4643163.0,True,run2
dusit-le-palais-tu-hoa-hanoi,2026-10-11,1331064704_416423956_1_1_0,"('1331064704', '416423956', '1', '0', '')",1,True,False,,5420520.0,True,run2
dusit-le-palais-tu-hoa-hanoi,2026-10-11,1331064714_432042635_1_2_0,"('1331064714', '432042635', '2', '0', '')",1,True,False,,4837644.0,True,run2
dusit-le-palais-tu-hoa-hanoi,2026-10-11,1331064705_405638420_1_1_0,"('1331064705', '405638420', '1', '0', '')",1,True,False,,5125113.0,True,run2
dusit-le-palais-tu-hoa-hanoi,2026-10-11,1331064705_416423956_1_1_0,"('1331064705', '416423956', '1', '0', '')",1,True,False,,5987520.0,True,run2
dusit-le-palais-tu-hoa-hanoi,2026-10-11,1331064715_432042635_1_2_0,"('1331064715', '432042635', '2', '0', '')",1,True,False,,5291244.0,True,run2
dusit-le-palais-tu-hoa-hanoi,2026-10-11,1331064706_405638420_1_1_0,"('1331064706', '405638420', '1', '0', '')",1,True,False,,5414283.0,True,run2
dusit-le-palais-tu-hoa-hanoi,2026-10-11,1331064706_416423956_1_1_0,"('1331064706', '416423956', '1', '0', '')",1,True,False,,6327720.0,True,run2
dusit-le-palais-tu-hoa-hanoi,2026-10-11,1331064716_432042635_1_2_0,"('1331064716', '432042635', '2', '0', '')",1,True,False,,5563404.0,True,run2
dusit-le-palais-tu-hoa-hanoi,2026-10-11,1331064707_405638420_1_1_0,"('1331064707', '405638420', '1', '0', '')",1,True,False,,5992623.0,True,run2
dusit-le-palais-tu-hoa-hanoi,2026-10-11,1331064707_416423956_1_1_0,"('1331064707', '416423956', '1', '0', '')",1,True,False,,7008120.0,True,run2
dusit-le-palais-tu-hoa-hanoi,2026-10-11,1331064717_432042635_1_2_0,"('1331064717', '432042635', '2', '0', '')",1,True,False,,6107724.0,True,run2
dusit-le-palais-tu-hoa-hanoi,2026-10-11,1331064708_405638420_1_1_0,"('1331064708', '405638420', '1', '0', '')",1,True,False,,6474573.0,True,run2
dusit-le-palais-tu-hoa-hanoi,2026-10-11,1331064708_416423956_1_1_0,"('1331064708', '416423956', '1', '0', '')",1,True,False,,7575120.0,True,run2
dusit-le-palais-tu-hoa-hanoi,2026-10-11,1331064718_432042635_1_2_0,"('1331064718', '432042635', '2', '0', '')",1,True,False,,6561324.0,True,run2
dusit-le-palais-tu-hoa-hanoi,2026-10-11,1331064709_405638420_1_1_0,"('1331064709', '405638420', '1', '0', '')",1,True,False,,6956523.0,True,run2
dusit-le-palais-tu-hoa-hanoi,2026-10-11,1331064709_416423956_1_1_0,"('1331064709', '416423956', '1', '0', '')",1,True,False,,8142120.0,True,run2
dusit-le-palais-tu-hoa-hanoi,2026-10-11,1331064719_432042635_1_2_0,"('1331064719', '432042635', '2', '0', '')",1,True,False,,7014924.0,True,run2
dusit-le-palais-tu-hoa-hanoi,2026-11-18,1331064701_405638420_2_0_0,"('1331064701', '405638420', '0', '0', '')",N>=2,False,True,4068140.0,4068140.0,False,run2
dusit-le-palais-tu-hoa-hanoi,2026-11-18,1331064701_405638420_2_1_0,"('1331064701', '405638420', '1', '0', '')",N>=2,False,False,4544420.0,,False,run2
dusit-le-palais-tu-hoa-hanoi,2026-11-18,1331064701_416423956_2_2_0,"('1331064701', '416423956', '2', '0', '')",N>=2,False,True,4786047.0,4786047.0,False,run2
dusit-le-palais-tu-hoa-hanoi,2026-11-18,1331064701_416423956_2_1_0,"('1331064701', '416423956', '1', '0', '')",N>=2,False,False,5262327.0,,False,run2
dusit-le-palais-tu-hoa-hanoi,2026-11-18,1331064702_405638420_2_0_0,"('1331064702', '405638420', '0', '0', '')",N>=2,False,True,4068140.0,4068140.0,False,run2
dusit-le-palais-tu-hoa-hanoi,2026-11-18,1331064702_405638420_2_1_0,"('1331064702', '405638420', '1', '0', '')",N>=2,False,False,4544420.0,,False,run2
dusit-le-palais-tu-hoa-hanoi,2026-11-18,1331064702_416423956_2_2_0,"('1331064702', '416423956', '2', '0', '')",N>=2,False,True,4786047.0,4786047.0,False,run2
dusit-le-palais-tu-hoa-hanoi,2026-11-18,1331064702_416423956_2_1_0,"('1331064702', '416423956', '1', '0', '')",N>=2,False,False,5262327.0,,False,run2
dusit-le-palais-tu-hoa-hanoi,2026-11-18,1331064703_405638420_2_0_0,"('1331064703', '405638420', '0', '0', '')",N>=2,False,True,4550090.0,4550090.0,False,run2
dusit-le-palais-tu-hoa-hanoi,2026-11-18,1331064703_405638420_2_1_0,"('1331064703', '405638420', '1', '0', '')",N>=2,False,False,5026370.0,,False,run2
dusit-le-palais-tu-hoa-hanoi,2026-11-18,1331064703_416423956_2_2_0,"('1331064703', '416423956', '2', '0', '')",N>=2,False,True,5353047.0,5353047.0,False,run2
dusit-le-palais-tu-hoa-hanoi,2026-11-18,1331064703_416423956_2_1_0,"('1331064703', '416423956', '1', '0', '')",N>=2,False,False,5829327.0,,False,run2
dusit-le-palais-tu-hoa-hanoi,2026-11-18,1331064704_405638420_2_0_0,"('1331064704', '405638420', '0', '0', '')",N>=2,False,True,4839260.0,4839260.0,False,run2
dusit-le-palais-tu-hoa-hanoi,2026-11-18,1331064704_405638420_2_1_0,"('1331064704', '405638420', '1', '0', '')",N>=2,False,False,5315540.0,,False,run2
dusit-le-palais-tu-hoa-hanoi,2026-11-18,1331064704_416423956_2_2_0,"('1331064704', '416423956', '2', '0', '')",N>=2,False,True,5693247.0,5693247.0,False,run2
dusit-le-palais-tu-hoa-hanoi,2026-11-18,1331064704_416423956_2_1_0,"('1331064704', '416423956', '1', '0', '')",N>=2,False,False,6169527.0,,False,run2
dusit-le-palais-tu-hoa-hanoi,2026-11-18,1331064711_432042635_2_2_0,"('1331064711', '432042635', '2', '0', '')",N>=2,False,False,4985518.0,,False,run2
dusit-le-palais-tu-hoa-hanoi,2026-11-18,1331064712_432042635_2_2_0,"('1331064712', '432042635', '2', '0', '')",N>=2,False,False,4985518.0,,False,run2
dusit-le-palais-tu-hoa-hanoi,2026-11-18,1331064705_405638420_2_0_0,"('1331064705', '405638420', '0', '0', '')",N>=2,False,True,5321210.0,5321210.0,False,run2
dusit-le-palais-tu-hoa-hanoi,2026-11-18,1331064705_405638420_2_1_0,"('1331064705', '405638420', '1', '0', '')",N>=2,False,False,5797490.0,,False,run2
dusit-le-palais-tu-hoa-hanoi,2026-11-18,1331064705_416423956_2_2_0,"('1331064705', '416423956', '2', '0', '')",N>=2,False,True,6260247.0,6260247.0,False,run2
dusit-le-palais-tu-hoa-hanoi,2026-11-18,1331064705_416423956_2_1_0,"('1331064705', '416423956', '1', '0', '')",N>=2,False,False,6736527.0,,False,run2
dusit-le-palais-tu-hoa-hanoi,2026-11-18,1331064713_432042635_2_2_0,"('1331064713', '432042635', '2', '0', '')",N>=2,False,False,5439118.0,,False,run2
dusit-le-palais-tu-hoa-hanoi,2026-11-18,1331064706_405638420_2_0_0,"('1331064706', '405638420', '0', '0', '')",N>=2,False,True,5610380.0,5610380.0,False,run2
dusit-le-palais-tu-hoa-hanoi,2026-11-18,1331064706_405638420_2_1_0,"('1331064706', '405638420', '1', '0', '')",N>=2,False,False,6086660.0,,False,run2
dusit-le-palais-tu-hoa-hanoi,2026-11-18,1331064706_416423956_2_2_0,"('1331064706', '416423956', '2', '0', '')",N>=2,False,True,6600447.0,6600447.0,False,run2
dusit-le-palais-tu-hoa-hanoi,2026-11-18,1331064706_416423956_2_1_0,"('1331064706', '416423956', '1', '0', '')",N>=2,False,False,7076727.0,,False,run2
dusit-le-palais-tu-hoa-hanoi,2026-11-18,1331064714_432042635_2_2_0,"('1331064714', '432042635', '2', '0', '')",N>=2,False,False,5711278.0,,False,run2
dusit-le-palais-tu-hoa-hanoi,2026-11-18,1331064715_432042635_2_2_0,"('1331064715', '432042635', '2', '0', '')",N>=2,False,False,6164878.0,,False,run2
dusit-le-palais-tu-hoa-hanoi,2026-11-18,1331064707_405638420_2_0_0,"('1331064707', '405638420', '0', '0', '')",N>=2,False,True,6188720.0,6188720.0,False,run2
dusit-le-palais-tu-hoa-hanoi,2026-11-18,1331064707_405638420_2_1_0,"('1331064707', '405638420', '1', '0', '')",N>=2,False,False,6665000.0,,False,run2
dusit-le-palais-tu-hoa-hanoi,2026-11-18,1331064707_416423956_2_2_0,"('1331064707', '416423956', '2', '0', '')",N>=2,False,True,7280847.0,7280847.0,False,run2
dusit-le-palais-tu-hoa-hanoi,2026-11-18,1331064707_416423956_2_1_0,"('1331064707', '416423956', '1', '0', '')",N>=2,False,False,7757127.0,,False,run2
dusit-le-palais-tu-hoa-hanoi,2026-11-18,1331064716_432042635_2_2_0,"('1331064716', '432042635', '2', '0', '')",N>=2,False,False,6437038.0,,False,run2
dusit-le-palais-tu-hoa-hanoi,2026-11-18,1331064708_405638420_2_0_0,"('1331064708', '405638420', '0', '0', '')",N>=2,False,True,6670670.0,6670670.0,False,run2
dusit-le-palais-tu-hoa-hanoi,2026-11-18,1331064708_405638420_2_1_0,"('1331064708', '405638420', '1', '0', '')",N>=2,False,False,7146950.0,,False,run2
dusit-le-palais-tu-hoa-hanoi,2026-11-18,1331064708_416423956_2_2_0,"('1331064708', '416423956', '2', '0', '')",N>=2,False,True,7847847.0,7847847.0,False,run2
dusit-le-palais-tu-hoa-hanoi,2026-11-18,1331064708_416423956_2_1_0,"('1331064708', '416423956', '1', '0', '')",N>=2,False,False,8324127.0,,False,run2
dusit-le-palais-tu-hoa-hanoi,2026-11-18,1331064717_432042635_2_2_0,"('1331064717', '432042635', '2', '0', '')",N>=2,False,False,6981358.0,,False,run2
dusit-le-palais-tu-hoa-hanoi,2026-11-18,1331064709_405638420_2_0_0,"('1331064709', '405638420', '0', '0', '')",N>=2,False,True,7152620.0,7152620.0,False,run2
dusit-le-palais-tu-hoa-hanoi,2026-11-18,1331064709_405638420_2_1_0,"('1331064709', '405638420', '1', '0', '')",N>=2,False,False,7628900.0,,False,run2
dusit-le-palais-tu-hoa-hanoi,2026-11-18,1331064709_416423956_2_2_0,"('1331064709', '416423956', '2', '0', '')",N>=2,False,True,8414847.0,8414847.0,False,run2
dusit-le-palais-tu-hoa-hanoi,2026-11-18,1331064709_416423956_2_1_0,"('1331064709', '416423956', '1', '0', '')",N>=2,False,False,8891127.0,,False,run2
dusit-le-palais-tu-hoa-hanoi,2026-11-18,1331064718_432042635_2_2_0,"('1331064718', '432042635', '2', '0', '')",N>=2,False,False,7434958.0,,False,run2
dusit-le-palais-tu-hoa-hanoi,2026-11-18,1331064719_432042635_2_2_0,"('1331064719', '432042635', '2', '0', '')",N>=2,False,False,7888558.0,,False,run2
dusit-le-palais-tu-hoa-hanoi,2026-11-18,1331064701_405638420_1_1_0,"('1331064701', '405638420', '1', '0', '')",1,True,False,,4306280.0,True,run2
dusit-le-palais-tu-hoa-hanoi,2026-11-18,1331064701_416423956_1_1_0,"('1331064701', '416423956', '1', '0', '')",1,True,False,,5024187.0,True,run2
dusit-le-palais-tu-hoa-hanoi,2026-11-18,1331064702_405638420_1_1_0,"('1331064702', '405638420', '1', '0', '')",1,True,False,,4306280.0,True,run2
dusit-le-palais-tu-hoa-hanoi,2026-11-18,1331064702_416423956_1_1_0,"('1331064702', '416423956', '1', '0', '')",1,True,False,,5024187.0,True,run2
dusit-le-palais-tu-hoa-hanoi,2026-11-18,1331064711_432042635_1_2_0,"('1331064711', '432042635', '2', '0', '')",1,True,False,,4520578.0,True,run2
dusit-le-palais-tu-hoa-hanoi,2026-11-18,1331064712_432042635_1_2_0,"('1331064712', '432042635', '2', '0', '')",1,True,False,,4520578.0,True,run2
dusit-le-palais-tu-hoa-hanoi,2026-11-18,1331064703_405638420_1_1_0,"('1331064703', '405638420', '1', '0', '')",1,True,False,,4788230.0,True,run2
dusit-le-palais-tu-hoa-hanoi,2026-11-18,1331064703_416423956_1_1_0,"('1331064703', '416423956', '1', '0', '')",1,True,False,,5591187.0,True,run2
dusit-le-palais-tu-hoa-hanoi,2026-11-18,1331064713_432042635_1_2_0,"('1331064713', '432042635', '2', '0', '')",1,True,False,,4974178.0,True,run2
dusit-le-palais-tu-hoa-hanoi,2026-11-18,1331064704_405638420_1_1_0,"('1331064704', '405638420', '1', '0', '')",1,True,False,,5077400.0,True,run2
dusit-le-palais-tu-hoa-hanoi,2026-11-18,1331064704_416423956_1_1_0,"('1331064704', '416423956', '1', '0', '')",1,True,False,,5931387.0,True,run2
dusit-le-palais-tu-hoa-hanoi,2026-11-18,1331064714_432042635_1_2_0,"('1331064714', '432042635', '2', '0', '')",1,True,False,,5246338.0,True,run2
dusit-le-palais-tu-hoa-hanoi,2026-11-18,1331064705_405638420_1_1_0,"('1331064705', '405638420', '1', '0', '')",1,True,False,,5559350.0,True,run2
dusit-le-palais-tu-hoa-hanoi,2026-11-18,1331064705_416423956_1_1_0,"('1331064705', '416423956', '1', '0', '')",1,True,False,,6498387.0,True,run2
dusit-le-palais-tu-hoa-hanoi,2026-11-18,1331064715_432042635_1_2_0,"('1331064715', '432042635', '2', '0', '')",1,True,False,,5699938.0,True,run2
dusit-le-palais-tu-hoa-hanoi,2026-11-18,1331064706_405638420_1_1_0,"('1331064706', '405638420', '1', '0', '')",1,True,False,,5848520.0,True,run2
dusit-le-palais-tu-hoa-hanoi,2026-11-18,1331064706_416423956_1_1_0,"('1331064706', '416423956', '1', '0', '')",1,True,False,,6838587.0,True,run2
dusit-le-palais-tu-hoa-hanoi,2026-11-18,1331064716_432042635_1_2_0,"('1331064716', '432042635', '2', '0', '')",1,True,False,,5972098.0,True,run2
dusit-le-palais-tu-hoa-hanoi,2026-11-18,1331064707_405638420_1_1_0,"('1331064707', '405638420', '1', '0', '')",1,True,False,,6426860.0,True,run2
dusit-le-palais-tu-hoa-hanoi,2026-11-18,1331064707_416423956_1_1_0,"('1331064707', '416423956', '1', '0', '')",1,True,False,,7518987.0,True,run2
dusit-le-palais-tu-hoa-hanoi,2026-11-18,1331064717_432042635_1_2_0,"('1331064717', '432042635', '2', '0', '')",1,True,False,,6516418.0,True,run2
dusit-le-palais-tu-hoa-hanoi,2026-11-18,1331064708_405638420_1_1_0,"('1331064708', '405638420', '1', '0', '')",1,True,False,,6908810.0,True,run2
dusit-le-palais-tu-hoa-hanoi,2026-11-18,1331064708_416423956_1_1_0,"('1331064708', '416423956', '1', '0', '')",1,True,False,,8085987.0,True,run2
dusit-le-palais-tu-hoa-hanoi,2026-11-18,1331064718_432042635_1_2_0,"('1331064718', '432042635', '2', '0', '')",1,True,False,,6970018.0,True,run2
dusit-le-palais-tu-hoa-hanoi,2026-11-18,1331064709_405638420_1_1_0,"('1331064709', '405638420', '1', '0', '')",1,True,False,,7390760.0,True,run2
dusit-le-palais-tu-hoa-hanoi,2026-11-18,1331064709_416423956_1_1_0,"('1331064709', '416423956', '1', '0', '')",1,True,False,,8652987.0,True,run2
dusit-le-palais-tu-hoa-hanoi,2026-11-18,1331064719_432042635_1_2_0,"('1331064719', '432042635', '2', '0', '')",1,True,False,,7423618.0,True,run2
gardenplazasaigonparkroyal,2026-10-01,7263001_212831950_2_42_0_310285,"('7263001', '212831950', '42', '0', '310285')",N>=2,False,True,1939334.0,1939334.0,False,run2
gardenplazasaigonparkroyal,2026-10-01,7263001_265089251_2_42_0_310299,"('7263001', '265089251', '42', '0', '310299')",N>=2,False,True,2154815.0,2154815.0,False,run2
gardenplazasaigonparkroyal,2026-10-01,7263001_265089251_2_41_0_310285,"('7263001', '265089251', '41', '0', '310285')",N>=2,False,True,2275031.0,2275031.0,False,run2
gardenplazasaigonparkroyal,2026-10-01,7263002_212831950_2_42_0_310285,"('7263002', '212831950', '42', '0', '310285')",N>=2,False,True,2074577.0,2074577.0,False,run2
gardenplazasaigonparkroyal,2026-10-01,7263002_265089251_2_42_0_310299,"('7263002', '265089251', '42', '0', '310299')",N>=2,False,True,2305085.0,2305085.0,False,run2
gardenplazasaigonparkroyal,2026-10-01,7263002_265089251_2_41_0_310285,"('7263002', '265089251', '41', '0', '310285')",N>=2,False,True,2425302.0,2425302.0,False,run2
gardenplazasaigonparkroyal,2026-10-01,7263003_212831950_2_41_0_310285,"('7263003', '212831950', '41', '0', '310285')",N>=2,False,True,3156521.0,3156521.0,False,run2
gardenplazasaigonparkroyal,2026-10-01,7263003_265089251_2_41_0_310285,"('7263003', '265089251', '41', '0', '310285')",N>=2,False,True,3507246.0,3507246.0,False,run2
gardenplazasaigonparkroyal,2026-10-01,7263047_212831950_2_42_0_310285,"('7263047', '212831950', '42', '0', '310285')",N>=2,False,True,1939334.0,1939334.0,False,run2
gardenplazasaigonparkroyal,2026-10-01,7263047_265089251_2_42_0_310299,"('7263047', '265089251', '42', '0', '310299')",N>=2,False,True,2154815.0,2154815.0,False,run2
gardenplazasaigonparkroyal,2026-10-01,7263047_265089251_2_41_0_310285,"('7263047', '265089251', '41', '0', '310285')",N>=2,False,True,2275031.0,2275031.0,False,run2
gardenplazasaigonparkroyal,2026-10-01,7263048_212831950_0_42_0_310285,"('7263048', '212831950', '42', '0', '310285')",0,False,True,2074577.0,2074577.0,False,run2
gardenplazasaigonparkroyal,2026-10-01,7263048_265089251_2_42_0_310299,"('7263048', '265089251', '42', '0', '310299')",N>=2,False,True,2305085.0,2305085.0,False,run2
gardenplazasaigonparkroyal,2026-10-01,7263048_265089251_2_41_0_310285,"('7263048', '265089251', '41', '0', '310285')",N>=2,False,True,2425302.0,2425302.0,False,run2
gardenplazasaigonparkroyal,2026-10-01,7263045_212831950_2_42_0_310285,"('7263045', '212831950', '42', '0', '310285')",N>=2,False,True,2209820.0,2209820.0,False,run2
gardenplazasaigonparkroyal,2026-10-01,7263045_265089251_2_42_0_310299,"('7263045', '265089251', '42', '0', '310299')",N>=2,False,True,2455356.0,2455356.0,False,run2
gardenplazasaigonparkroyal,2026-10-01,7263045_265089251_2_41_0_310285,"('7263045', '265089251', '41', '0', '310285')",N>=2,False,True,2575572.0,2575572.0,False,run2
gardenplazasaigonparkroyal,2026-10-01,7263046_212831950_2_41_0_310285,"('7263046', '212831950', '41', '0', '310285')",N>=2,False,True,3562250.0,3562250.0,False,run2
gardenplazasaigonparkroyal,2026-10-01,7263046_265089251_2_41_0_310285,"('7263046', '265089251', '41', '0', '310285')",N>=2,False,True,3958056.0,3958056.0,False,run2
gardenplazasaigonparkroyal,2026-10-01,7263004_212831950_2_41_0_310285,"('7263004', '212831950', '41', '0', '310285')",N>=2,False,True,3967979.0,3967979.0,False,run2
gardenplazasaigonparkroyal,2026-10-01,7263004_265089251_2_41_0_310285,"('7263004', '265089251', '41', '0', '310285')",N>=2,False,True,4408866.0,4408866.0,False,run2
gardenplazasaigonparkroyal,2026-10-11,7263002_212831950_2_42_0_310285,"('7263002', '212831950', '42', '0', '310285')",N>=2,False,True,2074577.0,2074577.0,False,run2
gardenplazasaigonparkroyal,2026-10-11,7263002_265089251_2_42_0_310299,"('7263002', '265089251', '42', '0', '310299')",N>=2,False,True,2305085.0,2305085.0,False,run2
gardenplazasaigonparkroyal,2026-10-11,7263002_265089251_2_41_0_310285,"('7263002', '265089251', '41', '0', '310285')",N>=2,False,True,2425302.0,2425302.0,False,run2
gardenplazasaigonparkroyal,2026-10-11,7263001_212831950_2_42_0_310285,"('7263001', '212831950', '42', '0', '310285')",N>=2,False,True,1939334.0,1939334.0,False,run2
gardenplazasaigonparkroyal,2026-10-11,7263001_265089251_2_42_0_310299,"('7263001', '265089251', '42', '0', '310299')",N>=2,False,True,2154815.0,2154815.0,False,run2
gardenplazasaigonparkroyal,2026-10-11,7263001_265089251_2_41_0_310285,"('7263001', '265089251', '41', '0', '310285')",N>=2,False,True,2275031.0,2275031.0,False,run2
gardenplazasaigonparkroyal,2026-10-11,7263047_212831950_2_42_0_310285,"('7263047', '212831950', '42', '0', '310285')",N>=2,False,True,1939334.0,1939334.0,False,run2
gardenplazasaigonparkroyal,2026-10-11,7263047_265089251_2_42_0_310299,"('7263047', '265089251', '42', '0', '310299')",N>=2,False,True,2154815.0,2154815.0,False,run2
gardenplazasaigonparkroyal,2026-10-11,7263047_265089251_2_41_0_310285,"('7263047', '265089251', '41', '0', '310285')",N>=2,False,True,2275031.0,2275031.0,False,run2
gardenplazasaigonparkroyal,2026-10-11,7263003_212831950_2_41_0_310285,"('7263003', '212831950', '41', '0', '310285')",N>=2,False,True,3156521.0,3156521.0,False,run2
gardenplazasaigonparkroyal,2026-10-11,7263003_265089251_2_41_0_310285,"('7263003', '265089251', '41', '0', '310285')",N>=2,False,True,3507246.0,3507246.0,False,run2
gardenplazasaigonparkroyal,2026-10-11,7263048_212831950_0_42_0_310285,"('7263048', '212831950', '42', '0', '310285')",0,False,True,2074577.0,2074577.0,False,run2
gardenplazasaigonparkroyal,2026-10-11,7263048_265089251_2_42_0_310299,"('7263048', '265089251', '42', '0', '310299')",N>=2,False,True,2305085.0,2305085.0,False,run2
gardenplazasaigonparkroyal,2026-10-11,7263048_265089251_2_41_0_310285,"('7263048', '265089251', '41', '0', '310285')",N>=2,False,True,2425302.0,2425302.0,False,run2
gardenplazasaigonparkroyal,2026-10-11,7263045_212831950_2_42_0_310285,"('7263045', '212831950', '42', '0', '310285')",N>=2,False,True,2209820.0,2209820.0,False,run2
gardenplazasaigonparkroyal,2026-10-11,7263045_265089251_2_42_0_310299,"('7263045', '265089251', '42', '0', '310299')",N>=2,False,True,2455356.0,2455356.0,False,run2
gardenplazasaigonparkroyal,2026-10-11,7263045_265089251_2_41_0_310285,"('7263045', '265089251', '41', '0', '310285')",N>=2,False,True,2575572.0,2575572.0,False,run2
gardenplazasaigonparkroyal,2026-10-11,7263046_212831950_2_41_0_310285,"('7263046', '212831950', '41', '0', '310285')",N>=2,False,True,3562250.0,3562250.0,False,run2
gardenplazasaigonparkroyal,2026-10-11,7263046_265089251_2_41_0_310285,"('7263046', '265089251', '41', '0', '310285')",N>=2,False,True,3958056.0,3958056.0,False,run2
gardenplazasaigonparkroyal,2026-10-11,7263004_212831950_2_41_0_310285,"('7263004', '212831950', '41', '0', '310285')",N>=2,False,True,3967979.0,3967979.0,False,run2
gardenplazasaigonparkroyal,2026-10-11,7263004_265089251_2_41_0_310285,"('7263004', '265089251', '41', '0', '310285')",N>=2,False,True,4408866.0,4408866.0,False,run2
gardenplazasaigonparkroyal,2026-11-18,7263001_443270011_2_42_0_310285,"('7263001', '443270011', '42', '0', '310285')",N>=2,False,True,2007381.0,2007381.0,False,run2
gardenplazasaigonparkroyal,2026-11-18,7263001_212831950_2_42_0_310285,"('7263001', '212831950', '42', '0', '310285')",N>=2,False,True,2408857.0,2676508.0,False,run2
gardenplazasaigonparkroyal,2026-11-18,7263001_265089251_2_42_0_310299,"('7263001', '265089251', '42', '0', '310299')",N>=2,False,True,2676508.0,2676508.0,False,run2
gardenplazasaigonparkroyal,2026-11-18,7263001_265089251_2_41_0_310285,"('7263001', '265089251', '41', '0', '310285')",N>=2,False,True,2796724.0,2796724.0,False,run2
gardenplazasaigonparkroyal,2026-11-18,7263047_443270011_2_42_0_310285,"('7263047', '443270011', '42', '0', '310285')",N>=2,False,True,2007381.0,2007381.0,False,run2
gardenplazasaigonparkroyal,2026-11-18,7263047_212831950_2_42_0_310285,"('7263047', '212831950', '42', '0', '310285')",N>=2,False,True,2408857.0,2676508.0,False,run2
gardenplazasaigonparkroyal,2026-11-18,7263047_265089251_2_42_0_310299,"('7263047', '265089251', '42', '0', '310299')",N>=2,False,True,2676508.0,2676508.0,False,run2
gardenplazasaigonparkroyal,2026-11-18,7263047_265089251_2_41_0_310285,"('7263047', '265089251', '41', '0', '310285')",N>=2,False,True,2796724.0,2796724.0,False,run2
gardenplazasaigonparkroyal,2026-11-18,7263002_443270011_2_42_0_310285,"('7263002', '443270011', '42', '0', '310285')",N>=2,False,True,2120084.0,2120084.0,False,run2
gardenplazasaigonparkroyal,2026-11-18,7263002_212831950_2_42_0_310285,"('7263002', '212831950', '42', '0', '310285')",N>=2,False,True,2544100.0,2826778.0,False,run2
gardenplazasaigonparkroyal,2026-11-18,7263002_265089251_2_42_0_310299,"('7263002', '265089251', '42', '0', '310299')",N>=2,False,True,2826778.0,2826778.0,False,run2
gardenplazasaigonparkroyal,2026-11-18,7263002_265089251_2_41_0_310285,"('7263002', '265089251', '41', '0', '310285')",N>=2,False,True,2946994.0,2946994.0,False,run2
gardenplazasaigonparkroyal,2026-11-18,7263048_443270011_0_42_0_310285,"('7263048', '443270011', '42', '0', '310285')",0,False,True,2120084.0,2120084.0,False,run2
gardenplazasaigonparkroyal,2026-11-18,7263048_212831950_0_42_0_310285,"('7263048', '212831950', '42', '0', '310285')",0,False,True,2544100.0,2826778.0,False,run2
gardenplazasaigonparkroyal,2026-11-18,7263048_265089251_2_42_0_310299,"('7263048', '265089251', '42', '0', '310299')",N>=2,False,True,2826778.0,2826778.0,False,run2
gardenplazasaigonparkroyal,2026-11-18,7263048_265089251_2_41_0_310285,"('7263048', '265089251', '41', '0', '310285')",N>=2,False,True,2946994.0,2946994.0,False,run2
gardenplazasaigonparkroyal,2026-11-18,7263045_443270011_2_42_0_310285,"('7263045', '443270011', '42', '0', '310285')",N>=2,False,True,2232786.0,2232786.0,False,run2
gardenplazasaigonparkroyal,2026-11-18,7263045_212831950_2_42_0_310285,"('7263045', '212831950', '42', '0', '310285')",N>=2,False,True,2679343.0,2977048.0,False,run2
gardenplazasaigonparkroyal,2026-11-18,7263045_265089251_2_42_0_310299,"('7263045', '265089251', '42', '0', '310299')",N>=2,False,True,2977048.0,2977048.0,False,run2
gardenplazasaigonparkroyal,2026-11-18,7263045_265089251_2_41_0_310285,"('7263045', '265089251', '41', '0', '310285')",N>=2,False,True,3097264.0,3097264.0,False,run2
gardenplazasaigonparkroyal,2026-11-18,7263003_443270011_2_41_0_310285,"('7263003', '443270011', '41', '0', '310285')",N>=2,False,True,3021704.0,3021704.0,False,run2
gardenplazasaigonparkroyal,2026-11-18,7263003_212831950_2_41_0_310285,"('7263003', '212831950', '41', '0', '310285')",N>=2,False,False,3626044.0,,False,run2
gardenplazasaigonparkroyal,2026-11-18,7263003_265089251_2_41_0_310285,"('7263003', '265089251', '41', '0', '310285')",N>=2,False,True,4028938.0,4028938.0,False,run2
gardenplazasaigonparkroyal,2026-11-18,7263046_443270011_2_41_0_310285,"('7263046', '443270011', '41', '0', '310285')",N>=2,False,True,3359811.0,3359811.0,False,run2
gardenplazasaigonparkroyal,2026-11-18,7263046_212831950_2_41_0_310285,"('7263046', '212831950', '41', '0', '310285')",N>=2,False,False,4031773.0,,False,run2
gardenplazasaigonparkroyal,2026-11-18,7263046_265089251_2_41_0_310285,"('7263046', '265089251', '41', '0', '310285')",N>=2,False,True,4479748.0,4479748.0,False,run2
gardenplazasaigonparkroyal,2026-11-18,7263004_443270011_2_41_0_310285,"('7263004', '443270011', '41', '0', '310285')",N>=2,False,True,3697919.0,3697919.0,False,run2
gardenplazasaigonparkroyal,2026-11-18,7263004_212831950_2_41_0_310285,"('7263004', '212831950', '41', '0', '310285')",N>=2,False,False,4437502.0,,False,run2
gardenplazasaigonparkroyal,2026-11-18,7263004_265089251_2_41_0_310285,"('7263004', '265089251', '41', '0', '310285')",N>=2,False,True,4930558.0,4930558.0,False,run2
hilton-saigon,2026-10-01,1110458709_384026274_2_42_0,"('1110458709', '384026274', '42', '0', '')",N>=2,False,True,6788124.0,6788124.0,False,run2
hilton-saigon,2026-10-01,1110458709_384026274_2_41_0,"('1110458709', '384026274', '41', '0', '')",N>=2,False,False,8164800.0,,False,run2
hilton-saigon,2026-10-01,1110458709_384026154_2_42_0,"('1110458709', '384026154', '42', '0', '')",N>=2,False,True,8278200.0,8278200.0,False,run2
hilton-saigon,2026-10-01,1110458709_384026154_2_41_0,"('1110458709', '384026154', '41', '0', '')",N>=2,False,False,9639000.0,,False,run2
hilton-saigon,2026-10-01,1110458709_384026154_2_25_0,"('1110458709', '384026154', '25', '0', '')",N>=2,False,False,13267800.0,,False,run2
hilton-saigon,2026-10-01,1110458710_384026274_2_42_0,"('1110458710', '384026274', '42', '0', '')",N>=2,False,True,6509160.0,6509160.0,False,run2
hilton-saigon,2026-10-01,1110458710_384026274_2_41_0,"('1110458710', '384026274', '41', '0', '')",N>=2,False,False,7881300.0,,False,run2
hilton-saigon,2026-10-01,1110458710_384026154_2_42_0,"('1110458710', '384026154', '42', '0', '')",N>=2,False,True,7938000.0,7938000.0,False,run2
hilton-saigon,2026-10-01,1110458710_384026154_2_41_0,"('1110458710', '384026154', '41', '0', '')",N>=2,False,False,9298800.0,,False,run2
hilton-saigon,2026-10-01,1110458710_384026154_2_25_0,"('1110458710', '384026154', '25', '0', '')",N>=2,False,False,12927600.0,,False,run2
hilton-saigon,2026-10-01,1110458715_384026274_2_42_0,"('1110458715', '384026274', '42', '0', '')",N>=2,False,True,6788124.0,6788124.0,False,run2
hilton-saigon,2026-10-01,1110458715_384026274_2_41_0,"('1110458715', '384026274', '41', '0', '')",N>=2,False,False,8164800.0,,False,run2
hilton-saigon,2026-10-01,1110458715_384026154_2_42_0,"('1110458715', '384026154', '42', '0', '')",N>=2,False,True,8278200.0,8278200.0,False,run2
hilton-saigon,2026-10-01,1110458715_384026154_2_41_0,"('1110458715', '384026154', '41', '0', '')",N>=2,False,False,9639000.0,,False,run2
hilton-saigon,2026-10-01,1110458715_384026154_2_25_0,"('1110458715', '384026154', '25', '0', '')",N>=2,False,False,13267800.0,,False,run2
hilton-saigon,2026-10-01,1110458714_384026274_2_42_0,"('1110458714', '384026274', '42', '0', '')",N>=2,False,True,7067088.0,7067088.0,False,run2
hilton-saigon,2026-10-01,1110458714_384026274_2_41_0,"('1110458714', '384026274', '41', '0', '')",N>=2,False,False,8448300.0,,False,run2
hilton-saigon,2026-10-01,1110458714_384026154_2_42_0,"('1110458714', '384026154', '42', '0', '')",N>=2,False,True,8618400.0,8618400.0,False,run2
hilton-saigon,2026-10-01,1110458714_384026154_2_41_0,"('1110458714', '384026154', '41', '0', '')",N>=2,False,False,9979200.0,,False,run2
hilton-saigon,2026-10-01,1110458714_384026154_2_25_0,"('1110458714', '384026154', '25', '0', '')",N>=2,False,False,13608000.0,,False,run2
hilton-saigon,2026-10-01,1110458703_384026274_2_42_0,"('1110458703', '384026274', '42', '0', '')",N>=2,False,True,7160076.0,7160076.0,False,run2
hilton-saigon,2026-10-01,1110458703_384026274_2_41_0,"('1110458703', '384026274', '41', '0', '')",N>=2,False,False,8505000.0,,False,run2
hilton-saigon,2026-10-01,1110458703_384026154_2_42_0,"('1110458703', '384026154', '42', '0', '')",N>=2,False,True,8731800.0,8731800.0,False,run2
hilton-saigon,2026-10-01,1110458703_384026154_2_41_0,"('1110458703', '384026154', '41', '0', '')",N>=2,False,False,10092600.0,,False,run2
hilton-saigon,2026-10-01,1110458703_384026154_2_25_0,"('1110458703', '384026154', '25', '0', '')",N>=2,False,False,13721400.0,,False,run2
hilton-saigon,2026-10-01,1110458713_384026274_2_42_0,"('1110458713', '384026274', '42', '0', '')",N>=2,False,True,8368920.0,8368920.0,False,run2
hilton-saigon,2026-10-01,1110458713_384026274_2_41_0,"('1110458713', '384026274', '41', '0', '')",N>=2,False,False,9752400.0,,False,run2
hilton-saigon,2026-10-01,1110458713_384026154_2_42_0,"('1110458713', '384026154', '42', '0', '')",N>=2,False,True,10206000.0,10206000.0,False,run2
hilton-saigon,2026-10-01,1110458713_384026154_2_41_0,"('1110458713', '384026154', '41', '0', '')",N>=2,False,False,11566800.0,,False,run2
hilton-saigon,2026-10-01,1110458713_384026154_2_25_0,"('1110458713', '384026154', '25', '0', '')",N>=2,False,False,15195600.0,,False,run2
hilton-saigon,2026-10-01,1110458711_384026274_2_42_0,"('1110458711', '384026274', '42', '0', '')",N>=2,False,True,8461908.0,8461908.0,False,run2
hilton-saigon,2026-10-01,1110458711_384026274_2_41_0,"('1110458711', '384026274', '41', '0', '')",N>=2,False,False,9809100.0,,False,run2
hilton-saigon,2026-10-01,1110458711_384026154_2_42_0,"('1110458711', '384026154', '42', '0', '')",N>=2,False,True,10319400.0,10319400.0,False,run2
hilton-saigon,2026-10-01,1110458711_384026154_2_41_0,"('1110458711', '384026154', '41', '0', '')",N>=2,False,False,11680200.0,,False,run2
hilton-saigon,2026-10-01,1110458711_384026154_2_25_0,"('1110458711', '384026154', '25', '0', '')",N>=2,False,False,15309000.0,,False,run2
hilton-saigon,2026-10-01,1110458704_384026274_2_42_0,"('1110458704', '384026274', '42', '0', '')",N>=2,False,True,8647884.0,8647884.0,False,run2
hilton-saigon,2026-10-01,1110458704_384026274_2_41_0,"('1110458704', '384026274', '41', '0', '')",N>=2,False,False,10035900.0,,False,run2
hilton-saigon,2026-10-01,1110458704_384026154_2_42_0,"('1110458704', '384026154', '42', '0', '')",N>=2,False,True,10546200.0,10546200.0,False,run2
hilton-saigon,2026-10-01,1110458704_384026154_2_41_0,"('1110458704', '384026154', '41', '0', '')",N>=2,False,False,11907000.0,,False,run2
hilton-saigon,2026-10-01,1110458704_384026154_2_25_0,"('1110458704', '384026154', '25', '0', '')",N>=2,False,False,15535800.0,,False,run2
hilton-saigon,2026-10-01,1110458702_384026274_2_42_0,"('1110458702', '384026274', '42', '0', '')",N>=2,False,True,10321668.0,10321668.0,False,run2
hilton-saigon,2026-10-01,1110458702_384026274_2_41_0,"('1110458702', '384026274', '41', '0', '')",N>=2,False,False,11680200.0,,False,run2
hilton-saigon,2026-10-01,1110458702_384026154_2_42_0,"('1110458702', '384026154', '42', '0', '')",N>=2,False,True,12587400.0,12587400.0,False,run2
hilton-saigon,2026-10-01,1110458702_384026154_2_41_0,"('1110458702', '384026154', '41', '0', '')",N>=2,False,False,13948200.0,,False,run2
hilton-saigon,2026-10-01,1110458702_384026154_2_25_0,"('1110458702', '384026154', '25', '0', '')",N>=2,False,False,17577000.0,,False,run2
hilton-saigon,2026-10-01,1110458707_384026274_2_42_0,"('1110458707', '384026274', '42', '0', '')",N>=2,False,True,12460392.0,12460392.0,False,run2
hilton-saigon,2026-10-01,1110458707_384026274_2_41_0,"('1110458707', '384026274', '41', '0', '')",N>=2,False,False,13834800.0,,False,run2
hilton-saigon,2026-10-01,1110458707_384026154_2_42_0,"('1110458707', '384026154', '42', '0', '')",N>=2,False,True,15195600.0,15195600.0,False,run2
hilton-saigon,2026-10-01,1110458707_384026154_2_41_0,"('1110458707', '384026154', '41', '0', '')",N>=2,False,False,16556400.0,,False,run2
hilton-saigon,2026-10-01,1110458707_384026154_2_25_0,"('1110458707', '384026154', '25', '0', '')",N>=2,False,False,20185200.0,,False,run2
hilton-saigon,2026-10-01,1110458708_384026274_2_42_0,"('1110458708', '384026274', '42', '0', '')",N>=2,False,True,15250032.0,15250032.0,False,run2
hilton-saigon,2026-10-01,1110458708_384026274_2_41_0,"('1110458708', '384026274', '41', '0', '')",N>=2,False,False,16613100.0,,False,run2
hilton-saigon,2026-10-01,1110458708_384026154_2_42_0,"('1110458708', '384026154', '42', '0', '')",N>=2,False,True,18597600.0,18597600.0,False,run2
hilton-saigon,2026-10-01,1110458708_384026154_2_41_0,"('1110458708', '384026154', '41', '0', '')",N>=2,False,False,19958400.0,,False,run2
hilton-saigon,2026-10-01,1110458708_384026154_2_25_0,"('1110458708', '384026154', '25', '0', '')",N>=2,False,False,23587200.0,,False,run2
hilton-saigon,2026-10-01,1110458710_384026274_1_41_0,"('1110458710', '384026274', '41', '0', '')",1,True,False,,7200900.0,True,run2
hilton-saigon,2026-10-01,1110458710_384026154_1_41_0,"('1110458710', '384026154', '41', '0', '')",1,True,False,,8618400.0,True,run2
hilton-saigon,2026-10-01,1110458710_384026154_1_25_0,"('1110458710', '384026154', '25', '0', '')",1,True,False,,10432800.0,True,run2
hilton-saigon,2026-10-01,1110458709_384026274_1_41_0,"('1110458709', '384026274', '41', '0', '')",1,True,False,,7484400.0,True,run2
hilton-saigon,2026-10-01,1110458709_384026154_1_41_0,"('1110458709', '384026154', '41', '0', '')",1,True,False,,8958600.0,True,run2
hilton-saigon,2026-10-01,1110458709_384026154_1_25_0,"('1110458709', '384026154', '25', '0', '')",1,True,False,,10773000.0,True,run2
hilton-saigon,2026-10-01,1110458715_384026274_1_41_0,"('1110458715', '384026274', '41', '0', '')",1,True,False,,7484400.0,True,run2
hilton-saigon,2026-10-01,1110458715_384026154_1_41_0,"('1110458715', '384026154', '41', '0', '')",1,True,False,,8958600.0,True,run2
hilton-saigon,2026-10-01,1110458715_384026154_1_25_0,"('1110458715', '384026154', '25', '0', '')",1,True,False,,10773000.0,True,run2
hilton-saigon,2026-10-01,1110458714_384026274_1_41_0,"('1110458714', '384026274', '41', '0', '')",1,True,False,,7767900.0,True,run2
hilton-saigon,2026-10-01,1110458714_384026154_1_41_0,"('1110458714', '384026154', '41', '0', '')",1,True,False,,9298800.0,True,run2
hilton-saigon,2026-10-01,1110458714_384026154_1_25_0,"('1110458714', '384026154', '25', '0', '')",1,True,False,,11113200.0,True,run2
hilton-saigon,2026-10-01,1110458703_384026274_1_41_0,"('1110458703', '384026274', '41', '0', '')",1,True,False,,7824600.0,True,run2
hilton-saigon,2026-10-01,1110458703_384026154_1_41_0,"('1110458703', '384026154', '41', '0', '')",1,True,False,,9412200.0,True,run2
hilton-saigon,2026-10-01,1110458703_384026154_1_25_0,"('1110458703', '384026154', '25', '0', '')",1,True,False,,11226600.0,True,run2
hilton-saigon,2026-10-01,1110458713_384026274_1_41_0,"('1110458713', '384026274', '41', '0', '')",1,True,False,,9072000.0,True,run2
hilton-saigon,2026-10-01,1110458713_384026154_1_41_0,"('1110458713', '384026154', '41', '0', '')",1,True,False,,10886400.0,True,run2
hilton-saigon,2026-10-01,1110458713_384026154_1_25_0,"('1110458713', '384026154', '25', '0', '')",1,True,False,,12700800.0,True,run2
hilton-saigon,2026-10-01,1110458711_384026274_1_41_0,"('1110458711', '384026274', '41', '0', '')",1,True,False,,9128700.0,True,run2
hilton-saigon,2026-10-01,1110458711_384026154_1_41_0,"('1110458711', '384026154', '41', '0', '')",1,True,False,,10999800.0,True,run2
hilton-saigon,2026-10-01,1110458711_384026154_1_25_0,"('1110458711', '384026154', '25', '0', '')",1,True,False,,12814200.0,True,run2
hilton-saigon,2026-10-01,1110458704_384026274_1_41_0,"('1110458704', '384026274', '41', '0', '')",1,True,False,,9355500.0,True,run2
hilton-saigon,2026-10-01,1110458704_384026154_1_41_0,"('1110458704', '384026154', '41', '0', '')",1,True,False,,11226600.0,True,run2
hilton-saigon,2026-10-01,1110458704_384026154_1_25_0,"('1110458704', '384026154', '25', '0', '')",1,True,False,,13041000.0,True,run2
hilton-saigon,2026-10-01,1110458702_384026274_1_41_0,"('1110458702', '384026274', '41', '0', '')",1,True,False,,10999800.0,True,run2
hilton-saigon,2026-10-01,1110458702_384026154_1_41_0,"('1110458702', '384026154', '41', '0', '')",1,True,False,,13267800.0,True,run2
hilton-saigon,2026-10-01,1110458702_384026154_1_25_0,"('1110458702', '384026154', '25', '0', '')",1,True,False,,15082200.0,True,run2
hilton-saigon,2026-10-01,1110458707_384026274_1_41_0,"('1110458707', '384026274', '41', '0', '')",1,True,False,,13154400.0,True,run2
hilton-saigon,2026-10-01,1110458707_384026154_1_41_0,"('1110458707', '384026154', '41', '0', '')",1,True,False,,15876000.0,True,run2
hilton-saigon,2026-10-01,1110458707_384026154_1_25_0,"('1110458707', '384026154', '25', '0', '')",1,True,False,,17690400.0,True,run2
hilton-saigon,2026-10-01,1110458708_384026274_1_41_0,"('1110458708', '384026274', '41', '0', '')",1,True,False,,15932700.0,True,run2
hilton-saigon,2026-10-01,1110458708_384026154_1_41_0,"('1110458708', '384026154', '41', '0', '')",1,True,False,,19278000.0,True,run2
hilton-saigon,2026-10-01,1110458708_384026154_1_25_0,"('1110458708', '384026154', '25', '0', '')",1,True,False,,21092400.0,True,run2
hilton-saigon,2026-10-11,1110458701_384026274_2_42_0,"('1110458701', '384026274', '42', '0', '')",N>=2,False,True,6075916.0,6075916.0,False,run2
hilton-saigon,2026-10-11,1110458701_384026154_2_42_0,"('1110458701', '384026154', '42', '0', '')",N>=2,False,True,7371000.0,7371000.0,False,run2
hilton-saigon,2026-10-11,1110458701_384026274_2_41_0,"('1110458701', '384026274', '41', '0', '')",N>=2,False,False,7427700.0,,False,run2
hilton-saigon,2026-10-11,1110458701_384026154_2_41_0,"('1110458701', '384026154', '41', '0', '')",N>=2,False,False,8731800.0,,False,run2
hilton-saigon,2026-10-11,1110458701_384026154_2_25_0,"('1110458701', '384026154', '25', '0', '')",N>=2,False,False,12360600.0,,False,run2
hilton-saigon,2026-10-11,1110458710_384026274_2_42_0,"('1110458710', '384026274', '42', '0', '')",N>=2,False,True,6075916.0,6075916.0,False,run2
hilton-saigon,2026-10-11,1110458710_384026154_2_42_0,"('1110458710', '384026154', '42', '0', '')",N>=2,False,True,7371000.0,7371000.0,False,run2
hilton-saigon,2026-10-11,1110458710_384026274_2_41_0,"('1110458710', '384026274', '41', '0', '')",N>=2,False,False,7427700.0,,False,run2
hilton-saigon,2026-10-11,1110458710_384026154_2_41_0,"('1110458710', '384026154', '41', '0', '')",N>=2,False,False,8731800.0,,False,run2
hilton-saigon,2026-10-11,1110458710_384026154_2_25_0,"('1110458710', '384026154', '25', '0', '')",N>=2,False,False,12360600.0,,False,run2
hilton-saigon,2026-10-11,1110458703_384026274_2_42_0,"('1110458703', '384026274', '42', '0', '')",N>=2,False,True,7197623.0,7197623.0,False,run2
hilton-saigon,2026-10-11,1110458703_384026274_2_41_0,"('1110458703', '384026274', '41', '0', '')",N>=2,False,False,8561700.0,,False,run2
hilton-saigon,2026-10-11,1110458703_384026154_2_42_0,"('1110458703', '384026154', '42', '0', '')",N>=2,False,True,8731800.0,8731800.0,False,run2
hilton-saigon,2026-10-11,1110458703_384026154_2_41_0,"('1110458703', '384026154', '41', '0', '')",N>=2,False,False,10092600.0,,False,run2
hilton-saigon,2026-10-11,1110458703_384026154_2_25_0,"('1110458703', '384026154', '25', '0', '')",N>=2,False,False,13721400.0,,False,run2
hilton-saigon,2026-10-11,1110458709_384026274_2_42_0,"('1110458709', '384026274', '42', '0', '')",N>=2,False,True,6356342.0,6356342.0,False,run2
hilton-saigon,2026-10-11,1110458709_384026154_2_42_0,"('1110458709', '384026154', '42', '0', '')",N>=2,False,True,7711200.0,7711200.0,False,run2
hilton-saigon,2026-10-11,1110458709_384026274_2_41_0,"('1110458709', '384026274', '41', '0', '')",N>=2,False,False,7711200.0,,False,run2
hilton-saigon,2026-10-11,1110458709_384026154_2_41_0,"('1110458709', '384026154', '41', '0', '')",N>=2,False,False,9072000.0,,False,run2
hilton-saigon,2026-10-11,1110458709_384026154_2_25_0,"('1110458709', '384026154', '25', '0', '')",N>=2,False,False,12700800.0,,False,run2
hilton-saigon,2026-10-11,1110458715_384026274_2_42_0,"('1110458715', '384026274', '42', '0', '')",N>=2,False,True,6356342.0,6356342.0,False,run2
hilton-saigon,2026-10-11,1110458715_384026154_2_42_0,"('1110458715', '384026154', '42', '0', '')",N>=2,False,True,7711200.0,7711200.0,False,run2
hilton-saigon,2026-10-11,1110458715_384026274_2_41_0,"('1110458715', '384026274', '41', '0', '')",N>=2,False,False,7711200.0,,False,run2
hilton-saigon,2026-10-11,1110458715_384026154_2_41_0,"('1110458715', '384026154', '41', '0', '')",N>=2,False,False,9072000.0,,False,run2
hilton-saigon,2026-10-11,1110458715_384026154_2_25_0,"('1110458715', '384026154', '25', '0', '')",N>=2,False,False,12700800.0,,False,run2
hilton-saigon,2026-10-11,1110458714_384026274_2_42_0,"('1110458714', '384026274', '42', '0', '')",N>=2,False,True,7104147.0,7104147.0,False,run2
hilton-saigon,2026-10-11,1110458714_384026274_2_41_0,"('1110458714', '384026274', '41', '0', '')",N>=2,False,False,8448300.0,,False,run2
hilton-saigon,2026-10-11,1110458714_384026154_2_42_0,"('1110458714', '384026154', '42', '0', '')",N>=2,False,True,8618400.0,8618400.0,False,run2
hilton-saigon,2026-10-11,1110458714_384026154_2_41_0,"('1110458714', '384026154', '41', '0', '')",N>=2,False,False,9979200.0,,False,run2
hilton-saigon,2026-10-11,1110458714_384026154_2_25_0,"('1110458714', '384026154', '25', '0', '')",N>=2,False,False,13608000.0,,False,run2
hilton-saigon,2026-10-11,1110458713_384026274_2_42_0,"('1110458713', '384026274', '42', '0', '')",N>=2,False,True,7945428.0,7945428.0,False,run2
hilton-saigon,2026-10-11,1110458713_384026274_2_41_0,"('1110458713', '384026274', '41', '0', '')",N>=2,False,False,9298800.0,,False,run2
hilton-saigon,2026-10-11,1110458713_384026154_2_42_0,"('1110458713', '384026154', '42', '0', '')",N>=2,False,True,9639000.0,9639000.0,False,run2
hilton-saigon,2026-10-11,1110458713_384026154_2_41_0,"('1110458713', '384026154', '41', '0', '')",N>=2,False,False,10999800.0,,False,run2
hilton-saigon,2026-10-11,1110458713_384026154_2_25_0,"('1110458713', '384026154', '25', '0', '')",N>=2,False,False,14628600.0,,False,run2
hilton-saigon,2026-10-11,1110458704_384026274_2_42_0,"('1110458704', '384026274', '42', '0', '')",N>=2,False,True,8225855.0,8225855.0,False,run2
hilton-saigon,2026-10-11,1110458704_384026274_2_41_0,"('1110458704', '384026274', '41', '0', '')",N>=2,False,False,9582300.0,,False,run2
hilton-saigon,2026-10-11,1110458704_384026154_2_42_0,"('1110458704', '384026154', '42', '0', '')",N>=2,False,True,9979200.0,9979200.0,False,run2
hilton-saigon,2026-10-11,1110458704_384026154_2_41_0,"('1110458704', '384026154', '41', '0', '')",N>=2,False,False,11340000.0,,False,run2
hilton-saigon,2026-10-11,1110458704_384026154_2_25_0,"('1110458704', '384026154', '25', '0', '')",N>=2,False,False,14968800.0,,False,run2
hilton-saigon,2026-10-11,1110458702_384026274_2_42_0,"('1110458702', '384026274', '42', '0', '')",N>=2,False,True,9908416.0,9908416.0,False,run2
hilton-saigon,2026-10-11,1110458702_384026274_2_41_0,"('1110458702', '384026274', '41', '0', '')",N>=2,False,False,11283300.0,,False,run2
hilton-saigon,2026-10-11,1110458702_384026154_2_42_0,"('1110458702', '384026154', '42', '0', '')",N>=2,False,True,12020400.0,12020400.0,False,run2
hilton-saigon,2026-10-11,1110458702_384026154_2_41_0,"('1110458702', '384026154', '41', '0', '')",N>=2,False,False,13381200.0,,False,run2
hilton-saigon,2026-10-11,1110458702_384026154_2_25_0,"('1110458702', '384026154', '25', '0', '')",N>=2,False,False,17010000.0,,False,run2
hilton-saigon,2026-10-11,1110458707_384026274_2_42_0,"('1110458707', '384026274', '42', '0', '')",N>=2,False,True,12058356.0,12058356.0,False,run2
hilton-saigon,2026-10-11,1110458707_384026274_2_41_0,"('1110458707', '384026274', '41', '0', '')",N>=2,False,False,13437900.0,,False,run2
hilton-saigon,2026-10-11,1110458707_384026154_2_42_0,"('1110458707', '384026154', '42', '0', '')",N>=2,False,True,14628600.0,14628600.0,False,run2
hilton-saigon,2026-10-11,1110458707_384026154_2_41_0,"('1110458707', '384026154', '41', '0', '')",N>=2,False,False,15989400.0,,False,run2
hilton-saigon,2026-10-11,1110458707_384026154_2_25_0,"('1110458707', '384026154', '25', '0', '')",N>=2,False,False,19618200.0,,False,run2
hilton-saigon,2026-10-11,1110458708_384026274_2_42_0,"('1110458708', '384026274', '42', '0', '')",N>=2,False,True,14862624.0,14862624.0,False,run2
hilton-saigon,2026-10-11,1110458708_384026274_2_41_0,"('1110458708', '384026274', '41', '0', '')",N>=2,False,False,16216200.0,,False,run2
hilton-saigon,2026-10-11,1110458708_384026154_2_42_0,"('1110458708', '384026154', '42', '0', '')",N>=2,False,True,18030600.0,18030600.0,False,run2
hilton-saigon,2026-10-11,1110458708_384026154_2_41_0,"('1110458708', '384026154', '41', '0', '')",N>=2,False,False,19391400.0,,False,run2
hilton-saigon,2026-10-11,1110458708_384026154_2_25_0,"('1110458708', '384026154', '25', '0', '')",N>=2,False,False,23020200.0,,False,run2
hilton-saigon,2026-10-11,1110458703_384026274_1_41_0,"('1110458703', '384026274', '41', '0', '')",1,True,False,,7881300.0,True,run2
hilton-saigon,2026-10-11,1110458703_384026154_1_41_0,"('1110458703', '384026154', '41', '0', '')",1,True,False,,9412200.0,True,run2
hilton-saigon,2026-10-11,1110458703_384026154_1_25_0,"('1110458703', '384026154', '25', '0', '')",1,True,False,,11226600.0,True,run2
hilton-saigon,2026-10-11,1110458701_384026274_1_41_0,"('1110458701', '384026274', '41', '0', '')",1,True,False,,6747300.0,True,run2
hilton-saigon,2026-10-11,1110458701_384026154_1_41_0,"('1110458701', '384026154', '41', '0', '')",1,True,False,,8051400.0,True,run2
hilton-saigon,2026-10-11,1110458701_384026154_1_25_0,"('1110458701', '384026154', '25', '0', '')",1,True,False,,9865800.0,True,run2
hilton-saigon,2026-10-11,1110458710_384026274_1_41_0,"('1110458710', '384026274', '41', '0', '')",1,True,False,,6747300.0,True,run2
hilton-saigon,2026-10-11,1110458710_384026154_1_41_0,"('1110458710', '384026154', '41', '0', '')",1,True,False,,8051400.0,True,run2
hilton-saigon,2026-10-11,1110458710_384026154_1_25_0,"('1110458710', '384026154', '25', '0', '')",1,True,False,,9865800.0,True,run2
hilton-saigon,2026-10-11,1110458709_384026274_1_41_0,"('1110458709', '384026274', '41', '0', '')",1,True,False,,7030800.0,True,run2
hilton-saigon,2026-10-11,1110458709_384026154_1_41_0,"('1110458709', '384026154', '41', '0', '')",1,True,False,,8391600.0,True,run2
hilton-saigon,2026-10-11,1110458709_384026154_1_25_0,"('1110458709', '384026154', '25', '0', '')",1,True,False,,10206000.0,True,run2
hilton-saigon,2026-10-11,1110458715_384026274_1_41_0,"('1110458715', '384026274', '41', '0', '')",1,True,False,,7030800.0,True,run2
hilton-saigon,2026-10-11,1110458715_384026154_1_41_0,"('1110458715', '384026154', '41', '0', '')",1,True,False,,8391600.0,True,run2
hilton-saigon,2026-10-11,1110458715_384026154_1_25_0,"('1110458715', '384026154', '25', '0', '')",1,True,False,,10206000.0,True,run2
hilton-saigon,2026-10-11,1110458714_384026274_1_41_0,"('1110458714', '384026274', '41', '0', '')",1,True,False,,7767900.0,True,run2
hilton-saigon,2026-10-11,1110458714_384026154_1_41_0,"('1110458714', '384026154', '41', '0', '')",1,True,False,,9298800.0,True,run2
hilton-saigon,2026-10-11,1110458714_384026154_1_25_0,"('1110458714', '384026154', '25', '0', '')",1,True,False,,11113200.0,True,run2
hilton-saigon,2026-10-11,1110458713_384026274_1_41_0,"('1110458713', '384026274', '41', '0', '')",1,True,False,,8618400.0,True,run2
hilton-saigon,2026-10-11,1110458713_384026154_1_41_0,"('1110458713', '384026154', '41', '0', '')",1,True,False,,10319400.0,True,run2
hilton-saigon,2026-10-11,1110458713_384026154_1_25_0,"('1110458713', '384026154', '25', '0', '')",1,True,False,,12133800.0,True,run2
hilton-saigon,2026-10-11,1110458704_384026274_1_41_0,"('1110458704', '384026274', '41', '0', '')",1,True,False,,8901900.0,True,run2
hilton-saigon,2026-10-11,1110458704_384026154_1_41_0,"('1110458704', '384026154', '41', '0', '')",1,True,False,,10659600.0,True,run2
hilton-saigon,2026-10-11,1110458704_384026154_1_25_0,"('1110458704', '384026154', '25', '0', '')",1,True,False,,12474000.0,True,run2
hilton-saigon,2026-10-11,1110458702_384026274_1_41_0,"('1110458702', '384026274', '41', '0', '')",1,True,False,,10602900.0,True,run2
hilton-saigon,2026-10-11,1110458702_384026154_1_41_0,"('1110458702', '384026154', '41', '0', '')",1,True,False,,12700800.0,True,run2
hilton-saigon,2026-10-11,1110458702_384026154_1_25_0,"('1110458702', '384026154', '25', '0', '')",1,True,False,,14515200.0,True,run2
hilton-saigon,2026-10-11,1110458707_384026274_1_41_0,"('1110458707', '384026274', '41', '0', '')",1,True,False,,12757500.0,True,run2
hilton-saigon,2026-10-11,1110458707_384026154_1_41_0,"('1110458707', '384026154', '41', '0', '')",1,True,False,,15309000.0,True,run2
hilton-saigon,2026-10-11,1110458707_384026154_1_25_0,"('1110458707', '384026154', '25', '0', '')",1,True,False,,17123400.0,True,run2
hilton-saigon,2026-10-11,1110458708_384026274_1_41_0,"('1110458708', '384026274', '41', '0', '')",1,True,False,,15535800.0,True,run2
hilton-saigon,2026-10-11,1110458708_384026154_1_41_0,"('1110458708', '384026154', '41', '0', '')",1,True,False,,18711000.0,True,run2
hilton-saigon,2026-10-11,1110458708_384026154_1_25_0,"('1110458708', '384026154', '25', '0', '')",1,True,False,,20525400.0,True,run2
hilton-saigon,2026-11-18,1110458710_384026274_2_42_0,"('1110458710', '384026274', '42', '0', '')",N>=2,False,True,8941590.0,8941590.0,False,run2
hilton-saigon,2026-11-18,1110458710_384026154_2_42_0,"('1110458710', '384026154', '42', '0', '')",N>=2,False,True,9412200.0,9412200.0,False,run2
hilton-saigon,2026-11-18,1110458710_384026274_2_41_0,"('1110458710', '384026274', '41', '0', '')",N>=2,False,False,10319400.0,,False,run2
hilton-saigon,2026-11-18,1110458710_384026154_2_41_0,"('1110458710', '384026154', '41', '0', '')",N>=2,False,False,10773000.0,,False,run2
hilton-saigon,2026-11-18,1110458710_384026154_2_25_0,"('1110458710', '384026154', '25', '0', '')",N>=2,False,False,14401800.0,,False,run2
hilton-saigon,2026-11-18,1110458715_384026274_2_42_0,"('1110458715', '384026274', '42', '0', '')",N>=2,False,True,9157050.0,9157050.0,False,run2
hilton-saigon,2026-11-18,1110458715_384026154_2_42_0,"('1110458715', '384026154', '42', '0', '')",N>=2,False,True,9639000.0,9639000.0,False,run2
hilton-saigon,2026-11-18,1110458715_384026274_2_41_0,"('1110458715', '384026274', '41', '0', '')",N>=2,False,False,10546200.0,,False,run2
hilton-saigon,2026-11-18,1110458715_384026154_2_41_0,"('1110458715', '384026154', '41', '0', '')",N>=2,False,False,10999800.0,,False,run2
hilton-saigon,2026-11-18,1110458715_384026154_2_25_0,"('1110458715', '384026154', '25', '0', '')",N>=2,False,False,14628600.0,,False,run2
hilton-saigon,2026-11-18,1110458709_384026274_2_42_0,"('1110458709', '384026274', '42', '0', '')",N>=2,False,True,9372510.0,9372510.0,False,run2
hilton-saigon,2026-11-18,1110458709_384026154_2_42_0,"('1110458709', '384026154', '42', '0', '')",N>=2,False,True,9865800.0,9865800.0,False,run2
hilton-saigon,2026-11-18,1110458709_384026274_2_41_0,"('1110458709', '384026274', '41', '0', '')",N>=2,False,False,10716300.0,,False,run2
hilton-saigon,2026-11-18,1110458709_384026154_2_41_0,"('1110458709', '384026154', '41', '0', '')",N>=2,False,False,11226600.0,,False,run2
hilton-saigon,2026-11-18,1110458709_384026154_2_25_0,"('1110458709', '384026154', '25', '0', '')",N>=2,False,False,14855400.0,,False,run2
hilton-saigon,2026-11-18,1110458703_384026274_2_42_0,"('1110458703', '384026274', '42', '0', '')",N>=2,False,True,9695700.0,9695700.0,False,run2
hilton-saigon,2026-11-18,1110458703_384026154_2_42_0,"('1110458703', '384026154', '42', '0', '')",N>=2,False,True,10206000.0,10206000.0,False,run2
hilton-saigon,2026-11-18,1110458703_384026274_2_41_0,"('1110458703', '384026274', '41', '0', '')",N>=2,False,False,11056500.0,,False,run2
hilton-saigon,2026-11-18,1110458703_384026154_2_41_0,"('1110458703', '384026154', '41', '0', '')",N>=2,False,False,11566800.0,,False,run2
hilton-saigon,2026-11-18,1110458703_384026154_2_25_0,"('1110458703', '384026154', '25', '0', '')",N>=2,False,False,15195600.0,,False,run2
hilton-saigon,2026-11-18,1110458714_384026274_2_42_0,"('1110458714', '384026274', '42', '0', '')",N>=2,False,True,9695700.0,9695700.0,False,run2
hilton-saigon,2026-11-18,1110458714_384026154_2_42_0,"('1110458714', '384026154', '42', '0', '')",N>=2,False,True,10206000.0,10206000.0,False,run2
hilton-saigon,2026-11-18,1110458714_384026274_2_41_0,"('1110458714', '384026274', '41', '0', '')",N>=2,False,False,11056500.0,,False,run2
hilton-saigon,2026-11-18,1110458714_384026154_2_41_0,"('1110458714', '384026154', '41', '0', '')",N>=2,False,False,11566800.0,,False,run2
hilton-saigon,2026-11-18,1110458714_384026154_2_25_0,"('1110458714', '384026154', '25', '0', '')",N>=2,False,False,15195600.0,,False,run2
hilton-saigon,2026-11-18,1110458713_384026274_2_42_0,"('1110458713', '384026274', '42', '0', '')",N>=2,False,True,10557540.0,10557540.0,False,run2
hilton-saigon,2026-11-18,1110458713_384026154_2_42_0,"('1110458713', '384026154', '42', '0', '')",N>=2,False,True,11113200.0,11113200.0,False,run2
hilton-saigon,2026-11-18,1110458713_384026274_2_41_0,"('1110458713', '384026274', '41', '0', '')",N>=2,False,False,11907000.0,,False,run2
hilton-saigon,2026-11-18,1110458713_384026154_2_41_0,"('1110458713', '384026154', '41', '0', '')",N>=2,False,False,12474000.0,,False,run2
hilton-saigon,2026-11-18,1110458713_384026154_2_25_0,"('1110458713', '384026154', '25', '0', '')",N>=2,False,False,16102800.0,,False,run2
hilton-saigon,2026-11-18,1110458704_384026274_2_42_0,"('1110458704', '384026274', '42', '0', '')",N>=2,False,True,11096190.0,11096190.0,False,run2
hilton-saigon,2026-11-18,1110458704_384026154_2_42_0,"('1110458704', '384026154', '42', '0', '')",N>=2,False,True,11680200.0,11680200.0,False,run2
hilton-saigon,2026-11-18,1110458704_384026274_2_41_0,"('1110458704', '384026274', '41', '0', '')",N>=2,False,False,12474000.0,,False,run2
hilton-saigon,2026-11-18,1110458704_384026154_2_41_0,"('1110458704', '384026154', '41', '0', '')",N>=2,False,False,13041000.0,,False,run2
hilton-saigon,2026-11-18,1110458704_384026154_2_25_0,"('1110458704', '384026154', '25', '0', '')",N>=2,False,False,16669800.0,,False,run2
hilton-saigon,2026-11-18,1110458711_384026274_2_42_0,"('1110458711', '384026274', '42', '0', '')",N>=2,False,True,11096190.0,11096190.0,False,run2
hilton-saigon,2026-11-18,1110458711_384026154_2_42_0,"('1110458711', '384026154', '42', '0', '')",N>=2,False,True,11680200.0,11680200.0,False,run2
hilton-saigon,2026-11-18,1110458711_384026274_2_41_0,"('1110458711', '384026274', '41', '0', '')",N>=2,False,False,12474000.0,,False,run2
hilton-saigon,2026-11-18,1110458711_384026154_2_41_0,"('1110458711', '384026154', '41', '0', '')",N>=2,False,False,13041000.0,,False,run2
hilton-saigon,2026-11-18,1110458711_384026154_2_25_0,"('1110458711', '384026154', '25', '0', '')",N>=2,False,False,16669800.0,,False,run2
hilton-saigon,2026-11-18,1110458702_384026274_2_42_0,"('1110458702', '384026274', '42', '0', '')",N>=2,False,True,12819870.0,12819870.0,False,run2
hilton-saigon,2026-11-18,1110458702_384026154_2_42_0,"('1110458702', '384026154', '42', '0', '')",N>=2,False,True,13494600.0,13494600.0,False,run2
hilton-saigon,2026-11-18,1110458702_384026274_2_41_0,"('1110458702', '384026274', '41', '0', '')",N>=2,False,False,14175000.0,,False,run2
hilton-saigon,2026-11-18,1110458702_384026154_2_41_0,"('1110458702', '384026154', '41', '0', '')",N>=2,False,False,14855400.0,,False,run2
hilton-saigon,2026-11-18,1110458702_384026154_2_25_0,"('1110458702', '384026154', '25', '0', '')",N>=2,False,False,18484200.0,,False,run2
hilton-saigon,2026-11-18,1110458707_384026274_2_42_0,"('1110458707', '384026274', '42', '0', '')",N>=2,False,True,15513120.0,15513120.0,False,run2
hilton-saigon,2026-11-18,1110458707_384026154_2_42_0,"('1110458707', '384026154', '42', '0', '')",N>=2,False,True,16329600.0,16329600.0,False,run2
hilton-saigon,2026-11-18,1110458707_384026274_2_41_0,"('1110458707', '384026274', '41', '0', '')",N>=2,False,False,16896600.0,,False,run2
hilton-saigon,2026-11-18,1110458707_384026154_2_41_0,"('1110458707', '384026154', '41', '0', '')",N>=2,False,False,17690400.0,,False,run2
hilton-saigon,2026-11-18,1110458707_384026154_2_25_0,"('1110458707', '384026154', '25', '0', '')",N>=2,False,False,21319200.0,,False,run2
hilton-saigon,2026-11-18,1110458708_384026274_2_42_0,"('1110458708', '384026274', '42', '0', '')",N>=2,False,True,25101090.0,25101090.0,False,run2
hilton-saigon,2026-11-18,1110458708_384026154_2_42_0,"('1110458708', '384026154', '42', '0', '')",N>=2,False,True,26422200.0,26422200.0,False,run2
hilton-saigon,2026-11-18,1110458708_384026274_2_41_0,"('1110458708', '384026274', '41', '0', '')",N>=2,False,False,26478900.0,,False,run2
hilton-saigon,2026-11-18,1110458708_384026154_2_41_0,"('1110458708', '384026154', '41', '0', '')",N>=2,False,False,27783000.0,,False,run2
hilton-saigon,2026-11-18,1110458708_384026154_2_25_0,"('1110458708', '384026154', '25', '0', '')",N>=2,False,False,31411800.0,,False,run2
hilton-saigon,2026-11-18,1110458710_384026274_1_41_0,"('1110458710', '384026274', '41', '0', '')",1,True,False,,9639000.0,True,run2
hilton-saigon,2026-11-18,1110458710_384026154_1_41_0,"('1110458710', '384026154', '41', '0', '')",1,True,False,,10092600.0,True,run2
hilton-saigon,2026-11-18,1110458710_384026154_1_25_0,"('1110458710', '384026154', '25', '0', '')",1,True,False,,11907000.0,True,run2
hilton-saigon,2026-11-18,1110458715_384026274_1_41_0,"('1110458715', '384026274', '41', '0', '')",1,True,False,,9865800.0,True,run2
hilton-saigon,2026-11-18,1110458715_384026154_1_41_0,"('1110458715', '384026154', '41', '0', '')",1,True,False,,10319400.0,True,run2
hilton-saigon,2026-11-18,1110458715_384026154_1_25_0,"('1110458715', '384026154', '25', '0', '')",1,True,False,,12133800.0,True,run2
hilton-saigon,2026-11-18,1110458709_384026274_1_41_0,"('1110458709', '384026274', '41', '0', '')",1,True,False,,10035900.0,True,run2
hilton-saigon,2026-11-18,1110458709_384026154_1_41_0,"('1110458709', '384026154', '41', '0', '')",1,True,False,,10546200.0,True,run2
hilton-saigon,2026-11-18,1110458709_384026154_1_25_0,"('1110458709', '384026154', '25', '0', '')",1,True,False,,12360600.0,True,run2
hilton-saigon,2026-11-18,1110458703_384026274_1_41_0,"('1110458703', '384026274', '41', '0', '')",1,True,False,,10376100.0,True,run2
hilton-saigon,2026-11-18,1110458703_384026154_1_41_0,"('1110458703', '384026154', '41', '0', '')",1,True,False,,10886400.0,True,run2
hilton-saigon,2026-11-18,1110458703_384026154_1_25_0,"('1110458703', '384026154', '25', '0', '')",1,True,False,,12700800.0,True,run2
hilton-saigon,2026-11-18,1110458714_384026274_1_41_0,"('1110458714', '384026274', '41', '0', '')",1,True,False,,10376100.0,True,run2
hilton-saigon,2026-11-18,1110458714_384026154_1_41_0,"('1110458714', '384026154', '41', '0', '')",1,True,False,,10886400.0,True,run2
hilton-saigon,2026-11-18,1110458714_384026154_1_25_0,"('1110458714', '384026154', '25', '0', '')",1,True,False,,12700800.0,True,run2
hilton-saigon,2026-11-18,1110458713_384026274_1_41_0,"('1110458713', '384026274', '41', '0', '')",1,True,False,,11226600.0,True,run2
hilton-saigon,2026-11-18,1110458713_384026154_1_41_0,"('1110458713', '384026154', '41', '0', '')",1,True,False,,11793600.0,True,run2
hilton-saigon,2026-11-18,1110458713_384026154_1_25_0,"('1110458713', '384026154', '25', '0', '')",1,True,False,,13608000.0,True,run2
hilton-saigon,2026-11-18,1110458704_384026274_1_41_0,"('1110458704', '384026274', '41', '0', '')",1,True,False,,11793600.0,True,run2
hilton-saigon,2026-11-18,1110458704_384026154_1_41_0,"('1110458704', '384026154', '41', '0', '')",1,True,False,,12360600.0,True,run2
hilton-saigon,2026-11-18,1110458704_384026154_1_25_0,"('1110458704', '384026154', '25', '0', '')",1,True,False,,14175000.0,True,run2
hilton-saigon,2026-11-18,1110458711_384026274_1_41_0,"('1110458711', '384026274', '41', '0', '')",1,True,False,,11793600.0,True,run2
hilton-saigon,2026-11-18,1110458711_384026154_1_41_0,"('1110458711', '384026154', '41', '0', '')",1,True,False,,12360600.0,True,run2
hilton-saigon,2026-11-18,1110458711_384026154_1_25_0,"('1110458711', '384026154', '25', '0', '')",1,True,False,,14175000.0,True,run2
hilton-saigon,2026-11-18,1110458702_384026274_1_41_0,"('1110458702', '384026274', '41', '0', '')",1,True,False,,13494600.0,True,run2
hilton-saigon,2026-11-18,1110458702_384026154_1_41_0,"('1110458702', '384026154', '41', '0', '')",1,True,False,,14175000.0,True,run2
hilton-saigon,2026-11-18,1110458702_384026154_1_25_0,"('1110458702', '384026154', '25', '0', '')",1,True,False,,15989400.0,True,run2
hilton-saigon,2026-11-18,1110458707_384026274_1_41_0,"('1110458707', '384026274', '41', '0', '')",1,True,False,,16216200.0,True,run2
hilton-saigon,2026-11-18,1110458707_384026154_1_41_0,"('1110458707', '384026154', '41', '0', '')",1,True,False,,17010000.0,True,run2
hilton-saigon,2026-11-18,1110458707_384026154_1_25_0,"('1110458707', '384026154', '25', '0', '')",1,True,False,,18824400.0,True,run2
hilton-saigon,2026-11-18,1110458708_384026274_1_41_0,"('1110458708', '384026274', '41', '0', '')",1,True,False,,25798500.0,True,run2
hilton-saigon,2026-11-18,1110458708_384026154_1_41_0,"('1110458708', '384026154', '41', '0', '')",1,True,False,,27102600.0,True,run2
hilton-saigon,2026-11-18,1110458708_384026154_1_25_0,"('1110458708', '384026154', '25', '0', '')",1,True,False,,28917000.0,True,run2
ibis-styles-vung-tau,2026-10-01,572853901_390832052_2_1_0_1123186,"('572853901', '390832052', '1', '0', '1123186')",N>=2,False,False,1632000.0,,False,run2
ibis-styles-vung-tau,2026-10-01,572853901_405605382_2_1_0_1235884,"('572853901', '405605382', '1', '0', '1235884')",N>=2,False,False,1700000.0,,False,run2
ibis-styles-vung-tau,2026-10-01,572853901_406373902_2_1_0,"('572853901', '406373902', '1', '0', '')",N>=2,False,False,1700000.0,,False,run2
ibis-styles-vung-tau,2026-10-01,572853906_390832052_2_1_0_1123186,"('572853906', '390832052', '1', '0', '1123186')",N>=2,False,False,1489500.0,,False,run2
ibis-styles-vung-tau,2026-10-01,572853906_405605382_2_1_0_1235884,"('572853906', '405605382', '1', '0', '1235884')",N>=2,False,False,1550000.0,,False,run2
ibis-styles-vung-tau,2026-10-01,572853906_406373902_2_1_0,"('572853906', '406373902', '1', '0', '')",N>=2,False,False,1550000.0,,False,run2
ibis-styles-vung-tau,2026-10-01,572853905_390832052_2_1_0_1123186,"('572853905', '390832052', '1', '0', '1123186')",N>=2,False,False,1632000.0,,False,run2
ibis-styles-vung-tau,2026-10-01,572853905_405605382_2_1_0_1235884,"('572853905', '405605382', '1', '0', '1235884')",N>=2,False,False,1700000.0,,False,run2
ibis-styles-vung-tau,2026-10-01,572853905_406373902_2_1_0,"('572853905', '406373902', '1', '0', '')",N>=2,False,False,1700000.0,,False,run2
ibis-styles-vung-tau,2026-10-01,572853903_390832052_2_1_0_1123186,"('572853903', '390832052', '1', '0', '1123186')",N>=2,False,False,2059500.0,,False,run2
ibis-styles-vung-tau,2026-10-01,572853903_405605382_2_1_0_1235884,"('572853903', '405605382', '1', '0', '1235884')",N>=2,False,False,2150000.0,,False,run2
ibis-styles-vung-tau,2026-10-01,572853903_406373902_2_1_0,"('572853903', '406373902', '1', '0', '')",N>=2,False,False,2150000.0,,False,run2
ibis-styles-vung-tau,2026-10-01,572853907_390832052_2_1_0_1123186,"('572853907', '390832052', '1', '0', '1123186')",N>=2,False,False,1774500.0,,False,run2
ibis-styles-vung-tau,2026-10-01,572853907_405605382_2_1_0_1235884,"('572853907', '405605382', '1', '0', '1235884')",N>=2,False,False,1850000.0,,False,run2
ibis-styles-vung-tau,2026-10-01,572853907_406373902_2_1_0,"('572853907', '406373902', '1', '0', '')",N>=2,False,False,1850000.0,,False,run2
ibis-styles-vung-tau,2026-10-01,572853904_390832052_2_1_0_1123186,"('572853904', '390832052', '1', '0', '1123186')",N>=2,False,False,2059500.0,,False,run2
ibis-styles-vung-tau,2026-10-01,572853904_406373902_2_1_0,"('572853904', '406373902', '1', '0', '')",N>=2,False,False,2150000.0,,False,run2
ibis-styles-vung-tau,2026-10-01,572853904_405605382_2_1_0_1235884,"('572853904', '405605382', '1', '0', '1235884')",N>=2,False,False,2150000.0,,False,run2
ibis-styles-vung-tau,2026-10-01,572853902_390832052_2_1_0_1123186,"('572853902', '390832052', '1', '0', '1123186')",N>=2,False,False,2439500.0,,False,run2
ibis-styles-vung-tau,2026-10-01,572853902_406373902_2_1_0,"('572853902', '406373902', '1', '0', '')",N>=2,False,False,2550000.0,,False,run2
ibis-styles-vung-tau,2026-10-01,572853902_405605382_2_1_0_1235884,"('572853902', '405605382', '1', '0', '1235884')",N>=2,False,False,2550000.0,,False,run2
ibis-styles-vung-tau,2026-10-01,572853901_390832052_1_1_0_1123186,"('572853901', '390832052', '1', '0', '1123186')",1,True,False,,1395500.0,True,run2
ibis-styles-vung-tau,2026-10-01,572853901_406373902_1_1_0,"('572853901', '406373902', '1', '0', '')",1,True,False,,1460000.0,True,run2
ibis-styles-vung-tau,2026-10-01,572853901_405605382_1_1_0_1235884,"('572853901', '405605382', '1', '0', '1235884')",1,True,False,,1460000.0,True,run2
ibis-styles-vung-tau,2026-10-01,572853906_390832052_1_1_0_1123186,"('572853906', '390832052', '1', '0', '1123186')",1,True,False,,1253000.0,True,run2
ibis-styles-vung-tau,2026-10-01,572853906_406373902_1_1_0,"('572853906', '406373902', '1', '0', '')",1,True,False,,1310000.0,True,run2
ibis-styles-vung-tau,2026-10-01,572853906_405605382_1_1_0_1235884,"('572853906', '405605382', '1', '0', '1235884')",1,True,False,,1310000.0,True,run2
ibis-styles-vung-tau,2026-10-01,572853905_390832052_1_1_0_1123186,"('572853905', '390832052', '1', '0', '1123186')",1,True,False,,1395500.0,True,run2
ibis-styles-vung-tau,2026-10-01,572853905_406373902_1_1_0,"('572853905', '406373902', '1', '0', '')",1,True,False,,1460000.0,True,run2
ibis-styles-vung-tau,2026-10-01,572853905_405605382_1_1_0_1235884,"('572853905', '405605382', '1', '0', '1235884')",1,True,False,,1460000.0,True,run2
ibis-styles-vung-tau,2026-10-01,572853907_390832052_1_1_0_1123186,"('572853907', '390832052', '1', '0', '1123186')",1,True,False,,1538000.0,True,run2
ibis-styles-vung-tau,2026-10-01,572853907_405605382_1_1_0_1235884,"('572853907', '405605382', '1', '0', '1235884')",1,True,False,,1610000.0,True,run2
ibis-styles-vung-tau,2026-10-01,572853907_406373902_1_1_0,"('572853907', '406373902', '1', '0', '')",1,True,False,,1610000.0,True,run2
ibis-styles-vung-tau,2026-10-01,572853903_390832052_1_1_0_1123186,"('572853903', '390832052', '1', '0', '1123186')",1,True,False,,1823000.0,True,run2
ibis-styles-vung-tau,2026-10-01,572853903_405605382_1_1_0_1235884,"('572853903', '405605382', '1', '0', '1235884')",1,True,False,,1910000.0,True,run2
ibis-styles-vung-tau,2026-10-01,572853903_406373902_1_1_0,"('572853903', '406373902', '1', '0', '')",1,True,False,,1910000.0,True,run2
ibis-styles-vung-tau,2026-10-01,572853904_390832052_1_1_0_1123186,"('572853904', '390832052', '1', '0', '1123186')",1,True,False,,1823000.0,True,run2
ibis-styles-vung-tau,2026-10-01,572853904_406373902_1_1_0,"('572853904', '406373902', '1', '0', '')",1,True,False,,1910000.0,True,run2
ibis-styles-vung-tau,2026-10-01,572853904_405605382_1_1_0_1235884,"('572853904', '405605382', '1', '0', '1235884')",1,True,False,,1910000.0,True,run2
ibis-styles-vung-tau,2026-10-01,572853902_390832052_1_1_0_1123186,"('572853902', '390832052', '1', '0', '1123186')",1,True,False,,2203000.0,True,run2
ibis-styles-vung-tau,2026-10-01,572853902_405605382_1_1_0_1235884,"('572853902', '405605382', '1', '0', '1235884')",1,True,False,,2310000.0,True,run2
ibis-styles-vung-tau,2026-10-01,572853902_406373902_1_1_0,"('572853902', '406373902', '1', '0', '')",1,True,False,,2310000.0,True,run2
ibis-styles-vung-tau,2026-10-11,572853901_220434595_2_1_0,"('572853901', '220434595', '1', '0', '')",N>=2,False,False,1530000.0,,False,run2
ibis-styles-vung-tau,2026-10-11,572853901_406373902_2_1_0,"('572853901', '406373902', '1', '0', '')",N>=2,False,False,1740000.0,,False,run2
ibis-styles-vung-tau,2026-10-11,572853901_405605382_2_1_0_1235884,"('572853901', '405605382', '1', '0', '1235884')",N>=2,False,False,1740000.0,,False,run2
ibis-styles-vung-tau,2026-10-11,572853906_220434595_2_1_0,"('572853906', '220434595', '1', '0', '')",N>=2,False,False,1402500.0,,False,run2
ibis-styles-vung-tau,2026-10-11,572853906_406373902_2_1_0,"('572853906', '406373902', '1', '0', '')",N>=2,False,False,1590000.0,,False,run2
ibis-styles-vung-tau,2026-10-11,572853906_405605382_2_1_0_1235884,"('572853906', '405605382', '1', '0', '1235884')",N>=2,False,False,1590000.0,,False,run2
ibis-styles-vung-tau,2026-10-11,572853905_220434595_2_1_0,"('572853905', '220434595', '1', '0', '')",N>=2,False,False,1530000.0,,False,run2
ibis-styles-vung-tau,2026-10-11,572853905_406373902_2_1_0,"('572853905', '406373902', '1', '0', '')",N>=2,False,False,1740000.0,,False,run2
ibis-styles-vung-tau,2026-10-11,572853905_405605382_2_1_0_1235884,"('572853905', '405605382', '1', '0', '1235884')",N>=2,False,False,1740000.0,,False,run2
ibis-styles-vung-tau,2026-10-11,572853907_220434595_2_1_0,"('572853907', '220434595', '1', '0', '')",N>=2,False,False,1657500.0,,False,run2
ibis-styles-vung-tau,2026-10-11,572853907_406373902_2_1_0,"('572853907', '406373902', '1', '0', '')",N>=2,False,False,1890000.0,,False,run2
ibis-styles-vung-tau,2026-10-11,572853907_405605382_2_1_0_1235884,"('572853907', '405605382', '1', '0', '1235884')",N>=2,False,False,1890000.0,,False,run2
ibis-styles-vung-tau,2026-10-11,572853903_220434595_2_1_0,"('572853903', '220434595', '1', '0', '')",N>=2,False,False,1912500.0,,False,run2
ibis-styles-vung-tau,2026-10-11,572853903_406373902_2_1_0,"('572853903', '406373902', '1', '0', '')",N>=2,False,False,2190000.0,,False,run2
ibis-styles-vung-tau,2026-10-11,572853903_405605382_2_1_0_1235884,"('572853903', '405605382', '1', '0', '1235884')",N>=2,False,False,2190000.0,,False,run2
ibis-styles-vung-tau,2026-10-11,572853904_220434595_2_1_0,"('572853904', '220434595', '1', '0', '')",N>=2,False,False,1912500.0,,False,run2
ibis-styles-vung-tau,2026-10-11,572853904_405605382_2_1_0_1235884,"('572853904', '405605382', '1', '0', '1235884')",N>=2,False,False,2190000.0,,False,run2
ibis-styles-vung-tau,2026-10-11,572853904_406373902_2_1_0,"('572853904', '406373902', '1', '0', '')",N>=2,False,False,2190000.0,,False,run2
ibis-styles-vung-tau,2026-10-11,572853902_220434595_2_1_0,"('572853902', '220434595', '1', '0', '')",N>=2,False,False,2252500.0,,False,run2
ibis-styles-vung-tau,2026-10-11,572853902_405605382_2_1_0_1235884,"('572853902', '405605382', '1', '0', '1235884')",N>=2,False,False,2590000.0,,False,run2
ibis-styles-vung-tau,2026-10-11,572853902_406373902_2_1_0,"('572853902', '406373902', '1', '0', '')",N>=2,False,False,2590000.0,,False,run2
ibis-styles-vung-tau,2026-10-11,572853906_220434595_1_1_0,"('572853906', '220434595', '1', '0', '')",1,True,False,,1173000.0,True,run2
ibis-styles-vung-tau,2026-10-11,572853906_406373902_1_1_0,"('572853906', '406373902', '1', '0', '')",1,True,False,,1350000.0,True,run2
ibis-styles-vung-tau,2026-10-11,572853906_405605382_1_1_0_1235884,"('572853906', '405605382', '1', '0', '1235884')",1,True,False,,1350000.0,True,run2
ibis-styles-vung-tau,2026-10-11,572853901_220434595_1_1_0,"('572853901', '220434595', '1', '0', '')",1,True,False,,1300500.0,True,run2
ibis-styles-vung-tau,2026-10-11,572853901_406373902_1_1_0,"('572853901', '406373902', '1', '0', '')",1,True,False,,1500000.0,True,run2
ibis-styles-vung-tau,2026-10-11,572853901_405605382_1_1_0_1235884,"('572853901', '405605382', '1', '0', '1235884')",1,True,False,,1500000.0,True,run2
ibis-styles-vung-tau,2026-10-11,572853905_220434595_1_1_0,"('572853905', '220434595', '1', '0', '')",1,True,False,,1300500.0,True,run2
ibis-styles-vung-tau,2026-10-11,572853905_405605382_1_1_0_1235884,"('572853905', '405605382', '1', '0', '1235884')",1,True,False,,1500000.0,True,run2
ibis-styles-vung-tau,2026-10-11,572853905_406373902_1_1_0,"('572853905', '406373902', '1', '0', '')",1,True,False,,1500000.0,True,run2
ibis-styles-vung-tau,2026-10-11,572853907_220434595_1_1_0,"('572853907', '220434595', '1', '0', '')",1,True,False,,1428000.0,True,run2
ibis-styles-vung-tau,2026-10-11,572853907_406373902_1_1_0,"('572853907', '406373902', '1', '0', '')",1,True,False,,1650000.0,True,run2
ibis-styles-vung-tau,2026-10-11,572853907_405605382_1_1_0_1235884,"('572853907', '405605382', '1', '0', '1235884')",1,True,False,,1650000.0,True,run2
ibis-styles-vung-tau,2026-10-11,572853903_220434595_1_1_0,"('572853903', '220434595', '1', '0', '')",1,True,False,,1683000.0,True,run2
ibis-styles-vung-tau,2026-10-11,572853903_405605382_1_1_0_1235884,"('572853903', '405605382', '1', '0', '1235884')",1,True,False,,1950000.0,True,run2
ibis-styles-vung-tau,2026-10-11,572853903_406373902_1_1_0,"('572853903', '406373902', '1', '0', '')",1,True,False,,1950000.0,True,run2
ibis-styles-vung-tau,2026-10-11,572853904_220434595_1_1_0,"('572853904', '220434595', '1', '0', '')",1,True,False,,1683000.0,True,run2
ibis-styles-vung-tau,2026-10-11,572853904_405605382_1_1_0_1235884,"('572853904', '405605382', '1', '0', '1235884')",1,True,False,,1950000.0,True,run2
ibis-styles-vung-tau,2026-10-11,572853904_406373902_1_1_0,"('572853904', '406373902', '1', '0', '')",1,True,False,,1950000.0,True,run2
ibis-styles-vung-tau,2026-10-11,572853902_220434595_1_1_0,"('572853902', '220434595', '1', '0', '')",1,True,False,,2023000.0,True,run2
ibis-styles-vung-tau,2026-10-11,572853902_406373902_1_1_0,"('572853902', '406373902', '1', '0', '')",1,True,False,,2350000.0,True,run2
ibis-styles-vung-tau,2026-10-11,572853902_405605382_1_1_0_1235884,"('572853902', '405605382', '1', '0', '1235884')",1,True,False,,2350000.0,True,run2
ibis-styles-vung-tau,2026-11-18,572853906_220434595_2_1_0,"('572853906', '220434595', '1', '0', '')",N>=2,False,False,1615000.0,,False,run2
ibis-styles-vung-tau,2026-11-18,572853906_390832052_2_1_0_1123186,"('572853906', '390832052', '1', '0', '1123186')",N>=2,False,False,1765000.0,,False,run2
ibis-styles-vung-tau,2026-11-18,572853906_406373902_2_1_0,"('572853906', '406373902', '1', '0', '')",N>=2,False,False,1840000.0,,False,run2
ibis-styles-vung-tau,2026-11-18,572853906_405605382_2_1_0_1235884,"('572853906', '405605382', '1', '0', '1235884')",N>=2,False,False,1840000.0,,False,run2
ibis-styles-vung-tau,2026-11-18,572853901_220434595_2_1_0,"('572853901', '220434595', '1', '0', '')",N>=2,False,False,1742500.0,,False,run2
ibis-styles-vung-tau,2026-11-18,572853901_390832052_2_1_0_1123186,"('572853901', '390832052', '1', '0', '1123186')",N>=2,False,False,1907500.0,,False,run2
ibis-styles-vung-tau,2026-11-18,572853901_405605382_2_1_0_1235884,"('572853901', '405605382', '1', '0', '1235884')",N>=2,False,False,1990000.0,,False,run2
ibis-styles-vung-tau,2026-11-18,572853901_406373902_2_1_0,"('572853901', '406373902', '1', '0', '')",N>=2,False,False,1990000.0,,False,run2
ibis-styles-vung-tau,2026-11-18,572853905_220434595_2_1_0,"('572853905', '220434595', '1', '0', '')",N>=2,False,False,1742500.0,,False,run2
ibis-styles-vung-tau,2026-11-18,572853905_390832052_2_1_0_1123186,"('572853905', '390832052', '1', '0', '1123186')",N>=2,False,False,1907500.0,,False,run2
ibis-styles-vung-tau,2026-11-18,572853905_406373902_2_1_0,"('572853905', '406373902', '1', '0', '')",N>=2,False,False,1990000.0,,False,run2
ibis-styles-vung-tau,2026-11-18,572853905_405605382_2_1_0_1235884,"('572853905', '405605382', '1', '0', '1235884')",N>=2,False,False,1990000.0,,False,run2
ibis-styles-vung-tau,2026-11-18,572853907_220434595_2_1_0,"('572853907', '220434595', '1', '0', '')",N>=2,False,False,1870000.0,,False,run2
ibis-styles-vung-tau,2026-11-18,572853907_390832052_2_1_0_1123186,"('572853907', '390832052', '1', '0', '1123186')",N>=2,False,False,2050000.0,,False,run2
ibis-styles-vung-tau,2026-11-18,572853907_405605382_2_1_0_1235884,"('572853907', '405605382', '1', '0', '1235884')",N>=2,False,False,2140000.0,,False,run2
ibis-styles-vung-tau,2026-11-18,572853907_406373902_2_1_0,"('572853907', '406373902', '1', '0', '')",N>=2,False,False,2140000.0,,False,run2
ibis-styles-vung-tau,2026-11-18,572853903_220434595_2_1_0,"('572853903', '220434595', '1', '0', '')",N>=2,False,False,2125000.0,,False,run2
ibis-styles-vung-tau,2026-11-18,572853903_390832052_2_1_0_1123186,"('572853903', '390832052', '1', '0', '1123186')",N>=2,False,False,2335000.0,,False,run2
ibis-styles-vung-tau,2026-11-18,572853903_405605382_2_1_0_1235884,"('572853903', '405605382', '1', '0', '1235884')",N>=2,False,False,2440000.0,,False,run2
ibis-styles-vung-tau,2026-11-18,572853903_406373902_2_1_0,"('572853903', '406373902', '1', '0', '')",N>=2,False,False,2440000.0,,False,run2
ibis-styles-vung-tau,2026-11-18,572853904_220434595_2_1_0,"('572853904', '220434595', '1', '0', '')",N>=2,False,False,2125000.0,,False,run2
ibis-styles-vung-tau,2026-11-18,572853904_390832052_2_1_0_1123186,"('572853904', '390832052', '1', '0', '1123186')",N>=2,False,False,2335000.0,,False,run2
ibis-styles-vung-tau,2026-11-18,572853904_405605382_2_1_0_1235884,"('572853904', '405605382', '1', '0', '1235884')",N>=2,False,False,2440000.0,,False,run2
ibis-styles-vung-tau,2026-11-18,572853904_406373902_2_1_0,"('572853904', '406373902', '1', '0', '')",N>=2,False,False,2440000.0,,False,run2
ibis-styles-vung-tau,2026-11-18,572853902_220434595_2_1_0,"('572853902', '220434595', '1', '0', '')",N>=2,False,False,2465000.0,,False,run2
ibis-styles-vung-tau,2026-11-18,572853902_390832052_2_1_0_1123186,"('572853902', '390832052', '1', '0', '1123186')",N>=2,False,False,2715000.0,,False,run2
ibis-styles-vung-tau,2026-11-18,572853902_405605382_2_1_0_1235884,"('572853902', '405605382', '1', '0', '1235884')",N>=2,False,False,2840000.0,,False,run2
ibis-styles-vung-tau,2026-11-18,572853902_406373902_2_1_0,"('572853902', '406373902', '1', '0', '')",N>=2,False,False,2840000.0,,False,run2
ibis-styles-vung-tau,2026-11-18,572853906_220434595_1_1_0,"('572853906', '220434595', '1', '0', '')",1,True,False,,1385500.0,True,run2
ibis-styles-vung-tau,2026-11-18,572853906_390832052_1_1_0_1123186,"('572853906', '390832052', '1', '0', '1123186')",1,True,False,,1528500.0,True,run2
ibis-styles-vung-tau,2026-11-18,572853906_405605382_1_1_0_1235884,"('572853906', '405605382', '1', '0', '1235884')",1,True,False,,1600000.0,True,run2
ibis-styles-vung-tau,2026-11-18,572853906_406373902_1_1_0,"('572853906', '406373902', '1', '0', '')",1,True,False,,1600000.0,True,run2
ibis-styles-vung-tau,2026-11-18,572853901_220434595_1_1_0,"('572853901', '220434595', '1', '0', '')",1,True,False,,1513000.0,True,run2
ibis-styles-vung-tau,2026-11-18,572853901_390832052_1_1_0_1123186,"('572853901', '390832052', '1', '0', '1123186')",1,True,False,,1671000.0,True,run2
ibis-styles-vung-tau,2026-11-18,572853901_406373902_1_1_0,"('572853901', '406373902', '1', '0', '')",1,True,False,,1750000.0,True,run2
ibis-styles-vung-tau,2026-11-18,572853901_405605382_1_1_0_1235884,"('572853901', '405605382', '1', '0', '1235884')",1,True,False,,1750000.0,True,run2
ibis-styles-vung-tau,2026-11-18,572853905_220434595_1_1_0,"('572853905', '220434595', '1', '0', '')",1,True,False,,1513000.0,True,run2
ibis-styles-vung-tau,2026-11-18,572853905_390832052_1_1_0_1123186,"('572853905', '390832052', '1', '0', '1123186')",1,True,False,,1671000.0,True,run2
ibis-styles-vung-tau,2026-11-18,572853905_405605382_1_1_0_1235884,"('572853905', '405605382', '1', '0', '1235884')",1,True,False,,1750000.0,True,run2
ibis-styles-vung-tau,2026-11-18,572853905_406373902_1_1_0,"('572853905', '406373902', '1', '0', '')",1,True,False,,1750000.0,True,run2
ibis-styles-vung-tau,2026-11-18,572853907_220434595_1_1_0,"('572853907', '220434595', '1', '0', '')",1,True,False,,1640500.0,True,run2
ibis-styles-vung-tau,2026-11-18,572853907_390832052_1_1_0_1123186,"('572853907', '390832052', '1', '0', '1123186')",1,True,False,,1813500.0,True,run2
ibis-styles-vung-tau,2026-11-18,572853907_406373902_1_1_0,"('572853907', '406373902', '1', '0', '')",1,True,False,,1900000.0,True,run2
ibis-styles-vung-tau,2026-11-18,572853907_405605382_1_1_0_1235884,"('572853907', '405605382', '1', '0', '1235884')",1,True,False,,1900000.0,True,run2
ibis-styles-vung-tau,2026-11-18,572853903_220434595_1_1_0,"('572853903', '220434595', '1', '0', '')",1,True,False,,1895500.0,True,run2
ibis-styles-vung-tau,2026-11-18,572853903_390832052_1_1_0_1123186,"('572853903', '390832052', '1', '0', '1123186')",1,True,False,,2098500.0,True,run2
ibis-styles-vung-tau,2026-11-18,572853903_406373902_1_1_0,"('572853903', '406373902', '1', '0', '')",1,True,False,,2200000.0,True,run2
ibis-styles-vung-tau,2026-11-18,572853903_405605382_1_1_0_1235884,"('572853903', '405605382', '1', '0', '1235884')",1,True,False,,2200000.0,True,run2
ibis-styles-vung-tau,2026-11-18,572853904_220434595_1_1_0,"('572853904', '220434595', '1', '0', '')",1,True,False,,1895500.0,True,run2
ibis-styles-vung-tau,2026-11-18,572853904_390832052_1_1_0_1123186,"('572853904', '390832052', '1', '0', '1123186')",1,True,False,,2098500.0,True,run2
ibis-styles-vung-tau,2026-11-18,572853904_406373902_1_1_0,"('572853904', '406373902', '1', '0', '')",1,True,False,,2200000.0,True,run2
ibis-styles-vung-tau,2026-11-18,572853904_405605382_1_1_0_1235884,"('572853904', '405605382', '1', '0', '1235884')",1,True,False,,2200000.0,True,run2
ibis-styles-vung-tau,2026-11-18,572853902_220434595_1_1_0,"('572853902', '220434595', '1', '0', '')",1,True,False,,2235500.0,True,run2
ibis-styles-vung-tau,2026-11-18,572853902_390832052_1_1_0_1123186,"('572853902', '390832052', '1', '0', '1123186')",1,True,False,,2478500.0,True,run2
ibis-styles-vung-tau,2026-11-18,572853902_406373902_1_1_0,"('572853902', '406373902', '1', '0', '')",1,True,False,,2600000.0,True,run2
ibis-styles-vung-tau,2026-11-18,572853902_405605382_1_1_0_1235884,"('572853902', '405605382', '1', '0', '1235884')",1,True,False,,2600000.0,True,run2
intercontinental-westlake,2026-10-01,7118165_125380250_2_34_0,"('7118165', '125380250', '34', '0', '')",N>=2,False,True,4660913.0,4660913.0,False,run2
intercontinental-westlake,2026-10-01,7118165_242444141_2_34_0,"('7118165', '242444141', '34', '0', '')",N>=2,False,True,5133065.0,5133065.0,False,run2
intercontinental-westlake,2026-10-01,7118165_125380250_2_33_0,"('7118165', '125380250', '33', '0', '')",N>=2,False,True,5250908.0,5250908.0,False,run2
intercontinental-westlake,2026-10-01,7118165_242444141_2_33_0,"('7118165', '242444141', '33', '0', '')",N>=2,False,True,5723061.0,5723061.0,False,run2
intercontinental-westlake,2026-10-01,7118165_242444141_2_17_0,"('7118165', '242444141', '17', '0', '')",N>=2,False,True,7493047.0,7493047.0,False,run2
intercontinental-westlake,2026-10-01,7118169_125380250_2_34_0,"('7118169', '125380250', '34', '0', '')",N>=2,False,True,5664009.0,5664009.0,False,run2
intercontinental-westlake,2026-10-01,7118169_242444141_2_34_0,"('7118169', '242444141', '34', '0', '')",N>=2,False,True,6135902.0,6135902.0,False,run2
intercontinental-westlake,2026-10-01,7118169_125380250_2_33_0,"('7118169', '125380250', '33', '0', '')",N>=2,False,True,6254005.0,6254005.0,False,run2
intercontinental-westlake,2026-10-01,7118169_242444141_2_33_0,"('7118169', '242444141', '33', '0', '')",N>=2,False,True,6725897.0,6725897.0,False,run2
intercontinental-westlake,2026-10-01,7118169_242444141_2_17_0,"('7118169', '242444141', '17', '0', '')",N>=2,False,True,8495884.0,8495884.0,False,run2
intercontinental-westlake,2026-10-01,7118168_125380250_2_34_0,"('7118168', '125380250', '34', '0', '')",N>=2,False,True,5929351.0,5929351.0,False,run2
intercontinental-westlake,2026-10-01,7118168_242444141_2_34_0,"('7118168', '242444141', '34', '0', '')",N>=2,False,True,6401504.0,6401504.0,False,run2
intercontinental-westlake,2026-10-01,7118168_125380250_2_33_0,"('7118168', '125380250', '33', '0', '')",N>=2,False,True,6519347.0,6519347.0,False,run2
intercontinental-westlake,2026-10-01,7118168_242444141_2_33_0,"('7118168', '242444141', '33', '0', '')",N>=2,False,True,6991499.0,6991499.0,False,run2
intercontinental-westlake,2026-10-01,7118168_242444141_2_17_0,"('7118168', '242444141', '17', '0', '')",N>=2,False,True,8761486.0,8761486.0,False,run2
intercontinental-westlake,2026-10-01,7118170_125380250_2_34_0,"('7118170', '125380250', '34', '0', '')",N>=2,False,True,6784949.0,6784949.0,False,run2
intercontinental-westlake,2026-10-01,7118170_242444141_2_34_0,"('7118170', '242444141', '34', '0', '')",N>=2,False,True,7256841.0,7256841.0,False,run2
intercontinental-westlake,2026-10-01,7118170_125380250_2_33_0,"('7118170', '125380250', '33', '0', '')",N>=2,False,True,7374944.0,7374944.0,False,run2
intercontinental-westlake,2026-10-01,7118170_242444141_2_33_0,"('7118170', '242444141', '33', '0', '')",N>=2,False,True,7846837.0,7846837.0,False,run2
intercontinental-westlake,2026-10-01,7118171_125380250_2_34_0,"('7118171', '125380250', '34', '0', '')",N>=2,False,True,6784949.0,6784949.0,False,run2
intercontinental-westlake,2026-10-01,7118171_242444141_2_34_0,"('7118171', '242444141', '34', '0', '')",N>=2,False,True,7256841.0,7256841.0,False,run2
intercontinental-westlake,2026-10-01,7118171_125380250_2_33_0,"('7118171', '125380250', '33', '0', '')",N>=2,False,True,7374944.0,7374944.0,False,run2
intercontinental-westlake,2026-10-01,7118171_242444141_2_33_0,"('7118171', '242444141', '33', '0', '')",N>=2,False,True,7846837.0,7846837.0,False,run2
intercontinental-westlake,2026-10-01,7118173_125380250_2_34_0,"('7118173', '125380250', '34', '0', '')",N>=2,False,True,6784949.0,6784949.0,False,run2
intercontinental-westlake,2026-10-01,7118173_242444141_2_34_0,"('7118173', '242444141', '34', '0', '')",N>=2,False,True,7256841.0,7256841.0,False,run2
intercontinental-westlake,2026-10-01,7118173_125380250_2_33_0,"('7118173', '125380250', '33', '0', '')",N>=2,False,True,7374944.0,7374944.0,False,run2
intercontinental-westlake,2026-10-01,7118173_242444141_2_33_0,"('7118173', '242444141', '33', '0', '')",N>=2,False,True,7846837.0,7846837.0,False,run2
intercontinental-westlake,2026-10-01,7118172_125380250_2_34_0,"('7118172', '125380250', '34', '0', '')",N>=2,False,True,7345548.0,7345548.0,False,run2
intercontinental-westlake,2026-10-01,7118172_242444141_2_34_0,"('7118172', '242444141', '34', '0', '')",N>=2,False,True,7817441.0,7817441.0,False,run2
intercontinental-westlake,2026-10-01,7118172_125380250_2_33_0,"('7118172', '125380250', '33', '0', '')",N>=2,False,True,7935544.0,7935544.0,False,run2
intercontinental-westlake,2026-10-01,7118172_242444141_2_33_0,"('7118172', '242444141', '33', '0', '')",N>=2,False,True,8407436.0,8407436.0,False,run2
intercontinental-westlake,2026-10-01,7118174_125380250_2_34_0,"('7118174', '125380250', '34', '0', '')",N>=2,False,True,7345548.0,7345548.0,False,run2
intercontinental-westlake,2026-10-01,7118174_242444141_2_34_0,"('7118174', '242444141', '34', '0', '')",N>=2,False,True,7817441.0,7817441.0,False,run2
intercontinental-westlake,2026-10-01,7118174_125380250_2_33_0,"('7118174', '125380250', '33', '0', '')",N>=2,False,True,7935544.0,7935544.0,False,run2
intercontinental-westlake,2026-10-01,7118174_242444141_2_33_0,"('7118174', '242444141', '33', '0', '')",N>=2,False,True,8407436.0,8407436.0,False,run2
intercontinental-westlake,2026-10-01,7118175_125380250_2_34_0,"('7118175', '125380250', '34', '0', '')",N>=2,False,True,7905888.0,7905888.0,False,run2
intercontinental-westlake,2026-10-01,7118175_242444141_2_34_0,"('7118175', '242444141', '34', '0', '')",N>=2,False,True,8378041.0,8378041.0,False,run2
intercontinental-westlake,2026-10-01,7118175_125380250_2_33_0,"('7118175', '125380250', '33', '0', '')",N>=2,False,True,8495884.0,8495884.0,False,run2
intercontinental-westlake,2026-10-01,7118175_242444141_2_33_0,"('7118175', '242444141', '33', '0', '')",N>=2,False,True,8968036.0,8968036.0,False,run2
intercontinental-westlake,2026-10-11,7118161_125380250_2_34_0,"('7118161', '125380250', '34', '0', '')",N>=2,False,True,4393481.0,4393481.0,False,run2
intercontinental-westlake,2026-10-11,7118161_242444141_2_34_0,"('7118161', '242444141', '34', '0', '')",N>=2,False,True,4717720.0,4717720.0,False,run2
intercontinental-westlake,2026-10-11,7118161_125380250_2_33_0,"('7118161', '125380250', '33', '0', '')",N>=2,False,True,4983196.0,4983196.0,False,run2
intercontinental-westlake,2026-10-11,7118161_242444141_2_33_0,"('7118161', '242444141', '33', '0', '')",N>=2,False,True,5307435.0,5307435.0,False,run2
intercontinental-westlake,2026-10-11,7118161_242444141_2_17_0,"('7118161', '242444141', '17', '0', '')",N>=2,False,True,7076581.0,7076581.0,False,run2
intercontinental-westlake,2026-10-11,7118167_125380250_2_34_0,"('7118167', '125380250', '34', '0', '')",N>=2,False,True,5278054.0,5278054.0,False,run2
intercontinental-westlake,2026-10-11,7118167_242444141_2_34_0,"('7118167', '242444141', '34', '0', '')",N>=2,False,True,5602293.0,5602293.0,False,run2
intercontinental-westlake,2026-10-11,7118167_125380250_2_33_0,"('7118167', '125380250', '33', '0', '')",N>=2,False,True,5867769.0,5867769.0,False,run2
intercontinental-westlake,2026-10-11,7118167_242444141_2_33_0,"('7118167', '242444141', '33', '0', '')",N>=2,False,True,6192008.0,6192008.0,False,run2
intercontinental-westlake,2026-10-11,7118167_242444141_2_17_0,"('7118167', '242444141', '17', '0', '')",N>=2,False,True,7961153.0,7961153.0,False,run2
intercontinental-westlake,2026-10-11,7118166_125380250_2_34_0,"('7118166', '125380250', '34', '0', '')",N>=2,False,True,5572911.0,5572911.0,False,run2
intercontinental-westlake,2026-10-11,7118166_242444141_2_34_0,"('7118166', '242444141', '34', '0', '')",N>=2,False,True,5897151.0,5897151.0,False,run2
intercontinental-westlake,2026-10-11,7118166_125380250_2_33_0,"('7118166', '125380250', '33', '0', '')",N>=2,False,True,6162626.0,6162626.0,False,run2
intercontinental-westlake,2026-10-11,7118166_242444141_2_33_0,"('7118166', '242444141', '33', '0', '')",N>=2,False,True,6486866.0,6486866.0,False,run2
intercontinental-westlake,2026-10-11,7118166_242444141_2_17_0,"('7118166', '242444141', '17', '0', '')",N>=2,False,True,8256011.0,8256011.0,False,run2
intercontinental-westlake,2026-10-11,7118164_125380250_2_34_0,"('7118164', '125380250', '34', '0', '')",N>=2,False,True,4835767.0,4835767.0,False,run2
intercontinental-westlake,2026-10-11,7118164_242444141_2_34_0,"('7118164', '242444141', '34', '0', '')",N>=2,False,True,5160007.0,5160007.0,False,run2
intercontinental-westlake,2026-10-11,7118164_125380250_2_33_0,"('7118164', '125380250', '33', '0', '')",N>=2,False,True,5425482.0,5425482.0,False,run2
intercontinental-westlake,2026-10-11,7118164_242444141_2_33_0,"('7118164', '242444141', '33', '0', '')",N>=2,False,True,5749722.0,5749722.0,False,run2
intercontinental-westlake,2026-10-11,7118164_242444141_2_17_0,"('7118164', '242444141', '17', '0', '')",N>=2,False,True,7518867.0,7518867.0,False,run2
intercontinental-westlake,2026-10-11,7118162_125380250_2_34_0,"('7118162', '125380250', '34', '0', '')",N>=2,False,True,4393481.0,4393481.0,False,run2
intercontinental-westlake,2026-10-11,7118162_242444141_2_34_0,"('7118162', '242444141', '34', '0', '')",N>=2,False,True,4717720.0,4717720.0,False,run2
intercontinental-westlake,2026-10-11,7118162_125380250_2_33_0,"('7118162', '125380250', '33', '0', '')",N>=2,False,True,4983196.0,4983196.0,False,run2
intercontinental-westlake,2026-10-11,7118162_242444141_2_33_0,"('7118162', '242444141', '33', '0', '')",N>=2,False,True,5307435.0,5307435.0,False,run2
intercontinental-westlake,2026-10-11,7118162_242444141_2_17_0,"('7118162', '242444141', '17', '0', '')",N>=2,False,True,7076581.0,7076581.0,False,run2
intercontinental-westlake,2026-10-11,7118163_125380250_2_34_0,"('7118163', '125380250', '34', '0', '')",N>=2,False,True,4393481.0,4393481.0,False,run2
intercontinental-westlake,2026-10-11,7118163_242444141_2_34_0,"('7118163', '242444141', '34', '0', '')",N>=2,False,True,4717720.0,4717720.0,False,run2
intercontinental-westlake,2026-10-11,7118163_125380250_2_33_0,"('7118163', '125380250', '33', '0', '')",N>=2,False,True,4983196.0,4983196.0,False,run2
intercontinental-westlake,2026-10-11,7118163_242444141_2_33_0,"('7118163', '242444141', '33', '0', '')",N>=2,False,True,5307435.0,5307435.0,False,run2
intercontinental-westlake,2026-10-11,7118163_242444141_2_17_0,"('7118163', '242444141', '17', '0', '')",N>=2,False,True,7076581.0,7076581.0,False,run2
intercontinental-westlake,2026-10-11,7118165_125380250_2_34_0,"('7118165', '125380250', '34', '0', '')",N>=2,False,True,4835767.0,4835767.0,False,run2
intercontinental-westlake,2026-10-11,7118165_242444141_2_34_0,"('7118165', '242444141', '34', '0', '')",N>=2,False,True,5160007.0,5160007.0,False,run2
intercontinental-westlake,2026-10-11,7118165_125380250_2_33_0,"('7118165', '125380250', '33', '0', '')",N>=2,False,True,5425482.0,5425482.0,False,run2
intercontinental-westlake,2026-10-11,7118165_242444141_2_33_0,"('7118165', '242444141', '33', '0', '')",N>=2,False,True,5749722.0,5749722.0,False,run2
intercontinental-westlake,2026-10-11,7118165_242444141_2_17_0,"('7118165', '242444141', '17', '0', '')",N>=2,False,True,7518867.0,7518867.0,False,run2
intercontinental-westlake,2026-10-11,7118169_125380250_2_34_0,"('7118169', '125380250', '34', '0', '')",N>=2,False,True,5867769.0,5867769.0,False,run2
intercontinental-westlake,2026-10-11,7118169_242444141_2_34_0,"('7118169', '242444141', '34', '0', '')",N>=2,False,True,6192008.0,6192008.0,False,run2
intercontinental-westlake,2026-10-11,7118169_125380250_2_33_0,"('7118169', '125380250', '33', '0', '')",N>=2,False,True,6457484.0,6457484.0,False,run2
intercontinental-westlake,2026-10-11,7118169_242444141_2_33_0,"('7118169', '242444141', '33', '0', '')",N>=2,False,True,6781723.0,6781723.0,False,run2
intercontinental-westlake,2026-10-11,7118169_242444141_2_17_0,"('7118169', '242444141', '17', '0', '')",N>=2,False,True,8550868.0,8550868.0,False,run2
intercontinental-westlake,2026-10-11,7118168_125380250_2_34_0,"('7118168', '125380250', '34', '0', '')",N>=2,False,True,6162626.0,6162626.0,False,run2
intercontinental-westlake,2026-10-11,7118168_242444141_2_34_0,"('7118168', '242444141', '34', '0', '')",N>=2,False,True,6486866.0,6486866.0,False,run2
intercontinental-westlake,2026-10-11,7118168_125380250_2_33_0,"('7118168', '125380250', '33', '0', '')",N>=2,False,True,6752341.0,6752341.0,False,run2
intercontinental-westlake,2026-10-11,7118168_242444141_2_33_0,"('7118168', '242444141', '33', '0', '')",N>=2,False,True,7076581.0,7076581.0,False,run2
intercontinental-westlake,2026-10-11,7118168_242444141_2_17_0,"('7118168', '242444141', '17', '0', '')",N>=2,False,True,8845726.0,8845726.0,False,run2
intercontinental-westlake,2026-10-11,7118170_125380250_2_34_0,"('7118170', '125380250', '34', '0', '')",N>=2,False,True,7047199.0,7047199.0,False,run2
intercontinental-westlake,2026-10-11,7118170_242444141_2_34_0,"('7118170', '242444141', '34', '0', '')",N>=2,False,True,7371438.0,7371438.0,False,run2
intercontinental-westlake,2026-10-11,7118170_125380250_2_33_0,"('7118170', '125380250', '33', '0', '')",N>=2,False,True,7636914.0,7636914.0,False,run2
intercontinental-westlake,2026-10-11,7118170_242444141_2_33_0,"('7118170', '242444141', '33', '0', '')",N>=2,False,True,7961153.0,7961153.0,False,run2
intercontinental-westlake,2026-10-11,7118171_125380250_2_34_0,"('7118171', '125380250', '34', '0', '')",N>=2,False,True,7047199.0,7047199.0,False,run2
intercontinental-westlake,2026-10-11,7118171_242444141_2_34_0,"('7118171', '242444141', '34', '0', '')",N>=2,False,True,7371438.0,7371438.0,False,run2
intercontinental-westlake,2026-10-11,7118171_125380250_2_33_0,"('7118171', '125380250', '33', '0', '')",N>=2,False,True,7636914.0,7636914.0,False,run2
intercontinental-westlake,2026-10-11,7118171_242444141_2_33_0,"('7118171', '242444141', '33', '0', '')",N>=2,False,True,7961153.0,7961153.0,False,run2
intercontinental-westlake,2026-10-11,7118173_125380250_2_34_0,"('7118173', '125380250', '34', '0', '')",N>=2,False,True,7047199.0,7047199.0,False,run2
intercontinental-westlake,2026-10-11,7118173_242444141_2_34_0,"('7118173', '242444141', '34', '0', '')",N>=2,False,True,7371438.0,7371438.0,False,run2
intercontinental-westlake,2026-10-11,7118173_125380250_2_33_0,"('7118173', '125380250', '33', '0', '')",N>=2,False,True,7636914.0,7636914.0,False,run2
intercontinental-westlake,2026-10-11,7118173_242444141_2_33_0,"('7118173', '242444141', '33', '0', '')",N>=2,False,True,7961153.0,7961153.0,False,run2
intercontinental-westlake,2026-10-11,7118172_125380250_2_34_0,"('7118172', '125380250', '34', '0', '')",N>=2,False,True,7636914.0,7636914.0,False,run2
intercontinental-westlake,2026-10-11,7118172_242444141_2_34_0,"('7118172', '242444141', '34', '0', '')",N>=2,False,True,7961153.0,7961153.0,False,run2
intercontinental-westlake,2026-10-11,7118172_125380250_2_33_0,"('7118172', '125380250', '33', '0', '')",N>=2,False,True,8226629.0,8226629.0,False,run2
intercontinental-westlake,2026-10-11,7118172_242444141_2_33_0,"('7118172', '242444141', '33', '0', '')",N>=2,False,True,8550868.0,8550868.0,False,run2
intercontinental-westlake,2026-10-11,7118174_125380250_2_34_0,"('7118174', '125380250', '34', '0', '')",N>=2,False,True,7636914.0,7636914.0,False,run2
intercontinental-westlake,2026-10-11,7118174_242444141_2_34_0,"('7118174', '242444141', '34', '0', '')",N>=2,False,True,7961153.0,7961153.0,False,run2
intercontinental-westlake,2026-10-11,7118174_125380250_2_33_0,"('7118174', '125380250', '33', '0', '')",N>=2,False,True,8226629.0,8226629.0,False,run2
intercontinental-westlake,2026-10-11,7118174_242444141_2_33_0,"('7118174', '242444141', '33', '0', '')",N>=2,False,True,8550868.0,8550868.0,False,run2
intercontinental-westlake,2026-10-11,7118175_125380250_2_34_0,"('7118175', '125380250', '34', '0', '')",N>=2,False,True,8226629.0,8226629.0,False,run2
intercontinental-westlake,2026-10-11,7118175_242444141_2_34_0,"('7118175', '242444141', '34', '0', '')",N>=2,False,True,8550868.0,8550868.0,False,run2
intercontinental-westlake,2026-10-11,7118175_125380250_2_33_0,"('7118175', '125380250', '33', '0', '')",N>=2,False,True,8816344.0,8816344.0,False,run2
intercontinental-westlake,2026-10-11,7118175_242444141_2_33_0,"('7118175', '242444141', '33', '0', '')",N>=2,False,True,9140583.0,9140583.0,False,run2
intercontinental-westlake,2026-11-18,7118161_411987300_2_34_0,"('7118161', '411987300', '34', '0', '')",N>=2,False,True,5484246.0,5484246.0,False,run2
intercontinental-westlake,2026-11-18,7118161_242444141_2_34_0,"('7118161', '242444141', '34', '0', '')",N>=2,False,True,5897151.0,5897151.0,False,run2
intercontinental-westlake,2026-11-18,7118161_411987300_2_33_0,"('7118161', '411987300', '33', '0', '')",N>=2,False,True,6073961.0,6073961.0,False,run2
intercontinental-westlake,2026-11-18,7118161_242444141_2_33_0,"('7118161', '242444141', '33', '0', '')",N>=2,False,True,6486866.0,6486866.0,False,run2
intercontinental-westlake,2026-11-18,7118161_242444141_2_17_0,"('7118161', '242444141', '17', '0', '')",N>=2,False,True,8256011.0,8256011.0,False,run2
intercontinental-westlake,2026-11-18,7118162_411987300_2_34_0,"('7118162', '411987300', '34', '0', '')",N>=2,False,True,5484246.0,5484246.0,False,run2
intercontinental-westlake,2026-11-18,7118162_242444141_2_34_0,"('7118162', '242444141', '34', '0', '')",N>=2,False,True,5897151.0,5897151.0,False,run2
intercontinental-westlake,2026-11-18,7118162_411987300_2_33_0,"('7118162', '411987300', '33', '0', '')",N>=2,False,True,6073961.0,6073961.0,False,run2
intercontinental-westlake,2026-11-18,7118162_242444141_2_33_0,"('7118162', '242444141', '33', '0', '')",N>=2,False,True,6486866.0,6486866.0,False,run2
intercontinental-westlake,2026-11-18,7118162_242444141_2_17_0,"('7118162', '242444141', '17', '0', '')",N>=2,False,True,8256011.0,8256011.0,False,run2
intercontinental-westlake,2026-11-18,7118167_411987300_2_34_0,"('7118167', '411987300', '34', '0', '')",N>=2,False,True,6368819.0,6368819.0,False,run2
intercontinental-westlake,2026-11-18,7118167_242444141_2_34_0,"('7118167', '242444141', '34', '0', '')",N>=2,False,True,6781723.0,6781723.0,False,run2
intercontinental-westlake,2026-11-18,7118167_411987300_2_33_0,"('7118167', '411987300', '33', '0', '')",N>=2,False,True,6958534.0,6958534.0,False,run2
intercontinental-westlake,2026-11-18,7118167_242444141_2_33_0,"('7118167', '242444141', '33', '0', '')",N>=2,False,True,7371438.0,7371438.0,False,run2
intercontinental-westlake,2026-11-18,7118167_242444141_2_17_0,"('7118167', '242444141', '17', '0', '')",N>=2,False,True,9140583.0,9140583.0,False,run2
intercontinental-westlake,2026-11-18,7118166_411987300_2_34_0,"('7118166', '411987300', '34', '0', '')",N>=2,False,True,6663676.0,6663676.0,False,run2
intercontinental-westlake,2026-11-18,7118166_242444141_2_34_0,"('7118166', '242444141', '34', '0', '')",N>=2,False,True,7076581.0,7076581.0,False,run2
intercontinental-westlake,2026-11-18,7118166_411987300_2_33_0,"('7118166', '411987300', '33', '0', '')",N>=2,False,True,7253391.0,7253391.0,False,run2
intercontinental-westlake,2026-11-18,7118166_242444141_2_33_0,"('7118166', '242444141', '33', '0', '')",N>=2,False,True,7666296.0,7666296.0,False,run2
intercontinental-westlake,2026-11-18,7118166_242444141_2_17_0,"('7118166', '242444141', '17', '0', '')",N>=2,False,True,9435441.0,9435441.0,False,run2
intercontinental-westlake,2026-11-18,7118164_242444141_2_33_0,"('7118164', '242444141', '33', '0', '')",N>=2,False,True,6929152.0,6929152.0,False,run2
intercontinental-westlake,2026-11-18,7118164_242444141_2_17_0,"('7118164', '242444141', '17', '0', '')",N>=2,False,True,8698297.0,8698297.0,False,run2
intercontinental-westlake,2026-11-18,7118165_242444141_2_33_0,"('7118165', '242444141', '33', '0', '')",N>=2,False,True,6929152.0,6929152.0,False,run2
intercontinental-westlake,2026-11-18,7118165_242444141_2_17_0,"('7118165', '242444141', '17', '0', '')",N>=2,False,True,8698297.0,8698297.0,False,run2
intercontinental-westlake,2026-11-18,7118169_411987300_2_34_0,"('7118169', '411987300', '34', '0', '')",N>=2,False,True,6958534.0,6958534.0,False,run2
intercontinental-westlake,2026-11-18,7118169_242444141_2_34_0,"('7118169', '242444141', '34', '0', '')",N>=2,False,True,7371438.0,7371438.0,False,run2
intercontinental-westlake,2026-11-18,7118169_411987300_2_33_0,"('7118169', '411987300', '33', '0', '')",N>=2,False,True,7548249.0,7548249.0,False,run2
intercontinental-westlake,2026-11-18,7118169_242444141_2_33_0,"('7118169', '242444141', '33', '0', '')",N>=2,False,True,7961153.0,7961153.0,False,run2
intercontinental-westlake,2026-11-18,7118169_242444141_2_17_0,"('7118169', '242444141', '17', '0', '')",N>=2,False,True,9730298.0,9730298.0,False,run2
intercontinental-westlake,2026-11-18,7118168_411987300_2_34_0,"('7118168', '411987300', '34', '0', '')",N>=2,False,True,7253391.0,7253391.0,False,run2
intercontinental-westlake,2026-11-18,7118168_242444141_2_34_0,"('7118168', '242444141', '34', '0', '')",N>=2,False,True,7666296.0,7666296.0,False,run2
intercontinental-westlake,2026-11-18,7118168_411987300_2_33_0,"('7118168', '411987300', '33', '0', '')",N>=2,False,True,7843106.0,7843106.0,False,run2
intercontinental-westlake,2026-11-18,7118168_242444141_2_33_0,"('7118168', '242444141', '33', '0', '')",N>=2,False,True,8256011.0,8256011.0,False,run2
intercontinental-westlake,2026-11-18,7118168_242444141_2_17_0,"('7118168', '242444141', '17', '0', '')",N>=2,False,True,10025156.0,10025156.0,False,run2
intercontinental-westlake,2026-11-18,7118170_411987300_2_34_0,"('7118170', '411987300', '34', '0', '')",N>=2,False,True,8137964.0,8137964.0,False,run2
intercontinental-westlake,2026-11-18,7118170_242444141_2_34_0,"('7118170', '242444141', '34', '0', '')",N>=2,False,True,8550868.0,8550868.0,False,run2
intercontinental-westlake,2026-11-18,7118170_411987300_2_33_0,"('7118170', '411987300', '33', '0', '')",N>=2,False,True,8727679.0,8727679.0,False,run2
intercontinental-westlake,2026-11-18,7118170_242444141_2_33_0,"('7118170', '242444141', '33', '0', '')",N>=2,False,True,9140583.0,9140583.0,False,run2
intercontinental-westlake,2026-11-18,7118171_411987300_2_34_0,"('7118171', '411987300', '34', '0', '')",N>=2,False,True,8137964.0,8137964.0,False,run2
intercontinental-westlake,2026-11-18,7118171_242444141_2_34_0,"('7118171', '242444141', '34', '0', '')",N>=2,False,True,8550868.0,8550868.0,False,run2
intercontinental-westlake,2026-11-18,7118171_411987300_2_33_0,"('7118171', '411987300', '33', '0', '')",N>=2,False,True,8727679.0,8727679.0,False,run2
intercontinental-westlake,2026-11-18,7118171_242444141_2_33_0,"('7118171', '242444141', '33', '0', '')",N>=2,False,True,9140583.0,9140583.0,False,run2
intercontinental-westlake,2026-11-18,7118173_411987300_2_34_0,"('7118173', '411987300', '34', '0', '')",N>=2,False,True,8137964.0,8137964.0,False,run2
intercontinental-westlake,2026-11-18,7118173_242444141_2_34_0,"('7118173', '242444141', '34', '0', '')",N>=2,False,True,8550868.0,8550868.0,False,run2
intercontinental-westlake,2026-11-18,7118173_411987300_2_33_0,"('7118173', '411987300', '33', '0', '')",N>=2,False,True,8727679.0,8727679.0,False,run2
intercontinental-westlake,2026-11-18,7118173_242444141_2_33_0,"('7118173', '242444141', '33', '0', '')",N>=2,False,True,9140583.0,9140583.0,False,run2
intercontinental-westlake,2026-11-18,7118172_411987300_2_34_0,"('7118172', '411987300', '34', '0', '')",N>=2,False,True,8727679.0,8727679.0,False,run2
intercontinental-westlake,2026-11-18,7118172_242444141_2_34_0,"('7118172', '242444141', '34', '0', '')",N>=2,False,True,9140583.0,9140583.0,False,run2
intercontinental-westlake,2026-11-18,7118172_411987300_2_33_0,"('7118172', '411987300', '33', '0', '')",N>=2,False,True,9317394.0,9317394.0,False,run2
intercontinental-westlake,2026-11-18,7118172_242444141_2_33_0,"('7118172', '242444141', '33', '0', '')",N>=2,False,True,9730298.0,9730298.0,False,run2
intercontinental-westlake,2026-11-18,7118174_411987300_2_34_0,"('7118174', '411987300', '34', '0', '')",N>=2,False,True,8727679.0,8727679.0,False,run2
intercontinental-westlake,2026-11-18,7118174_242444141_2_34_0,"('7118174', '242444141', '34', '0', '')",N>=2,False,True,9140583.0,9140583.0,False,run2
intercontinental-westlake,2026-11-18,7118174_411987300_2_33_0,"('7118174', '411987300', '33', '0', '')",N>=2,False,True,9317394.0,9317394.0,False,run2
intercontinental-westlake,2026-11-18,7118174_242444141_2_33_0,"('7118174', '242444141', '33', '0', '')",N>=2,False,True,9730298.0,9730298.0,False,run2
intercontinental-westlake,2026-11-18,7118175_411987300_2_34_0,"('7118175', '411987300', '34', '0', '')",N>=2,False,True,9317394.0,9317394.0,False,run2
intercontinental-westlake,2026-11-18,7118175_242444141_2_34_0,"('7118175', '242444141', '34', '0', '')",N>=2,False,True,9730298.0,9730298.0,False,run2
intercontinental-westlake,2026-11-18,7118175_411987300_2_33_0,"('7118175', '411987300', '33', '0', '')",N>=2,False,True,9907109.0,9907109.0,False,run2
intercontinental-westlake,2026-11-18,7118175_242444141_2_33_0,"('7118175', '242444141', '33', '0', '')",N>=2,False,True,10320013.0,10320013.0,False,run2
mercure-vung-tau-vietnam,2026-10-01,26670529_269095466_2_41_0_1123187,"('26670529', '269095466', '41', '0', '1123187')",N>=2,False,False,2033773.0,,False,run2
mercure-vung-tau-vietnam,2026-10-01,26670529_424685104_2_41_0_1235885,"('26670529', '424685104', '41', '0', '1235885')",N>=2,False,False,2118708.0,,False,run2
mercure-vung-tau-vietnam,2026-10-01,26670529_119446954_2_41_0,"('26670529', '119446954', '41', '0', '')",N>=2,False,False,2118708.0,,False,run2
mercure-vung-tau-vietnam,2026-10-01,26670523_269095466_2_41_0_1123187,"('26670523', '269095466', '41', '0', '1123187')",N>=2,False,False,3553773.0,,False,run2
mercure-vung-tau-vietnam,2026-10-01,26670523_424685104_2_41_0_1235885,"('26670523', '424685104', '41', '0', '1235885')",N>=2,False,False,3718708.0,,False,run2
mercure-vung-tau-vietnam,2026-10-01,26670523_119446954_2_41_0,"('26670523', '119446954', '41', '0', '')",N>=2,False,False,3718708.0,,False,run2
mercure-vung-tau-vietnam,2026-10-01,26670536_269095466_2_41_0_1123187,"('26670536', '269095466', '41', '0', '1123187')",N>=2,False,False,2318773.0,,False,run2
mercure-vung-tau-vietnam,2026-10-01,26670536_424685104_2_41_0_1235885,"('26670536', '424685104', '41', '0', '1235885')",N>=2,False,False,2418708.0,,False,run2
mercure-vung-tau-vietnam,2026-10-01,26670536_119446954_2_41_0,"('26670536', '119446954', '41', '0', '')",N>=2,False,False,2418708.0,,False,run2
mercure-vung-tau-vietnam,2026-10-01,26670524_269095466_2_41_0_1123187,"('26670524', '269095466', '41', '0', '1123187')",N>=2,False,False,2318773.0,,False,run2
mercure-vung-tau-vietnam,2026-10-01,26670524_424685104_2_41_0_1235885,"('26670524', '424685104', '41', '0', '1235885')",N>=2,False,False,2418708.0,,False,run2
mercure-vung-tau-vietnam,2026-10-01,26670524_119446954_2_41_0,"('26670524', '119446954', '41', '0', '')",N>=2,False,False,2418708.0,,False,run2
mercure-vung-tau-vietnam,2026-10-01,26670533_269095466_2_41_0_1123187,"('26670533', '269095466', '41', '0', '1123187')",N>=2,False,False,3933773.0,,False,run2
mercure-vung-tau-vietnam,2026-10-01,26670533_424685104_2_41_0_1235885,"('26670533', '424685104', '41', '0', '1235885')",N>=2,False,False,4118708.0,,False,run2
mercure-vung-tau-vietnam,2026-10-01,26670533_119446954_2_41_0,"('26670533', '119446954', '41', '0', '')",N>=2,False,False,4118708.0,,False,run2
mercure-vung-tau-vietnam,2026-10-01,26670537_269095466_2_41_0_1123187,"('26670537', '269095466', '41', '0', '1123187')",N>=2,False,False,3933773.0,,False,run2
mercure-vung-tau-vietnam,2026-10-01,26670537_424685104_2_41_0_1235885,"('26670537', '424685104', '41', '0', '1235885')",N>=2,False,False,4118708.0,,False,run2
mercure-vung-tau-vietnam,2026-10-01,26670537_119446954_2_41_0,"('26670537', '119446954', '41', '0', '')",N>=2,False,False,4118708.0,,False,run2
mercure-vung-tau-vietnam,2026-10-01,26670539_269095466_2_41_0_1123187,"('26670539', '269095466', '41', '0', '1123187')",N>=2,False,False,2936273.0,,False,run2
mercure-vung-tau-vietnam,2026-10-01,26670539_424685104_2_41_0_1235885,"('26670539', '424685104', '41', '0', '1235885')",N>=2,False,False,3068708.0,,False,run2
mercure-vung-tau-vietnam,2026-10-01,26670539_119446954_2_41_0,"('26670539', '119446954', '41', '0', '')",N>=2,False,False,3068708.0,,False,run2
mercure-vung-tau-vietnam,2026-10-01,26670535_269095466_2_41_0_1123187,"('26670535', '269095466', '41', '0', '1123187')",N>=2,False,False,3553773.0,,False,run2
mercure-vung-tau-vietnam,2026-10-01,26670535_424685104_2_41_0_1235885,"('26670535', '424685104', '41', '0', '1235885')",N>=2,False,False,3718708.0,,False,run2
mercure-vung-tau-vietnam,2026-10-01,26670535_119446954_2_41_0,"('26670535', '119446954', '41', '0', '')",N>=2,False,False,3718708.0,,False,run2
mercure-vung-tau-vietnam,2026-10-01,26670534_269095466_2_41_0_1123187,"('26670534', '269095466', '41', '0', '1123187')",N>=2,False,False,4266273.0,,False,run2
mercure-vung-tau-vietnam,2026-10-01,26670534_424685104_2_41_0_1235885,"('26670534', '424685104', '41', '0', '1235885')",N>=2,False,False,4468708.0,,False,run2
mercure-vung-tau-vietnam,2026-10-01,26670534_119446954_2_41_0,"('26670534', '119446954', '41', '0', '')",N>=2,False,False,4468708.0,,False,run2
mercure-vung-tau-vietnam,2026-10-01,26670529_269095466_1_41_0_1123187,"('26670529', '269095466', '41', '0', '1123187')",1,True,False,,1823773.0,True,run2
mercure-vung-tau-vietnam,2026-10-01,26670529_424685104_1_41_0_1235885,"('26670529', '424685104', '41', '0', '1235885')",1,True,False,,1908708.0,True,run2
mercure-vung-tau-vietnam,2026-10-01,26670529_119446954_1_41_0,"('26670529', '119446954', '41', '0', '')",1,True,False,,1908708.0,True,run2
mercure-vung-tau-vietnam,2026-10-01,26670524_269095466_1_41_0_1123187,"('26670524', '269095466', '41', '0', '1123187')",1,True,False,,2108773.0,True,run2
mercure-vung-tau-vietnam,2026-10-01,26670524_424685104_1_41_0_1235885,"('26670524', '424685104', '41', '0', '1235885')",1,True,False,,2208708.0,True,run2
mercure-vung-tau-vietnam,2026-10-01,26670524_119446954_1_41_0,"('26670524', '119446954', '41', '0', '')",1,True,False,,2208708.0,True,run2
mercure-vung-tau-vietnam,2026-10-01,26670536_269095466_1_41_0_1123187,"('26670536', '269095466', '41', '0', '1123187')",1,True,False,,2108773.0,True,run2
mercure-vung-tau-vietnam,2026-10-01,26670536_424685104_1_41_0_1235885,"('26670536', '424685104', '41', '0', '1235885')",1,True,False,,2208708.0,True,run2
mercure-vung-tau-vietnam,2026-10-01,26670536_119446954_1_41_0,"('26670536', '119446954', '41', '0', '')",1,True,False,,2208708.0,True,run2
mercure-vung-tau-vietnam,2026-10-01,26670539_269095466_1_41_0_1123187,"('26670539', '269095466', '41', '0', '1123187')",1,True,False,,2726273.0,True,run2
mercure-vung-tau-vietnam,2026-10-01,26670539_424685104_1_41_0_1235885,"('26670539', '424685104', '41', '0', '1235885')",1,True,False,,2858708.0,True,run2
mercure-vung-tau-vietnam,2026-10-01,26670539_119446954_1_41_0,"('26670539', '119446954', '41', '0', '')",1,True,False,,2858708.0,True,run2
mercure-vung-tau-vietnam,2026-10-01,26670523_269095466_1_41_0_1123187,"('26670523', '269095466', '41', '0', '1123187')",1,True,False,,3343773.0,True,run2
mercure-vung-tau-vietnam,2026-10-01,26670523_424685104_1_41_0_1235885,"('26670523', '424685104', '41', '0', '1235885')",1,True,False,,3508708.0,True,run2
mercure-vung-tau-vietnam,2026-10-01,26670523_119446954_1_41_0,"('26670523', '119446954', '41', '0', '')",1,True,False,,3508708.0,True,run2
mercure-vung-tau-vietnam,2026-10-01,26670535_269095466_1_41_0_1123187,"('26670535', '269095466', '41', '0', '1123187')",1,True,False,,3343773.0,True,run2
mercure-vung-tau-vietnam,2026-10-01,26670535_424685104_1_41_0_1235885,"('26670535', '424685104', '41', '0', '1235885')",1,True,False,,3508708.0,True,run2
mercure-vung-tau-vietnam,2026-10-01,26670535_119446954_1_41_0,"('26670535', '119446954', '41', '0', '')",1,True,False,,3508708.0,True,run2
mercure-vung-tau-vietnam,2026-10-01,26670533_269095466_1_41_0_1123187,"('26670533', '269095466', '41', '0', '1123187')",1,True,False,,3723773.0,True,run2
mercure-vung-tau-vietnam,2026-10-01,26670533_424685104_1_41_0_1235885,"('26670533', '424685104', '41', '0', '1235885')",1,True,False,,3908708.0,True,run2
mercure-vung-tau-vietnam,2026-10-01,26670533_119446954_1_41_0,"('26670533', '119446954', '41', '0', '')",1,True,False,,3908708.0,True,run2
mercure-vung-tau-vietnam,2026-10-01,26670537_269095466_1_41_0_1123187,"('26670537', '269095466', '41', '0', '1123187')",1,True,False,,3723773.0,True,run2
mercure-vung-tau-vietnam,2026-10-01,26670537_424685104_1_41_0_1235885,"('26670537', '424685104', '41', '0', '1235885')",1,True,False,,3908708.0,True,run2
mercure-vung-tau-vietnam,2026-10-01,26670537_119446954_1_41_0,"('26670537', '119446954', '41', '0', '')",1,True,False,,3908708.0,True,run2
mercure-vung-tau-vietnam,2026-10-01,26670534_269095466_1_41_0_1123187,"('26670534', '269095466', '41', '0', '1123187')",1,True,False,,4056273.0,True,run2
mercure-vung-tau-vietnam,2026-10-01,26670534_424685104_1_41_0_1235885,"('26670534', '424685104', '41', '0', '1235885')",1,True,False,,4258708.0,True,run2
mercure-vung-tau-vietnam,2026-10-01,26670534_119446954_1_41_0,"('26670534', '119446954', '41', '0', '')",1,True,False,,4258708.0,True,run2
mercure-vung-tau-vietnam,2026-10-11,26670529_119446954_2_41_0,"('26670529', '119446954', '41', '0', '')",N>=2,False,False,2189784.0,,False,run2
mercure-vung-tau-vietnam,2026-10-11,26670529_269095466_2_41_0_1123187,"('26670529', '269095466', '41', '0', '1123187')",N>=2,False,False,2397994.0,,False,run2
mercure-vung-tau-vietnam,2026-10-11,26670529_424685104_2_41_0_1235885,"('26670529', '424685104', '41', '0', '1235885')",N>=2,False,False,2502099.0,,False,run2
mercure-vung-tau-vietnam,2026-10-11,26670523_119446954_2_41_0,"('26670523', '119446954', '41', '0', '')",N>=2,False,False,3549784.0,,False,run2
mercure-vung-tau-vietnam,2026-10-11,26670523_269095466_2_41_0_1123187,"('26670523', '269095466', '41', '0', '1123187')",N>=2,False,False,3917994.0,,False,run2
mercure-vung-tau-vietnam,2026-10-11,26670523_424685104_2_41_0_1235885,"('26670523', '424685104', '41', '0', '1235885')",N>=2,False,False,4102099.0,,False,run2
mercure-vung-tau-vietnam,2026-10-11,26670524_119446954_2_41_0,"('26670524', '119446954', '41', '0', '')",N>=2,False,False,2444784.0,,False,run2
mercure-vung-tau-vietnam,2026-10-11,26670524_269095466_2_41_0_1123187,"('26670524', '269095466', '41', '0', '1123187')",N>=2,False,False,2682994.0,,False,run2
mercure-vung-tau-vietnam,2026-10-11,26670524_424685104_2_41_0_1235885,"('26670524', '424685104', '41', '0', '1235885')",N>=2,False,False,2802099.0,,False,run2
mercure-vung-tau-vietnam,2026-10-11,26670536_119446954_2_41_0,"('26670536', '119446954', '41', '0', '')",N>=2,False,False,2444784.0,,False,run2
mercure-vung-tau-vietnam,2026-10-11,26670536_269095466_2_41_0_1123187,"('26670536', '269095466', '41', '0', '1123187')",N>=2,False,False,2682994.0,,False,run2
mercure-vung-tau-vietnam,2026-10-11,26670536_424685104_2_41_0_1235885,"('26670536', '424685104', '41', '0', '1235885')",N>=2,False,False,2802099.0,,False,run2
mercure-vung-tau-vietnam,2026-10-11,26670537_119446954_2_41_0,"('26670537', '119446954', '41', '0', '')",N>=2,False,False,3889784.0,,False,run2
mercure-vung-tau-vietnam,2026-10-11,26670537_269095466_2_41_0_1123187,"('26670537', '269095466', '41', '0', '1123187')",N>=2,False,False,4297994.0,,False,run2
mercure-vung-tau-vietnam,2026-10-11,26670537_424685104_2_41_0_1235885,"('26670537', '424685104', '41', '0', '1235885')",N>=2,False,False,4502099.0,,False,run2
mercure-vung-tau-vietnam,2026-10-11,26670539_119446954_2_41_0,"('26670539', '119446954', '41', '0', '')",N>=2,False,False,2997284.0,,False,run2
mercure-vung-tau-vietnam,2026-10-11,26670539_269095466_2_41_0_1123187,"('26670539', '269095466', '41', '0', '1123187')",N>=2,False,False,3300494.0,,False,run2
mercure-vung-tau-vietnam,2026-10-11,26670539_424685104_2_41_0_1235885,"('26670539', '424685104', '41', '0', '1235885')",N>=2,False,False,3452099.0,,False,run2
mercure-vung-tau-vietnam,2026-10-11,26670535_119446954_2_41_0,"('26670535', '119446954', '41', '0', '')",N>=2,False,False,3549784.0,,False,run2
mercure-vung-tau-vietnam,2026-10-11,26670535_269095466_2_41_0_1123187,"('26670535', '269095466', '41', '0', '1123187')",N>=2,False,False,3917994.0,,False,run2
mercure-vung-tau-vietnam,2026-10-11,26670535_424685104_2_41_0_1235885,"('26670535', '424685104', '41', '0', '1235885')",N>=2,False,False,4102099.0,,False,run2
mercure-vung-tau-vietnam,2026-10-11,26670533_119446954_2_41_0,"('26670533', '119446954', '41', '0', '')",N>=2,False,False,3889784.0,,False,run2
mercure-vung-tau-vietnam,2026-10-11,26670533_269095466_2_41_0_1123187,"('26670533', '269095466', '41', '0', '1123187')",N>=2,False,False,4297994.0,,False,run2
mercure-vung-tau-vietnam,2026-10-11,26670533_424685104_2_41_0_1235885,"('26670533', '424685104', '41', '0', '1235885')",N>=2,False,False,4502099.0,,False,run2
mercure-vung-tau-vietnam,2026-10-11,26670534_119446954_2_41_0,"('26670534', '119446954', '41', '0', '')",N>=2,False,False,4187284.0,,False,run2
mercure-vung-tau-vietnam,2026-10-11,26670534_269095466_2_41_0_1123187,"('26670534', '269095466', '41', '0', '1123187')",N>=2,False,False,4630494.0,,False,run2
mercure-vung-tau-vietnam,2026-10-11,26670534_424685104_2_41_0_1235885,"('26670534', '424685104', '41', '0', '1235885')",N>=2,False,False,4852099.0,,False,run2
mercure-vung-tau-vietnam,2026-10-11,26670529_119446954_1_41_0,"('26670529', '119446954', '41', '0', '')",1,True,False,,1979784.0,True,run2
mercure-vung-tau-vietnam,2026-10-11,26670529_269095466_1_41_0_1123187,"('26670529', '269095466', '41', '0', '1123187')",1,True,False,,2187994.0,True,run2
mercure-vung-tau-vietnam,2026-10-11,26670529_424685104_1_41_0_1235885,"('26670529', '424685104', '41', '0', '1235885')",1,True,False,,2292099.0,True,run2
mercure-vung-tau-vietnam,2026-10-11,26670524_119446954_1_41_0,"('26670524', '119446954', '41', '0', '')",1,True,False,,2234784.0,True,run2
mercure-vung-tau-vietnam,2026-10-11,26670524_269095466_1_41_0_1123187,"('26670524', '269095466', '41', '0', '1123187')",1,True,False,,2472994.0,True,run2
mercure-vung-tau-vietnam,2026-10-11,26670524_424685104_1_41_0_1235885,"('26670524', '424685104', '41', '0', '1235885')",1,True,False,,2592099.0,True,run2
mercure-vung-tau-vietnam,2026-10-11,26670536_119446954_1_41_0,"('26670536', '119446954', '41', '0', '')",1,True,False,,2234784.0,True,run2
mercure-vung-tau-vietnam,2026-10-11,26670536_269095466_1_41_0_1123187,"('26670536', '269095466', '41', '0', '1123187')",1,True,False,,2472994.0,True,run2
mercure-vung-tau-vietnam,2026-10-11,26670536_424685104_1_41_0_1235885,"('26670536', '424685104', '41', '0', '1235885')",1,True,False,,2592099.0,True,run2
mercure-vung-tau-vietnam,2026-10-11,26670539_119446954_1_41_0,"('26670539', '119446954', '41', '0', '')",1,True,False,,2787284.0,True,run2
mercure-vung-tau-vietnam,2026-10-11,26670539_269095466_1_41_0_1123187,"('26670539', '269095466', '41', '0', '1123187')",1,True,False,,3090494.0,True,run2
mercure-vung-tau-vietnam,2026-10-11,26670539_424685104_1_41_0_1235885,"('26670539', '424685104', '41', '0', '1235885')",1,True,False,,3242099.0,True,run2
mercure-vung-tau-vietnam,2026-10-11,26670523_119446954_1_41_0,"('26670523', '119446954', '41', '0', '')",1,True,False,,3339784.0,True,run2
mercure-vung-tau-vietnam,2026-10-11,26670523_269095466_1_41_0_1123187,"('26670523', '269095466', '41', '0', '1123187')",1,True,False,,3707994.0,True,run2
mercure-vung-tau-vietnam,2026-10-11,26670523_424685104_1_41_0_1235885,"('26670523', '424685104', '41', '0', '1235885')",1,True,False,,3892099.0,True,run2
mercure-vung-tau-vietnam,2026-10-11,26670535_119446954_1_41_0,"('26670535', '119446954', '41', '0', '')",1,True,False,,3339784.0,True,run2
mercure-vung-tau-vietnam,2026-10-11,26670535_269095466_1_41_0_1123187,"('26670535', '269095466', '41', '0', '1123187')",1,True,False,,3707994.0,True,run2
mercure-vung-tau-vietnam,2026-10-11,26670535_424685104_1_41_0_1235885,"('26670535', '424685104', '41', '0', '1235885')",1,True,False,,3892099.0,True,run2
mercure-vung-tau-vietnam,2026-10-11,26670533_119446954_1_41_0,"('26670533', '119446954', '41', '0', '')",1,True,False,,3679784.0,True,run2
mercure-vung-tau-vietnam,2026-10-11,26670533_269095466_1_41_0_1123187,"('26670533', '269095466', '41', '0', '1123187')",1,True,False,,4087994.0,True,run2
mercure-vung-tau-vietnam,2026-10-11,26670533_424685104_1_41_0_1235885,"('26670533', '424685104', '41', '0', '1235885')",1,True,False,,4292099.0,True,run2
mercure-vung-tau-vietnam,2026-10-11,26670537_119446954_1_41_0,"('26670537', '119446954', '41', '0', '')",1,True,False,,3679784.0,True,run2
mercure-vung-tau-vietnam,2026-10-11,26670537_269095466_1_41_0_1123187,"('26670537', '269095466', '41', '0', '1123187')",1,True,False,,4087994.0,True,run2
mercure-vung-tau-vietnam,2026-10-11,26670537_424685104_1_41_0_1235885,"('26670537', '424685104', '41', '0', '1235885')",1,True,False,,4292099.0,True,run2
mercure-vung-tau-vietnam,2026-10-11,26670534_119446954_1_41_0,"('26670534', '119446954', '41', '0', '')",1,True,False,,3977284.0,True,run2
mercure-vung-tau-vietnam,2026-10-11,26670534_269095466_1_41_0_1123187,"('26670534', '269095466', '41', '0', '1123187')",1,True,False,,4420494.0,True,run2
mercure-vung-tau-vietnam,2026-10-11,26670534_424685104_1_41_0_1235885,"('26670534', '424685104', '41', '0', '1235885')",1,True,False,,4642099.0,True,run2
mercure-vung-tau-vietnam,2026-11-18,26670529_119446954_2_41_0,"('26670529', '119446954', '41', '0', '')",N>=2,False,False,1815433.0,,False,run2
mercure-vung-tau-vietnam,2026-11-18,26670529_269095466_2_41_0_1123187,"('26670529', '269095466', '41', '0', '1123187')",N>=2,False,False,1979602.0,,False,run2
mercure-vung-tau-vietnam,2026-11-18,26670529_424685104_2_41_0_1235885,"('26670529', '424685104', '41', '0', '1235885')",N>=2,False,False,2061686.0,,False,run2
mercure-vung-tau-vietnam,2026-11-18,26670524_119446954_2_41_0,"('26670524', '119446954', '41', '0', '')",N>=2,False,False,2070433.0,,False,run2
mercure-vung-tau-vietnam,2026-11-18,26670524_269095466_2_41_0_1123187,"('26670524', '269095466', '41', '0', '1123187')",N>=2,False,False,2264602.0,,False,run2
mercure-vung-tau-vietnam,2026-11-18,26670524_424685104_2_41_0_1235885,"('26670524', '424685104', '41', '0', '1235885')",N>=2,False,False,2361686.0,,False,run2
mercure-vung-tau-vietnam,2026-11-18,26670536_119446954_2_41_0,"('26670536', '119446954', '41', '0', '')",N>=2,False,False,2070433.0,,False,run2
mercure-vung-tau-vietnam,2026-11-18,26670536_269095466_2_41_0_1123187,"('26670536', '269095466', '41', '0', '1123187')",N>=2,False,False,2264602.0,,False,run2
mercure-vung-tau-vietnam,2026-11-18,26670536_424685104_2_41_0_1235885,"('26670536', '424685104', '41', '0', '1235885')",N>=2,False,False,2361686.0,,False,run2
mercure-vung-tau-vietnam,2026-11-18,26670539_119446954_2_41_0,"('26670539', '119446954', '41', '0', '')",N>=2,False,False,2622933.0,,False,run2
mercure-vung-tau-vietnam,2026-11-18,26670539_269095466_2_41_0_1123187,"('26670539', '269095466', '41', '0', '1123187')",N>=2,False,False,2882102.0,,False,run2
mercure-vung-tau-vietnam,2026-11-18,26670539_424685104_2_41_0_1235885,"('26670539', '424685104', '41', '0', '1235885')",N>=2,False,False,3011686.0,,False,run2
mercure-vung-tau-vietnam,2026-11-18,26670523_119446954_2_41_0,"('26670523', '119446954', '41', '0', '')",N>=2,False,False,3175433.0,,False,run2
mercure-vung-tau-vietnam,2026-11-18,26670523_269095466_2_41_0_1123187,"('26670523', '269095466', '41', '0', '1123187')",N>=2,False,False,3499602.0,,False,run2
mercure-vung-tau-vietnam,2026-11-18,26670523_424685104_2_41_0_1235885,"('26670523', '424685104', '41', '0', '1235885')",N>=2,False,False,3661686.0,,False,run2
mercure-vung-tau-vietnam,2026-11-18,26670535_119446954_2_41_0,"('26670535', '119446954', '41', '0', '')",N>=2,False,False,3175433.0,,False,run2
mercure-vung-tau-vietnam,2026-11-18,26670535_269095466_2_41_0_1123187,"('26670535', '269095466', '41', '0', '1123187')",N>=2,False,False,3499602.0,,False,run2
mercure-vung-tau-vietnam,2026-11-18,26670535_424685104_2_41_0_1235885,"('26670535', '424685104', '41', '0', '1235885')",N>=2,False,False,3661686.0,,False,run2
mercure-vung-tau-vietnam,2026-11-18,26670533_119446954_2_41_0,"('26670533', '119446954', '41', '0', '')",N>=2,False,False,3515433.0,,False,run2
mercure-vung-tau-vietnam,2026-11-18,26670533_269095466_2_41_0_1123187,"('26670533', '269095466', '41', '0', '1123187')",N>=2,False,False,3879602.0,,False,run2
mercure-vung-tau-vietnam,2026-11-18,26670533_424685104_2_41_0_1235885,"('26670533', '424685104', '41', '0', '1235885')",N>=2,False,False,4061686.0,,False,run2
mercure-vung-tau-vietnam,2026-11-18,26670537_119446954_2_41_0,"('26670537', '119446954', '41', '0', '')",N>=2,False,False,3515433.0,,False,run2
mercure-vung-tau-vietnam,2026-11-18,26670537_269095466_2_41_0_1123187,"('26670537', '269095466', '41', '0', '1123187')",N>=2,False,False,3879602.0,,False,run2
mercure-vung-tau-vietnam,2026-11-18,26670537_424685104_2_41_0_1235885,"('26670537', '424685104', '41', '0', '1235885')",N>=2,False,False,4061686.0,,False,run2
mercure-vung-tau-vietnam,2026-11-18,26670534_119446954_2_41_0,"('26670534', '119446954', '41', '0', '')",N>=2,False,False,3812933.0,,False,run2
mercure-vung-tau-vietnam,2026-11-18,26670534_269095466_2_41_0_1123187,"('26670534', '269095466', '41', '0', '1123187')",N>=2,False,False,4212102.0,,False,run2
mercure-vung-tau-vietnam,2026-11-18,26670534_424685104_2_41_0_1235885,"('26670534', '424685104', '41', '0', '1235885')",N>=2,False,False,4411686.0,,False,run2
mercure-vung-tau-vietnam,2026-11-18,26670529_119446954_1_41_0,"('26670529', '119446954', '41', '0', '')",1,True,False,,1605433.0,True,run2
mercure-vung-tau-vietnam,2026-11-18,26670529_269095466_1_41_0_1123187,"('26670529', '269095466', '41', '0', '1123187')",1,True,False,,1769602.0,True,run2
mercure-vung-tau-vietnam,2026-11-18,26670529_424685104_1_41_0_1235885,"('26670529', '424685104', '41', '0', '1235885')",1,True,False,,1851686.0,True,run2
mercure-vung-tau-vietnam,2026-11-18,26670524_119446954_1_41_0,"('26670524', '119446954', '41', '0', '')",1,True,False,,1860433.0,True,run2
mercure-vung-tau-vietnam,2026-11-18,26670524_269095466_1_41_0_1123187,"('26670524', '269095466', '41', '0', '1123187')",1,True,False,,2054602.0,True,run2
mercure-vung-tau-vietnam,2026-11-18,26670524_424685104_1_41_0_1235885,"('26670524', '424685104', '41', '0', '1235885')",1,True,False,,2151686.0,True,run2
mercure-vung-tau-vietnam,2026-11-18,26670536_119446954_1_41_0,"('26670536', '119446954', '41', '0', '')",1,True,False,,1860433.0,True,run2
mercure-vung-tau-vietnam,2026-11-18,26670536_269095466_1_41_0_1123187,"('26670536', '269095466', '41', '0', '1123187')",1,True,False,,2054602.0,True,run2
mercure-vung-tau-vietnam,2026-11-18,26670536_424685104_1_41_0_1235885,"('26670536', '424685104', '41', '0', '1235885')",1,True,False,,2151686.0,True,run2
mercure-vung-tau-vietnam,2026-11-18,26670539_119446954_1_41_0,"('26670539', '119446954', '41', '0', '')",1,True,False,,2412933.0,True,run2
mercure-vung-tau-vietnam,2026-11-18,26670539_269095466_1_41_0_1123187,"('26670539', '269095466', '41', '0', '1123187')",1,True,False,,2672102.0,True,run2
mercure-vung-tau-vietnam,2026-11-18,26670539_424685104_1_41_0_1235885,"('26670539', '424685104', '41', '0', '1235885')",1,True,False,,2801686.0,True,run2
mercure-vung-tau-vietnam,2026-11-18,26670523_119446954_1_41_0,"('26670523', '119446954', '41', '0', '')",1,True,False,,2965433.0,True,run2
mercure-vung-tau-vietnam,2026-11-18,26670523_269095466_1_41_0_1123187,"('26670523', '269095466', '41', '0', '1123187')",1,True,False,,3289602.0,True,run2
mercure-vung-tau-vietnam,2026-11-18,26670523_424685104_1_41_0_1235885,"('26670523', '424685104', '41', '0', '1235885')",1,True,False,,3451686.0,True,run2
mercure-vung-tau-vietnam,2026-11-18,26670535_119446954_1_41_0,"('26670535', '119446954', '41', '0', '')",1,True,False,,2965433.0,True,run2
mercure-vung-tau-vietnam,2026-11-18,26670535_269095466_1_41_0_1123187,"('26670535', '269095466', '41', '0', '1123187')",1,True,False,,3289602.0,True,run2
mercure-vung-tau-vietnam,2026-11-18,26670535_424685104_1_41_0_1235885,"('26670535', '424685104', '41', '0', '1235885')",1,True,False,,3451686.0,True,run2
mercure-vung-tau-vietnam,2026-11-18,26670533_119446954_1_41_0,"('26670533', '119446954', '41', '0', '')",1,True,False,,3305433.0,True,run2
mercure-vung-tau-vietnam,2026-11-18,26670533_269095466_1_41_0_1123187,"('26670533', '269095466', '41', '0', '1123187')",1,True,False,,3669602.0,True,run2
mercure-vung-tau-vietnam,2026-11-18,26670533_424685104_1_41_0_1235885,"('26670533', '424685104', '41', '0', '1235885')",1,True,False,,3851686.0,True,run2
mercure-vung-tau-vietnam,2026-11-18,26670537_119446954_1_41_0,"('26670537', '119446954', '41', '0', '')",1,True,False,,3305433.0,True,run2
mercure-vung-tau-vietnam,2026-11-18,26670537_269095466_1_41_0_1123187,"('26670537', '269095466', '41', '0', '1123187')",1,True,False,,3669602.0,True,run2
mercure-vung-tau-vietnam,2026-11-18,26670537_424685104_1_41_0_1235885,"('26670537', '424685104', '41', '0', '1235885')",1,True,False,,3851686.0,True,run2
mercure-vung-tau-vietnam,2026-11-18,26670534_119446954_1_41_0,"('26670534', '119446954', '41', '0', '')",1,True,False,,3602933.0,True,run2
mercure-vung-tau-vietnam,2026-11-18,26670534_269095466_1_41_0_1123187,"('26670534', '269095466', '41', '0', '1123187')",1,True,False,,4002102.0,True,run2
mercure-vung-tau-vietnam,2026-11-18,26670534_424685104_1_41_0_1235885,"('26670534', '424685104', '41', '0', '1235885')",1,True,False,,4201686.0,True,run2
movenpick-residences-phu-quoc,2026-10-01,632765001_246972156_2_41_0,"('632765001', '246972156', '41', '0', '')",N>=2,False,False,2800000.0,,False,run2
movenpick-residences-phu-quoc,2026-10-01,632765001_438259885_2_41_0,"('632765001', '438259885', '41', '0', '')",N>=2,False,False,3350000.0,,False,run2
movenpick-residences-phu-quoc,2026-10-01,632765002_246972156_2_41_0,"('632765002', '246972156', '41', '0', '')",N>=2,False,False,2880000.0,,False,run2
movenpick-residences-phu-quoc,2026-10-01,632765002_438259885_2_41_0,"('632765002', '438259885', '41', '0', '')",N>=2,False,False,3450000.0,,False,run2
movenpick-residences-phu-quoc,2026-10-01,632765003_246972156_2_41_0,"('632765003', '246972156', '41', '0', '')",N>=2,False,False,2880000.0,,False,run2
movenpick-residences-phu-quoc,2026-10-01,632765003_438259885_2_41_0,"('632765003', '438259885', '41', '0', '')",N>=2,False,False,3450000.0,,False,run2
movenpick-residences-phu-quoc,2026-10-01,632765012_246972156_2_41_0,"('632765012', '246972156', '41', '0', '')",N>=2,False,False,3200000.0,,False,run2
movenpick-residences-phu-quoc,2026-10-01,632765012_438259885_2_41_0,"('632765012', '438259885', '41', '0', '')",N>=2,False,False,3850000.0,,False,run2
movenpick-residences-phu-quoc,2026-10-01,632765014_246972156_2_41_0,"('632765014', '246972156', '41', '0', '')",N>=2,False,False,6160000.0,,False,run2
movenpick-residences-phu-quoc,2026-10-01,632765014_438259885_2_41_0,"('632765014', '438259885', '41', '0', '')",N>=2,False,False,7550000.0,,False,run2
movenpick-residences-phu-quoc,2026-10-01,632765006_246972156_2_41_0,"('632765006', '246972156', '41', '0', '')",N>=2,False,False,7000000.0,,False,run2
movenpick-residences-phu-quoc,2026-10-01,632765006_438259885_2_41_0,"('632765006', '438259885', '41', '0', '')",N>=2,False,False,8600000.0,,False,run2
movenpick-residences-phu-quoc,2026-10-01,632765008_246972156_2_41_0,"('632765008', '246972156', '41', '0', '')",N>=2,False,False,7800000.0,,False,run2
movenpick-residences-phu-quoc,2026-10-01,632765008_438259885_2_41_0,"('632765008', '438259885', '41', '0', '')",N>=2,False,False,9600000.0,,False,run2
movenpick-residences-phu-quoc,2026-10-01,632765010_246972156_2_41_0,"('632765010', '246972156', '41', '0', '')",N>=2,False,False,9000000.0,,False,run2
movenpick-residences-phu-quoc,2026-10-01,632765010_438259885_2_41_0,"('632765010', '438259885', '41', '0', '')",N>=2,False,False,11100000.0,,False,run2
movenpick-residences-phu-quoc,2026-10-01,632765007_246972156_2_41_0,"('632765007', '246972156', '41', '0', '')",N>=2,False,False,12600000.0,,False,run2
movenpick-residences-phu-quoc,2026-10-01,632765007_438259885_2_41_0,"('632765007', '438259885', '41', '0', '')",N>=2,False,False,15600000.0,,False,run2
movenpick-residences-phu-quoc,2026-10-01,632765013_246972156_2_41_0,"('632765013', '246972156', '41', '0', '')",N>=2,False,False,45400000.0,,False,run2
movenpick-residences-phu-quoc,2026-10-01,632765013_438259885_2_41_0,"('632765013', '438259885', '41', '0', '')",N>=2,False,False,56600000.0,,False,run2
movenpick-residences-phu-quoc,2026-10-01,632765001_246972156_1_41_0,"('632765001', '246972156', '41', '0', '')",1,True,False,,2500000.0,True,run2
movenpick-residences-phu-quoc,2026-10-01,632765001_438259885_1_41_0,"('632765001', '438259885', '41', '0', '')",1,True,False,,3050000.0,True,run2
movenpick-residences-phu-quoc,2026-10-01,632765002_246972156_1_41_0,"('632765002', '246972156', '41', '0', '')",1,True,False,,2580000.0,True,run2
movenpick-residences-phu-quoc,2026-10-01,632765002_438259885_1_41_0,"('632765002', '438259885', '41', '0', '')",1,True,False,,3150000.0,True,run2
movenpick-residences-phu-quoc,2026-10-01,632765003_246972156_1_41_0,"('632765003', '246972156', '41', '0', '')",1,True,False,,2580000.0,True,run2
movenpick-residences-phu-quoc,2026-10-01,632765003_438259885_1_41_0,"('632765003', '438259885', '41', '0', '')",1,True,False,,3150000.0,True,run2
movenpick-residences-phu-quoc,2026-10-01,632765012_246972156_1_41_0,"('632765012', '246972156', '41', '0', '')",1,True,False,,2900000.0,True,run2
movenpick-residences-phu-quoc,2026-10-01,632765012_438259885_1_41_0,"('632765012', '438259885', '41', '0', '')",1,True,False,,3550000.0,True,run2
movenpick-residences-phu-quoc,2026-10-01,632765014_246972156_1_41_0,"('632765014', '246972156', '41', '0', '')",1,True,False,,5860000.0,True,run2
movenpick-residences-phu-quoc,2026-10-01,632765014_438259885_1_41_0,"('632765014', '438259885', '41', '0', '')",1,True,False,,7250000.0,True,run2
movenpick-residences-phu-quoc,2026-10-01,632765006_246972156_1_41_0,"('632765006', '246972156', '41', '0', '')",1,True,False,,6700000.0,True,run2
movenpick-residences-phu-quoc,2026-10-01,632765006_438259885_1_41_0,"('632765006', '438259885', '41', '0', '')",1,True,False,,8300000.0,True,run2
movenpick-residences-phu-quoc,2026-10-01,632765008_246972156_1_41_0,"('632765008', '246972156', '41', '0', '')",1,True,False,,7500000.0,True,run2
movenpick-residences-phu-quoc,2026-10-01,632765008_438259885_1_41_0,"('632765008', '438259885', '41', '0', '')",1,True,False,,9300000.0,True,run2
movenpick-residences-phu-quoc,2026-10-01,632765010_246972156_1_41_0,"('632765010', '246972156', '41', '0', '')",1,True,False,,8700000.0,True,run2
movenpick-residences-phu-quoc,2026-10-01,632765010_438259885_1_41_0,"('632765010', '438259885', '41', '0', '')",1,True,False,,10800000.0,True,run2
movenpick-residences-phu-quoc,2026-10-01,632765007_246972156_1_41_0,"('632765007', '246972156', '41', '0', '')",1,True,False,,12300000.0,True,run2
movenpick-residences-phu-quoc,2026-10-01,632765007_438259885_1_41_0,"('632765007', '438259885', '41', '0', '')",1,True,False,,15300000.0,True,run2
movenpick-residences-phu-quoc,2026-10-01,632765013_246972156_1_41_0,"('632765013', '246972156', '41', '0', '')",1,True,False,,45100000.0,True,run2
movenpick-residences-phu-quoc,2026-10-01,632765013_438259885_1_41_0,"('632765013', '438259885', '41', '0', '')",1,True,False,,56300000.0,True,run2
movenpick-residences-phu-quoc,2026-10-11,632765001_246972156_2_41_0,"('632765001', '246972156', '41', '0', '')",N>=2,False,False,2800000.0,,False,run2
movenpick-residences-phu-quoc,2026-10-11,632765001_438259885_2_41_0,"('632765001', '438259885', '41', '0', '')",N>=2,False,False,3350000.0,,False,run2
movenpick-residences-phu-quoc,2026-10-11,632765002_246972156_2_41_0,"('632765002', '246972156', '41', '0', '')",N>=2,False,False,2880000.0,,False,run2
movenpick-residences-phu-quoc,2026-10-11,632765002_438259885_2_41_0,"('632765002', '438259885', '41', '0', '')",N>=2,False,False,3450000.0,,False,run2
movenpick-residences-phu-quoc,2026-10-11,632765003_246972156_2_41_0,"('632765003', '246972156', '41', '0', '')",N>=2,False,False,2880000.0,,False,run2
movenpick-residences-phu-quoc,2026-10-11,632765003_438259885_2_41_0,"('632765003', '438259885', '41', '0', '')",N>=2,False,False,3450000.0,,False,run2
movenpick-residences-phu-quoc,2026-10-11,632765012_246972156_2_41_0,"('632765012', '246972156', '41', '0', '')",N>=2,False,False,3200000.0,,False,run2
movenpick-residences-phu-quoc,2026-10-11,632765012_438259885_2_41_0,"('632765012', '438259885', '41', '0', '')",N>=2,False,False,3850000.0,,False,run2
movenpick-residences-phu-quoc,2026-10-11,632765004_246972156_2_41_0,"('632765004', '246972156', '41', '0', '')",N>=2,False,False,5600000.0,,False,run2
movenpick-residences-phu-quoc,2026-10-11,632765004_438259885_2_41_0,"('632765004', '438259885', '41', '0', '')",N>=2,False,False,6850000.0,,False,run2
movenpick-residences-phu-quoc,2026-10-11,632765014_246972156_2_41_0,"('632765014', '246972156', '41', '0', '')",N>=2,False,False,6160000.0,,False,run2
movenpick-residences-phu-quoc,2026-10-11,632765014_438259885_2_41_0,"('632765014', '438259885', '41', '0', '')",N>=2,False,False,7550000.0,,False,run2
movenpick-residences-phu-quoc,2026-10-11,632765006_246972156_2_41_0,"('632765006', '246972156', '41', '0', '')",N>=2,False,False,7000000.0,,False,run2
movenpick-residences-phu-quoc,2026-10-11,632765006_438259885_2_41_0,"('632765006', '438259885', '41', '0', '')",N>=2,False,False,8600000.0,,False,run2
movenpick-residences-phu-quoc,2026-10-11,632765008_246972156_2_41_0,"('632765008', '246972156', '41', '0', '')",N>=2,False,False,7800000.0,,False,run2
movenpick-residences-phu-quoc,2026-10-11,632765008_438259885_2_41_0,"('632765008', '438259885', '41', '0', '')",N>=2,False,False,9600000.0,,False,run2
movenpick-residences-phu-quoc,2026-10-11,632765010_246972156_2_41_0,"('632765010', '246972156', '41', '0', '')",N>=2,False,False,9000000.0,,False,run2
movenpick-residences-phu-quoc,2026-10-11,632765010_438259885_2_41_0,"('632765010', '438259885', '41', '0', '')",N>=2,False,False,11100000.0,,False,run2
movenpick-residences-phu-quoc,2026-10-11,632765007_246972156_2_41_0,"('632765007', '246972156', '41', '0', '')",N>=2,False,False,12600000.0,,False,run2
movenpick-residences-phu-quoc,2026-10-11,632765007_438259885_2_41_0,"('632765007', '438259885', '41', '0', '')",N>=2,False,False,15600000.0,,False,run2
movenpick-residences-phu-quoc,2026-10-11,632765001_246972156_1_41_0,"('632765001', '246972156', '41', '0', '')",1,True,False,,2500000.0,True,run2
movenpick-residences-phu-quoc,2026-10-11,632765001_438259885_1_41_0,"('632765001', '438259885', '41', '0', '')",1,True,False,,3050000.0,True,run2
movenpick-residences-phu-quoc,2026-10-11,632765002_246972156_1_41_0,"('632765002', '246972156', '41', '0', '')",1,True,False,,2580000.0,True,run2
movenpick-residences-phu-quoc,2026-10-11,632765002_438259885_1_41_0,"('632765002', '438259885', '41', '0', '')",1,True,False,,3150000.0,True,run2
movenpick-residences-phu-quoc,2026-10-11,632765003_246972156_1_41_0,"('632765003', '246972156', '41', '0', '')",1,True,False,,2580000.0,True,run2
movenpick-residences-phu-quoc,2026-10-11,632765003_438259885_1_41_0,"('632765003', '438259885', '41', '0', '')",1,True,False,,3150000.0,True,run2
movenpick-residences-phu-quoc,2026-10-11,632765012_246972156_1_41_0,"('632765012', '246972156', '41', '0', '')",1,True,False,,2900000.0,True,run2
movenpick-residences-phu-quoc,2026-10-11,632765012_438259885_1_41_0,"('632765012', '438259885', '41', '0', '')",1,True,False,,3550000.0,True,run2
movenpick-residences-phu-quoc,2026-10-11,632765004_246972156_1_41_0,"('632765004', '246972156', '41', '0', '')",1,True,False,,5300000.0,True,run2
movenpick-residences-phu-quoc,2026-10-11,632765004_438259885_1_41_0,"('632765004', '438259885', '41', '0', '')",1,True,False,,6550000.0,True,run2
movenpick-residences-phu-quoc,2026-10-11,632765014_246972156_1_41_0,"('632765014', '246972156', '41', '0', '')",1,True,False,,5860000.0,True,run2
movenpick-residences-phu-quoc,2026-10-11,632765014_438259885_1_41_0,"('632765014', '438259885', '41', '0', '')",1,True,False,,7250000.0,True,run2
movenpick-residences-phu-quoc,2026-10-11,632765006_246972156_1_41_0,"('632765006', '246972156', '41', '0', '')",1,True,False,,6700000.0,True,run2
movenpick-residences-phu-quoc,2026-10-11,632765006_438259885_1_41_0,"('632765006', '438259885', '41', '0', '')",1,True,False,,8300000.0,True,run2
movenpick-residences-phu-quoc,2026-10-11,632765008_246972156_1_41_0,"('632765008', '246972156', '41', '0', '')",1,True,False,,7500000.0,True,run2
movenpick-residences-phu-quoc,2026-10-11,632765008_438259885_1_41_0,"('632765008', '438259885', '41', '0', '')",1,True,False,,9300000.0,True,run2
movenpick-residences-phu-quoc,2026-10-11,632765010_246972156_1_41_0,"('632765010', '246972156', '41', '0', '')",1,True,False,,8700000.0,True,run2
movenpick-residences-phu-quoc,2026-10-11,632765010_438259885_1_41_0,"('632765010', '438259885', '41', '0', '')",1,True,False,,10800000.0,True,run2
movenpick-residences-phu-quoc,2026-10-11,632765007_246972156_1_41_0,"('632765007', '246972156', '41', '0', '')",1,True,False,,12300000.0,True,run2
movenpick-residences-phu-quoc,2026-10-11,632765007_438259885_1_41_0,"('632765007', '438259885', '41', '0', '')",1,True,False,,15300000.0,True,run2
movenpick-residences-phu-quoc,2026-11-18,632765001_246972156_2_41_0,"('632765001', '246972156', '41', '0', '')",N>=2,False,False,4200000.0,,False,run2
movenpick-residences-phu-quoc,2026-11-18,632765002_246972156_2_41_0,"('632765002', '246972156', '41', '0', '')",N>=2,False,False,4600000.0,,False,run2
movenpick-residences-phu-quoc,2026-11-18,632765003_246972156_2_41_0,"('632765003', '246972156', '41', '0', '')",N>=2,False,False,4600000.0,,False,run2
movenpick-residences-phu-quoc,2026-11-18,632765012_246972156_2_41_0,"('632765012', '246972156', '41', '0', '')",N>=2,False,False,5400000.0,,False,run2
movenpick-residences-phu-quoc,2026-11-18,632765004_246972156_2_41_0,"('632765004', '246972156', '41', '0', '')",N>=2,False,False,7400000.0,,False,run2
movenpick-residences-phu-quoc,2026-11-18,632765014_246972156_2_41_0,"('632765014', '246972156', '41', '0', '')",N>=2,False,False,8600000.0,,False,run2
movenpick-residences-phu-quoc,2026-11-18,632765006_246972156_2_41_0,"('632765006', '246972156', '41', '0', '')",N>=2,False,False,10600000.0,,False,run2
movenpick-residences-phu-quoc,2026-11-18,632765008_246972156_2_41_0,"('632765008', '246972156', '41', '0', '')",N>=2,False,False,11800000.0,,False,run2
movenpick-residences-phu-quoc,2026-11-18,632765010_246972156_2_41_0,"('632765010', '246972156', '41', '0', '')",N>=2,False,False,13400000.0,,False,run2
movenpick-residences-phu-quoc,2026-11-18,632765007_246972156_2_41_0,"('632765007', '246972156', '41', '0', '')",N>=2,False,False,20600000.0,,False,run2
movenpick-residences-phu-quoc,2026-11-18,632765013_246972156_2_41_0,"('632765013', '246972156', '41', '0', '')",N>=2,False,False,56600000.0,,False,run2
movenpick-residences-phu-quoc,2026-11-18,632765001_246972156_1_41_0,"('632765001', '246972156', '41', '0', '')",1,True,False,,3900000.0,True,run2
movenpick-residences-phu-quoc,2026-11-18,632765002_246972156_1_41_0,"('632765002', '246972156', '41', '0', '')",1,True,False,,4300000.0,True,run2
movenpick-residences-phu-quoc,2026-11-18,632765003_246972156_1_41_0,"('632765003', '246972156', '41', '0', '')",1,True,False,,4300000.0,True,run2
movenpick-residences-phu-quoc,2026-11-18,632765012_246972156_1_41_0,"('632765012', '246972156', '41', '0', '')",1,True,False,,5100000.0,True,run2
movenpick-residences-phu-quoc,2026-11-18,632765004_246972156_1_41_0,"('632765004', '246972156', '41', '0', '')",1,True,False,,7100000.0,True,run2
movenpick-residences-phu-quoc,2026-11-18,632765014_246972156_1_41_0,"('632765014', '246972156', '41', '0', '')",1,True,False,,8300000.0,True,run2
movenpick-residences-phu-quoc,2026-11-18,632765006_246972156_1_41_0,"('632765006', '246972156', '41', '0', '')",1,True,False,,10300000.0,True,run2
movenpick-residences-phu-quoc,2026-11-18,632765008_246972156_1_41_0,"('632765008', '246972156', '41', '0', '')",1,True,False,,11500000.0,True,run2
movenpick-residences-phu-quoc,2026-11-18,632765010_246972156_1_41_0,"('632765010', '246972156', '41', '0', '')",1,True,False,,13100000.0,True,run2
movenpick-residences-phu-quoc,2026-11-18,632765007_246972156_1_41_0,"('632765007', '246972156', '41', '0', '')",1,True,False,,20300000.0,True,run2
movenpick-residences-phu-quoc,2026-11-18,632765013_246972156_1_41_0,"('632765013', '246972156', '41', '0', '')",1,True,False,,56300000.0,True,run2
pearl-wealth-da-lat,2026-10-01,1074539504_391656433_2_0_0_1338695,"('1074539504', '391656433', '0', '0', '1338695')",N>=2,False,False,280000.0,,False,run2
pearl-wealth-da-lat,2026-10-01,1074539504_391656433_0_0_0_1165746,"('1074539504', '391656433', '0', '0', '1165746')",0,False,True,315000.0,315000.0,False,run2
pearl-wealth-da-lat,2026-10-01,1074539502_391656433_2_0_0_1338695,"('1074539502', '391656433', '0', '0', '1338695')",N>=2,False,True,565250.0,565250.0,False,run2
pearl-wealth-da-lat,2026-10-01,1074539502_391656433_0_0_0_1165746,"('1074539502', '391656433', '0', '0', '1165746')",0,False,True,630000.0,630000.0,False,run2
pearl-wealth-da-lat,2026-10-01,1074539501_391656433_2_0_0_1338695,"('1074539501', '391656433', '0', '0', '1338695')",N>=2,False,False,385000.0,,False,run2
pearl-wealth-da-lat,2026-10-01,1074539501_391656433_0_0_0_1165746,"('1074539501', '391656433', '0', '0', '1165746')",0,False,True,420000.0,420000.0,False,run2
pearl-wealth-da-lat,2026-10-01,1074539503_391656433_3_0_0_1338695,"('1074539503', '391656433', '0', '0', '1338695')",N>=2,False,True,651000.0,651000.0,False,run2
pearl-wealth-da-lat,2026-10-01,1074539503_391656433_0_0_0_1165746,"('1074539503', '391656433', '0', '0', '1165746')",0,False,True,735000.0,735000.0,False,run2
pearl-wealth-da-lat,2026-10-01,1074539504_391656433_1_0_0_1338695,"('1074539504', '391656433', '0', '0', '1338695')",1,True,False,,266000.0,True,run2
pearl-wealth-da-lat,2026-10-01,1074539501_391656433_1_0_0_1338695,"('1074539501', '391656433', '0', '0', '1338695')",1,True,False,,365750.0,True,run2
pearl-wealth-da-lat,2026-10-11,1074539504_391656433_2_0_0_1338695,"('1074539504', '391656433', '0', '0', '1338695')",N>=2,False,False,280000.0,,False,run2
pearl-wealth-da-lat,2026-10-11,1074539504_391656433_0_0_0_1165746,"('1074539504', '391656433', '0', '0', '1165746')",0,False,True,315000.0,315000.0,False,run2
pearl-wealth-da-lat,2026-10-11,1074539501_391656433_2_0_0_1338695,"('1074539501', '391656433', '0', '0', '1338695')",N>=2,False,False,385000.0,,False,run2
pearl-wealth-da-lat,2026-10-11,1074539501_391656433_0_0_0_1165746,"('1074539501', '391656433', '0', '0', '1165746')",0,False,True,420000.0,420000.0,False,run2
pearl-wealth-da-lat,2026-10-11,1074539502_391656433_2_0_0_1338695,"('1074539502', '391656433', '0', '0', '1338695')",N>=2,False,True,565250.0,565250.0,False,run2
pearl-wealth-da-lat,2026-10-11,1074539502_391656433_0_0_0_1165746,"('1074539502', '391656433', '0', '0', '1165746')",0,False,True,630000.0,630000.0,False,run2
pearl-wealth-da-lat,2026-10-11,1074539503_391656433_3_0_0_1338695,"('1074539503', '391656433', '0', '0', '1338695')",N>=2,False,True,651000.0,651000.0,False,run2
pearl-wealth-da-lat,2026-10-11,1074539503_391656433_0_0_0_1165746,"('1074539503', '391656433', '0', '0', '1165746')",0,False,True,735000.0,735000.0,False,run2
pearl-wealth-da-lat,2026-10-11,1074539504_391656433_1_0_0_1338695,"('1074539504', '391656433', '0', '0', '1338695')",1,True,False,,266000.0,True,run2
pearl-wealth-da-lat,2026-10-11,1074539501_391656433_1_0_0_1338695,"('1074539501', '391656433', '0', '0', '1338695')",1,True,False,,365750.0,True,run2
pearl-wealth-da-lat,2026-11-18,1074539504_391656433_2_0_0_1338695,"('1074539504', '391656433', '0', '0', '1338695')",N>=2,False,False,308000.0,,False,run2
pearl-wealth-da-lat,2026-11-18,1074539504_391656433_0_0_0_1165746,"('1074539504', '391656433', '0', '0', '1165746')",0,False,True,343000.0,343000.0,False,run2
pearl-wealth-da-lat,2026-11-18,1074539501_391656433_2_0_0_1338695,"('1074539501', '391656433', '0', '0', '1338695')",N>=2,False,False,385000.0,,False,run2
pearl-wealth-da-lat,2026-11-18,1074539501_391656433_0_0_0_1165746,"('1074539501', '391656433', '0', '0', '1165746')",0,False,True,420000.0,420000.0,False,run2
pearl-wealth-da-lat,2026-11-18,1074539502_391656433_2_0_0_1338695,"('1074539502', '391656433', '0', '0', '1338695')",N>=2,False,True,565250.0,565250.0,False,run2
pearl-wealth-da-lat,2026-11-18,1074539502_391656433_0_0_0_1165746,"('1074539502', '391656433', '0', '0', '1165746')",0,False,True,630000.0,630000.0,False,run2
pearl-wealth-da-lat,2026-11-18,1074539503_391656433_3_0_0_1338695,"('1074539503', '391656433', '0', '0', '1338695')",N>=2,False,True,651000.0,651000.0,False,run2
pearl-wealth-da-lat,2026-11-18,1074539503_391656433_0_0_0_1165746,"('1074539503', '391656433', '0', '0', '1165746')",0,False,True,735000.0,735000.0,False,run2
pearl-wealth-da-lat,2026-11-18,1074539504_391656433_1_0_0_1338695,"('1074539504', '391656433', '0', '0', '1338695')",1,True,False,,292600.0,True,run2
pearl-wealth-da-lat,2026-11-18,1074539501_391656433_1_0_0_1338695,"('1074539501', '391656433', '0', '0', '1338695')",1,True,False,,365750.0,True,run2
roma,2026-10-01,bbasic_0,"('bbasic_0',)",?,False,True,2331070.0,2269165.0,False,run2
roma,2026-10-01,998285901_429664359_2_1_0_304452,"('998285901', '429664359', '1', '0', '304452')",N>=2,False,True,5203116.0,5203116.0,False,run2
roma,2026-10-01,998285904_429664359_2_1_0_304452,"('998285904', '429664359', '1', '0', '304452')",N>=2,False,True,3298482.0,3298482.0,False,run2
roma,2026-10-01,998285912_bbasic_0,"('998285912_bbasic_0',)",0,False,True,2725911.0,2713946.0,False,run2
roma,2026-10-01,998285912_429664359_2_1_0_304452,"('998285912', '429664359', '1', '0', '304452')",N>=2,False,True,3857382.0,3857382.0,False,run2
roma,2026-10-01,998285905_429664359_2_1_0_304452,"('998285905', '429664359', '1', '0', '304452')",N>=2,False,True,4191750.0,4191750.0,False,run2
roma,2026-10-01,998285911_429664359_2_1_0_304452,"('998285911', '429664359', '1', '0', '304452')",N>=2,False,True,6804000.0,6804000.0,False,run2
roma,2026-10-01,998285909_429664359_4_1_0_304452,"('998285909', '429664359', '1', '0', '304452')",N>=2,False,True,6757830.0,6757830.0,False,run2
roma,2026-10-01,998285914_429664359_4_1_0_304452,"('998285914', '429664359', '1', '0', '304452')",N>=2,False,True,6757830.0,6757830.0,False,run2
roma,2026-10-01,998285908_429664359_4_1_0_304452,"('998285908', '429664359', '1', '0', '304452')",N>=2,False,True,7348320.0,7348320.0,False,run2
roma,2026-10-01,998285905_bbasic_0,"('998285905_bbasic_0',)",0,False,False,,2949082.0,True,run2
roma,2026-10-11,bbasic_0,"('bbasic_0',)",?,False,True,2331070.0,2269165.0,False,run2
roma,2026-10-11,998285901_429664359_2_1_0_304452,"('998285901', '429664359', '1', '0', '304452')",N>=2,False,True,5203116.0,5203116.0,False,run2
roma,2026-10-11,998285913_429664359_2_1_0_304452,"('998285913', '429664359', '1', '0', '304452')",N>=2,False,True,4869720.0,4869720.0,False,run2
roma,2026-10-11,998285904_429664359_2_1_0_304452,"('998285904', '429664359', '1', '0', '304452')",N>=2,False,True,3298482.0,3298482.0,False,run2
roma,2026-10-11,998285912_bbasic_0,"('998285912_bbasic_0',)",0,False,True,2725911.0,2713946.0,False,run2
roma,2026-10-11,998285912_429664359_2_1_0_304452,"('998285912', '429664359', '1', '0', '304452')",N>=2,False,True,3857382.0,3857382.0,False,run2
roma,2026-10-11,998285905_bbasic_0,"('998285905_bbasic_0',)",0,False,True,2962348.0,2949082.0,False,run2
roma,2026-10-11,998285905_429664359_2_1_0_304452,"('998285905', '429664359', '1', '0', '304452')",N>=2,False,True,4191750.0,4191750.0,False,run2
roma,2026-10-11,998285903_429664359_2_1_0_304452,"('998285903', '429664359', '1', '0', '304452')",N>=2,False,True,5750352.0,5750352.0,False,run2
roma,2026-10-11,998285911_429664359_2_1_0_304452,"('998285911', '429664359', '1', '0', '304452')",N>=2,False,True,6804000.0,6804000.0,False,run2
roma,2026-10-11,998285909_429664359_4_1_0_304452,"('998285909', '429664359', '1', '0', '304452')",N>=2,False,True,6757830.0,6757830.0,False,run2
roma,2026-10-11,998285914_429664359_4_1_0_304452,"('998285914', '429664359', '1', '0', '304452')",N>=2,False,True,6757830.0,6757830.0,False,run2
roma,2026-11-18,bbasic_0,"('bbasic_0',)",?,False,True,5934840.0,5777215.0,False,run2
roma,2026-11-18,998285910_429664359_2_1_0_304452,"('998285910', '429664359', '1', '0', '304452')",N>=2,False,True,8398080.0,8398080.0,False,run2
roma,2026-11-18,998285904_bbasic_0,"('998285904_bbasic_0',)",0,False,True,7459841.0,7426808.0,False,run2
roma,2026-11-18,998285904_429664359_2_1_0_304452,"('998285904', '429664359', '1', '0', '304452')",N>=2,False,True,10555920.0,10555920.0,False,run2
roma,2026-11-18,998285912_bbasic_0,"('998285912_bbasic_0',)",0,False,False,8723697.0,,False,run2
roma,2026-11-18,998285912_429664359_2_1_0_304452,"('998285912', '429664359', '1', '0', '304452')",N>=2,False,True,12344400.0,12344400.0,False,run2
roma,2026-11-18,998285905_bbasic_0,"('998285905_bbasic_0',)",0,False,False,9479305.0,,False,run2
roma,2026-11-18,998285905_429664359_2_1_0_304452,"('998285905', '429664359', '1', '0', '304452')",N>=2,False,True,13413600.0,13413600.0,False,run2
roma,2026-11-18,998285913_bbasic_0,"('998285913_bbasic_0',)",0,False,False,11012630.0,,False,run2
roma,2026-11-18,998285913_429664359_2_1_0_304452,"('998285913', '429664359', '1', '0', '304452')",N>=2,False,True,15583104.0,15583104.0,False,run2
roma,2026-11-18,998285901_bbasic_0,"('998285901_bbasic_0',)",0,False,False,11766937.0,,False,run2
roma,2026-11-18,998285901_429664359_2_1_0_304452,"('998285901', '429664359', '1', '0', '304452')",N>=2,False,True,16650360.0,16650360.0,False,run2
roma,2026-11-18,998285903_bbasic_0,"('998285903_bbasic_0',)",0,False,False,13004522.0,,False,run2
roma,2026-11-18,998285903_429664359_2_1_0_304452,"('998285903', '429664359', '1', '0', '304452')",N>=2,False,True,18401904.0,18401904.0,False,run2
roma,2026-11-18,998285911_429664359_2_1_0_304452,"('998285911', '429664359', '1', '0', '304452')",N>=2,False,True,23328000.0,23328000.0,False,run2
roma,2026-11-18,998285909_429664359_4_1_0_304452,"('998285909', '429664359', '1', '0', '304452')",N>=2,False,True,20023200.0,20023200.0,False,run2
roma,2026-11-18,998285914_429664359_4_1_0_304452,"('998285914', '429664359', '1', '0', '304452')",N>=2,False,True,20023200.0,20023200.0,False,run2
roma,2026-11-18,998285908_429664359_4_1_0_304452,"('998285908', '429664359', '1', '0', '304452')",N>=2,False,True,21772800.0,21772800.0,False,run2
sol-phu-quoc,2026-10-01,bbasic_0,"('bbasic_0',)",?,False,True,2825532.0,2464245.0,False,run2
sol-phu-quoc,2026-10-01,198000306_139430543_2_41_0_78998,"('198000306', '139430543', '41', '0', '78998')",N>=2,False,True,3367980.0,3367980.0,False,run2
sol-phu-quoc,2026-10-01,198000306_246462236_2_1_0_78998,"('198000306', '246462236', '1', '0', '78998')",N>=2,False,True,3742200.0,3742200.0,False,run2
sol-phu-quoc,2026-10-01,198000306_139430543_2_17_0_78998,"('198000306', '139430543', '17', '0', '78998')",N>=2,False,True,4898880.0,4898880.0,False,run2
sol-phu-quoc,2026-10-01,198000306_246462236_2_17_0_78998,"('198000306', '246462236', '17', '0', '78998')",N>=2,False,True,5443200.0,5443200.0,False,run2
sol-phu-quoc,2026-10-01,198000306_139430543_2_21_0_78998,"('198000306', '139430543', '21', '0', '78998')",N>=2,False,True,7042140.0,7042140.0,False,run2
sol-phu-quoc,2026-10-01,198000306_246462236_2_21_0_78998,"('198000306', '246462236', '21', '0', '78998')",N>=2,False,True,7824600.0,7824600.0,False,run2
sol-phu-quoc,2026-10-01,198000349_139430543_2_41_0_78998,"('198000349', '139430543', '41', '0', '78998')",N>=2,False,True,3623130.0,3623130.0,False,run2
sol-phu-quoc,2026-10-01,198000349_246462236_2_1_0_78998,"('198000349', '246462236', '1', '0', '78998')",N>=2,False,True,4025700.0,4025700.0,False,run2
sol-phu-quoc,2026-10-01,198000349_139430543_2_17_0_78998,"('198000349', '139430543', '17', '0', '78998')",N>=2,False,True,5154030.0,5154030.0,False,run2
sol-phu-quoc,2026-10-01,198000349_246462236_2_17_0_78998,"('198000349', '246462236', '17', '0', '78998')",N>=2,False,True,5726700.0,5726700.0,False,run2
sol-phu-quoc,2026-10-01,198000349_139430543_2_21_0_78998,"('198000349', '139430543', '21', '0', '78998')",N>=2,False,True,7297290.0,7297290.0,False,run2
sol-phu-quoc,2026-10-01,198000349_246462236_2_21_0_78998,"('198000349', '246462236', '21', '0', '78998')",N>=2,False,True,8108100.0,8108100.0,False,run2
sol-phu-quoc,2026-10-01,198000307_139430543_2_41_0_78998,"('198000307', '139430543', '41', '0', '78998')",N>=2,False,True,3878280.0,3878280.0,False,run2
sol-phu-quoc,2026-10-01,198000307_246462236_2_1_0_78998,"('198000307', '246462236', '1', '0', '78998')",N>=2,False,True,4309200.0,4309200.0,False,run2
sol-phu-quoc,2026-10-01,198000307_139430543_2_17_0_78998,"('198000307', '139430543', '17', '0', '78998')",N>=2,False,True,5409180.0,5409180.0,False,run2
sol-phu-quoc,2026-10-01,198000307_246462236_2_17_0_78998,"('198000307', '246462236', '17', '0', '78998')",N>=2,False,True,6010200.0,6010200.0,False,run2
sol-phu-quoc,2026-10-01,198000307_139430543_2_21_0_78998,"('198000307', '139430543', '21', '0', '78998')",N>=2,False,True,7552440.0,7552440.0,False,run2
sol-phu-quoc,2026-10-01,198000307_246462236_2_21_0_78998,"('198000307', '246462236', '21', '0', '78998')",N>=2,False,True,8391600.0,8391600.0,False,run2
sol-phu-quoc,2026-10-01,198000350_139430543_2_41_0_78998,"('198000350', '139430543', '41', '0', '78998')",N>=2,False,True,4133430.0,4133430.0,False,run2
sol-phu-quoc,2026-10-01,198000350_246462236_2_1_0_78998,"('198000350', '246462236', '1', '0', '78998')",N>=2,False,True,4592700.0,4592700.0,False,run2
sol-phu-quoc,2026-10-01,198000350_139430543_2_17_0_78998,"('198000350', '139430543', '17', '0', '78998')",N>=2,False,True,5664330.0,5664330.0,False,run2
sol-phu-quoc,2026-10-01,198000350_246462236_2_17_0_78998,"('198000350', '246462236', '17', '0', '78998')",N>=2,False,True,6293700.0,6293700.0,False,run2
sol-phu-quoc,2026-10-01,198000350_139430543_2_21_0_78998,"('198000350', '139430543', '21', '0', '78998')",N>=2,False,True,7807590.0,7807590.0,False,run2
sol-phu-quoc,2026-10-01,198000350_246462236_2_21_0_78998,"('198000350', '246462236', '21', '0', '78998')",N>=2,False,True,8675100.0,8675100.0,False,run2
sol-phu-quoc,2026-10-01,198000309_139430543_2_41_0_78998,"('198000309', '139430543', '41', '0', '78998')",N>=2,False,True,4388580.0,4388580.0,False,run2
sol-phu-quoc,2026-10-01,198000309_246462236_2_1_0_78998,"('198000309', '246462236', '1', '0', '78998')",N>=2,False,True,4876200.0,4876200.0,False,run2
sol-phu-quoc,2026-10-01,198000309_139430543_2_17_0_78998,"('198000309', '139430543', '17', '0', '78998')",N>=2,False,True,5919480.0,5919480.0,False,run2
sol-phu-quoc,2026-10-01,198000309_246462236_2_17_0_78998,"('198000309', '246462236', '17', '0', '78998')",N>=2,False,True,6577200.0,6577200.0,False,run2
sol-phu-quoc,2026-10-01,198000309_139430543_2_21_0_78998,"('198000309', '139430543', '21', '0', '78998')",N>=2,False,True,8062740.0,8062740.0,False,run2
sol-phu-quoc,2026-10-01,198000309_246462236_2_21_0_78998,"('198000309', '246462236', '21', '0', '78998')",N>=2,False,True,8958600.0,8958600.0,False,run2
sol-phu-quoc,2026-10-01,198000310_139430543_2_41_0_78998,"('198000310', '139430543', '41', '0', '78998')",N>=2,False,True,4949910.0,4949910.0,False,run2
sol-phu-quoc,2026-10-01,198000310_246462236_2_1_0_78998,"('198000310', '246462236', '1', '0', '78998')",N>=2,False,True,5499900.0,5499900.0,False,run2
sol-phu-quoc,2026-10-01,198000310_139430543_2_17_0_78998,"('198000310', '139430543', '17', '0', '78998')",N>=2,False,True,6480810.0,6480810.0,False,run2
sol-phu-quoc,2026-10-01,198000310_246462236_2_17_0_78998,"('198000310', '246462236', '17', '0', '78998')",N>=2,False,True,7200900.0,7200900.0,False,run2
sol-phu-quoc,2026-10-01,198000310_139430543_2_21_0_78998,"('198000310', '139430543', '21', '0', '78998')",N>=2,False,True,8624070.0,8624070.0,False,run2
sol-phu-quoc,2026-10-01,198000310_246462236_2_21_0_78998,"('198000310', '246462236', '21', '0', '78998')",N>=2,False,True,9582300.0,9582300.0,False,run2
sol-phu-quoc,2026-10-01,198000306_bbasic_0,"('198000306_bbasic_0',)",0,False,False,,3089800.0,True,run2
sol-phu-quoc,2026-10-11,198000306_139430543_2_41_0_78998,"('198000306', '139430543', '41', '0', '78998')",N>=2,False,True,3367980.0,3367980.0,False,run2
sol-phu-quoc,2026-10-11,198000306_246462236_2_1_0_78998,"('198000306', '246462236', '1', '0', '78998')",N>=2,False,True,3742200.0,3742200.0,False,run2
sol-phu-quoc,2026-10-11,198000306_139430543_2_17_0_78998,"('198000306', '139430543', '17', '0', '78998')",N>=2,False,True,4898880.0,4898880.0,False,run2
sol-phu-quoc,2026-10-11,198000306_246462236_2_17_0_78998,"('198000306', '246462236', '17', '0', '78998')",N>=2,False,True,5443200.0,5443200.0,False,run2
sol-phu-quoc,2026-10-11,198000306_139430543_2_21_0_78998,"('198000306', '139430543', '21', '0', '78998')",N>=2,False,True,7042140.0,7042140.0,False,run2
sol-phu-quoc,2026-10-11,198000306_246462236_2_21_0_78998,"('198000306', '246462236', '21', '0', '78998')",N>=2,False,True,7824600.0,7824600.0,False,run2
sol-phu-quoc,2026-10-11,198000349_139430543_2_41_0_78998,"('198000349', '139430543', '41', '0', '78998')",N>=2,False,True,3623130.0,3623130.0,False,run2
sol-phu-quoc,2026-10-11,198000349_246462236_2_1_0_78998,"('198000349', '246462236', '1', '0', '78998')",N>=2,False,True,4025700.0,4025700.0,False,run2
sol-phu-quoc,2026-10-11,198000349_139430543_2_17_0_78998,"('198000349', '139430543', '17', '0', '78998')",N>=2,False,True,5154030.0,5154030.0,False,run2
sol-phu-quoc,2026-10-11,198000349_246462236_2_17_0_78998,"('198000349', '246462236', '17', '0', '78998')",N>=2,False,True,5726700.0,5726700.0,False,run2
sol-phu-quoc,2026-10-11,198000349_139430543_2_21_0_78998,"('198000349', '139430543', '21', '0', '78998')",N>=2,False,True,7297290.0,7297290.0,False,run2
sol-phu-quoc,2026-10-11,198000349_246462236_2_21_0_78998,"('198000349', '246462236', '21', '0', '78998')",N>=2,False,True,8108100.0,8108100.0,False,run2
sol-phu-quoc,2026-10-11,198000307_139430543_2_41_0_78998,"('198000307', '139430543', '41', '0', '78998')",N>=2,False,True,3878280.0,3878280.0,False,run2
sol-phu-quoc,2026-10-11,198000307_246462236_2_1_0_78998,"('198000307', '246462236', '1', '0', '78998')",N>=2,False,True,4309200.0,4309200.0,False,run2
sol-phu-quoc,2026-10-11,198000307_139430543_2_17_0_78998,"('198000307', '139430543', '17', '0', '78998')",N>=2,False,True,5409180.0,5409180.0,False,run2
sol-phu-quoc,2026-10-11,198000307_246462236_2_17_0_78998,"('198000307', '246462236', '17', '0', '78998')",N>=2,False,True,6010200.0,6010200.0,False,run2
sol-phu-quoc,2026-10-11,198000307_139430543_2_21_0_78998,"('198000307', '139430543', '21', '0', '78998')",N>=2,False,True,7552440.0,7552440.0,False,run2
sol-phu-quoc,2026-10-11,198000307_246462236_2_21_0_78998,"('198000307', '246462236', '21', '0', '78998')",N>=2,False,True,8391600.0,8391600.0,False,run2
sol-phu-quoc,2026-10-11,198000350_139430543_2_41_0_78998,"('198000350', '139430543', '41', '0', '78998')",N>=2,False,True,4133430.0,4133430.0,False,run2
sol-phu-quoc,2026-10-11,198000350_246462236_2_1_0_78998,"('198000350', '246462236', '1', '0', '78998')",N>=2,False,True,4592700.0,4592700.0,False,run2
sol-phu-quoc,2026-10-11,198000350_139430543_2_17_0_78998,"('198000350', '139430543', '17', '0', '78998')",N>=2,False,True,5664330.0,5664330.0,False,run2
sol-phu-quoc,2026-10-11,198000350_246462236_2_17_0_78998,"('198000350', '246462236', '17', '0', '78998')",N>=2,False,True,6293700.0,6293700.0,False,run2
sol-phu-quoc,2026-10-11,198000350_139430543_2_21_0_78998,"('198000350', '139430543', '21', '0', '78998')",N>=2,False,True,7807590.0,7807590.0,False,run2
sol-phu-quoc,2026-10-11,198000350_246462236_2_21_0_78998,"('198000350', '246462236', '21', '0', '78998')",N>=2,False,True,8675100.0,8675100.0,False,run2
sol-phu-quoc,2026-10-11,198000309_139430543_2_41_0_78998,"('198000309', '139430543', '41', '0', '78998')",N>=2,False,True,4388580.0,4388580.0,False,run2
sol-phu-quoc,2026-10-11,198000309_246462236_2_1_0_78998,"('198000309', '246462236', '1', '0', '78998')",N>=2,False,True,4876200.0,4876200.0,False,run2
sol-phu-quoc,2026-10-11,198000309_139430543_2_17_0_78998,"('198000309', '139430543', '17', '0', '78998')",N>=2,False,True,5919480.0,5919480.0,False,run2
sol-phu-quoc,2026-10-11,198000309_246462236_2_17_0_78998,"('198000309', '246462236', '17', '0', '78998')",N>=2,False,True,6577200.0,6577200.0,False,run2
sol-phu-quoc,2026-10-11,198000309_139430543_2_21_0_78998,"('198000309', '139430543', '21', '0', '78998')",N>=2,False,True,8062740.0,8062740.0,False,run2
sol-phu-quoc,2026-10-11,198000309_246462236_2_21_0_78998,"('198000309', '246462236', '21', '0', '78998')",N>=2,False,True,8958600.0,8958600.0,False,run2
sol-phu-quoc,2026-10-11,198000310_139430543_2_41_0_78998,"('198000310', '139430543', '41', '0', '78998')",N>=2,False,True,4949910.0,4949910.0,False,run2
sol-phu-quoc,2026-10-11,198000310_246462236_2_1_0_78998,"('198000310', '246462236', '1', '0', '78998')",N>=2,False,True,5499900.0,5499900.0,False,run2
sol-phu-quoc,2026-10-11,198000310_139430543_2_17_0_78998,"('198000310', '139430543', '17', '0', '78998')",N>=2,False,True,6480810.0,6480810.0,False,run2
sol-phu-quoc,2026-10-11,198000310_246462236_2_17_0_78998,"('198000310', '246462236', '17', '0', '78998')",N>=2,False,True,7200900.0,7200900.0,False,run2
sol-phu-quoc,2026-10-11,198000310_139430543_2_21_0_78998,"('198000310', '139430543', '21', '0', '78998')",N>=2,False,True,8624070.0,8624070.0,False,run2
sol-phu-quoc,2026-10-11,198000310_246462236_2_21_0_78998,"('198000310', '246462236', '21', '0', '78998')",N>=2,False,True,9582300.0,9582300.0,False,run2
sol-phu-quoc,2026-10-11,198000308_139430543_2_41_0_78998,"('198000308', '139430543', '41', '0', '78998')",N>=2,False,True,6327720.0,6327720.0,False,run2
sol-phu-quoc,2026-10-11,198000308_246462236_2_1_0_78998,"('198000308', '246462236', '1', '0', '78998')",N>=2,False,True,7030800.0,7030800.0,False,run2
sol-phu-quoc,2026-10-11,198000308_139430543_2_17_0_78998,"('198000308', '139430543', '17', '0', '78998')",N>=2,False,True,7858620.0,7858620.0,False,run2
sol-phu-quoc,2026-10-11,198000308_246462236_2_17_0_78998,"('198000308', '246462236', '17', '0', '78998')",N>=2,False,True,8731800.0,8731800.0,False,run2
sol-phu-quoc,2026-10-11,198000308_139430543_2_21_0_78998,"('198000308', '139430543', '21', '0', '78998')",N>=2,False,True,10001880.0,10001880.0,False,run2
sol-phu-quoc,2026-10-11,198000308_246462236_2_21_0_78998,"('198000308', '246462236', '21', '0', '78998')",N>=2,False,True,11113200.0,11113200.0,False,run2
sol-phu-quoc,2026-10-11,bbasic_0,"('bbasic_0',)",?,False,False,,2514445.0,True,run2
starview-villa,2026-10-01,422286601_434069091_2_0_0,"('422286601', '434069091', '0', '0', '')",N>=2,False,False,413400.0,,False,run2
starview-villa,2026-10-01,422286601_434069091_2_0_0_1426390,"('422286601', '434069091', '0', '0', '1426390')",N>=2,False,False,413401.0,,False,run2
starview-villa,2026-10-01,422286602_434069091_2_0_0,"('422286602', '434069091', '0', '0', '')",N>=2,False,False,478400.0,,False,run2
starview-villa,2026-10-01,422286602_434069091_2_0_0_1426390,"('422286602', '434069091', '0', '0', '1426390')",N>=2,False,False,478401.0,,False,run2
starview-villa,2026-10-01,422286604_434069091_2_0_0,"('422286604', '434069091', '0', '0', '')",N>=2,False,False,663031.0,,False,run2
starview-villa,2026-10-01,422286604_434069091_2_0_0_1426390,"('422286604', '434069091', '0', '0', '1426390')",N>=2,False,False,663031.0,,False,run2
starview-villa,2026-10-01,422286607_434069091_2_0_0,"('422286607', '434069091', '0', '0', '')",N>=2,False,True,708500.0,708500.0,False,run2
starview-villa,2026-10-01,422286607_434069091_2_0_0_1426390,"('422286607', '434069091', '0', '0', '1426390')",N>=2,False,True,708501.0,708501.0,False,run2
starview-villa,2026-10-01,422286606_434069091_4_0_0,"('422286606', '434069091', '0', '0', '')",N>=2,False,True,780000.0,780000.0,False,run2
starview-villa,2026-10-01,422286606_434069091_4_0_0_1426390,"('422286606', '434069091', '0', '0', '1426390')",N>=2,False,True,780001.0,780001.0,False,run2
starview-villa,2026-10-01,422286601_434069091_1_0_0,"('422286601', '434069091', '0', '0', '')",1,True,False,,390666.0,True,run2
starview-villa,2026-10-01,422286601_434069091_1_0_0_1426390,"('422286601', '434069091', '0', '0', '1426390')",1,True,False,,390666.0,True,run2
starview-villa,2026-10-01,422286602_434069091_1_0_0_1426390,"('422286602', '434069091', '0', '0', '1426390')",1,True,False,,455666.0,True,run2
starview-villa,2026-10-01,422286602_434069091_1_0_0,"('422286602', '434069091', '0', '0', '')",1,True,False,,455666.0,True,run2
starview-villa,2026-10-01,422286604_434069091_1_0_0,"('422286604', '434069091', '0', '0', '')",1,True,False,,640296.0,True,run2
starview-villa,2026-10-01,422286604_434069091_1_0_0_1426390,"('422286604', '434069091', '0', '0', '1426390')",1,True,False,,640297.0,True,run2
starview-villa,2026-10-11,422286601_434069091_2_0_0,"('422286601', '434069091', '0', '0', '')",N>=2,False,False,413400.0,,False,run2
starview-villa,2026-10-11,422286601_434069091_2_0_0_1426390,"('422286601', '434069091', '0', '0', '1426390')",N>=2,False,False,413401.0,,False,run2
starview-villa,2026-10-11,422286602_434069091_2_0_0,"('422286602', '434069091', '0', '0', '')",N>=2,False,False,478400.0,,False,run2
starview-villa,2026-10-11,422286602_434069091_2_0_0_1426390,"('422286602', '434069091', '0', '0', '1426390')",N>=2,False,False,478401.0,,False,run2
starview-villa,2026-10-11,422286604_434069091_2_0_0,"('422286604', '434069091', '0', '0', '')",N>=2,False,False,663031.0,,False,run2
starview-villa,2026-10-11,422286604_434069091_2_0_0_1426390,"('422286604', '434069091', '0', '0', '1426390')",N>=2,False,False,663031.0,,False,run2
starview-villa,2026-10-11,422286607_434069091_2_0_0,"('422286607', '434069091', '0', '0', '')",N>=2,False,True,708500.0,708500.0,False,run2
starview-villa,2026-10-11,422286607_434069091_2_0_0_1426390,"('422286607', '434069091', '0', '0', '1426390')",N>=2,False,True,708501.0,708501.0,False,run2
starview-villa,2026-10-11,422286606_434069091_4_0_0,"('422286606', '434069091', '0', '0', '')",N>=2,False,True,780000.0,780000.0,False,run2
starview-villa,2026-10-11,422286606_434069091_4_0_0_1426390,"('422286606', '434069091', '0', '0', '1426390')",N>=2,False,True,780001.0,780001.0,False,run2
starview-villa,2026-10-11,422286601_434069091_1_0_0,"('422286601', '434069091', '0', '0', '')",1,True,False,,390666.0,True,run2
starview-villa,2026-10-11,422286601_434069091_1_0_0_1426390,"('422286601', '434069091', '0', '0', '1426390')",1,True,False,,390666.0,True,run2
starview-villa,2026-10-11,422286602_434069091_1_0_0_1426390,"('422286602', '434069091', '0', '0', '1426390')",1,True,False,,455666.0,True,run2
starview-villa,2026-10-11,422286602_434069091_1_0_0,"('422286602', '434069091', '0', '0', '')",1,True,False,,455666.0,True,run2
starview-villa,2026-10-11,422286604_434069091_1_0_0,"('422286604', '434069091', '0', '0', '')",1,True,False,,640296.0,True,run2
starview-villa,2026-10-11,422286604_434069091_1_0_0_1426390,"('422286604', '434069091', '0', '0', '1426390')",1,True,False,,640297.0,True,run2
starview-villa,2026-11-18,422286601_434069091_2_0_0,"('422286601', '434069091', '0', '0', '')",N>=2,False,False,505555.0,,False,run2
starview-villa,2026-11-18,422286601_434069091_2_0_0_1426390,"('422286601', '434069091', '0', '0', '1426390')",N>=2,False,False,505556.0,,False,run2
starview-villa,2026-11-18,422286602_434069091_2_0_0,"('422286602', '434069091', '0', '0', '')",N>=2,False,False,577777.0,,False,run2
starview-villa,2026-11-18,422286602_434069091_2_0_0_1426390,"('422286602', '434069091', '0', '0', '1426390')",N>=2,False,False,577778.0,,False,run2
starview-villa,2026-11-18,422286604_434069091_2_0_0,"('422286604', '434069091', '0', '0', '')",N>=2,False,False,893131.0,,False,run2
starview-villa,2026-11-18,422286604_434069091_2_0_0_1426390,"('422286604', '434069091', '0', '0', '1426390')",N>=2,False,False,893131.0,,False,run2
starview-villa,2026-11-18,422286607_434069091_2_0_0,"('422286607', '434069091', '0', '0', '')",N>=2,False,True,938889.0,938889.0,False,run2
starview-villa,2026-11-18,422286607_434069091_2_0_0_1426390,"('422286607', '434069091', '0', '0', '1426390')",N>=2,False,True,938889.0,938889.0,False,run2
starview-villa,2026-11-18,422286601_434069091_1_0_0,"('422286601', '434069091', '0', '0', '')",1,True,False,,482821.0,True,run2
starview-villa,2026-11-18,422286601_434069091_1_0_0_1426390,"('422286601', '434069091', '0', '0', '1426390')",1,True,False,,482821.0,True,run2
starview-villa,2026-11-18,422286602_434069091_1_0_0,"('422286602', '434069091', '0', '0', '')",1,True,False,,555043.0,True,run2
starview-villa,2026-11-18,422286602_434069091_1_0_0_1426390,"('422286602', '434069091', '0', '0', '1426390')",1,True,False,,555043.0,True,run2
starview-villa,2026-11-18,422286604_434069091_1_0_0,"('422286604', '434069091', '0', '0', '')",1,True,False,,870396.0,True,run2
starview-villa,2026-11-18,422286604_434069091_1_0_0_1426390,"('422286604', '434069091', '0', '0', '1426390')",1,True,False,,870397.0,True,run2
taladalat-thanh-pho-da-lat123,2026-10-01,bbasic_0,"('bbasic_0',)",?,False,True,329034.0,328254.0,False,run2
taladalat-thanh-pho-da-lat123,2026-10-01,846857804_417190613_2_0_0_730517,"('846857804', '417190613', '0', '0', '730517')",N>=2,False,True,354750.0,354750.0,False,run2
taladalat-thanh-pho-da-lat123,2026-10-01,846857804_417190613_0_1_0_730517,"('846857804', '417190613', '1', '0', '730517')",0,False,True,473550.0,473550.0,False,run2
taladalat-thanh-pho-da-lat123,2026-10-01,846857802_bbasic_0,"('846857802_bbasic_0',)",0,False,True,330595.0,329814.0,False,run2
taladalat-thanh-pho-da-lat123,2026-10-01,846857802_417190613_2_0_0_730517,"('846857802', '417190613', '0', '0', '730517')",N>=2,False,True,356400.0,356400.0,False,run2
taladalat-thanh-pho-da-lat123,2026-10-01,846857802_417190613_0_1_0_730517,"('846857802', '417190613', '1', '0', '730517')",0,False,True,475200.0,475200.0,False,run2
taladalat-thanh-pho-da-lat123,2026-10-01,846857806_417190613_2_0_0_730517,"('846857806', '417190613', '0', '0', '730517')",N>=2,False,True,379500.0,379500.0,False,run2
taladalat-thanh-pho-da-lat123,2026-10-01,846857806_417190613_0_1_0_730517,"('846857806', '417190613', '1', '0', '730517')",0,False,True,498300.0,498300.0,False,run2
taladalat-thanh-pho-da-lat123,2026-10-01,846857801_417190613_2_0_0_730517,"('846857801', '417190613', '0', '0', '730517')",N>=2,False,True,445500.0,445500.0,False,run2
taladalat-thanh-pho-da-lat123,2026-10-01,846857801_417190613_0_1_0_730517,"('846857801', '417190613', '1', '0', '730517')",0,False,True,564300.0,564300.0,False,run2
taladalat-thanh-pho-da-lat123,2026-10-01,846857808_417190613_3_0_0_730517,"('846857808', '417190613', '0', '0', '730517')",N>=2,False,True,825000.0,825000.0,False,run2
taladalat-thanh-pho-da-lat123,2026-10-01,846857808_417190613_0_1_0_730517,"('846857808', '417190613', '1', '0', '730517')",0,False,True,943800.0,943800.0,False,run2
taladalat-thanh-pho-da-lat123,2026-10-01,846857809_417190613_4_0_0_730517,"('846857809', '417190613', '0', '0', '730517')",N>=2,False,True,943800.0,943800.0,False,run2
taladalat-thanh-pho-da-lat123,2026-10-01,846857809_417190613_0_1_0_730517,"('846857809', '417190613', '1', '0', '730517')",0,False,True,1062600.0,1062600.0,False,run2
taladalat-thanh-pho-da-lat123,2026-10-11,bbasic_0,"('bbasic_0',)",?,False,False,325133.0,,False,run2
taladalat-thanh-pho-da-lat123,2026-10-11,846857802_bbasic_0,"('846857802_bbasic_0',)",0,False,False,325133.0,,False,run2
taladalat-thanh-pho-da-lat123,2026-10-11,846857802_417190613_2_0_0_730517,"('846857802', '417190613', '0', '0', '730517')",N>=2,False,True,354750.0,354750.0,False,run2
taladalat-thanh-pho-da-lat123,2026-10-11,846857802_417190613_0_1_0_730517,"('846857802', '417190613', '1', '0', '730517')",0,False,True,473550.0,473550.0,False,run2
taladalat-thanh-pho-da-lat123,2026-10-11,846857804_417190613_2_0_0_730517,"('846857804', '417190613', '0', '0', '730517')",N>=2,False,True,354750.0,354750.0,False,run2
taladalat-thanh-pho-da-lat123,2026-10-11,846857804_417190613_0_1_0_730517,"('846857804', '417190613', '1', '0', '730517')",0,False,True,473550.0,473550.0,False,run2
taladalat-thanh-pho-da-lat123,2026-10-11,846857806_417190613_2_0_0_730517,"('846857806', '417190613', '0', '0', '730517')",N>=2,False,True,379500.0,379500.0,False,run2
taladalat-thanh-pho-da-lat123,2026-10-11,846857806_417190613_0_1_0_730517,"('846857806', '417190613', '1', '0', '730517')",0,False,True,498300.0,498300.0,False,run2
taladalat-thanh-pho-da-lat123,2026-10-11,846857801_417190613_2_0_0_730517,"('846857801', '417190613', '0', '0', '730517')",N>=2,False,True,445500.0,445500.0,False,run2
taladalat-thanh-pho-da-lat123,2026-10-11,846857801_417190613_0_1_0_730517,"('846857801', '417190613', '1', '0', '730517')",0,False,True,564300.0,564300.0,False,run2
taladalat-thanh-pho-da-lat123,2026-10-11,846857808_417190613_3_0_0_730517,"('846857808', '417190613', '0', '0', '730517')",N>=2,False,True,825000.0,825000.0,False,run2
taladalat-thanh-pho-da-lat123,2026-10-11,846857808_417190613_0_1_0_730517,"('846857808', '417190613', '1', '0', '730517')",0,False,True,943800.0,943800.0,False,run2
taladalat-thanh-pho-da-lat123,2026-10-11,846857809_417190613_4_0_0_730517,"('846857809', '417190613', '0', '0', '730517')",N>=2,False,True,943800.0,943800.0,False,run2
taladalat-thanh-pho-da-lat123,2026-10-11,846857809_417190613_0_1_0_730517,"('846857809', '417190613', '1', '0', '730517')",0,False,True,1062600.0,1062600.0,False,run2
taladalat-thanh-pho-da-lat123,2026-11-18,846857802_417190613_2_0_0_730517,"('846857802', '417190613', '0', '0', '730517')",N>=2,False,True,354750.0,354750.0,False,run2
taladalat-thanh-pho-da-lat123,2026-11-18,846857802_417190613_0_1_0_730517,"('846857802', '417190613', '1', '0', '730517')",0,False,True,473550.0,473550.0,False,run2
taladalat-thanh-pho-da-lat123,2026-11-18,846857804_417190613_2_0_0_730517,"('846857804', '417190613', '0', '0', '730517')",N>=2,False,True,354750.0,354750.0,False,run2
taladalat-thanh-pho-da-lat123,2026-11-18,846857804_417190613_0_1_0_730517,"('846857804', '417190613', '1', '0', '730517')",0,False,True,473550.0,473550.0,False,run2
taladalat-thanh-pho-da-lat123,2026-11-18,846857806_417190613_2_0_0_730517,"('846857806', '417190613', '0', '0', '730517')",N>=2,False,True,379500.0,379500.0,False,run2
taladalat-thanh-pho-da-lat123,2026-11-18,846857806_417190613_0_1_0_730517,"('846857806', '417190613', '1', '0', '730517')",0,False,True,498300.0,498300.0,False,run2
taladalat-thanh-pho-da-lat123,2026-11-18,846857801_417190613_2_0_0_730517,"('846857801', '417190613', '0', '0', '730517')",N>=2,False,True,425700.0,425700.0,False,run2
taladalat-thanh-pho-da-lat123,2026-11-18,846857801_417190613_0_1_0_730517,"('846857801', '417190613', '1', '0', '730517')",0,False,True,544500.0,544500.0,False,run2
taladalat-thanh-pho-da-lat123,2026-11-18,846857808_417190613_3_0_0_730517,"('846857808', '417190613', '0', '0', '730517')",N>=2,False,True,825000.0,825000.0,False,run2
taladalat-thanh-pho-da-lat123,2026-11-18,846857808_417190613_0_1_0_730517,"('846857808', '417190613', '1', '0', '730517')",0,False,True,943800.0,943800.0,False,run2
taladalat-thanh-pho-da-lat123,2026-11-18,846857809_417190613_4_0_0_730517,"('846857809', '417190613', '0', '0', '730517')",N>=2,False,True,943800.0,943800.0,False,run2
taladalat-thanh-pho-da-lat123,2026-11-18,846857809_417190613_0_1_0_730517,"('846857809', '417190613', '1', '0', '730517')",0,False,True,1062600.0,1062600.0,False,run2
taladalat-thanh-pho-da-lat123,2026-11-18,846857810_417190613_4_0_0_730517,"('846857810', '417190613', '0', '0', '730517')",N>=2,False,True,1006500.0,1006500.0,False,run2
taladalat-thanh-pho-da-lat123,2026-11-18,846857810_417190613_0_1_0_730517,"('846857810', '417190613', '1', '0', '730517')",0,False,True,1125300.0,1125300.0,False,run2
taladalat-thanh-pho-da-lat123,2026-11-18,846857805_417190613_6_0_0_730517,"('846857805', '417190613', '0', '0', '730517')",N>=2,False,True,1072500.0,1072500.0,False,run2
taladalat-thanh-pho-da-lat123,2026-11-18,846857805_417190613_0_1_0_730517,"('846857805', '417190613', '1', '0', '730517')",0,False,True,1191300.0,1191300.0,False,run2
taladalat-thanh-pho-da-lat123,2026-11-18,bbasic_0,"('bbasic_0',)",?,False,False,,328254.0,True,run2
taladalat-thanh-pho-da-lat123,2026-11-18,846857802_bbasic_0,"('846857802_bbasic_0',)",0,False,False,,328254.0,True,run2
the-imperial-vung-tau,2026-10-01,bbasic_0,"('bbasic_0',)",?,False,True,2185671.0,2122205.0,False,run2
the-imperial-vung-tau,2026-10-01,17274881_bbasic_0,"('17274881_bbasic_0',)",0,False,False,2185671.0,,False,run2
the-imperial-vung-tau,2026-10-01,17274881_119446698_2_2_0_563131,"('17274881', '119446698', '2', '0', '563131')",N>=2,False,True,2457000.0,2457000.0,False,run2
the-imperial-vung-tau,2026-10-01,17274881_119446698_2_1_0_563131,"('17274881', '119446698', '1', '0', '563131')",N>=2,False,True,2898000.0,2898000.0,False,run2
the-imperial-vung-tau,2026-10-01,17274881_119446698_2_1_0_1735753,"('17274881', '119446698', '1', '0', '1735753')",N>=2,False,True,2929500.0,2929500.0,False,run2
the-imperial-vung-tau,2026-10-01,17274881_119446695_2_1_0_563131,"('17274881', '119446695', '1', '0', '563131')",N>=2,False,True,3114720.0,3114720.0,False,run2
the-imperial-vung-tau,2026-10-01,17274801_bbasic_0,"('17274801_bbasic_0',)",0,False,True,2185671.0,2122205.0,False,run2
the-imperial-vung-tau,2026-10-01,17274801_119446698_2_2_0_563131,"('17274801', '119446698', '2', '0', '563131')",N>=2,False,True,2520000.0,2520000.0,False,run2
the-imperial-vung-tau,2026-10-01,17274801_119446698_2_1_0_563131,"('17274801', '119446698', '1', '0', '563131')",N>=2,False,True,2898000.0,2898000.0,False,run2
the-imperial-vung-tau,2026-10-01,17274801_119446698_2_1_0_1735753,"('17274801', '119446698', '1', '0', '1735753')",N>=2,False,True,2929500.0,2929500.0,False,run2
the-imperial-vung-tau,2026-10-01,17274801_119446695_2_1_0_563131,"('17274801', '119446695', '1', '0', '563131')",N>=2,False,True,3114720.0,3114720.0,False,run2
the-imperial-vung-tau,2026-10-01,17274814_119446698_2_2_0_563131,"('17274814', '119446698', '2', '0', '563131')",N>=2,False,True,2457000.0,2457000.0,False,run2
the-imperial-vung-tau,2026-10-01,17274814_119446698_2_1_0_563131,"('17274814', '119446698', '1', '0', '563131')",N>=2,False,True,2898000.0,2898000.0,False,run2
the-imperial-vung-tau,2026-10-01,17274814_119446698_2_1_0_1735753,"('17274814', '119446698', '1', '0', '1735753')",N>=2,False,True,2929500.0,2929500.0,False,run2
the-imperial-vung-tau,2026-10-01,17274814_119446695_2_1_0_563131,"('17274814', '119446695', '1', '0', '563131')",N>=2,False,True,3114720.0,3114720.0,False,run2
the-imperial-vung-tau,2026-10-01,17274891_bbasic_0,"('17274891_bbasic_0',)",0,False,True,2289714.0,2223647.0,False,run2
the-imperial-vung-tau,2026-10-01,17274891_119446698_2_2_0_563131,"('17274891', '119446698', '2', '0', '563131')",N>=2,False,True,2583000.0,2583000.0,False,run2
the-imperial-vung-tau,2026-10-01,17274891_119446698_2_1_0_563131,"('17274891', '119446698', '1', '0', '563131')",N>=2,False,True,3024000.0,3024000.0,False,run2
the-imperial-vung-tau,2026-10-01,17274891_119446698_2_1_0_1735753,"('17274891', '119446698', '1', '0', '1735753')",N>=2,False,True,3055500.0,3055500.0,False,run2
the-imperial-vung-tau,2026-10-01,17274891_119446695_2_1_0_563131,"('17274891', '119446695', '1', '0', '563131')",N>=2,False,True,3244500.0,3244500.0,False,run2
the-imperial-vung-tau,2026-10-01,17274893_bbasic_0,"('17274893_bbasic_0',)",0,False,False,2393756.0,,False,run2
the-imperial-vung-tau,2026-10-01,17274893_119446698_2_2_0_563131,"('17274893', '119446698', '2', '0', '563131')",N>=2,False,True,2646000.0,2646000.0,False,run2
the-imperial-vung-tau,2026-10-01,17274893_119446698_2_1_0_563131,"('17274893', '119446698', '1', '0', '563131')",N>=2,False,True,3150000.0,3150000.0,False,run2
the-imperial-vung-tau,2026-10-01,17274893_119446698_2_1_0_1735753,"('17274893', '119446698', '1', '0', '1735753')",N>=2,False,True,3181500.0,3181500.0,False,run2
the-imperial-vung-tau,2026-10-01,17274893_119446695_2_1_0_563131,"('17274893', '119446695', '1', '0', '563131')",N>=2,False,True,3374280.0,3374280.0,False,run2
the-imperial-vung-tau,2026-10-01,17274896_bbasic_0,"('17274896_bbasic_0',)",0,False,True,2185671.0,2122205.0,False,run2
the-imperial-vung-tau,2026-10-01,17274896_119446698_2_2_0_563131,"('17274896', '119446698', '2', '0', '563131')",N>=2,False,True,2646000.0,2646000.0,False,run2
the-imperial-vung-tau,2026-10-01,17274896_119446698_2_1_0_563131,"('17274896', '119446698', '1', '0', '563131')",N>=2,False,True,2961000.0,2961000.0,False,run2
the-imperial-vung-tau,2026-10-01,17274896_119446698_2_1_0_1735753,"('17274896', '119446698', '1', '0', '1735753')",N>=2,False,True,2992500.0,2992500.0,False,run2
the-imperial-vung-tau,2026-10-01,17274894_119446698_2_2_0_563131,"('17274894', '119446698', '2', '0', '563131')",N>=2,False,True,2772000.0,2772000.0,False,run2
the-imperial-vung-tau,2026-10-01,17274894_119446698_2_1_0_563131,"('17274894', '119446698', '1', '0', '563131')",N>=2,False,True,3150000.0,3150000.0,False,run2
the-imperial-vung-tau,2026-10-01,17274894_119446698_2_1_0_1735753,"('17274894', '119446698', '1', '0', '1735753')",N>=2,False,True,3181500.0,3181500.0,False,run2
the-imperial-vung-tau,2026-10-01,17274894_119446695_2_1_0_563131,"('17274894', '119446695', '1', '0', '563131')",N>=2,False,True,3374280.0,3374280.0,False,run2
the-imperial-vung-tau,2026-10-01,17274882_119446698_2_2_0_563131,"('17274882', '119446698', '2', '0', '563131')",N>=2,False,True,3150000.0,3150000.0,False,run2
the-imperial-vung-tau,2026-10-01,17274882_119446698_2_1_0_563131,"('17274882', '119446698', '1', '0', '563131')",N>=2,False,True,3654000.0,3654000.0,False,run2
the-imperial-vung-tau,2026-10-01,17274882_119446698_2_1_0_1735753,"('17274882', '119446698', '1', '0', '1735753')",N>=2,False,True,3685500.0,3685500.0,False,run2
the-imperial-vung-tau,2026-10-01,17274882_389879713_2_1_0_1402980,"('17274882', '389879713', '1', '0', '1402980')",N>=2,False,True,3780001.0,3780001.0,False,run2
the-imperial-vung-tau,2026-10-01,17274882_119446695_2_1_0_563131,"('17274882', '119446695', '1', '0', '563131')",N>=2,False,True,3893400.0,3893400.0,False,run2
the-imperial-vung-tau,2026-10-01,17274897_119446698_2_1_0_563131,"('17274897', '119446698', '1', '0', '563131')",N>=2,False,True,3150000.0,3150000.0,False,run2
the-imperial-vung-tau,2026-10-01,17274897_119446698_2_1_0_1735753,"('17274897', '119446698', '1', '0', '1735753')",N>=2,False,True,3181500.0,3181500.0,False,run2
the-imperial-vung-tau,2026-10-01,17274892_119446698_2_2_0_563131,"('17274892', '119446698', '2', '0', '563131')",N>=2,False,True,3402000.0,3402000.0,False,run2
the-imperial-vung-tau,2026-10-01,17274892_119446698_2_1_0_563131,"('17274892', '119446698', '1', '0', '563131')",N>=2,False,True,4000500.0,4000500.0,False,run2
the-imperial-vung-tau,2026-10-01,17274892_119446698_2_1_0_1735753,"('17274892', '119446698', '1', '0', '1735753')",N>=2,False,True,4032000.0,4032000.0,False,run2
the-imperial-vung-tau,2026-10-01,17274892_389879713_2_1_0_1402980,"('17274892', '389879713', '1', '0', '1402980')",N>=2,False,True,4095001.0,4095001.0,False,run2
the-imperial-vung-tau,2026-10-01,17274892_119446695_2_1_0_563131,"('17274892', '119446695', '1', '0', '563131')",N>=2,False,True,4217850.0,4217850.0,False,run2
the-imperial-vung-tau,2026-10-01,17274886_119446698_2_2_0_563131,"('17274886', '119446698', '2', '0', '563131')",N>=2,False,True,3465000.0,3465000.0,False,run2
the-imperial-vung-tau,2026-10-01,17274886_119446698_2_1_0_563131,"('17274886', '119446698', '1', '0', '563131')",N>=2,False,True,3969000.0,3969000.0,False,run2
the-imperial-vung-tau,2026-10-01,17274886_119446698_2_1_0_1735753,"('17274886', '119446698', '1', '0', '1735753')",N>=2,False,True,4000500.0,4000500.0,False,run2
the-imperial-vung-tau,2026-10-01,17274886_389879713_2_1_0_1402980,"('17274886', '389879713', '1', '0', '1402980')",N>=2,False,True,4095001.0,4095001.0,False,run2
the-imperial-vung-tau,2026-10-01,17274886_119446695_2_1_0_563131,"('17274886', '119446695', '1', '0', '563131')",N>=2,False,True,4217850.0,4217850.0,False,run2
the-imperial-vung-tau,2026-10-01,17274907_380584448_2_1_0_563131,"('17274907', '380584448', '1', '0', '563131')",N>=2,False,True,3528000.0,3528000.0,False,run2
the-imperial-vung-tau,2026-10-01,17274907_119446698_2_1_0_1735753,"('17274907', '119446698', '1', '0', '1735753')",N>=2,False,True,3559500.0,3559500.0,False,run2
the-imperial-vung-tau,2026-10-01,17274895_119446698_2_2_0_563131,"('17274895', '119446698', '2', '0', '563131')",N>=2,False,True,3717000.0,3717000.0,False,run2
the-imperial-vung-tau,2026-10-01,17274895_119446698_2_1_0_563131,"('17274895', '119446698', '1', '0', '563131')",N>=2,False,True,4221000.0,4221000.0,False,run2
the-imperial-vung-tau,2026-10-01,17274895_119446698_2_1_0_1735753,"('17274895', '119446698', '1', '0', '1735753')",N>=2,False,True,4252500.0,4252500.0,False,run2
the-imperial-vung-tau,2026-10-01,17274895_389879713_2_1_0_1402980,"('17274895', '389879713', '1', '0', '1402980')",N>=2,False,True,4347001.0,4347001.0,False,run2
the-imperial-vung-tau,2026-10-01,17274895_119446695_2_1_0_563131,"('17274895', '119446695', '1', '0', '563131')",N>=2,False,True,4477410.0,4477410.0,False,run2
the-imperial-vung-tau,2026-10-01,17274837_119446698_2_2_0_563131,"('17274837', '119446698', '2', '0', '563131')",N>=2,False,True,4032000.0,4032000.0,False,run2
the-imperial-vung-tau,2026-10-01,17274837_119446698_2_1_0_563131,"('17274837', '119446698', '1', '0', '563131')",N>=2,False,True,4630500.0,4630500.0,False,run2
the-imperial-vung-tau,2026-10-01,17274837_119446698_2_1_0_1735753,"('17274837', '119446698', '1', '0', '1735753')",N>=2,False,True,4662000.0,4662000.0,False,run2
the-imperial-vung-tau,2026-10-01,17274837_389879713_2_1_0_1402980,"('17274837', '389879713', '1', '0', '1402980')",N>=2,False,True,4725001.0,4725001.0,False,run2
the-imperial-vung-tau,2026-10-01,17274837_119446695_2_1_0_563131,"('17274837', '119446695', '1', '0', '563131')",N>=2,False,True,4866750.0,4866750.0,False,run2
the-imperial-vung-tau,2026-10-01,17274899_119446698_2_1_0_563131,"('17274899', '119446698', '1', '0', '563131')",N>=2,False,True,4158000.0,4158000.0,False,run2
the-imperial-vung-tau,2026-10-01,17274899_119446698_3_1_0_1735753,"('17274899', '119446698', '1', '0', '1735753')",N>=2,False,True,4189500.0,4189500.0,False,run2
the-imperial-vung-tau,2026-10-01,17274885_119446698_2_2_0_563131,"('17274885', '119446698', '2', '0', '563131')",N>=2,False,True,4347000.0,4347000.0,False,run2
the-imperial-vung-tau,2026-10-01,17274885_119446698_2_1_0_563131,"('17274885', '119446698', '1', '0', '563131')",N>=2,False,True,4914000.0,4914000.0,False,run2
the-imperial-vung-tau,2026-10-01,17274885_119446698_2_1_0_1735753,"('17274885', '119446698', '1', '0', '1735753')",N>=2,False,True,4945500.0,4945500.0,False,run2
the-imperial-vung-tau,2026-10-01,17274885_389879713_2_1_0_1402980,"('17274885', '389879713', '1', '0', '1402980')",N>=2,False,True,5040001.0,5040001.0,False,run2
the-imperial-vung-tau,2026-10-01,17274885_119446695_2_1_0_563131,"('17274885', '119446695', '1', '0', '563131')",N>=2,False,True,5191200.0,5191200.0,False,run2
the-imperial-vung-tau,2026-10-01,17274839_119446698_2_2_0_563131,"('17274839', '119446698', '2', '0', '563131')",N>=2,False,True,4662000.0,4662000.0,False,run2
the-imperial-vung-tau,2026-10-01,17274839_119446698_2_1_0_563131,"('17274839', '119446698', '1', '0', '563131')",N>=2,False,True,5166000.0,5166000.0,False,run2
the-imperial-vung-tau,2026-10-01,17274839_119446698_2_1_0_1735753,"('17274839', '119446698', '1', '0', '1735753')",N>=2,False,True,5197500.0,5197500.0,False,run2
the-imperial-vung-tau,2026-10-01,17274839_389879713_2_1_0_1402980,"('17274839', '389879713', '1', '0', '1402980')",N>=2,False,True,5355001.0,5355001.0,False,run2
the-imperial-vung-tau,2026-10-01,17274839_119446695_2_1_0_563131,"('17274839', '119446695', '1', '0', '563131')",N>=2,False,True,5515650.0,5515650.0,False,run2
the-imperial-vung-tau,2026-10-01,17274900_119446698_2_1_0_563131,"('17274900', '119446698', '1', '0', '563131')",N>=2,False,False,5418000.0,,False,run2
the-imperial-vung-tau,2026-10-01,17274900_119446698_2_1_0_1735753,"('17274900', '119446698', '1', '0', '1735753')",N>=2,False,True,5449500.0,5449500.0,False,run2
the-imperial-vung-tau,2026-10-01,17274844_119446698_2_2_0_563131,"('17274844', '119446698', '2', '0', '563131')",N>=2,False,True,30807000.0,30807000.0,False,run2
the-imperial-vung-tau,2026-10-01,17274844_119446698_2_1_0_563131,"('17274844', '119446698', '1', '0', '563131')",N>=2,False,True,31311000.0,31311000.0,False,run2
the-imperial-vung-tau,2026-10-01,17274844_389879713_2_1_0_1402980,"('17274844', '389879713', '1', '0', '1402980')",N>=2,False,True,31500001.0,31500001.0,False,run2
the-imperial-vung-tau,2026-10-01,17274844_119446695_2_1_0_563131,"('17274844', '119446695', '1', '0', '563131')",N>=2,False,True,32445000.0,32445000.0,False,run2
the-imperial-vung-tau,2026-10-01,17274844_119446698_3_1_0_1735753,"('17274844', '119446698', '1', '0', '1735753')",N>=2,False,True,31342500.0,31342500.0,False,run2
the-imperial-vung-tau,2026-10-01,17274805_119446698_3_2_0_563131,"('17274805', '119446698', '2', '0', '563131')",N>=2,False,True,3276000.0,3276000.0,False,run2
the-imperial-vung-tau,2026-10-01,17274805_119446698_3_1_0_563131,"('17274805', '119446698', '1', '0', '563131')",N>=2,False,True,3843000.0,3843000.0,False,run2
the-imperial-vung-tau,2026-10-01,17274805_119446698_3_1_0_1735753,"('17274805', '119446698', '1', '0', '1735753')",N>=2,False,True,3874500.0,3874500.0,False,run2
the-imperial-vung-tau,2026-10-01,17274805_119446695_3_1_0_563131,"('17274805', '119446695', '1', '0', '563131')",N>=2,False,True,4088070.0,4088070.0,False,run2
the-imperial-vung-tau,2026-10-01,17274898_119446698_3_1_0_563131,"('17274898', '119446698', '1', '0', '563131')",N>=2,False,True,4347000.0,4347000.0,False,run2
the-imperial-vung-tau,2026-10-01,17274898_119446698_3_1_0_1735753,"('17274898', '119446698', '1', '0', '1735753')",N>=2,False,True,4378500.0,4378500.0,False,run2
the-imperial-vung-tau,2026-10-01,17274867_119446698_4_2_0_563131,"('17274867', '119446698', '2', '0', '563131')",N>=2,False,True,5670000.0,5670000.0,False,run2
the-imperial-vung-tau,2026-10-01,17274867_119446698_0_1_0_563131,"('17274867', '119446698', '1', '0', '563131')",0,False,True,6174000.0,6174000.0,False,run2
the-imperial-vung-tau,2026-10-01,17274867_119446698_4_1_0_1735753,"('17274867', '119446698', '1', '0', '1735753')",N>=2,False,True,6205500.0,6205500.0,False,run2
the-imperial-vung-tau,2026-10-01,17274867_119446695_4_1_0_563131,"('17274867', '119446695', '1', '0', '563131')",N>=2,False,True,6489000.0,6489000.0,False,run2
the-imperial-vung-tau,2026-10-01,17274841_119446698_4_2_0_563131,"('17274841', '119446698', '2', '0', '563131')",N>=2,False,True,7182000.0,7182000.0,False,run2
the-imperial-vung-tau,2026-10-01,17274841_119446698_4_1_0_563131,"('17274841', '119446698', '1', '0', '563131')",N>=2,False,True,8001000.0,8001000.0,False,run2
the-imperial-vung-tau,2026-10-01,17274841_119446698_4_1_0_1735753,"('17274841', '119446698', '1', '0', '1735753')",N>=2,False,True,8032500.0,8032500.0,False,run2
the-imperial-vung-tau,2026-10-01,17274841_389879713_4_1_0_1402980,"('17274841', '389879713', '1', '0', '1402980')",N>=2,False,True,8190001.0,8190001.0,False,run2
the-imperial-vung-tau,2026-10-01,17274841_119446695_4_1_0_563131,"('17274841', '119446695', '1', '0', '563131')",N>=2,False,True,8435700.0,8435700.0,False,run2
the-imperial-vung-tau,2026-10-01,17274814_bbasic_0,"('17274814_bbasic_0',)",0,False,False,,2122205.0,True,run2
the-imperial-vung-tau,2026-10-01,17274900_389879713_2_1_0_563131,"('17274900', '389879713', '1', '0', '563131')",N>=2,False,False,,5418000.0,True,run2
the-imperial-vung-tau,2026-10-11,bbasic_0,"('bbasic_0',)",?,False,True,2185671.0,1963280.0,False,run2
the-imperial-vung-tau,2026-10-11,17274801_bbasic_0,"('17274801_bbasic_0',)",0,False,True,2185671.0,1963280.0,False,run2
the-imperial-vung-tau,2026-10-11,17274801_119446698_2_2_0_563131,"('17274801', '119446698', '2', '0', '563131')",N>=2,False,True,2520000.0,2520000.0,False,run2
the-imperial-vung-tau,2026-10-11,17274801_119446698_2_1_0_563131,"('17274801', '119446698', '1', '0', '563131')",N>=2,False,True,2898000.0,2898000.0,False,run2
the-imperial-vung-tau,2026-10-11,17274801_119446698_2_1_0_1735753,"('17274801', '119446698', '1', '0', '1735753')",N>=2,False,True,2929500.0,2929500.0,False,run2
the-imperial-vung-tau,2026-10-11,17274801_389879713_2_1_0_563131,"('17274801', '389879713', '1', '0', '563131')",N>=2,False,True,3024000.0,3024000.0,False,run2
the-imperial-vung-tau,2026-10-11,17274801_119446695_2_1_0_563131,"('17274801', '119446695', '1', '0', '563131')",N>=2,False,True,3114720.0,3114720.0,False,run2
the-imperial-vung-tau,2026-10-11,17274881_bbasic_0,"('17274881_bbasic_0',)",0,False,True,2185671.0,1963280.0,False,run2
the-imperial-vung-tau,2026-10-11,17274881_119446698_2_2_0_563131,"('17274881', '119446698', '2', '0', '563131')",N>=2,False,True,2457000.0,2457000.0,False,run2
the-imperial-vung-tau,2026-10-11,17274881_119446698_2_1_0_563131,"('17274881', '119446698', '1', '0', '563131')",N>=2,False,True,2898000.0,2898000.0,False,run2
the-imperial-vung-tau,2026-10-11,17274881_119446698_2_1_0_1735753,"('17274881', '119446698', '1', '0', '1735753')",N>=2,False,True,2929500.0,2929500.0,False,run2
the-imperial-vung-tau,2026-10-11,17274881_389879713_2_1_0_563131,"('17274881', '389879713', '1', '0', '563131')",N>=2,False,True,3024000.0,3024000.0,False,run2
the-imperial-vung-tau,2026-10-11,17274881_119446695_2_1_0_563131,"('17274881', '119446695', '1', '0', '563131')",N>=2,False,True,3114720.0,3114720.0,False,run2
the-imperial-vung-tau,2026-10-11,17274814_119446698_2_2_0_563131,"('17274814', '119446698', '2', '0', '563131')",N>=2,False,True,2457000.0,2457000.0,False,run2
the-imperial-vung-tau,2026-10-11,17274814_119446698_2_1_0_563131,"('17274814', '119446698', '1', '0', '563131')",N>=2,False,True,2898000.0,2898000.0,False,run2
the-imperial-vung-tau,2026-10-11,17274814_119446698_2_1_0_1735753,"('17274814', '119446698', '1', '0', '1735753')",N>=2,False,True,2929500.0,2929500.0,False,run2
the-imperial-vung-tau,2026-10-11,17274814_389879713_2_1_0_563131,"('17274814', '389879713', '1', '0', '563131')",N>=2,False,True,3024000.0,3024000.0,False,run2
the-imperial-vung-tau,2026-10-11,17274814_119446695_2_1_0_563131,"('17274814', '119446695', '1', '0', '563131')",N>=2,False,True,3114720.0,3114720.0,False,run2
the-imperial-vung-tau,2026-10-11,17274891_bbasic_0,"('17274891_bbasic_0',)",0,False,False,2289714.0,,False,run2
the-imperial-vung-tau,2026-10-11,17274891_119446698_2_2_0_563131,"('17274891', '119446698', '2', '0', '563131')",N>=2,False,True,2583000.0,2583000.0,False,run2
the-imperial-vung-tau,2026-10-11,17274891_119446698_2_1_0_563131,"('17274891', '119446698', '1', '0', '563131')",N>=2,False,True,3024000.0,3024000.0,False,run2
the-imperial-vung-tau,2026-10-11,17274891_119446698_2_1_0_1735753,"('17274891', '119446698', '1', '0', '1735753')",N>=2,False,True,3055500.0,3055500.0,False,run2
the-imperial-vung-tau,2026-10-11,17274891_389879713_2_1_0_563131,"('17274891', '389879713', '1', '0', '563131')",N>=2,False,True,3150000.0,3150000.0,False,run2
the-imperial-vung-tau,2026-10-11,17274891_119446695_2_1_0_563131,"('17274891', '119446695', '1', '0', '563131')",N>=2,False,True,3244500.0,3244500.0,False,run2
the-imperial-vung-tau,2026-10-11,17274893_119446698_2_2_0_563131,"('17274893', '119446698', '2', '0', '563131')",N>=2,False,True,2646000.0,2646000.0,False,run2
the-imperial-vung-tau,2026-10-11,17274893_119446698_2_1_0_563131,"('17274893', '119446698', '1', '0', '563131')",N>=2,False,True,3150000.0,3150000.0,False,run2
the-imperial-vung-tau,2026-10-11,17274893_119446698_2_1_0_1735753,"('17274893', '119446698', '1', '0', '1735753')",N>=2,False,True,3181500.0,3181500.0,False,run2
the-imperial-vung-tau,2026-10-11,17274893_389879713_2_1_0_563131,"('17274893', '389879713', '1', '0', '563131')",N>=2,False,True,3276000.0,3276000.0,False,run2
the-imperial-vung-tau,2026-10-11,17274893_119446695_2_1_0_563131,"('17274893', '119446695', '1', '0', '563131')",N>=2,False,True,3374280.0,3374280.0,False,run2
the-imperial-vung-tau,2026-10-11,17274896_bbasic_0,"('17274896_bbasic_0',)",0,False,True,2185671.0,1963280.0,False,run2
the-imperial-vung-tau,2026-10-11,17274896_119446698_2_2_0_563131,"('17274896', '119446698', '2', '0', '563131')",N>=2,False,True,2646000.0,2646000.0,False,run2
the-imperial-vung-tau,2026-10-11,17274896_119446698_2_1_0_563131,"('17274896', '119446698', '1', '0', '563131')",N>=2,False,True,2961000.0,2961000.0,False,run2
the-imperial-vung-tau,2026-10-11,17274896_119446698_2_1_0_1735753,"('17274896', '119446698', '1', '0', '1735753')",N>=2,False,True,2992500.0,2992500.0,False,run2
the-imperial-vung-tau,2026-10-11,17274896_389879713_2_1_0_563131,"('17274896', '389879713', '1', '0', '563131')",N>=2,False,True,3024000.0,3024000.0,False,run2
the-imperial-vung-tau,2026-10-11,17274894_119446698_2_2_0_563131,"('17274894', '119446698', '2', '0', '563131')",N>=2,False,True,2772000.0,2772000.0,False,run2
the-imperial-vung-tau,2026-10-11,17274894_119446698_2_1_0_563131,"('17274894', '119446698', '1', '0', '563131')",N>=2,False,True,3150000.0,3150000.0,False,run2
the-imperial-vung-tau,2026-10-11,17274894_119446698_2_1_0_1735753,"('17274894', '119446698', '1', '0', '1735753')",N>=2,False,True,3181500.0,3181500.0,False,run2
the-imperial-vung-tau,2026-10-11,17274894_389879713_2_1_0_563131,"('17274894', '389879713', '1', '0', '563131')",N>=2,False,True,3276000.0,3276000.0,False,run2
the-imperial-vung-tau,2026-10-11,17274894_119446695_2_1_0_563131,"('17274894', '119446695', '1', '0', '563131')",N>=2,False,True,3374280.0,3374280.0,False,run2
the-imperial-vung-tau,2026-10-11,17274882_119446698_2_2_0_563131,"('17274882', '119446698', '2', '0', '563131')",N>=2,False,True,3150000.0,3150000.0,False,run2
the-imperial-vung-tau,2026-10-11,17274882_119446698_2_1_0_563131,"('17274882', '119446698', '1', '0', '563131')",N>=2,False,True,3654000.0,3654000.0,False,run2
the-imperial-vung-tau,2026-10-11,17274882_119446698_2_1_0_1735753,"('17274882', '119446698', '1', '0', '1735753')",N>=2,False,True,3685500.0,3685500.0,False,run2
the-imperial-vung-tau,2026-10-11,17274882_389879713_2_1_0_563131,"('17274882', '389879713', '1', '0', '563131')",N>=2,False,True,3780000.0,3780000.0,False,run2
the-imperial-vung-tau,2026-10-11,17274882_389879713_2_1_0_1402980,"('17274882', '389879713', '1', '0', '1402980')",N>=2,False,True,3780001.0,3780001.0,False,run2
the-imperial-vung-tau,2026-10-11,17274882_119446695_2_1_0_563131,"('17274882', '119446695', '1', '0', '563131')",N>=2,False,True,3893400.0,3893400.0,False,run2
the-imperial-vung-tau,2026-10-11,17274897_119446698_2_1_0_563131,"('17274897', '119446698', '1', '0', '563131')",N>=2,False,True,3150000.0,3150000.0,False,run2
the-imperial-vung-tau,2026-10-11,17274897_119446698_2_1_0_1735753,"('17274897', '119446698', '1', '0', '1735753')",N>=2,False,True,3181500.0,3181500.0,False,run2
the-imperial-vung-tau,2026-10-11,17274897_389879713_2_1_0_563131,"('17274897', '389879713', '1', '0', '563131')",N>=2,False,True,3339000.0,3339000.0,False,run2
the-imperial-vung-tau,2026-10-11,17274892_119446698_2_2_0_563131,"('17274892', '119446698', '2', '0', '563131')",N>=2,False,True,3402000.0,3402000.0,False,run2
the-imperial-vung-tau,2026-10-11,17274892_119446698_2_1_0_563131,"('17274892', '119446698', '1', '0', '563131')",N>=2,False,True,4000500.0,4000500.0,False,run2
the-imperial-vung-tau,2026-10-11,17274892_119446698_2_1_0_1735753,"('17274892', '119446698', '1', '0', '1735753')",N>=2,False,True,4032000.0,4032000.0,False,run2
the-imperial-vung-tau,2026-10-11,17274892_389879713_2_1_0_563131,"('17274892', '389879713', '1', '0', '563131')",N>=2,False,True,4095000.0,4095000.0,False,run2
the-imperial-vung-tau,2026-10-11,17274892_389879713_2_1_0_1402980,"('17274892', '389879713', '1', '0', '1402980')",N>=2,False,True,4095001.0,4095001.0,False,run2
the-imperial-vung-tau,2026-10-11,17274892_119446695_2_1_0_563131,"('17274892', '119446695', '1', '0', '563131')",N>=2,False,True,4217850.0,4217850.0,False,run2
the-imperial-vung-tau,2026-10-11,17274886_119446698_2_2_0_563131,"('17274886', '119446698', '2', '0', '563131')",N>=2,False,True,3465000.0,3465000.0,False,run2
the-imperial-vung-tau,2026-10-11,17274886_119446698_2_1_0_563131,"('17274886', '119446698', '1', '0', '563131')",N>=2,False,True,3969000.0,3969000.0,False,run2
the-imperial-vung-tau,2026-10-11,17274886_119446698_2_1_0_1735753,"('17274886', '119446698', '1', '0', '1735753')",N>=2,False,True,4000500.0,4000500.0,False,run2
the-imperial-vung-tau,2026-10-11,17274886_389879713_2_1_0_563131,"('17274886', '389879713', '1', '0', '563131')",N>=2,False,True,4095000.0,4095000.0,False,run2
the-imperial-vung-tau,2026-10-11,17274886_389879713_2_1_0_1402980,"('17274886', '389879713', '1', '0', '1402980')",N>=2,False,True,4095001.0,4095001.0,False,run2
the-imperial-vung-tau,2026-10-11,17274886_119446695_2_1_0_563131,"('17274886', '119446695', '1', '0', '563131')",N>=2,False,True,4217850.0,4217850.0,False,run2
the-imperial-vung-tau,2026-10-11,17274907_380584448_2_1_0_563131,"('17274907', '380584448', '1', '0', '563131')",N>=2,False,True,3528000.0,3528000.0,False,run2
the-imperial-vung-tau,2026-10-11,17274907_119446698_2_1_0_1735753,"('17274907', '119446698', '1', '0', '1735753')",N>=2,False,True,3559500.0,3559500.0,False,run2
the-imperial-vung-tau,2026-10-11,17274895_119446698_2_2_0_563131,"('17274895', '119446698', '2', '0', '563131')",N>=2,False,True,3717000.0,3717000.0,False,run2
the-imperial-vung-tau,2026-10-11,17274895_119446698_2_1_0_563131,"('17274895', '119446698', '1', '0', '563131')",N>=2,False,True,4221000.0,4221000.0,False,run2
the-imperial-vung-tau,2026-10-11,17274895_119446698_2_1_0_1735753,"('17274895', '119446698', '1', '0', '1735753')",N>=2,False,True,4252500.0,4252500.0,False,run2
the-imperial-vung-tau,2026-10-11,17274895_389879713_2_1_0_563131,"('17274895', '389879713', '1', '0', '563131')",N>=2,False,True,4347000.0,4347000.0,False,run2
the-imperial-vung-tau,2026-10-11,17274895_389879713_2_1_0_1402980,"('17274895', '389879713', '1', '0', '1402980')",N>=2,False,True,4347001.0,4347001.0,False,run2
the-imperial-vung-tau,2026-10-11,17274895_119446695_2_1_0_563131,"('17274895', '119446695', '1', '0', '563131')",N>=2,False,True,4477410.0,4477410.0,False,run2
the-imperial-vung-tau,2026-10-11,17274837_119446698_2_2_0_563131,"('17274837', '119446698', '2', '0', '563131')",N>=2,False,True,4032000.0,4032000.0,False,run2
the-imperial-vung-tau,2026-10-11,17274837_119446698_2_1_0_563131,"('17274837', '119446698', '1', '0', '563131')",N>=2,False,True,4630500.0,4630500.0,False,run2
the-imperial-vung-tau,2026-10-11,17274837_119446698_2_1_0_1735753,"('17274837', '119446698', '1', '0', '1735753')",N>=2,False,True,4662000.0,4662000.0,False,run2
the-imperial-vung-tau,2026-10-11,17274837_389879713_2_1_0_563131,"('17274837', '389879713', '1', '0', '563131')",N>=2,False,True,4725000.0,4725000.0,False,run2
the-imperial-vung-tau,2026-10-11,17274837_389879713_2_1_0_1402980,"('17274837', '389879713', '1', '0', '1402980')",N>=2,False,True,4725001.0,4725001.0,False,run2
the-imperial-vung-tau,2026-10-11,17274837_119446695_2_1_0_563131,"('17274837', '119446695', '1', '0', '563131')",N>=2,False,True,4866750.0,4866750.0,False,run2
the-imperial-vung-tau,2026-10-11,17274899_119446698_2_1_0_563131,"('17274899', '119446698', '1', '0', '563131')",N>=2,False,True,4158000.0,4158000.0,False,run2
the-imperial-vung-tau,2026-10-11,17274899_389879713_2_1_0_563131,"('17274899', '389879713', '1', '0', '563131')",N>=2,False,True,4347000.0,4347000.0,False,run2
the-imperial-vung-tau,2026-10-11,17274899_119446698_3_1_0_1735753,"('17274899', '119446698', '1', '0', '1735753')",N>=2,False,True,4189500.0,4189500.0,False,run2
the-imperial-vung-tau,2026-10-11,17274885_119446698_2_2_0_563131,"('17274885', '119446698', '2', '0', '563131')",N>=2,False,True,4347000.0,4347000.0,False,run2
the-imperial-vung-tau,2026-10-11,17274885_119446698_2_1_0_563131,"('17274885', '119446698', '1', '0', '563131')",N>=2,False,True,4914000.0,4914000.0,False,run2
the-imperial-vung-tau,2026-10-11,17274885_119446698_2_1_0_1735753,"('17274885', '119446698', '1', '0', '1735753')",N>=2,False,True,4945500.0,4945500.0,False,run2
the-imperial-vung-tau,2026-10-11,17274885_389879713_2_1_0_563131,"('17274885', '389879713', '1', '0', '563131')",N>=2,False,True,5040000.0,5040000.0,False,run2
the-imperial-vung-tau,2026-10-11,17274885_389879713_2_1_0_1402980,"('17274885', '389879713', '1', '0', '1402980')",N>=2,False,True,5040001.0,5040001.0,False,run2
the-imperial-vung-tau,2026-10-11,17274885_119446695_2_1_0_563131,"('17274885', '119446695', '1', '0', '563131')",N>=2,False,True,5191200.0,5191200.0,False,run2
the-imperial-vung-tau,2026-10-11,17274839_119446698_2_2_0_563131,"('17274839', '119446698', '2', '0', '563131')",N>=2,False,True,4662000.0,4662000.0,False,run2
the-imperial-vung-tau,2026-10-11,17274839_119446698_2_1_0_563131,"('17274839', '119446698', '1', '0', '563131')",N>=2,False,True,5166000.0,5166000.0,False,run2
the-imperial-vung-tau,2026-10-11,17274839_119446698_2_1_0_1735753,"('17274839', '119446698', '1', '0', '1735753')",N>=2,False,True,5197500.0,5197500.0,False,run2
the-imperial-vung-tau,2026-10-11,17274839_389879713_2_1_0_563131,"('17274839', '389879713', '1', '0', '563131')",N>=2,False,True,5355000.0,5355000.0,False,run2
the-imperial-vung-tau,2026-10-11,17274839_389879713_2_1_0_1402980,"('17274839', '389879713', '1', '0', '1402980')",N>=2,False,True,5355001.0,5355001.0,False,run2
the-imperial-vung-tau,2026-10-11,17274839_119446695_2_1_0_563131,"('17274839', '119446695', '1', '0', '563131')",N>=2,False,True,5515650.0,5515650.0,False,run2
the-imperial-vung-tau,2026-10-11,17274900_389879713_2_1_0_563131,"('17274900', '389879713', '1', '0', '563131')",N>=2,False,True,5418000.0,5418000.0,False,run2
the-imperial-vung-tau,2026-10-11,17274900_119446698_2_1_0_1735753,"('17274900', '119446698', '1', '0', '1735753')",N>=2,False,True,5449500.0,5449500.0,False,run2
the-imperial-vung-tau,2026-10-11,17274844_119446698_2_2_0_563131,"('17274844', '119446698', '2', '0', '563131')",N>=2,False,True,30807000.0,30807000.0,False,run2
the-imperial-vung-tau,2026-10-11,17274844_119446698_2_1_0_563131,"('17274844', '119446698', '1', '0', '563131')",N>=2,False,True,31311000.0,31311000.0,False,run2
the-imperial-vung-tau,2026-10-11,17274844_389879713_2_1_0_563131,"('17274844', '389879713', '1', '0', '563131')",N>=2,False,True,31500000.0,31500000.0,False,run2
the-imperial-vung-tau,2026-10-11,17274844_389879713_2_1_0_1402980,"('17274844', '389879713', '1', '0', '1402980')",N>=2,False,True,31500001.0,31500001.0,False,run2
the-imperial-vung-tau,2026-10-11,17274844_119446695_2_1_0_563131,"('17274844', '119446695', '1', '0', '563131')",N>=2,False,True,32445000.0,32445000.0,False,run2
the-imperial-vung-tau,2026-10-11,17274844_119446698_3_1_0_1735753,"('17274844', '119446698', '1', '0', '1735753')",N>=2,False,True,31342500.0,31342500.0,False,run2
the-imperial-vung-tau,2026-10-11,17274805_119446698_3_2_0_563131,"('17274805', '119446698', '2', '0', '563131')",N>=2,False,True,3276000.0,3276000.0,False,run2
the-imperial-vung-tau,2026-10-11,17274805_119446698_3_1_0_563131,"('17274805', '119446698', '1', '0', '563131')",N>=2,False,True,3843000.0,3843000.0,False,run2
the-imperial-vung-tau,2026-10-11,17274805_119446698_3_1_0_1735753,"('17274805', '119446698', '1', '0', '1735753')",N>=2,False,True,3874500.0,3874500.0,False,run2
the-imperial-vung-tau,2026-10-11,17274805_389879713_3_1_0_563131,"('17274805', '389879713', '1', '0', '563131')",N>=2,False,True,3969000.0,3969000.0,False,run2
the-imperial-vung-tau,2026-10-11,17274805_119446695_3_1_0_563131,"('17274805', '119446695', '1', '0', '563131')",N>=2,False,True,4088070.0,4088070.0,False,run2
the-imperial-vung-tau,2026-10-11,17274898_119446698_3_1_0_563131,"('17274898', '119446698', '1', '0', '563131')",N>=2,False,True,4347000.0,4347000.0,False,run2
the-imperial-vung-tau,2026-10-11,17274898_119446698_3_1_0_1735753,"('17274898', '119446698', '1', '0', '1735753')",N>=2,False,True,4378500.0,4378500.0,False,run2
the-imperial-vung-tau,2026-10-11,17274898_389879713_3_1_0_563131,"('17274898', '389879713', '1', '0', '563131')",N>=2,False,True,4536000.0,4536000.0,False,run2
the-imperial-vung-tau,2026-10-11,17274867_119446698_4_2_0_563131,"('17274867', '119446698', '2', '0', '563131')",N>=2,False,True,5670000.0,5670000.0,False,run2
the-imperial-vung-tau,2026-10-11,17274867_119446698_0_1_0_563131,"('17274867', '119446698', '1', '0', '563131')",0,False,True,6174000.0,6174000.0,False,run2
the-imperial-vung-tau,2026-10-11,17274867_119446698_4_1_0_1735753,"('17274867', '119446698', '1', '0', '1735753')",N>=2,False,True,6205500.0,6205500.0,False,run2
the-imperial-vung-tau,2026-10-11,17274867_389879713_4_1_0_563131,"('17274867', '389879713', '1', '0', '563131')",N>=2,False,True,6300000.0,6300000.0,False,run2
the-imperial-vung-tau,2026-10-11,17274867_119446695_4_1_0_563131,"('17274867', '119446695', '1', '0', '563131')",N>=2,False,True,6489000.0,6489000.0,False,run2
the-imperial-vung-tau,2026-10-11,17274841_119446698_4_2_0_563131,"('17274841', '119446698', '2', '0', '563131')",N>=2,False,True,7182000.0,7182000.0,False,run2
the-imperial-vung-tau,2026-10-11,17274841_119446698_4_1_0_563131,"('17274841', '119446698', '1', '0', '563131')",N>=2,False,True,8001000.0,8001000.0,False,run2
the-imperial-vung-tau,2026-10-11,17274841_119446698_4_1_0_1735753,"('17274841', '119446698', '1', '0', '1735753')",N>=2,False,True,8032500.0,8032500.0,False,run2
the-imperial-vung-tau,2026-10-11,17274841_389879713_4_1_0_563131,"('17274841', '389879713', '1', '0', '563131')",N>=2,False,True,8190000.0,8190000.0,False,run2
the-imperial-vung-tau,2026-10-11,17274841_389879713_4_1_0_1402980,"('17274841', '389879713', '1', '0', '1402980')",N>=2,False,True,8190001.0,8190001.0,False,run2
the-imperial-vung-tau,2026-10-11,17274841_119446695_4_1_0_563131,"('17274841', '119446695', '1', '0', '563131')",N>=2,False,True,8435700.0,8435700.0,False,run2
the-imperial-vung-tau,2026-11-18,bbasic_0,"('bbasic_0',)",?,False,True,2185671.0,2122205.0,False,run2
the-imperial-vung-tau,2026-11-18,17274814_bbasic_0,"('17274814_bbasic_0',)",0,False,True,2185671.0,2122205.0,False,run2
the-imperial-vung-tau,2026-11-18,17274814_119446698_2_2_0_563131,"('17274814', '119446698', '2', '0', '563131')",N>=2,False,True,2360280.0,2360280.0,False,run2
the-imperial-vung-tau,2026-11-18,17274814_119446698_2_1_0_563131,"('17274814', '119446698', '1', '0', '563131')",N>=2,False,True,2783920.0,2783920.0,False,run2
the-imperial-vung-tau,2026-11-18,17274814_119446698_2_1_0_1735753,"('17274814', '119446698', '1', '0', '1735753')",N>=2,False,True,2814180.0,2814180.0,False,run2
the-imperial-vung-tau,2026-11-18,17274814_389879713_2_1_0_563131,"('17274814', '389879713', '1', '0', '563131')",N>=2,False,True,2904960.0,2904960.0,False,run2
the-imperial-vung-tau,2026-11-18,17274814_119446695_2_1_0_563131,"('17274814', '119446695', '1', '0', '563131')",N>=2,False,True,2992109.0,2992109.0,False,run2
the-imperial-vung-tau,2026-11-18,17274881_bbasic_0,"('17274881_bbasic_0',)",0,False,False,2185671.0,,False,run2
the-imperial-vung-tau,2026-11-18,17274881_119446698_2_2_0_563131,"('17274881', '119446698', '2', '0', '563131')",N>=2,False,True,2360280.0,2360280.0,False,run2
the-imperial-vung-tau,2026-11-18,17274881_119446698_2_1_0_563131,"('17274881', '119446698', '1', '0', '563131')",N>=2,False,True,2783920.0,2783920.0,False,run2
the-imperial-vung-tau,2026-11-18,17274881_119446698_2_1_0_1735753,"('17274881', '119446698', '1', '0', '1735753')",N>=2,False,True,2814180.0,2814180.0,False,run2
the-imperial-vung-tau,2026-11-18,17274881_389879713_2_1_0_563131,"('17274881', '389879713', '1', '0', '563131')",N>=2,False,True,2904960.0,2904960.0,False,run2
the-imperial-vung-tau,2026-11-18,17274881_119446695_2_1_0_563131,"('17274881', '119446695', '1', '0', '563131')",N>=2,False,True,2992109.0,2992109.0,False,run2
the-imperial-vung-tau,2026-11-18,17274896_119446698_2_2_0_563131,"('17274896', '119446698', '2', '0', '563131')",N>=2,False,True,2541840.0,2541840.0,False,run2
the-imperial-vung-tau,2026-11-18,17274896_119446698_2_1_0_563131,"('17274896', '119446698', '1', '0', '563131')",N>=2,False,True,2844440.0,2844440.0,False,run2
the-imperial-vung-tau,2026-11-18,17274896_119446698_2_1_0_1735753,"('17274896', '119446698', '1', '0', '1735753')",N>=2,False,True,2874700.0,2874700.0,False,run2
the-imperial-vung-tau,2026-11-18,17274896_389879713_2_1_0_563131,"('17274896', '389879713', '1', '0', '563131')",N>=2,False,True,2904960.0,2904960.0,False,run2
the-imperial-vung-tau,2026-11-18,17274893_bbasic_0,"('17274893_bbasic_0',)",0,False,False,2445777.0,,False,run2
the-imperial-vung-tau,2026-11-18,17274893_119446698_2_2_0_563131,"('17274893', '119446698', '2', '0', '563131')",N>=2,False,True,2602360.0,2602360.0,False,run2
the-imperial-vung-tau,2026-11-18,17274893_119446698_2_1_0_563131,"('17274893', '119446698', '1', '0', '563131')",N>=2,False,True,3086520.0,3086520.0,False,run2
the-imperial-vung-tau,2026-11-18,17274893_119446698_2_1_0_1735753,"('17274893', '119446698', '1', '0', '1735753')",N>=2,False,True,3116780.0,3116780.0,False,run2
the-imperial-vung-tau,2026-11-18,17274893_389879713_2_1_0_563131,"('17274893', '389879713', '1', '0', '563131')",N>=2,False,True,3207560.0,3207560.0,False,run2
the-imperial-vung-tau,2026-11-18,17274893_119446695_2_1_0_563131,"('17274893', '119446695', '1', '0', '563131')",N>=2,False,True,3303787.0,3303787.0,False,run2
the-imperial-vung-tau,2026-11-18,17274891_119446698_2_2_0_563131,"('17274891', '119446698', '2', '0', '563131')",N>=2,False,True,2783920.0,2783920.0,False,run2
the-imperial-vung-tau,2026-11-18,17274891_119446698_2_1_0_563131,"('17274891', '119446698', '1', '0', '563131')",N>=2,False,True,3207560.0,3207560.0,False,run2
the-imperial-vung-tau,2026-11-18,17274891_119446698_2_1_0_1735753,"('17274891', '119446698', '1', '0', '1735753')",N>=2,False,True,3237820.0,3237820.0,False,run2
the-imperial-vung-tau,2026-11-18,17274891_389879713_2_1_0_563131,"('17274891', '389879713', '1', '0', '563131')",N>=2,False,True,3328600.0,3328600.0,False,run2
the-imperial-vung-tau,2026-11-18,17274891_119446695_2_1_0_563131,"('17274891', '119446695', '1', '0', '563131')",N>=2,False,True,3428458.0,3428458.0,False,run2
the-imperial-vung-tau,2026-11-18,17274801_119446698_2_2_0_563131,"('17274801', '119446698', '2', '0', '563131')",N>=2,False,True,2844440.0,2844440.0,False,run2
the-imperial-vung-tau,2026-11-18,17274801_119446698_2_1_0_563131,"('17274801', '119446698', '1', '0', '563131')",N>=2,False,True,3207560.0,3207560.0,False,run2
the-imperial-vung-tau,2026-11-18,17274801_119446698_2_1_0_1735753,"('17274801', '119446698', '1', '0', '1735753')",N>=2,False,True,3237820.0,3237820.0,False,run2
the-imperial-vung-tau,2026-11-18,17274801_389879713_2_1_0_563131,"('17274801', '389879713', '1', '0', '563131')",N>=2,False,True,3328600.0,3328600.0,False,run2
the-imperial-vung-tau,2026-11-18,17274801_119446695_2_1_0_563131,"('17274801', '119446695', '1', '0', '563131')",N>=2,False,True,3428458.0,3428458.0,False,run2
the-imperial-vung-tau,2026-11-18,17274894_119446698_2_2_0_563131,"('17274894', '119446698', '2', '0', '563131')",N>=2,False,True,2844440.0,2844440.0,False,run2
the-imperial-vung-tau,2026-11-18,17274894_119446698_2_1_0_563131,"('17274894', '119446698', '1', '0', '563131')",N>=2,False,True,3207560.0,3207560.0,False,run2
the-imperial-vung-tau,2026-11-18,17274894_119446698_2_1_0_1735753,"('17274894', '119446698', '1', '0', '1735753')",N>=2,False,True,3237820.0,3237820.0,False,run2
the-imperial-vung-tau,2026-11-18,17274894_389879713_2_1_0_563131,"('17274894', '389879713', '1', '0', '563131')",N>=2,False,True,3328600.0,3328600.0,False,run2
the-imperial-vung-tau,2026-11-18,17274894_119446695_2_1_0_563131,"('17274894', '119446695', '1', '0', '563131')",N>=2,False,True,3428458.0,3428458.0,False,run2
the-imperial-vung-tau,2026-11-18,17274882_119446698_2_2_0_563131,"('17274882', '119446698', '2', '0', '563131')",N>=2,False,True,3328600.0,3328600.0,False,run2
the-imperial-vung-tau,2026-11-18,17274882_119446698_2_1_0_563131,"('17274882', '119446698', '1', '0', '563131')",N>=2,False,True,3812760.0,3812760.0,False,run2
the-imperial-vung-tau,2026-11-18,17274882_119446698_2_1_0_1735753,"('17274882', '119446698', '1', '0', '1735753')",N>=2,False,True,3843020.0,3843020.0,False,run2
the-imperial-vung-tau,2026-11-18,17274882_389879713_2_1_0_563131,"('17274882', '389879713', '1', '0', '563131')",N>=2,False,True,3933800.0,3933800.0,False,run2
the-imperial-vung-tau,2026-11-18,17274882_389879713_2_1_0_1402980,"('17274882', '389879713', '1', '0', '1402980')",N>=2,False,True,3933801.0,3933801.0,False,run2
the-imperial-vung-tau,2026-11-18,17274882_119446695_2_1_0_563131,"('17274882', '119446695', '1', '0', '563131')",N>=2,False,True,4051814.0,4051814.0,False,run2
the-imperial-vung-tau,2026-11-18,17274886_119446698_2_2_0_563131,"('17274886', '119446698', '2', '0', '563131')",N>=2,False,True,3328600.0,3328600.0,False,run2
the-imperial-vung-tau,2026-11-18,17274886_119446698_2_1_0_563131,"('17274886', '119446698', '1', '0', '563131')",N>=2,False,True,3812760.0,3812760.0,False,run2
the-imperial-vung-tau,2026-11-18,17274886_119446698_2_1_0_1735753,"('17274886', '119446698', '1', '0', '1735753')",N>=2,False,True,3843020.0,3843020.0,False,run2
the-imperial-vung-tau,2026-11-18,17274886_389879713_2_1_0_563131,"('17274886', '389879713', '1', '0', '563131')",N>=2,False,True,3933800.0,3933800.0,False,run2
the-imperial-vung-tau,2026-11-18,17274886_389879713_2_1_0_1402980,"('17274886', '389879713', '1', '0', '1402980')",N>=2,False,True,3933801.0,3933801.0,False,run2
the-imperial-vung-tau,2026-11-18,17274886_119446695_2_1_0_563131,"('17274886', '119446695', '1', '0', '563131')",N>=2,False,True,4051814.0,4051814.0,False,run2
the-imperial-vung-tau,2026-11-18,17274907_380584448_2_1_0_563131,"('17274907', '380584448', '1', '0', '563131')",N>=2,False,True,3389120.0,3389120.0,False,run2
the-imperial-vung-tau,2026-11-18,17274907_119446698_2_1_0_1735753,"('17274907', '119446698', '1', '0', '1735753')",N>=2,False,True,3419380.0,3419380.0,False,run2
the-imperial-vung-tau,2026-11-18,17274897_119446698_2_1_0_563131,"('17274897', '119446698', '1', '0', '563131')",N>=2,False,True,3449640.0,3449640.0,False,run2
the-imperial-vung-tau,2026-11-18,17274897_119446698_2_1_0_1735753,"('17274897', '119446698', '1', '0', '1735753')",N>=2,False,True,3479900.0,3479900.0,False,run2
the-imperial-vung-tau,2026-11-18,17274897_389879713_2_1_0_563131,"('17274897', '389879713', '1', '0', '563131')",N>=2,False,True,3631200.0,3631200.0,False,run2
the-imperial-vung-tau,2026-11-18,17274895_119446698_2_2_0_563131,"('17274895', '119446698', '2', '0', '563131')",N>=2,False,True,3631200.0,3631200.0,False,run2
the-imperial-vung-tau,2026-11-18,17274895_119446698_2_1_0_563131,"('17274895', '119446698', '1', '0', '563131')",N>=2,False,True,4115360.0,4115360.0,False,run2
the-imperial-vung-tau,2026-11-18,17274895_119446698_2_1_0_1735753,"('17274895', '119446698', '1', '0', '1735753')",N>=2,False,True,4145620.0,4145620.0,False,run2
the-imperial-vung-tau,2026-11-18,17274895_389879713_2_1_0_563131,"('17274895', '389879713', '1', '0', '563131')",N>=2,False,True,4236400.0,4236400.0,False,run2
the-imperial-vung-tau,2026-11-18,17274895_389879713_2_1_0_1402980,"('17274895', '389879713', '1', '0', '1402980')",N>=2,False,True,4236401.0,4236401.0,False,run2
the-imperial-vung-tau,2026-11-18,17274895_119446695_2_1_0_563131,"('17274895', '119446695', '1', '0', '563131')",N>=2,False,True,4363492.0,4363492.0,False,run2
the-imperial-vung-tau,2026-11-18,17274892_119446698_2_2_0_563131,"('17274892', '119446698', '2', '0', '563131')",N>=2,False,True,3873280.0,3873280.0,False,run2
the-imperial-vung-tau,2026-11-18,17274892_119446698_2_1_0_563131,"('17274892', '119446698', '1', '0', '563131')",N>=2,False,True,4448220.0,4448220.0,False,run2
the-imperial-vung-tau,2026-11-18,17274892_119446698_2_1_0_1735753,"('17274892', '119446698', '1', '0', '1735753')",N>=2,False,True,4478480.0,4478480.0,False,run2
the-imperial-vung-tau,2026-11-18,17274892_389879713_2_1_0_563131,"('17274892', '389879713', '1', '0', '563131')",N>=2,False,True,4539000.0,4539000.0,False,run2
the-imperial-vung-tau,2026-11-18,17274892_389879713_2_1_0_1402980,"('17274892', '389879713', '1', '0', '1402980')",N>=2,False,True,4539001.0,4539001.0,False,run2
the-imperial-vung-tau,2026-11-18,17274892_119446695_2_1_0_563131,"('17274892', '119446695', '1', '0', '563131')",N>=2,False,True,4675170.0,4675170.0,False,run2
the-imperial-vung-tau,2026-11-18,17274899_119446698_2_1_0_563131,"('17274899', '119446698', '1', '0', '563131')",N>=2,False,True,3994320.0,3994320.0,False,run2
the-imperial-vung-tau,2026-11-18,17274899_389879713_2_1_0_563131,"('17274899', '389879713', '1', '0', '563131')",N>=2,False,True,4175880.0,4175880.0,False,run2
the-imperial-vung-tau,2026-11-18,17274899_119446698_3_1_0_1735753,"('17274899', '119446698', '1', '0', '1735753')",N>=2,False,True,4024580.0,4024580.0,False,run2
the-imperial-vung-tau,2026-11-18,17274837_119446698_2_2_0_563131,"('17274837', '119446698', '2', '0', '563131')",N>=2,False,True,4296920.0,4296920.0,False,run2
the-imperial-vung-tau,2026-11-18,17274837_119446698_2_1_0_563131,"('17274837', '119446698', '1', '0', '563131')",N>=2,False,True,4871860.0,4871860.0,False,run2
the-imperial-vung-tau,2026-11-18,17274837_119446698_2_1_0_1735753,"('17274837', '119446698', '1', '0', '1735753')",N>=2,False,True,4902120.0,4902120.0,False,run2
the-imperial-vung-tau,2026-11-18,17274837_389879713_2_1_0_563131,"('17274837', '389879713', '1', '0', '563131')",N>=2,False,True,4962640.0,4962640.0,False,run2
the-imperial-vung-tau,2026-11-18,17274837_389879713_2_1_0_1402980,"('17274837', '389879713', '1', '0', '1402980')",N>=2,False,True,4962641.0,4962641.0,False,run2
the-imperial-vung-tau,2026-11-18,17274837_119446695_2_1_0_563131,"('17274837', '119446695', '1', '0', '563131')",N>=2,False,True,5111519.0,5111519.0,False,run2
the-imperial-vung-tau,2026-11-18,17274839_119446698_2_2_0_563131,"('17274839', '119446698', '2', '0', '563131')",N>=2,False,True,5144200.0,5144200.0,False,run2
the-imperial-vung-tau,2026-11-18,17274839_119446698_2_1_0_563131,"('17274839', '119446698', '1', '0', '563131')",N>=2,False,True,5628360.0,5628360.0,False,run2
the-imperial-vung-tau,2026-11-18,17274839_119446698_2_1_0_1735753,"('17274839', '119446698', '1', '0', '1735753')",N>=2,False,True,5658620.0,5658620.0,False,run2
the-imperial-vung-tau,2026-11-18,17274839_389879713_2_1_0_563131,"('17274839', '389879713', '1', '0', '563131')",N>=2,False,True,5809920.0,5809920.0,False,run2
the-imperial-vung-tau,2026-11-18,17274839_389879713_2_1_0_1402980,"('17274839', '389879713', '1', '0', '1402980')",N>=2,False,True,5809921.0,5809921.0,False,run2
the-imperial-vung-tau,2026-11-18,17274839_119446695_2_1_0_563131,"('17274839', '119446695', '1', '0', '563131')",N>=2,False,True,5984218.0,5984218.0,False,run2
the-imperial-vung-tau,2026-11-18,17274885_119446698_2_2_0_563131,"('17274885', '119446698', '2', '0', '563131')",N>=2,False,True,5144200.0,5144200.0,False,run2
the-imperial-vung-tau,2026-11-18,17274885_119446698_2_1_0_563131,"('17274885', '119446698', '1', '0', '563131')",N>=2,False,True,5688880.0,5688880.0,False,run2
the-imperial-vung-tau,2026-11-18,17274885_119446698_2_1_0_1735753,"('17274885', '119446698', '1', '0', '1735753')",N>=2,False,True,5719140.0,5719140.0,False,run2
the-imperial-vung-tau,2026-11-18,17274885_389879713_2_1_0_563131,"('17274885', '389879713', '1', '0', '563131')",N>=2,False,True,5809920.0,5809920.0,False,run2
the-imperial-vung-tau,2026-11-18,17274885_389879713_2_1_0_1402980,"('17274885', '389879713', '1', '0', '1402980')",N>=2,False,True,5809921.0,5809921.0,False,run2
the-imperial-vung-tau,2026-11-18,17274885_119446695_2_1_0_563131,"('17274885', '119446695', '1', '0', '563131')",N>=2,False,True,5984218.0,5984218.0,False,run2
the-imperial-vung-tau,2026-11-18,17274900_389879713_2_1_0_563131,"('17274900', '389879713', '1', '0', '563131')",N>=2,False,True,5870440.0,5870440.0,False,run2
the-imperial-vung-tau,2026-11-18,17274900_119446698_2_1_0_1735753,"('17274900', '119446698', '1', '0', '1735753')",N>=2,False,True,5900700.0,5900700.0,False,run2
the-imperial-vung-tau,2026-11-18,17274844_119446698_2_2_0_563131,"('17274844', '119446698', '2', '0', '563131')",N>=2,False,True,29594280.0,29594280.0,False,run2
the-imperial-vung-tau,2026-11-18,17274844_119446698_2_1_0_563131,"('17274844', '119446698', '1', '0', '563131')",N>=2,False,True,30078440.0,30078440.0,False,run2
the-imperial-vung-tau,2026-11-18,17274844_389879713_2_1_0_563131,"('17274844', '389879713', '1', '0', '563131')",N>=2,False,True,30260000.0,30260000.0,False,run2
the-imperial-vung-tau,2026-11-18,17274844_389879713_2_1_0_1402980,"('17274844', '389879713', '1', '0', '1402980')",N>=2,False,True,30260001.0,30260001.0,False,run2
the-imperial-vung-tau,2026-11-18,17274844_119446695_2_1_0_563131,"('17274844', '119446695', '1', '0', '563131')",N>=2,False,True,31167800.0,31167800.0,False,run2
the-imperial-vung-tau,2026-11-18,17274844_119446698_3_1_0_1735753,"('17274844', '119446698', '1', '0', '1735753')",N>=2,False,True,30108700.0,30108700.0,False,run2
the-imperial-vung-tau,2026-11-18,17274805_119446698_3_2_0_563131,"('17274805', '119446698', '2', '0', '563131')",N>=2,False,True,3389120.0,3389120.0,False,run2
the-imperial-vung-tau,2026-11-18,17274805_119446698_3_1_0_563131,"('17274805', '119446698', '1', '0', '563131')",N>=2,False,True,3933800.0,3933800.0,False,run2
the-imperial-vung-tau,2026-11-18,17274805_119446698_3_1_0_1735753,"('17274805', '119446698', '1', '0', '1735753')",N>=2,False,True,3964060.0,3964060.0,False,run2
the-imperial-vung-tau,2026-11-18,17274805_389879713_3_1_0_563131,"('17274805', '389879713', '1', '0', '563131')",N>=2,False,True,4054840.0,4054840.0,False,run2
the-imperial-vung-tau,2026-11-18,17274805_119446695_3_1_0_563131,"('17274805', '119446695', '1', '0', '563131')",N>=2,False,True,4176485.0,4176485.0,False,run2
the-imperial-vung-tau,2026-11-18,17274898_119446698_3_1_0_563131,"('17274898', '119446698', '1', '0', '563131')",N>=2,False,True,4417960.0,4417960.0,False,run2
the-imperial-vung-tau,2026-11-18,17274898_119446698_3_1_0_1735753,"('17274898', '119446698', '1', '0', '1735753')",N>=2,False,True,4448220.0,4448220.0,False,run2
the-imperial-vung-tau,2026-11-18,17274898_389879713_3_1_0_563131,"('17274898', '389879713', '1', '0', '563131')",N>=2,False,True,4599520.0,4599520.0,False,run2
the-imperial-vung-tau,2026-11-18,17274867_119446698_4_2_0_563131,"('17274867', '119446698', '2', '0', '563131')",N>=2,False,True,5749400.0,5749400.0,False,run2
the-imperial-vung-tau,2026-11-18,17274867_119446698_0_1_0_563131,"('17274867', '119446698', '1', '0', '563131')",0,False,True,6233560.0,6233560.0,False,run2
the-imperial-vung-tau,2026-11-18,17274867_119446698_4_1_0_1735753,"('17274867', '119446698', '1', '0', '1735753')",N>=2,False,True,6263820.0,6263820.0,False,run2
the-imperial-vung-tau,2026-11-18,17274867_389879713_4_1_0_563131,"('17274867', '389879713', '1', '0', '563131')",N>=2,False,True,6354600.0,6354600.0,False,run2
the-imperial-vung-tau,2026-11-18,17274867_119446695_4_1_0_563131,"('17274867', '119446695', '1', '0', '563131')",N>=2,False,True,6545238.0,6545238.0,False,run2
the-imperial-vung-tau,2026-11-18,17274841_119446698_4_2_0_563131,"('17274841', '119446698', '2', '0', '563131')",N>=2,False,True,6899280.0,6899280.0,False,run2
the-imperial-vung-tau,2026-11-18,17274841_119446698_4_1_0_563131,"('17274841', '119446698', '1', '0', '563131')",N>=2,False,True,7686040.0,7686040.0,False,run2
the-imperial-vung-tau,2026-11-18,17274841_119446698_4_1_0_1735753,"('17274841', '119446698', '1', '0', '1735753')",N>=2,False,True,7716300.0,7716300.0,False,run2
the-imperial-vung-tau,2026-11-18,17274841_389879713_4_1_0_563131,"('17274841', '389879713', '1', '0', '563131')",N>=2,False,True,7867600.0,7867600.0,False,run2
the-imperial-vung-tau,2026-11-18,17274841_389879713_4_1_0_1402980,"('17274841', '389879713', '1', '0', '1402980')",N>=2,False,True,7867601.0,7867601.0,False,run2
the-imperial-vung-tau,2026-11-18,17274841_119446695_4_1_0_563131,"('17274841', '119446695', '1', '0', '563131')",N>=2,False,True,8103628.0,8103628.0,False,run2
the-imperial-vung-tau,2026-11-18,17274896_bbasic_0,"('17274896_bbasic_0',)",0,False,False,,2122205.0,True,run2
the-myst-dong-khoi,2026-10-01,206690402_363982880_0_2_0,"('206690402', '363982880', '2', '0', '')",0,False,True,6322000.0,6322000.0,False,run2
the-myst-dong-khoi,2026-10-01,206690402_121939302_0_1_0,"('206690402', '121939302', '1', '0', '')",0,False,False,7026874.0,,False,run2
the-myst-dong-khoi,2026-10-01,206690402_363982880_0_1_0,"('206690402', '363982880', '1', '0', '')",0,False,False,7244200.0,,False,run2
the-myst-dong-khoi,2026-10-01,206690418_363982880_0_2_0,"('206690418', '363982880', '2', '0', '')",0,False,True,6322000.0,6322000.0,False,run2
the-myst-dong-khoi,2026-10-01,206690418_121939302_0_1_0,"('206690418', '121939302', '1', '0', '')",0,False,False,7026874.0,,False,run2
the-myst-dong-khoi,2026-10-01,206690418_363982880_0_1_0,"('206690418', '363982880', '1', '0', '')",0,False,False,7244200.0,,False,run2
the-myst-dong-khoi,2026-10-01,206690403_363982880_0_2_0,"('206690403', '363982880', '2', '0', '')",0,False,True,6716400.0,6716400.0,False,run2
the-myst-dong-khoi,2026-10-01,206690403_121939302_0_1_0,"('206690403', '121939302', '1', '0', '')",0,False,False,7409442.0,,False,run2
the-myst-dong-khoi,2026-10-01,206690403_363982880_0_1_0,"('206690403', '363982880', '1', '0', '')",0,False,False,7638600.0,,False,run2
the-myst-dong-khoi,2026-10-01,206690404_363982880_0_2_0,"('206690404', '363982880', '2', '0', '')",0,False,True,7110800.0,7110800.0,False,run2
the-myst-dong-khoi,2026-10-01,206690404_121939302_0_1_0,"('206690404', '121939302', '1', '0', '')",0,False,False,7792010.0,,False,run2
the-myst-dong-khoi,2026-10-01,206690404_363982880_0_1_0,"('206690404', '363982880', '1', '0', '')",0,False,False,8033000.0,,False,run2
the-myst-dong-khoi,2026-10-01,206690419_363982880_0_2_0,"('206690419', '363982880', '2', '0', '')",0,False,True,7110800.0,7110800.0,False,run2
the-myst-dong-khoi,2026-10-01,206690419_121939302_0_1_0,"('206690419', '121939302', '1', '0', '')",0,False,False,7792010.0,,False,run2
the-myst-dong-khoi,2026-10-01,206690419_363982880_0_1_0,"('206690419', '363982880', '1', '0', '')",0,False,False,8033000.0,,False,run2
the-myst-dong-khoi,2026-10-01,206690405_363982880_0_2_0,"('206690405', '363982880', '2', '0', '')",0,False,True,7563200.0,7563200.0,False,run2
the-myst-dong-khoi,2026-10-01,206690405_121939302_0_1_0,"('206690405', '121939302', '1', '0', '')",0,False,False,8230838.0,,False,run2
the-myst-dong-khoi,2026-10-01,206690405_363982880_0_1_0,"('206690405', '363982880', '1', '0', '')",0,False,False,8485400.0,,False,run2
the-myst-dong-khoi,2026-10-01,206690402_121939302_1_1_0,"('206690402', '121939302', '1', '0', '')",1,True,False,,6568674.0,True,run2
the-myst-dong-khoi,2026-10-01,206690402_363982880_1_1_0,"('206690402', '363982880', '1', '0', '')",1,True,False,,6820800.0,True,run2
the-myst-dong-khoi,2026-10-01,206690418_121939302_1_1_0,"('206690418', '121939302', '1', '0', '')",1,True,False,,6568674.0,True,run2
the-myst-dong-khoi,2026-10-01,206690418_363982880_1_1_0,"('206690418', '363982880', '1', '0', '')",1,True,False,,6820800.0,True,run2
the-myst-dong-khoi,2026-10-01,206690403_121939302_1_1_0,"('206690403', '121939302', '1', '0', '')",1,True,False,,6951242.0,True,run2
the-myst-dong-khoi,2026-10-01,206690403_363982880_1_1_0,"('206690403', '363982880', '1', '0', '')",1,True,False,,7215200.0,True,run2
the-myst-dong-khoi,2026-10-01,206690404_121939302_1_1_0,"('206690404', '121939302', '1', '0', '')",1,True,False,,7333810.0,True,run2
the-myst-dong-khoi,2026-10-01,206690404_363982880_1_1_0,"('206690404', '363982880', '1', '0', '')",1,True,False,,7609600.0,True,run2
the-myst-dong-khoi,2026-10-01,206690419_121939302_1_1_0,"('206690419', '121939302', '1', '0', '')",1,True,False,,7333810.0,True,run2
the-myst-dong-khoi,2026-10-01,206690419_363982880_1_1_0,"('206690419', '363982880', '1', '0', '')",1,True,False,,7609600.0,True,run2
the-myst-dong-khoi,2026-10-01,206690405_121939302_1_1_0,"('206690405', '121939302', '1', '0', '')",1,True,False,,7772638.0,True,run2
the-myst-dong-khoi,2026-10-01,206690405_363982880_1_1_0,"('206690405', '363982880', '1', '0', '')",1,True,False,,8079400.0,True,run2
the-myst-dong-khoi,2026-10-11,206690402_363982880_0_2_0,"('206690402', '363982880', '2', '0', '')",0,False,True,6211800.0,6211800.0,False,run2
the-myst-dong-khoi,2026-10-11,206690402_121939302_0_1_0,"('206690402', '121939302', '1', '0', '')",0,False,False,6919980.0,,False,run2
the-myst-dong-khoi,2026-10-11,206690402_363982880_0_1_0,"('206690402', '363982880', '1', '0', '')",0,False,False,7134000.0,,False,run2
the-myst-dong-khoi,2026-10-11,206690401_363982880_0_2_0,"('206690401', '363982880', '2', '0', '')",0,False,True,5875400.0,5875400.0,False,run2
the-myst-dong-khoi,2026-10-11,206690401_121939302_0_1_0,"('206690401', '121939302', '1', '0', '')",0,False,False,6593672.0,,False,run2
the-myst-dong-khoi,2026-10-11,206690401_363982880_0_1_0,"('206690401', '363982880', '1', '0', '')",0,False,False,6797600.0,,False,run2
the-myst-dong-khoi,2026-10-11,206690417_363982880_0_2_0,"('206690417', '363982880', '2', '0', '')",0,False,True,5875400.0,5875400.0,False,run2
the-myst-dong-khoi,2026-10-11,206690417_121939302_0_1_0,"('206690417', '121939302', '1', '0', '')",0,False,False,6593672.0,,False,run2
the-myst-dong-khoi,2026-10-11,206690417_363982880_0_1_0,"('206690417', '363982880', '1', '0', '')",0,False,False,6797600.0,,False,run2
the-myst-dong-khoi,2026-10-11,206690418_363982880_0_2_0,"('206690418', '363982880', '2', '0', '')",0,False,True,6211800.0,6211800.0,False,run2
the-myst-dong-khoi,2026-10-11,206690418_121939302_0_1_0,"('206690418', '121939302', '1', '0', '')",0,False,False,6919980.0,,False,run2
the-myst-dong-khoi,2026-10-11,206690418_363982880_0_1_0,"('206690418', '363982880', '1', '0', '')",0,False,False,7134000.0,,False,run2
the-myst-dong-khoi,2026-10-11,206690403_363982880_0_2_0,"('206690403', '363982880', '2', '0', '')",0,False,True,6606200.0,6606200.0,False,run2
the-myst-dong-khoi,2026-10-11,206690403_121939302_0_1_0,"('206690403', '121939302', '1', '0', '')",0,False,False,7302548.0,,False,run2
the-myst-dong-khoi,2026-10-11,206690403_363982880_0_1_0,"('206690403', '363982880', '1', '0', '')",0,False,False,7528400.0,,False,run2
the-myst-dong-khoi,2026-10-11,206690404_363982880_0_2_0,"('206690404', '363982880', '2', '0', '')",0,False,True,7000600.0,7000600.0,False,run2
the-myst-dong-khoi,2026-10-11,206690404_121939302_0_1_0,"('206690404', '121939302', '1', '0', '')",0,False,False,7685116.0,,False,run2
the-myst-dong-khoi,2026-10-11,206690404_363982880_0_1_0,"('206690404', '363982880', '1', '0', '')",0,False,False,7922800.0,,False,run2
the-myst-dong-khoi,2026-10-11,206690419_363982880_0_2_0,"('206690419', '363982880', '2', '0', '')",0,False,True,7000600.0,7000600.0,False,run2
the-myst-dong-khoi,2026-10-11,206690419_121939302_0_1_0,"('206690419', '121939302', '1', '0', '')",0,False,False,7685116.0,,False,run2
the-myst-dong-khoi,2026-10-11,206690419_363982880_0_1_0,"('206690419', '363982880', '1', '0', '')",0,False,False,7922800.0,,False,run2
the-myst-dong-khoi,2026-10-11,206690405_363982880_0_2_0,"('206690405', '363982880', '2', '0', '')",0,False,True,7453000.0,7453000.0,False,run2
the-myst-dong-khoi,2026-10-11,206690405_121939302_0_1_0,"('206690405', '121939302', '1', '0', '')",0,False,False,8123944.0,,False,run2
the-myst-dong-khoi,2026-10-11,206690405_363982880_0_1_0,"('206690405', '363982880', '1', '0', '')",0,False,False,8375200.0,,False,run2
the-myst-dong-khoi,2026-10-11,206690421_121939302_0_1_0,"('206690421', '121939302', '1', '0', '')",0,False,False,10852554.0,,False,run2
the-myst-dong-khoi,2026-10-11,206690421_363982880_0_1_0,"('206690421', '363982880', '1', '0', '')",0,False,True,11188200.0,11188200.0,False,run2
the-myst-dong-khoi,2026-10-11,206690401_121939302_1_1_0,"('206690401', '121939302', '1', '0', '')",1,True,False,,6135472.0,True,run2
the-myst-dong-khoi,2026-10-11,206690401_363982880_1_1_0,"('206690401', '363982880', '1', '0', '')",1,True,False,,6391600.0,True,run2
the-myst-dong-khoi,2026-10-11,206690417_121939302_1_1_0,"('206690417', '121939302', '1', '0', '')",1,True,False,,6135472.0,True,run2
the-myst-dong-khoi,2026-10-11,206690417_363982880_1_1_0,"('206690417', '363982880', '1', '0', '')",1,True,False,,6374200.0,True,run2
the-myst-dong-khoi,2026-10-11,206690402_121939302_1_1_0,"('206690402', '121939302', '1', '0', '')",1,True,False,,6461780.0,True,run2
the-myst-dong-khoi,2026-10-11,206690402_363982880_1_1_0,"('206690402', '363982880', '1', '0', '')",1,True,False,,6710600.0,True,run2
the-myst-dong-khoi,2026-10-11,206690418_121939302_1_1_0,"('206690418', '121939302', '1', '0', '')",1,True,False,,6461780.0,True,run2
the-myst-dong-khoi,2026-10-11,206690418_363982880_1_1_0,"('206690418', '363982880', '1', '0', '')",1,True,False,,6710600.0,True,run2
the-myst-dong-khoi,2026-10-11,206690403_121939302_1_1_0,"('206690403', '121939302', '1', '0', '')",1,True,False,,6844348.0,True,run2
the-myst-dong-khoi,2026-10-11,206690403_363982880_1_1_0,"('206690403', '363982880', '1', '0', '')",1,True,False,,7105000.0,True,run2
the-myst-dong-khoi,2026-10-11,206690404_121939302_1_1_0,"('206690404', '121939302', '1', '0', '')",1,True,False,,7226916.0,True,run2
the-myst-dong-khoi,2026-10-11,206690404_363982880_1_1_0,"('206690404', '363982880', '1', '0', '')",1,True,False,,7499400.0,True,run2
the-myst-dong-khoi,2026-10-11,206690419_121939302_1_1_0,"('206690419', '121939302', '1', '0', '')",1,True,False,,7226916.0,True,run2
the-myst-dong-khoi,2026-10-11,206690419_363982880_1_1_0,"('206690419', '363982880', '1', '0', '')",1,True,False,,7499400.0,True,run2
the-myst-dong-khoi,2026-10-11,206690405_121939302_1_1_0,"('206690405', '121939302', '1', '0', '')",1,True,False,,7665744.0,True,run2
the-myst-dong-khoi,2026-10-11,206690405_363982880_1_1_0,"('206690405', '363982880', '1', '0', '')",1,True,False,,7969200.0,True,run2
the-myst-dong-khoi,2026-10-11,206690421_121939302_1_1_0,"('206690421', '121939302', '1', '0', '')",1,True,False,,10394354.0,True,run2
the-myst-dong-khoi,2026-11-18,bbasic_0,"('bbasic_0',)",?,False,False,6826483.0,,False,run2
the-myst-dong-khoi,2026-11-18,206690401_363982880_0_2_0,"('206690401', '363982880', '2', '0', '')",0,False,True,7215200.0,7215200.0,False,run2
the-myst-dong-khoi,2026-11-18,206690401_121939302_0_1_0,"('206690401', '121939302', '1', '0', '')",0,False,False,7893278.0,,False,run2
the-myst-dong-khoi,2026-11-18,206690401_363982880_0_1_0,"('206690401', '363982880', '1', '0', '')",0,False,False,8137400.0,,False,run2
the-myst-dong-khoi,2026-11-18,206690417_363982880_0_2_0,"('206690417', '363982880', '2', '0', '')",0,False,True,7215200.0,7215200.0,False,run2
the-myst-dong-khoi,2026-11-18,206690417_121939302_0_1_0,"('206690417', '121939302', '1', '0', '')",0,False,False,7893278.0,,False,run2
the-myst-dong-khoi,2026-11-18,206690417_363982880_0_1_0,"('206690417', '363982880', '1', '0', '')",0,False,False,8137400.0,,False,run2
the-myst-dong-khoi,2026-11-18,206690402_bbasic_0,"('206690402_bbasic_0',)",0,False,False,6826483.0,,False,run2
the-myst-dong-khoi,2026-11-18,206690402_363982880_0_2_0,"('206690402', '363982880', '2', '0', '')",0,False,True,7551600.0,7551600.0,False,run2
the-myst-dong-khoi,2026-11-18,206690402_121939302_0_1_0,"('206690402', '121939302', '1', '0', '')",0,False,False,8219586.0,,False,run2
the-myst-dong-khoi,2026-11-18,206690402_363982880_0_1_0,"('206690402', '363982880', '1', '0', '')",0,False,False,8473800.0,,False,run2
the-myst-dong-khoi,2026-11-18,206690418_363982880_0_2_0,"('206690418', '363982880', '2', '0', '')",0,False,True,7551600.0,7551600.0,False,run2
the-myst-dong-khoi,2026-11-18,206690418_121939302_0_1_0,"('206690418', '121939302', '1', '0', '')",0,False,False,8219586.0,,False,run2
the-myst-dong-khoi,2026-11-18,206690418_363982880_0_1_0,"('206690418', '363982880', '1', '0', '')",0,False,False,8473800.0,,False,run2
the-myst-dong-khoi,2026-11-18,206690403_363982880_0_2_0,"('206690403', '363982880', '2', '0', '')",0,False,True,7946000.0,7946000.0,False,run2
the-myst-dong-khoi,2026-11-18,206690403_121939302_0_1_0,"('206690403', '121939302', '1', '0', '')",0,False,False,8602154.0,,False,run2
the-myst-dong-khoi,2026-11-18,206690403_363982880_0_1_0,"('206690403', '363982880', '1', '0', '')",0,False,False,8868200.0,,False,run2
the-myst-dong-khoi,2026-11-18,206690404_363982880_0_2_0,"('206690404', '363982880', '2', '0', '')",0,False,True,8340400.0,8340400.0,False,run2
the-myst-dong-khoi,2026-11-18,206690404_121939302_0_1_0,"('206690404', '121939302', '1', '0', '')",0,False,False,8984722.0,,False,run2
the-myst-dong-khoi,2026-11-18,206690404_363982880_0_1_0,"('206690404', '363982880', '1', '0', '')",0,False,False,9262600.0,,False,run2
the-myst-dong-khoi,2026-11-18,206690419_363982880_0_2_0,"('206690419', '363982880', '2', '0', '')",0,False,True,8340400.0,8340400.0,False,run2
the-myst-dong-khoi,2026-11-18,206690419_121939302_0_1_0,"('206690419', '121939302', '1', '0', '')",0,False,False,8984722.0,,False,run2
the-myst-dong-khoi,2026-11-18,206690419_363982880_0_1_0,"('206690419', '363982880', '1', '0', '')",0,False,False,9262600.0,,False,run2
the-myst-dong-khoi,2026-11-18,206690405_363982880_0_2_0,"('206690405', '363982880', '2', '0', '')",0,False,False,8792800.0,,False,run2
the-myst-dong-khoi,2026-11-18,206690405_121939302_0_1_0,"('206690405', '121939302', '1', '0', '')",0,False,False,9423550.0,,False,run2
the-myst-dong-khoi,2026-11-18,206690405_363982880_0_1_0,"('206690405', '363982880', '1', '0', '')",0,False,False,9715000.0,,False,run2
the-myst-dong-khoi,2026-11-18,206690401_121939302_1_1_0,"('206690401', '121939302', '1', '0', '')",1,True,False,,7435078.0,True,run2
the-myst-dong-khoi,2026-11-18,206690401_363982880_1_1_0,"('206690401', '363982880', '1', '0', '')",1,True,False,,7731400.0,True,run2
the-myst-dong-khoi,2026-11-18,206690417_121939302_1_1_0,"('206690417', '121939302', '1', '0', '')",1,True,False,,7435078.0,True,run2
the-myst-dong-khoi,2026-11-18,206690417_363982880_1_1_0,"('206690417', '363982880', '1', '0', '')",1,True,False,,7714000.0,True,run2
the-myst-dong-khoi,2026-11-18,206690402_121939302_1_1_0,"('206690402', '121939302', '1', '0', '')",1,True,False,,7761386.0,True,run2
the-myst-dong-khoi,2026-11-18,206690402_363982880_1_1_0,"('206690402', '363982880', '1', '0', '')",1,True,False,,8050400.0,True,run2
the-myst-dong-khoi,2026-11-18,206690418_121939302_1_1_0,"('206690418', '121939302', '1', '0', '')",1,True,False,,7761386.0,True,run2
the-myst-dong-khoi,2026-11-18,206690418_363982880_1_1_0,"('206690418', '363982880', '1', '0', '')",1,True,False,,8050400.0,True,run2
the-myst-dong-khoi,2026-11-18,206690403_121939302_1_1_0,"('206690403', '121939302', '1', '0', '')",1,True,False,,8143954.0,True,run2
the-myst-dong-khoi,2026-11-18,206690403_363982880_1_1_0,"('206690403', '363982880', '1', '0', '')",1,True,False,,8444800.0,True,run2
the-myst-dong-khoi,2026-11-18,206690404_121939302_1_1_0,"('206690404', '121939302', '1', '0', '')",1,True,False,,8526522.0,True,run2
the-myst-dong-khoi,2026-11-18,206690404_363982880_1_1_0,"('206690404', '363982880', '1', '0', '')",1,True,False,,8839200.0,True,run2
the-myst-dong-khoi,2026-11-18,206690419_121939302_1_1_0,"('206690419', '121939302', '1', '0', '')",1,True,False,,8526522.0,True,run2
the-myst-dong-khoi,2026-11-18,206690419_363982880_1_1_0,"('206690419', '363982880', '1', '0', '')",1,True,False,,8839200.0,True,run2
vinhomes-ocean-park-bunnys-homes-nature-room,2026-10-01,665384701_409602035_2_0_0,"('665384701', '409602035', '0', '0', '')",N>=2,False,True,769500.0,769500.0,False,run2
vinhomes-ocean-park-bunnys-homes-nature-room,2026-10-01,665384701_409602035_0_0_0_1410366,"('665384701', '409602035', '0', '0', '1410366')",0,False,True,1453500.0,1453500.0,False,run2
vinhomes-ocean-park-bunnys-homes-nature-room,2026-10-01,665384705_409602035_2_0_0,"('665384705', '409602035', '0', '0', '')",N>=2,False,True,769500.0,769500.0,False,run2
vinhomes-ocean-park-bunnys-homes-nature-room,2026-10-01,665384705_409602035_0_0_0_1410366,"('665384705', '409602035', '0', '0', '1410366')",0,False,True,1453500.0,1453500.0,False,run2
vinhomes-ocean-park-bunnys-homes-nature-room,2026-10-01,665384706_409602035_2_0_0,"('665384706', '409602035', '0', '0', '')",N>=2,False,True,769500.0,769500.0,False,run2
vinhomes-ocean-park-bunnys-homes-nature-room,2026-10-01,665384706_409602035_0_0_0_1410366,"('665384706', '409602035', '0', '0', '1410366')",0,False,True,1453500.0,1453500.0,False,run2
vinhomes-ocean-park-bunnys-homes-nature-room,2026-10-01,665384703_409602035_2_0_0,"('665384703', '409602035', '0', '0', '')",N>=2,False,True,855000.0,855000.0,False,run2
vinhomes-ocean-park-bunnys-homes-nature-room,2026-10-01,665384703_409602035_0_0_0_1410366,"('665384703', '409602035', '0', '0', '1410366')",0,False,True,1539000.0,1539000.0,False,run2
vinhomes-ocean-park-bunnys-homes-nature-room,2026-10-01,665384702_409602035_0_0_0_1410366,"('665384702', '409602035', '0', '0', '1410366')",0,False,True,1795500.0,1795500.0,False,run2
vinhomes-ocean-park-bunnys-homes-nature-room,2026-10-01,665384707_409602035_4_0_0,"('665384707', '409602035', '0', '0', '')",N>=2,False,True,1111500.0,1111500.0,False,run2
vinhomes-ocean-park-bunnys-homes-nature-room,2026-10-01,665384707_409602035_0_0_0_1410366,"('665384707', '409602035', '0', '0', '1410366')",0,False,True,1795500.0,1795500.0,False,run2
vinhomes-ocean-park-bunnys-homes-nature-room,2026-10-01,665384702_409602035_1_0_0,"('665384702', '409602035', '0', '0', '')",1,True,False,,1111500.0,True,run2
vinhomes-ocean-park-bunnys-homes-nature-room,2026-10-11,665384701_409602035_2_0_0,"('665384701', '409602035', '0', '0', '')",N>=2,False,True,769500.0,769500.0,False,run2
vinhomes-ocean-park-bunnys-homes-nature-room,2026-10-11,665384701_409602035_0_0_0_1410366,"('665384701', '409602035', '0', '0', '1410366')",0,False,True,1453500.0,1453500.0,False,run2
vinhomes-ocean-park-bunnys-homes-nature-room,2026-10-11,665384705_409602035_2_0_0,"('665384705', '409602035', '0', '0', '')",N>=2,False,True,769500.0,769500.0,False,run2
vinhomes-ocean-park-bunnys-homes-nature-room,2026-10-11,665384705_409602035_0_0_0_1410366,"('665384705', '409602035', '0', '0', '1410366')",0,False,True,1453500.0,1453500.0,False,run2
vinhomes-ocean-park-bunnys-homes-nature-room,2026-10-11,665384706_409602035_2_0_0,"('665384706', '409602035', '0', '0', '')",N>=2,False,True,769500.0,769500.0,False,run2
vinhomes-ocean-park-bunnys-homes-nature-room,2026-10-11,665384706_409602035_0_0_0_1410366,"('665384706', '409602035', '0', '0', '1410366')",0,False,True,1453500.0,1453500.0,False,run2
vinhomes-ocean-park-bunnys-homes-nature-room,2026-10-11,665384703_409602035_2_0_0,"('665384703', '409602035', '0', '0', '')",N>=2,False,True,855000.0,855000.0,False,run2
vinhomes-ocean-park-bunnys-homes-nature-room,2026-10-11,665384703_409602035_0_0_0_1410366,"('665384703', '409602035', '0', '0', '1410366')",0,False,True,1539000.0,1539000.0,False,run2
vinhomes-ocean-park-bunnys-homes-nature-room,2026-10-11,665384702_409602035_0_0_0_1410366,"('665384702', '409602035', '0', '0', '1410366')",0,False,True,1795500.0,1795500.0,False,run2
vinhomes-ocean-park-bunnys-homes-nature-room,2026-10-11,665384707_409602035_4_0_0,"('665384707', '409602035', '0', '0', '')",N>=2,False,True,1111500.0,1111500.0,False,run2
vinhomes-ocean-park-bunnys-homes-nature-room,2026-10-11,665384707_409602035_0_0_0_1410366,"('665384707', '409602035', '0', '0', '1410366')",0,False,True,1795500.0,1795500.0,False,run2
vinhomes-ocean-park-bunnys-homes-nature-room,2026-10-11,665384702_409602035_1_0_0,"('665384702', '409602035', '0', '0', '')",1,True,False,,1111500.0,True,run2
vinhomes-ocean-park-bunnys-homes-nature-room,2026-11-18,665384701_409602035_2_0_0,"('665384701', '409602035', '0', '0', '')",N>=2,False,True,729000.0,729000.0,False,run2
vinhomes-ocean-park-bunnys-homes-nature-room,2026-11-18,665384701_409602035_0_0_0_1410366,"('665384701', '409602035', '0', '0', '1410366')",0,False,True,1377000.0,1377000.0,False,run2
vinhomes-ocean-park-bunnys-homes-nature-room,2026-11-18,665384705_409602035_2_0_0,"('665384705', '409602035', '0', '0', '')",N>=2,False,True,729000.0,729000.0,False,run2
vinhomes-ocean-park-bunnys-homes-nature-room,2026-11-18,665384705_409602035_0_0_0_1410366,"('665384705', '409602035', '0', '0', '1410366')",0,False,True,1377000.0,1377000.0,False,run2
vinhomes-ocean-park-bunnys-homes-nature-room,2026-11-18,665384706_409602035_2_0_0,"('665384706', '409602035', '0', '0', '')",N>=2,False,True,729000.0,729000.0,False,run2
vinhomes-ocean-park-bunnys-homes-nature-room,2026-11-18,665384706_409602035_0_0_0_1410366,"('665384706', '409602035', '0', '0', '1410366')",0,False,True,1377000.0,1377000.0,False,run2
vinhomes-ocean-park-bunnys-homes-nature-room,2026-11-18,665384703_409602035_2_0_0,"('665384703', '409602035', '0', '0', '')",N>=2,False,True,810000.0,810000.0,False,run2
vinhomes-ocean-park-bunnys-homes-nature-room,2026-11-18,665384703_409602035_0_0_0_1410366,"('665384703', '409602035', '0', '0', '1410366')",0,False,True,1458000.0,1458000.0,False,run2
vinhomes-ocean-park-bunnys-homes-nature-room,2026-11-18,665384702_409602035_0_0_0_1410366,"('665384702', '409602035', '0', '0', '1410366')",0,False,True,1701000.0,1701000.0,False,run2
vinhomes-ocean-park-bunnys-homes-nature-room,2026-11-18,665384707_409602035_4_0_0,"('665384707', '409602035', '0', '0', '')",N>=2,False,True,1053000.0,1053000.0,False,run2
vinhomes-ocean-park-bunnys-homes-nature-room,2026-11-18,665384707_409602035_0_0_0_1410366,"('665384707', '409602035', '0', '0', '1410366')",0,False,True,1701000.0,1701000.0,False,run2
vinhomes-ocean-park-bunnys-homes-nature-room,2026-11-18,665384702_409602035_1_0_0,"('665384702', '409602035', '0', '0', '')",1,True,False,,1053000.0,True,run2
