item_id,hotel_id,checkin,room_option_index,room_type_raw,price_per_night,original_price,discount_percent,breakfast_included,free_cancellation,max_occupancy,rik,rpk,g0,g0_size,dom_dom_idx,dom_block_id,dom_bid_room,dom_bid_rate,dom_bid_occ,dom_bid_meal,dom_bid_pkg,dom_occ_max,dom_only_for,single_guest,meal,cancel,pay,perks,badges_text,match_kind
1,hilton-saigon,2026-10-01,0,Phòng có Giường cỡ King,6509160.00,,,0,0,2.0,c428ad8b,1b6f0e44,25,1,0,1110458701_384026274_2_42_0,1110458701,384026274,2,42,,2.0,,False,Bữa sáng Tuyệt vời - VND 924.000,Không hoàn tiền,• Thanh toán cho chỗ nghỉ trước khi đến,,,price_attr
1,hilton-saigon,2026-10-01,1,Phòng có Giường cỡ King,7881300.00,,,1,0,2.0,c428ad8b,42ee661d,26,2,1,1110458701_384026274_2_41_0,1110458701,384026274,2,41,,2.0,,False,Bao gồm bữa sáng tuyệt vời,Không hoàn tiền,• Thanh toán cho chỗ nghỉ trước khi đến,,,price_attr
1,hilton-saigon,2026-10-01,2,Phòng có Giường cỡ King,7938000.00,,,0,1,2.0,c428ad8b,04acc096,24,1,2,1110458701_384026154_2_42_0,1110458701,384026154,2,42,,2.0,,False,Bữa sáng Tuyệt vời - VND 924.000,"Hủy miễn phí trước 1 tháng 10, 2026",Không cần thanh toán trước - thanh toán tại chỗ nghỉ,,,price_attr
1,hilton-saigon,2026-10-01,3,Phòng có Giường cỡ King,9298800.00,,,1,1,2.0,c428ad8b,71f409e6,27,4,3,1110458701_384026154_2_41_0,1110458701,384026154,2,41,,2.0,,False,Bao gồm bữa sáng tuyệt vời,"Hủy miễn phí trước 1 tháng 10, 2026",Không cần thanh toán trước - thanh toán tại chỗ nghỉ,,,price_attr
1,hilton-saigon,2026-10-01,4,Phòng có Giường cỡ King,12927600.00,,,1,1,2.0,c428ad8b,71f409e6,27,4,4,1110458701_384026154_2_25_0,1110458701,384026154,2,25,,2.0,,False,Bao bữa sáng & bữa tối,"Hủy miễn phí trước 1 tháng 10, 2026",Không cần thanh toán trước - thanh toán tại chỗ nghỉ,,,price_attr
1,hilton-saigon,2026-10-01,5,Phòng có Giường cỡ King,7200900.00,,,1,0,2.0,c428ad8b,42ee661d,26,2,5,1110458701_384026274_1_41_0,1110458701,384026274,1,41,,1.0,Chỉ dành cho 1 khách,True,Bao gồm bữa sáng tuyệt vời,Không hoàn tiền,• Thanh toán cho chỗ nghỉ trước khi đến,,,price_attr
1,hilton-saigon,2026-10-01,6,Phòng có Giường cỡ King,8618400.00,,,1,1,2.0,c428ad8b,71f409e6,27,4,6,1110458701_384026154_1_41_0,1110458701,384026154,1,41,,1.0,Chỉ dành cho 1 khách,True,Bao gồm bữa sáng tuyệt vời,"Hủy miễn phí trước 1 tháng 10, 2026",Không cần thanh toán trước - thanh toán tại chỗ nghỉ,,,price_attr
1,hilton-saigon,2026-10-01,7,Phòng có Giường cỡ King,10432800.00,,,1,1,2.0,c428ad8b,71f409e6,27,4,7,1110458701_384026154_1_25_0,1110458701,384026154,1,25,,1.0,Chỉ dành cho 1 khách,True,Bao bữa sáng & bữa tối,"Hủy miễn phí trước 1 tháng 10, 2026",Không cần thanh toán trước - thanh toán tại chỗ nghỉ,,,price_attr
1,hilton-saigon,2026-10-01,8,Phòng có Giường cỡ King Nhìn ra Thành phố,6788124.00,,,0,0,2.0,1acc1ded,1b6f0e44,5,1,8,1110458709_384026274_2_42_0,1110458709,384026274,2,42,,2.0,,False,Bữa sáng Tuyệt vời - VND 924.000,Không hoàn tiền,• Thanh toán cho chỗ nghỉ trước khi đến,,,price_attr
1,hilton-saigon,2026-10-01,9,Phòng có Giường cỡ King Nhìn ra Thành phố,8164800.00,,,1,0,2.0,1acc1ded,42ee661d,6,2,9,1110458709_384026274_2_41_0,1110458709,384026274,2,41,,2.0,,False,Bao gồm bữa sáng tuyệt vời,Không hoàn tiền,• Thanh toán cho chỗ nghỉ trước khi đến,,,price_attr
1,hilton-saigon,2026-10-01,10,Phòng có Giường cỡ King Nhìn ra Thành phố,8278200.00,,,0,1,2.0,1acc1ded,04acc096,4,1,10,1110458709_384026154_2_42_0,1110458709,384026154,2,42,,2.0,,False,Bữa sáng Tuyệt vời - VND 924.000,"Hủy miễn phí trước 1 tháng 10, 2026",Không cần thanh toán trước - thanh toán tại chỗ nghỉ,,,price_attr
1,hilton-saigon,2026-10-01,11,Phòng có Giường cỡ King Nhìn ra Thành phố,9639000.00,,,1,1,2.0,1acc1ded,71f409e6,7,4,11,1110458709_384026154_2_41_0,1110458709,384026154,2,41,,2.0,,False,Bao gồm bữa sáng tuyệt vời,"Hủy miễn phí trước 1 tháng 10, 2026",Không cần thanh toán trước - thanh toán tại chỗ nghỉ,,,price_attr
1,hilton-saigon,2026-10-01,12,Phòng có Giường cỡ King Nhìn ra Thành phố,13267800.00,,,1,1,2.0,1acc1ded,71f409e6,7,4,12,1110458709_384026154_2_25_0,1110458709,384026154,2,25,,2.0,,False,Bao bữa sáng & bữa tối,"Hủy miễn phí trước 1 tháng 10, 2026",Không cần thanh toán trước - thanh toán tại chỗ nghỉ,,,price_attr
1,hilton-saigon,2026-10-01,13,Phòng có Giường cỡ King Nhìn ra Thành phố,7484400.00,,,1,0,2.0,1acc1ded,42ee661d,6,2,13,1110458709_384026274_1_41_0,1110458709,384026274,1,41,,1.0,Chỉ dành cho 1 khách,True,Bao gồm bữa sáng tuyệt vời,Không hoàn tiền,• Thanh toán cho chỗ nghỉ trước khi đến,,,price_attr
1,hilton-saigon,2026-10-01,14,Phòng có Giường cỡ King Nhìn ra Thành phố,8958600.00,,,1,1,2.0,1acc1ded,71f409e6,7,4,14,1110458709_384026154_1_41_0,1110458709,384026154,1,41,,1.0,Chỉ dành cho 1 khách,True,Bao gồm bữa sáng tuyệt vời,"Hủy miễn phí trước 1 tháng 10, 2026",Không cần thanh toán trước - thanh toán tại chỗ nghỉ,,,price_attr
1,hilton-saigon,2026-10-01,15,Phòng có Giường cỡ King Nhìn ra Thành phố,10773000.00,,,1,1,2.0,1acc1ded,71f409e6,7,4,15,1110458709_384026154_1_25_0,1110458709,384026154,1,25,,1.0,Chỉ dành cho 1 khách,True,Bao bữa sáng & bữa tối,"Hủy miễn phí trước 1 tháng 10, 2026",Không cần thanh toán trước - thanh toán tại chỗ nghỉ,,,price_attr
1,hilton-saigon,2026-10-01,16,Phòng 2 Giường Đơn,6509160.00,,,0,0,2.0,445ee8a2,1b6f0e44,13,1,16,1110458710_384026274_2_42_0,1110458710,384026274,2,42,,2.0,,False,Bữa sáng Tuyệt vời - VND 924.000,Không hoàn tiền,• Thanh toán cho chỗ nghỉ trước khi đến,,,price_attr
1,hilton-saigon,2026-10-01,17,Phòng 2 Giường Đơn,7881300.00,,,1,0,2.0,445ee8a2,42ee661d,14,2,17,1110458710_384026274_2_41_0,1110458710,384026274,2,41,,2.0,,False,Bao gồm bữa sáng tuyệt vời,Không hoàn tiền,• Thanh toán cho chỗ nghỉ trước khi đến,,,price_attr
1,hilton-saigon,2026-10-01,18,Phòng 2 Giường Đơn,7938000.00,,,0,1,2.0,445ee8a2,04acc096,12,1,18,1110458710_384026154_2_42_0,1110458710,384026154,2,42,,2.0,,False,Bữa sáng Tuyệt vời - VND 924.000,"Hủy miễn phí trước 1 tháng 10, 2026",Không cần thanh toán trước - thanh toán tại chỗ nghỉ,,,price_attr
1,hilton-saigon,2026-10-01,19,Phòng 2 Giường Đơn,9298800.00,,,1,1,2.0,445ee8a2,71f409e6,15,4,19,1110458710_384026154_2_41_0,1110458710,384026154,2,41,,2.0,,False,Bao gồm bữa sáng tuyệt vời,"Hủy miễn phí trước 1 tháng 10, 2026",Không cần thanh toán trước - thanh toán tại chỗ nghỉ,,,price_attr
1,hilton-saigon,2026-10-01,20,Phòng 2 Giường Đơn,12927600.00,,,1,1,2.0,445ee8a2,71f409e6,15,4,20,1110458710_384026154_2_25_0,1110458710,384026154,2,25,,2.0,,False,Bao bữa sáng & bữa tối,"Hủy miễn phí trước 1 tháng 10, 2026",Không cần thanh toán trước - thanh toán tại chỗ nghỉ,,,price_attr
1,hilton-saigon,2026-10-01,21,Phòng 2 Giường Đơn,7200900.00,,,1,0,2.0,445ee8a2,42ee661d,14,2,21,1110458710_384026274_1_41_0,1110458710,384026274,1,41,,1.0,Chỉ dành cho 1 khách,True,Bao gồm bữa sáng tuyệt vời,Không hoàn tiền,• Thanh toán cho chỗ nghỉ trước khi đến,,,price_attr
1,hilton-saigon,2026-10-01,22,Phòng 2 Giường Đơn,8618400.00,,,1,1,2.0,445ee8a2,71f409e6,15,4,22,1110458710_384026154_1_41_0,1110458710,384026154,1,41,,1.0,Chỉ dành cho 1 khách,True,Bao gồm bữa sáng tuyệt vời,"Hủy miễn phí trước 1 tháng 10, 2026",Không cần thanh toán trước - thanh toán tại chỗ nghỉ,,,price_attr
1,hilton-saigon,2026-10-01,23,Phòng 2 Giường Đơn,10432800.00,,,1,1,2.0,445ee8a2,71f409e6,15,4,23,1110458710_384026154_1_25_0,1110458710,384026154,1,25,,1.0,Chỉ dành cho 1 khách,True,Bao bữa sáng & bữa tối,"Hủy miễn phí trước 1 tháng 10, 2026",Không cần thanh toán trước - thanh toán tại chỗ nghỉ,,,price_attr
1,hilton-saigon,2026-10-01,24,Phòng 2 Giường Đơn Nhìn ra Thành phố,6788124.00,,,0,0,2.0,c44188c1,1b6f0e44,29,1,24,1110458715_384026274_2_42_0,1110458715,384026274,2,42,,2.0,,False,Bữa sáng Tuyệt vời - VND 924.000,Không hoàn tiền,• Thanh toán cho chỗ nghỉ trước khi đến,,,price_attr
1,hilton-saigon,2026-10-01,25,Phòng 2 Giường Đơn Nhìn ra Thành phố,8164800.00,,,1,0,2.0,c44188c1,42ee661d,30,2,25,1110458715_384026274_2_41_0,1110458715,384026274,2,41,,2.0,,False,Bao gồm bữa sáng tuyệt vời,Không hoàn tiền,• Thanh toán cho chỗ nghỉ trước khi đến,,,price_attr
1,hilton-saigon,2026-10-01,26,Phòng 2 Giường Đơn Nhìn ra Thành phố,8278200.00,,,0,1,2.0,c44188c1,04acc096,28,1,26,1110458715_384026154_2_42_0,1110458715,384026154,2,42,,2.0,,False,Bữa sáng Tuyệt vời - VND 924.000,"Hủy miễn phí trước 1 tháng 10, 2026",Không cần thanh toán trước - thanh toán tại chỗ nghỉ,,,price_attr
1,hilton-saigon,2026-10-01,27,Phòng 2 Giường Đơn Nhìn ra Thành phố,9639000.00,,,1,1,2.0,c44188c1,71f409e6,31,4,27,1110458715_384026154_2_41_0,1110458715,384026154,2,41,,2.0,,False,Bao gồm bữa sáng tuyệt vời,"Hủy miễn phí trước 1 tháng 10, 2026",Không cần thanh toán trước - thanh toán tại chỗ nghỉ,,,price_attr
1,hilton-saigon,2026-10-01,28,Phòng 2 Giường Đơn Nhìn ra Thành phố,13267800.00,,,1,1,2.0,c44188c1,71f409e6,31,4,28,1110458715_384026154_2_25_0,1110458715,384026154,2,25,,2.0,,False,Bao bữa sáng & bữa tối,"Hủy miễn phí trước 1 tháng 10, 2026",Không cần thanh toán trước - thanh toán tại chỗ nghỉ,,,price_attr
1,hilton-saigon,2026-10-01,29,Phòng 2 Giường Đơn Nhìn ra Thành phố,7484400.00,,,1,0,2.0,c44188c1,42ee661d,30,2,29,1110458715_384026274_1_41_0,1110458715,384026274,1,41,,1.0,Chỉ dành cho 1 khách,True,Bao gồm bữa sáng tuyệt vời,Không hoàn tiền,• Thanh toán cho chỗ nghỉ trước khi đến,,,price_attr
1,hilton-saigon,2026-10-01,30,Phòng 2 Giường Đơn Nhìn ra Thành phố,8958600.00,,,1,1,2.0,c44188c1,71f409e6,31,4,30,1110458715_384026154_1_41_0,1110458715,384026154,1,41,,1.0,Chỉ dành cho 1 khách,True,Bao gồm bữa sáng tuyệt vời,"Hủy miễn phí trước 1 tháng 10, 2026",Không cần thanh toán trước - thanh toán tại chỗ nghỉ,,,price_attr
1,hilton-saigon,2026-10-01,31,Phòng 2 Giường Đơn Nhìn ra Thành phố,10773000.00,,,1,1,2.0,c44188c1,71f409e6,31,4,31,1110458715_384026154_1_25_0,1110458715,384026154,1,25,,1.0,Chỉ dành cho 1 khách,True,Bao bữa sáng & bữa tối,"Hủy miễn phí trước 1 tháng 10, 2026",Không cần thanh toán trước - thanh toán tại chỗ nghỉ,,,price_attr
1,hilton-saigon,2026-10-01,32,Phòng Deluxe 2 Giường Đơn Nhìn Ra Sông,7067088.00,,,0,0,2.0,03baad47,1b6f0e44,1,1,32,1110458714_384026274_2_42_0,1110458714,384026274,2,42,,2.0,,False,Bữa sáng Tuyệt vời - VND 924.000,Không hoàn tiền,• Thanh toán cho chỗ nghỉ trước khi đến,,,price_attr
1,hilton-saigon,2026-10-01,33,Phòng Deluxe 2 Giường Đơn Nhìn Ra Sông,8448300.00,,,1,0,2.0,03baad47,42ee661d,2,2,33,1110458714_384026274_2_41_0,1110458714,384026274,2,41,,2.0,,False,Bao gồm bữa sáng tuyệt vời,Không hoàn tiền,• Thanh toán cho chỗ nghỉ trước khi đến,,,price_attr
1,hilton-saigon,2026-10-01,34,Phòng Deluxe 2 Giường Đơn Nhìn Ra Sông,8618400.00,,,0,1,2.0,03baad47,04acc096,0,1,34,1110458714_384026154_2_42_0,1110458714,384026154,2,42,,2.0,,False,Bữa sáng Tuyệt vời - VND 924.000,"Hủy miễn phí trước 1 tháng 10, 2026",Không cần thanh toán trước - thanh toán tại chỗ nghỉ,,,price_attr
1,hilton-saigon,2026-10-01,35,Phòng Deluxe 2 Giường Đơn Nhìn Ra Sông,9979200.00,,,1,1,2.0,03baad47,71f409e6,3,4,35,1110458714_384026154_2_41_0,1110458714,384026154,2,41,,2.0,,False,Bao gồm bữa sáng tuyệt vời,"Hủy miễn phí trước 1 tháng 10, 2026",Không cần thanh toán trước - thanh toán tại chỗ nghỉ,,,price_attr
1,hilton-saigon,2026-10-01,36,Phòng Deluxe 2 Giường Đơn Nhìn Ra Sông,13608000.00,,,1,1,2.0,03baad47,71f409e6,3,4,36,1110458714_384026154_2_25_0,1110458714,384026154,2,25,,2.0,,False,Bao bữa sáng & bữa tối,"Hủy miễn phí trước 1 tháng 10, 2026",Không cần thanh toán trước - thanh toán tại chỗ nghỉ,,,price_attr
1,hilton-saigon,2026-10-01,37,Phòng Deluxe 2 Giường Đơn Nhìn Ra Sông,7767900.00,,,1,0,2.0,03baad47,42ee661d,2,2,37,1110458714_384026274_1_41_0,1110458714,384026274,1,41,,1.0,Chỉ dành cho 1 khách,True,Bao gồm bữa sáng tuyệt vời,Không hoàn tiền,• Thanh toán cho chỗ nghỉ trước khi đến,,,price_attr
1,hilton-saigon,2026-10-01,38,Phòng Deluxe 2 Giường Đơn Nhìn Ra Sông,9298800.00,,,1,1,2.0,03baad47,71f409e6,3,4,38,1110458714_384026154_1_41_0,1110458714,384026154,1,41,,1.0,Chỉ dành cho 1 khách,True,Bao gồm bữa sáng tuyệt vời,"Hủy miễn phí trước 1 tháng 10, 2026",Không cần thanh toán trước - thanh toán tại chỗ nghỉ,,,price_attr
1,hilton-saigon,2026-10-01,39,Phòng Deluxe 2 Giường Đơn Nhìn Ra Sông,11113200.00,,,1,1,2.0,03baad47,71f409e6,3,4,39,1110458714_384026154_1_25_0,1110458714,384026154,1,25,,1.0,Chỉ dành cho 1 khách,True,Bao bữa sáng & bữa tối,"Hủy miễn phí trước 1 tháng 10, 2026",Không cần thanh toán trước - thanh toán tại chỗ nghỉ,,,price_attr
1,hilton-saigon,2026-10-01,40,Phòng Deluxe Có Giường Cỡ King,7160076.00,,,0,0,2.0,eacb0d42,1b6f0e44,41,1,40,1110458703_384026274_2_42_0,1110458703,384026274,2,42,,2.0,,False,Bữa sáng Tuyệt vời - VND 924.000,Không hoàn tiền,• Thanh toán cho chỗ nghỉ trước khi đến,,,price_attr
1,hilton-saigon,2026-10-01,41,Phòng Deluxe Có Giường Cỡ King,8505000.00,,,1,0,2.0,eacb0d42,42ee661d,42,2,41,1110458703_384026274_2_41_0,1110458703,384026274,2,41,,2.0,,False,Bao gồm bữa sáng tuyệt vời,Không hoàn tiền,• Thanh toán cho chỗ nghỉ trước khi đến,,,price_attr
1,hilton-saigon,2026-10-01,42,Phòng Deluxe Có Giường Cỡ King,8731800.00,,,0,1,2.0,eacb0d42,04acc096,40,1,42,1110458703_384026154_2_42_0,1110458703,384026154,2,42,,2.0,,False,Bữa sáng Tuyệt vời - VND 924.000,"Hủy miễn phí trước 1 tháng 10, 2026",Không cần thanh toán trước - thanh toán tại chỗ nghỉ,,,price_attr
1,hilton-saigon,2026-10-01,43,Phòng Deluxe Có Giường Cỡ King,10092600.00,,,1,1,2.0,eacb0d42,71f409e6,43,4,43,1110458703_384026154_2_41_0,1110458703,384026154,2,41,,2.0,,False,Bao gồm bữa sáng tuyệt vời,"Hủy miễn phí trước 1 tháng 10, 2026",Không cần thanh toán trước - thanh toán tại chỗ nghỉ,,,price_attr
1,hilton-saigon,2026-10-01,44,Phòng Deluxe Có Giường Cỡ King,13721400.00,,,1,1,2.0,eacb0d42,71f409e6,43,4,44,1110458703_384026154_2_25_0,1110458703,384026154,2,25,,2.0,,False,Bao bữa sáng & bữa tối,"Hủy miễn phí trước 1 tháng 10, 2026",Không cần thanh toán trước - thanh toán tại chỗ nghỉ,,,price_attr
1,hilton-saigon,2026-10-01,45,Phòng Deluxe Có Giường Cỡ King,7824600.00,,,1,0,2.0,eacb0d42,42ee661d,42,2,45,1110458703_384026274_1_41_0,1110458703,384026274,1,41,,1.0,Chỉ dành cho 1 khách,True,Bao gồm bữa sáng tuyệt vời,Không hoàn tiền,• Thanh toán cho chỗ nghỉ trước khi đến,,,price_attr
1,hilton-saigon,2026-10-01,46,Phòng Deluxe Có Giường Cỡ King,9412200.00,,,1,1,2.0,eacb0d42,71f409e6,43,4,46,1110458703_384026154_1_41_0,1110458703,384026154,1,41,,1.0,Chỉ dành cho 1 khách,True,Bao gồm bữa sáng tuyệt vời,"Hủy miễn phí trước 1 tháng 10, 2026",Không cần thanh toán trước - thanh toán tại chỗ nghỉ,,,price_attr
1,hilton-saigon,2026-10-01,47,Phòng Deluxe Có Giường Cỡ King,11226600.00,,,1,1,2.0,eacb0d42,71f409e6,43,4,47,1110458703_384026154_1_25_0,1110458703,384026154,1,25,,1.0,Chỉ dành cho 1 khách,True,Bao bữa sáng & bữa tối,"Hủy miễn phí trước 1 tháng 10, 2026",Không cần thanh toán trước - thanh toán tại chỗ nghỉ,,,price_attr
1,hilton-saigon,2026-10-01,48,Phòng Premium Ở Góc Có Giường Cỡ King Nhìn Ra Sông,8368920.00,,,0,0,2.0,320a348e,1b6f0e44,9,1,48,1110458713_384026274_2_42_0,1110458713,384026274,2,42,,2.0,,False,Bữa sáng Tuyệt vời - VND 924.000,Không hoàn tiền,• Thanh toán cho chỗ nghỉ trước khi đến,,,price_attr
1,hilton-saigon,2026-10-01,49,Phòng Premium Ở Góc Có Giường Cỡ King Nhìn Ra Sông,9752400.00,,,1,0,2.0,320a348e,42ee661d,10,2,49,1110458713_384026274_2_41_0,1110458713,384026274,2,41,,2.0,,False,Bao gồm bữa sáng tuyệt vời,Không hoàn tiền,• Thanh toán cho chỗ nghỉ trước khi đến,,,price_attr
1,hilton-saigon,2026-10-01,50,Phòng Premium Ở Góc Có Giường Cỡ King Nhìn Ra Sông,10206000.00,,,0,1,2.0,320a348e,04acc096,8,1,50,1110458713_384026154_2_42_0,1110458713,384026154,2,42,,2.0,,False,Bữa sáng Tuyệt vời - VND 924.000,"Hủy miễn phí trước 1 tháng 10, 2026",Không cần thanh toán trước - thanh toán tại chỗ nghỉ,,,price_attr
1,hilton-saigon,2026-10-01,51,Phòng Premium Ở Góc Có Giường Cỡ King Nhìn Ra Sông,11566800.00,,,1,1,2.0,320a348e,71f409e6,11,4,51,1110458713_384026154_2_41_0,1110458713,384026154,2,41,,2.0,,False,Bao gồm bữa sáng tuyệt vời,"Hủy miễn phí trước 1 tháng 10, 2026",Không cần thanh toán trước - thanh toán tại chỗ nghỉ,,,price_attr
1,hilton-saigon,2026-10-01,52,Phòng Premium Ở Góc Có Giường Cỡ King Nhìn Ra Sông,15195600.00,,,1,1,2.0,320a348e,71f409e6,11,4,52,1110458713_384026154_2_25_0,1110458713,384026154,2,25,,2.0,,False,Bao bữa sáng & bữa tối,"Hủy miễn phí trước 1 tháng 10, 2026",Không cần thanh toán trước - thanh toán tại chỗ nghỉ,,,price_attr
1,hilton-saigon,2026-10-01,53,Phòng Premium Ở Góc Có Giường Cỡ King Nhìn Ra Sông,9072000.00,,,1,0,2.0,320a348e,42ee661d,10,2,53,1110458713_384026274_1_41_0,1110458713,384026274,1,41,,1.0,Chỉ dành cho 1 khách,True,Bao gồm bữa sáng tuyệt vời,Không hoàn tiền,• Thanh toán cho chỗ nghỉ trước khi đến,,,price_attr
1,hilton-saigon,2026-10-01,54,Phòng Premium Ở Góc Có Giường Cỡ King Nhìn Ra Sông,10886400.00,,,1,1,2.0,320a348e,71f409e6,11,4,54,1110458713_384026154_1_41_0,1110458713,384026154,1,41,,1.0,Chỉ dành cho 1 khách,True,Bao gồm bữa sáng tuyệt vời,"Hủy miễn phí trước 1 tháng 10, 2026",Không cần thanh toán trước - thanh toán tại chỗ nghỉ,,,price_attr
1,hilton-saigon,2026-10-01,55,Phòng Premium Ở Góc Có Giường Cỡ King Nhìn Ra Sông,12700800.00,,,1,1,2.0,320a348e,71f409e6,11,4,55,1110458713_384026154_1_25_0,1110458713,384026154,1,25,,1.0,Chỉ dành cho 1 khách,True,Bao bữa sáng & bữa tối,"Hủy miễn phí trước 1 tháng 10, 2026",Không cần thanh toán trước - thanh toán tại chỗ nghỉ,,,price_attr
1,hilton-saigon,2026-10-01,56,Phòng Executive 2 Giường Đơn,8461908.00,,,0,0,2.0,6d7a99c1,1b6f0e44,17,1,56,1110458711_384026274_2_42_0,1110458711,384026274,2,42,,2.0,,False,Bữa sáng Tuyệt vời - VND 924.000,Không hoàn tiền,• Thanh toán cho chỗ nghỉ trước khi đến,,,price_attr
1,hilton-saigon,2026-10-01,57,Phòng Executive 2 Giường Đơn,9809100.00,,,1,0,2.0,6d7a99c1,42ee661d,18,2,57,1110458711_384026274_2_41_0,1110458711,384026274,2,41,,2.0,,False,Bao gồm bữa sáng tuyệt vời,Không hoàn tiền,• Thanh toán cho chỗ nghỉ trước khi đến,,,price_attr
1,hilton-saigon,2026-10-01,58,Phòng Executive 2 Giường Đơn,10319400.00,,,0,1,2.0,6d7a99c1,04acc096,16,1,58,1110458711_384026154_2_42_0,1110458711,384026154,2,42,,2.0,,False,Bữa sáng Tuyệt vời - VND 924.000,"Hủy miễn phí trước 1 tháng 10, 2026",Không cần thanh toán trước - thanh toán tại chỗ nghỉ,,,price_attr
1,hilton-saigon,2026-10-01,59,Phòng Executive 2 Giường Đơn,11680200.00,,,1,1,2.0,6d7a99c1,71f409e6,19,4,59,1110458711_384026154_2_41_0,1110458711,384026154,2,41,,2.0,,False,Bao gồm bữa sáng tuyệt vời,"Hủy miễn phí trước 1 tháng 10, 2026",Không cần thanh toán trước - thanh toán tại chỗ nghỉ,,,price_attr
1,hilton-saigon,2026-10-01,60,Phòng Executive 2 Giường Đơn,15309000.00,,,1,1,2.0,6d7a99c1,71f409e6,19,4,60,1110458711_384026154_2_25_0,1110458711,384026154,2,25,,2.0,,False,Bao bữa sáng & bữa tối,"Hủy miễn phí trước 1 tháng 10, 2026",Không cần thanh toán trước - thanh toán tại chỗ nghỉ,,,price_attr
1,hilton-saigon,2026-10-01,61,Phòng Executive 2 Giường Đơn,9128700.00,,,1,0,2.0,6d7a99c1,42ee661d,18,2,61,1110458711_384026274_1_41_0,1110458711,384026274,1,41,,1.0,Chỉ dành cho 1 khách,True,Bao gồm bữa sáng tuyệt vời,Không hoàn tiền,• Thanh toán cho chỗ nghỉ trước khi đến,,,price_attr
1,hilton-saigon,2026-10-01,62,Phòng Executive 2 Giường Đơn,10999800.00,,,1,1,2.0,6d7a99c1,71f409e6,19,4,62,1110458711_384026154_1_41_0,1110458711,384026154,1,41,,1.0,Chỉ dành cho 1 khách,True,Bao gồm bữa sáng tuyệt vời,"Hủy miễn phí trước 1 tháng 10, 2026",Không cần thanh toán trước - thanh toán tại chỗ nghỉ,,,price_attr
1,hilton-saigon,2026-10-01,63,Phòng Executive 2 Giường Đơn,12814200.00,,,1,1,2.0,6d7a99c1,71f409e6,19,4,63,1110458711_384026154_1_25_0,1110458711,384026154,1,25,,1.0,Chỉ dành cho 1 khách,True,Bao bữa sáng & bữa tối,"Hủy miễn phí trước 1 tháng 10, 2026",Không cần thanh toán trước - thanh toán tại chỗ nghỉ,,,price_attr
1,hilton-saigon,2026-10-01,64,Phòng Executive Có Giường Cỡ King,8647884.00,,,0,0,2.0,e1525e46,1b6f0e44,37,1,64,1110458704_384026274_2_42_0,1110458704,384026274,2,42,,2.0,,False,Bữa sáng Tuyệt vời - VND 924.000,Không hoàn tiền,• Thanh toán cho chỗ nghỉ trước khi đến,,,price_attr
1,hilton-saigon,2026-10-01,65,Phòng Executive Có Giường Cỡ King,10035900.00,,,1,0,2.0,e1525e46,42ee661d,38,2,65,1110458704_384026274_2_41_0,1110458704,384026274,2,41,,2.0,,False,Bao gồm bữa sáng tuyệt vời,Không hoàn tiền,• Thanh toán cho chỗ nghỉ trước khi đến,,,price_attr
1,hilton-saigon,2026-10-01,66,Phòng Executive Có Giường Cỡ King,10546200.00,,,0,1,2.0,e1525e46,04acc096,36,1,66,1110458704_384026154_2_42_0,1110458704,384026154,2,42,,2.0,,False,Bữa sáng Tuyệt vời - VND 924.000,"Hủy miễn phí trước 1 tháng 10, 2026",Không cần thanh toán trước - thanh toán tại chỗ nghỉ,,,price_attr
1,hilton-saigon,2026-10-01,67,Phòng Executive Có Giường Cỡ King,11907000.00,,,1,1,2.0,e1525e46,71f409e6,39,4,67,1110458704_384026154_2_41_0,1110458704,384026154,2,41,,2.0,,False,Bao gồm bữa sáng tuyệt vời,"Hủy miễn phí trước 1 tháng 10, 2026",Không cần thanh toán trước - thanh toán tại chỗ nghỉ,,,price_attr
1,hilton-saigon,2026-10-01,68,Phòng Executive Có Giường Cỡ King,15535800.00,,,1,1,2.0,e1525e46,71f409e6,39,4,68,1110458704_384026154_2_25_0,1110458704,384026154,2,25,,2.0,,False,Bao bữa sáng & bữa tối,"Hủy miễn phí trước 1 tháng 10, 2026",Không cần thanh toán trước - thanh toán tại chỗ nghỉ,,,price_attr
1,hilton-saigon,2026-10-01,69,Phòng Executive Có Giường Cỡ King,9355500.00,,,1,0,2.0,e1525e46,42ee661d,38,2,69,1110458704_384026274_1_41_0,1110458704,384026274,1,41,,1.0,Chỉ dành cho 1 khách,True,Bao gồm bữa sáng tuyệt vời,Không hoàn tiền,• Thanh toán cho chỗ nghỉ trước khi đến,,,price_attr
1,hilton-saigon,2026-10-01,70,Phòng Executive Có Giường Cỡ King,11226600.00,,,1,1,2.0,e1525e46,71f409e6,39,4,70,1110458704_384026154_1_41_0,1110458704,384026154,1,41,,1.0,Chỉ dành cho 1 khách,True,Bao gồm bữa sáng tuyệt vời,"Hủy miễn phí trước 1 tháng 10, 2026",Không cần thanh toán trước - thanh toán tại chỗ nghỉ,,,price_attr
1,hilton-saigon,2026-10-01,71,Phòng Executive Có Giường Cỡ King,13041000.00,,,1,1,2.0,e1525e46,71f409e6,39,4,71,1110458704_384026154_1_25_0,1110458704,384026154,1,25,,1.0,Chỉ dành cho 1 khách,True,Bao bữa sáng & bữa tối,"Hủy miễn phí trước 1 tháng 10, 2026",Không cần thanh toán trước - thanh toán tại chỗ nghỉ,,,price_attr
1,hilton-saigon,2026-10-01,72,Suite Deluxe Ở Góc Có Giường Cỡ King Nhìn Ra Sông,9856728.00,,,0,0,2.0,9d7ac98a,1b6f0e44,21,1,72,1110458702_384026274_2_42_0,1110458702,384026274,2,42,,2.0,,False,Bữa sáng Tuyệt vời - VND 924.000,Không hoàn tiền,• Thanh toán cho chỗ nghỉ trước khi đến,,,price_attr
1,hilton-saigon,2026-10-01,73,Suite Deluxe Ở Góc Có Giường Cỡ King Nhìn Ra Sông,11226600.00,,,1,0,2.0,9d7ac98a,42ee661d,22,2,73,1110458702_384026274_2_41_0,1110458702,384026274,2,41,,2.0,,False,Bao gồm bữa sáng tuyệt vời,Không hoàn tiền,• Thanh toán cho chỗ nghỉ trước khi đến,,,price_attr
1,hilton-saigon,2026-10-01,74,Suite Deluxe Ở Góc Có Giường Cỡ King Nhìn Ra Sông,12020400.00,,,0,1,2.0,9d7ac98a,04acc096,20,1,74,1110458702_384026154_2_42_0,1110458702,384026154,2,42,,2.0,,False,Bữa sáng Tuyệt vời - VND 924.000,"Hủy miễn phí trước 1 tháng 10, 2026",Không cần thanh toán trước - thanh toán tại chỗ nghỉ,,,price_attr
1,hilton-saigon,2026-10-01,75,Suite Deluxe Ở Góc Có Giường Cỡ King Nhìn Ra Sông,13381200.00,,,1,1,2.0,9d7ac98a,71f409e6,23,4,75,1110458702_384026154_2_41_0,1110458702,384026154,2,41,,2.0,,False,Bao gồm bữa sáng tuyệt vời,"Hủy miễn phí trước 1 tháng 10, 2026",Không cần thanh toán trước - thanh toán tại chỗ nghỉ,,,price_attr
1,hilton-saigon,2026-10-01,76,Suite Deluxe Ở Góc Có Giường Cỡ King Nhìn Ra Sông,17010000.00,,,1,1,2.0,9d7ac98a,71f409e6,23,4,76,1110458702_384026154_2_25_0,1110458702,384026154,2,25,,2.0,,False,Bao bữa sáng & bữa tối,"Hủy miễn phí trước 1 tháng 10, 2026",Không cần thanh toán trước - thanh toán tại chỗ nghỉ,,,price_attr
1,hilton-saigon,2026-10-01,77,Suite Deluxe Ở Góc Có Giường Cỡ King Nhìn Ra Sông,10546200.00,,,1,0,2.0,9d7ac98a,42ee661d,22,2,77,1110458702_384026274_1_41_0,1110458702,384026274,1,41,,1.0,Chỉ dành cho 1 khách,True,Bao gồm bữa sáng tuyệt vời,Không hoàn tiền,• Thanh toán cho chỗ nghỉ trước khi đến,,,price_attr
1,hilton-saigon,2026-10-01,78,Suite Deluxe Ở Góc Có Giường Cỡ King Nhìn Ra Sông,12700800.00,,,1,1,2.0,9d7ac98a,71f409e6,23,4,78,1110458702_384026154_1_41_0,1110458702,384026154,1,41,,1.0,Chỉ dành cho 1 khách,True,Bao gồm bữa sáng tuyệt vời,"Hủy miễn phí trước 1 tháng 10, 2026",Không cần thanh toán trước - thanh toán tại chỗ nghỉ,,,price_attr
1,hilton-saigon,2026-10-01,79,Suite Deluxe Ở Góc Có Giường Cỡ King Nhìn Ra Sông,14515200.00,,,1,1,2.0,9d7ac98a,71f409e6,23,4,79,1110458702_384026154_1_25_0,1110458702,384026154,1,25,,1.0,Chỉ dành cho 1 khách,True,Bao bữa sáng & bữa tối,"Hủy miễn phí trước 1 tháng 10, 2026",Không cần thanh toán trước - thanh toán tại chỗ nghỉ,,,price_attr
1,hilton-saigon,2026-10-01,80,Suite 1 Phòng Ngủ Có Giường Cỡ King Và Tầm Nhìn Ra Sông,11995452.00,,,0,0,2.0,fec3ef7e,1b6f0e44,45,1,80,1110458707_384026274_2_42_0,1110458707,384026274,2,42,,2.0,,False,Bữa sáng Tuyệt vời - VND 924.000,Không hoàn tiền,• Thanh toán cho chỗ nghỉ trước khi đến,,,price_attr
1,hilton-saigon,2026-10-01,81,Suite 1 Phòng Ngủ Có Giường Cỡ King Và Tầm Nhìn Ra Sông,13381200.00,,,1,0,2.0,fec3ef7e,42ee661d,46,2,81,1110458707_384026274_2_41_0,1110458707,384026274,2,41,,2.0,,False,Bao gồm bữa sáng tuyệt vời,Không hoàn tiền,• Thanh toán cho chỗ nghỉ trước khi đến,,,price_attr
1,hilton-saigon,2026-10-01,82,Suite 1 Phòng Ngủ Có Giường Cỡ King Và Tầm Nhìn Ra Sông,14628600.00,,,0,1,2.0,fec3ef7e,04acc096,44,1,82,1110458707_384026154_2_42_0,1110458707,384026154,2,42,,2.0,,False,Bữa sáng Tuyệt vời - VND 924.000,"Hủy miễn phí trước 1 tháng 10, 2026",Không cần thanh toán trước - thanh toán tại chỗ nghỉ,,,price_attr
1,hilton-saigon,2026-10-01,83,Suite 1 Phòng Ngủ Có Giường Cỡ King Và Tầm Nhìn Ra Sông,15989400.00,,,1,1,2.0,fec3ef7e,71f409e6,47,4,83,1110458707_384026154_2_41_0,1110458707,384026154,2,41,,2.0,,False,Bao gồm bữa sáng tuyệt vời,"Hủy miễn phí trước 1 tháng 10, 2026",Không cần thanh toán trước - thanh toán tại chỗ nghỉ,,,price_attr
1,hilton-saigon,2026-10-01,84,Suite 1 Phòng Ngủ Có Giường Cỡ King Và Tầm Nhìn Ra Sông,19618200.00,,,1,1,2.0,fec3ef7e,71f409e6,47,4,84,1110458707_384026154_2_25_0,1110458707,384026154,2,25,,2.0,,False,Bao bữa sáng & bữa tối,"Hủy miễn phí trước 1 tháng 10, 2026",Không cần thanh toán trước - thanh toán tại chỗ nghỉ,,,price_attr
1,hilton-saigon,2026-10-01,85,Suite 1 Phòng Ngủ Có Giường Cỡ King Và Tầm Nhìn Ra Sông,12700800.00,,,1,0,2.0,fec3ef7e,42ee661d,46,2,85,1110458707_384026274_1_41_0,1110458707,384026274,1,41,,1.0,Chỉ dành cho 1 khách,True,Bao gồm bữa sáng tuyệt vời,Không hoàn tiền,• Thanh toán cho chỗ nghỉ trước khi đến,,,price_attr
1,hilton-saigon,2026-10-01,86,Suite 1 Phòng Ngủ Có Giường Cỡ King Và Tầm Nhìn Ra Sông,15309000.00,,,1,1,2.0,fec3ef7e,71f409e6,47,4,86,1110458707_384026154_1_41_0,1110458707,384026154,1,41,,1.0,Chỉ dành cho 1 khách,True,Bao gồm bữa sáng tuyệt vời,"Hủy miễn phí trước 1 tháng 10, 2026",Không cần thanh toán trước - thanh toán tại chỗ nghỉ,,,price_attr
1,hilton-saigon,2026-10-01,87,Suite 1 Phòng Ngủ Có Giường Cỡ King Và Tầm Nhìn Ra Sông,17123400.00,,,1,1,2.0,fec3ef7e,71f409e6,47,4,87,1110458707_384026154_1_25_0,1110458707,384026154,1,25,,1.0,Chỉ dành cho 1 khách,True,Bao bữa sáng & bữa tối,"Hủy miễn phí trước 1 tháng 10, 2026",Không cần thanh toán trước - thanh toán tại chỗ nghỉ,,,price_attr
1,hilton-saigon,2026-10-01,88,Suite Premium Có Giường Cỡ King Nhìn Ra Sông,14785092.00,,,0,0,2.0,d22f9795,1b6f0e44,33,1,88,1110458708_384026274_2_42_0,1110458708,384026274,2,42,,2.0,,False,Bữa sáng Tuyệt vời - VND 924.000,Không hoàn tiền,• Thanh toán cho chỗ nghỉ trước khi đến,,,price_attr
1,hilton-saigon,2026-10-01,89,Suite Premium Có Giường Cỡ King Nhìn Ra Sông,16159500.00,,,1,0,2.0,d22f9795,42ee661d,34,2,89,1110458708_384026274_2_41_0,1110458708,384026274,2,41,,2.0,,False,Bao gồm bữa sáng tuyệt vời,Không hoàn tiền,• Thanh toán cho chỗ nghỉ trước khi đến,,,price_attr
1,hilton-saigon,2026-10-01,90,Suite Premium Có Giường Cỡ King Nhìn Ra Sông,18030600.00,,,0,1,2.0,d22f9795,04acc096,32,1,90,1110458708_384026154_2_42_0,1110458708,384026154,2,42,,2.0,,False,Bữa sáng Tuyệt vời - VND 924.000,"Hủy miễn phí trước 1 tháng 10, 2026",Không cần thanh toán trước - thanh toán tại chỗ nghỉ,,,price_attr
1,hilton-saigon,2026-10-01,91,Suite Premium Có Giường Cỡ King Nhìn Ra Sông,19391400.00,,,1,1,2.0,d22f9795,71f409e6,35,4,91,1110458708_384026154_2_41_0,1110458708,384026154,2,41,,2.0,,False,Bao gồm bữa sáng tuyệt vời,"Hủy miễn phí trước 1 tháng 10, 2026",Không cần thanh toán trước - thanh toán tại chỗ nghỉ,,,price_attr
1,hilton-saigon,2026-10-01,92,Suite Premium Có Giường Cỡ King Nhìn Ra Sông,23020200.00,,,1,1,2.0,d22f9795,71f409e6,35,4,92,1110458708_384026154_2_25_0,1110458708,384026154,2,25,,2.0,,False,Bao bữa sáng & bữa tối,"Hủy miễn phí trước 1 tháng 10, 2026",Không cần thanh toán trước - thanh toán tại chỗ nghỉ,,,price_attr
1,hilton-saigon,2026-10-01,93,Suite Premium Có Giường Cỡ King Nhìn Ra Sông,15479100.00,,,1,0,2.0,d22f9795,42ee661d,34,2,93,1110458708_384026274_1_41_0,1110458708,384026274,1,41,,1.0,Chỉ dành cho 1 khách,True,Bao gồm bữa sáng tuyệt vời,Không hoàn tiền,• Thanh toán cho chỗ nghỉ trước khi đến,,,price_attr
1,hilton-saigon,2026-10-01,94,Suite Premium Có Giường Cỡ King Nhìn Ra Sông,18711000.00,,,1,1,2.0,d22f9795,71f409e6,35,4,94,1110458708_384026154_1_41_0,1110458708,384026154,1,41,,1.0,Chỉ dành cho 1 khách,True,Bao gồm bữa sáng tuyệt vời,"Hủy miễn phí trước 1 tháng 10, 2026",Không cần thanh toán trước - thanh toán tại chỗ nghỉ,,,price_attr
1,hilton-saigon,2026-10-01,95,Suite Premium Có Giường Cỡ King Nhìn Ra Sông,20525400.00,,,1,1,2.0,d22f9795,71f409e6,35,4,95,1110458708_384026154_1_25_0,1110458708,384026154,1,25,,1.0,Chỉ dành cho 1 khách,True,Bao bữa sáng & bữa tối,"Hủy miễn phí trước 1 tháng 10, 2026",Không cần thanh toán trước - thanh toán tại chỗ nghỉ,,,price_attr
2,hilton-saigon,2026-10-11,0,Phòng có Giường cỡ King,6078864.00,,,0,0,2.0,c428ad8b,1b6f0e44,68,1,0,1110458701_384026274_2_42_0,1110458701,384026274,2,42,,2.0,,False,Bữa sáng Tuyệt vời - VND 924.000,Không hoàn tiền,• Thanh toán cho chỗ nghỉ trước khi đến,,,price_attr
2,hilton-saigon,2026-10-11,1,Phòng có Giường cỡ King,7371000.00,,,0,1,2.0,c428ad8b,2527f52f,69,1,1,1110458701_384026154_2_42_0,1110458701,384026154,2,42,,2.0,,False,Bữa sáng Tuyệt vời - VND 924.000,"Hủy miễn phí trước 11 tháng 10, 2026",Không cần thanh toán trước - thanh toán tại chỗ nghỉ,,,price_attr
2,hilton-saigon,2026-10-11,2,Phòng có Giường cỡ King,7427700.00,,,1,0,2.0,c428ad8b,42ee661d,70,2,2,1110458701_384026274_2_41_0,1110458701,384026274,2,41,,2.0,,False,Bao gồm bữa sáng tuyệt vời,Không hoàn tiền,• Thanh toán cho chỗ nghỉ trước khi đến,,,price_attr
2,hilton-saigon,2026-10-11,3,Phòng có Giường cỡ King,8731800.00,,,1,1,2.0,c428ad8b,5ea101fe,71,4,3,1110458701_384026154_2_41_0,1110458701,384026154,2,41,,2.0,,False,Bao gồm bữa sáng tuyệt vời,"Hủy miễn phí trước 11 tháng 10, 2026",Không cần thanh toán trước - thanh toán tại chỗ nghỉ,,,price_attr
2,hilton-saigon,2026-10-11,4,Phòng có Giường cỡ King,12360600.00,,,1,1,2.0,c428ad8b,5ea101fe,71,4,4,1110458701_384026154_2_25_0,1110458701,384026154,2,25,,2.0,,False,Bao bữa sáng & bữa tối,"Hủy miễn phí trước 11 tháng 10, 2026",Không cần thanh toán trước - thanh toán tại chỗ nghỉ,,,price_attr
2,hilton-saigon,2026-10-11,5,Phòng có Giường cỡ King,6747300.00,,,1,0,2.0,c428ad8b,42ee661d,70,2,5,1110458701_384026274_1_41_0,1110458701,384026274,1,41,,1.0,Chỉ dành cho 1 khách,True,Bao gồm bữa sáng tuyệt vời,Không hoàn tiền,• Thanh toán cho chỗ nghỉ trước khi đến,,,price_attr
2,hilton-saigon,2026-10-11,6,Phòng có Giường cỡ King,8051400.00,,,1,1,2.0,c428ad8b,5ea101fe,71,4,6,1110458701_384026154_1_41_0,1110458701,384026154,1,41,,1.0,Chỉ dành cho 1 khách,True,Bao gồm bữa sáng tuyệt vời,"Hủy miễn phí trước 11 tháng 10, 2026",Không cần thanh toán trước - thanh toán tại chỗ nghỉ,,,price_attr
2,hilton-saigon,2026-10-11,7,Phòng có Giường cỡ King,9865800.00,,,1,1,2.0,c428ad8b,5ea101fe,71,4,7,1110458701_384026154_1_25_0,1110458701,384026154,1,25,,1.0,Chỉ dành cho 1 khách,True,Bao bữa sáng & bữa tối,"Hủy miễn phí trước 11 tháng 10, 2026",Không cần thanh toán trước - thanh toán tại chỗ nghỉ,,,price_attr
2,hilton-saigon,2026-10-11,8,Phòng 2 Giường Đơn,6078864.00,,,0,0,2.0,445ee8a2,1b6f0e44,60,1,8,1110458710_384026274_2_42_0,1110458710,384026274,2,42,,2.0,,False,Bữa sáng Tuyệt vời - VND 924.000,Không hoàn tiền,• Thanh toán cho chỗ nghỉ trước khi đến,,,price_attr
2,hilton-saigon,2026-10-11,9,Phòng 2 Giường Đơn,7371000.00,,,0,1,2.0,445ee8a2,2527f52f,61,1,9,1110458710_384026154_2_42_0,1110458710,384026154,2,42,,2.0,,False,Bữa sáng Tuyệt vời - VND 924.000,"Hủy miễn phí trước 11 tháng 10, 2026",Không cần thanh toán trước - thanh toán tại chỗ nghỉ,,,price_attr
2,hilton-saigon,2026-10-11,10,Phòng 2 Giường Đơn,7427700.00,,,1,0,2.0,445ee8a2,42ee661d,62,2,10,1110458710_384026274_2_41_0,1110458710,384026274,2,41,,2.0,,False,Bao gồm bữa sáng tuyệt vời,Không hoàn tiền,• Thanh toán cho chỗ nghỉ trước khi đến,,,price_attr
2,hilton-saigon,2026-10-11,11,Phòng 2 Giường Đơn,8731800.00,,,1,1,2.0,445ee8a2,5ea101fe,63,4,11,1110458710_384026154_2_41_0,1110458710,384026154,2,41,,2.0,,False,Bao gồm bữa sáng tuyệt vời,"Hủy miễn phí trước 11 tháng 10, 2026",Không cần thanh toán trước - thanh toán tại chỗ nghỉ,,,price_attr
2,hilton-saigon,2026-10-11,12,Phòng 2 Giường Đơn,12360600.00,,,1,1,2.0,445ee8a2,5ea101fe,63,4,12,1110458710_384026154_2_25_0,1110458710,384026154,2,25,,2.0,,False,Bao bữa sáng & bữa tối,"Hủy miễn phí trước 11 tháng 10, 2026",Không cần thanh toán trước - thanh toán tại chỗ nghỉ,,,price_attr
2,hilton-saigon,2026-10-11,13,Phòng 2 Giường Đơn,6747300.00,,,1,0,2.0,445ee8a2,42ee661d,62,2,13,1110458710_384026274_1_41_0,1110458710,384026274,1,41,,1.0,Chỉ dành cho 1 khách,True,Bao gồm bữa sáng tuyệt vời,Không hoàn tiền,• Thanh toán cho chỗ nghỉ trước khi đến,,,price_attr
2,hilton-saigon,2026-10-11,14,Phòng 2 Giường Đơn,8051400.00,,,1,1,2.0,445ee8a2,5ea101fe,63,4,14,1110458710_384026154_1_41_0,1110458710,384026154,1,41,,1.0,Chỉ dành cho 1 khách,True,Bao gồm bữa sáng tuyệt vời,"Hủy miễn phí trước 11 tháng 10, 2026",Không cần thanh toán trước - thanh toán tại chỗ nghỉ,,,price_attr
2,hilton-saigon,2026-10-11,15,Phòng 2 Giường Đơn,9865800.00,,,1,1,2.0,445ee8a2,5ea101fe,63,4,15,1110458710_384026154_1_25_0,1110458710,384026154,1,25,,1.0,Chỉ dành cho 1 khách,True,Bao bữa sáng & bữa tối,"Hủy miễn phí trước 11 tháng 10, 2026",Không cần thanh toán trước - thanh toán tại chỗ nghỉ,,,price_attr
2,hilton-saigon,2026-10-11,16,Phòng Deluxe Có Giường Cỡ King,7201116.00,,,0,0,2.0,eacb0d42,1b6f0e44,84,1,16,1110458703_384026274_2_42_0,1110458703,384026274,2,42,,2.0,,False,Bữa sáng Tuyệt vời - VND 924.000,Không hoàn tiền,• Thanh toán cho chỗ nghỉ trước khi đến,,,price_attr
2,hilton-saigon,2026-10-11,17,Phòng Deluxe Có Giường Cỡ King,8561700.00,,,1,0,2.0,eacb0d42,42ee661d,86,2,17,1110458703_384026274_2_41_0,1110458703,384026274,2,41,,2.0,,False,Bao gồm bữa sáng tuyệt vời,Không hoàn tiền,• Thanh toán cho chỗ nghỉ trước khi đến,,,price_attr
2,hilton-saigon,2026-10-11,18,Phòng Deluxe Có Giường Cỡ King,8731800.00,,,0,1,2.0,eacb0d42,2527f52f,85,1,18,1110458703_384026154_2_42_0,1110458703,384026154,2,42,,2.0,,False,Bữa sáng Tuyệt vời - VND 924.000,"Hủy miễn phí trước 11 tháng 10, 2026",Không cần thanh toán trước - thanh toán tại chỗ nghỉ,,,price_attr
2,hilton-saigon,2026-10-11,19,Phòng Deluxe Có Giường Cỡ King,10092600.00,,,1,1,2.0,eacb0d42,5ea101fe,87,4,19,1110458703_384026154_2_41_0,1110458703,384026154,2,41,,2.0,,False,Bao gồm bữa sáng tuyệt vời,"Hủy miễn phí trước 11 tháng 10, 2026",Không cần thanh toán trước - thanh toán tại chỗ nghỉ,,,price_attr
2,hilton-saigon,2026-10-11,20,Phòng Deluxe Có Giường Cỡ King,13721400.00,,,1,1,2.0,eacb0d42,5ea101fe,87,4,20,1110458703_384026154_2_25_0,1110458703,384026154,2,25,,2.0,,False,Bao bữa sáng & bữa tối,"Hủy miễn phí trước 11 tháng 10, 2026",Không cần thanh toán trước - thanh toán tại chỗ nghỉ,,,price_attr
2,hilton-saigon,2026-10-11,21,Phòng Deluxe Có Giường Cỡ King,7881300.00,,,1,0,2.0,eacb0d42,42ee661d,86,2,21,1110458703_384026274_1_41_0,1110458703,384026274,1,41,,1.0,Chỉ dành cho 1 khách,True,Bao gồm bữa sáng tuyệt vời,Không hoàn tiền,• Thanh toán cho chỗ nghỉ trước khi đến,,,price_attr
2,hilton-saigon,2026-10-11,22,Phòng Deluxe Có Giường Cỡ King,9412200.00,,,1,1,2.0,eacb0d42,5ea101fe,87,4,22,1110458703_384026154_1_41_0,1110458703,384026154,1,41,,1.0,Chỉ dành cho 1 khách,True,Bao gồm bữa sáng tuyệt vời,"Hủy miễn phí trước 11 tháng 10, 2026",Không cần thanh toán trước - thanh toán tại chỗ nghỉ,,,price_attr
2,hilton-saigon,2026-10-11,23,Phòng Deluxe Có Giường Cỡ King,11226600.00,,,1,1,2.0,eacb0d42,5ea101fe,87,4,23,1110458703_384026154_1_25_0,1110458703,384026154,1,25,,1.0,Chỉ dành cho 1 khách,True,Bao bữa sáng & bữa tối,"Hủy miễn phí trước 11 tháng 10, 2026",Không cần thanh toán trước - thanh toán tại chỗ nghỉ,,,price_attr
2,hilton-saigon,2026-10-11,24,Phòng có Giường cỡ King Nhìn ra Thành phố,6359427.00,,,0,0,2.0,1acc1ded,1b6f0e44,52,1,24,1110458709_384026274_2_42_0,1110458709,384026274,2,42,,2.0,,False,Bữa sáng Tuyệt vời - VND 924.000,Không hoàn tiền,• Thanh toán cho chỗ nghỉ trước khi đến,,,price_attr
2,hilton-saigon,2026-10-11,25,Phòng có Giường cỡ King Nhìn ra Thành phố,7711200.00,,,0,1,2.0,1acc1ded,2527f52f,53,1,25,1110458709_384026154_2_42_0,1110458709,384026154,2,42,,2.0,,False,Bữa sáng Tuyệt vời - VND 924.000,"Hủy miễn phí trước 11 tháng 10, 2026",Không cần thanh toán trước - thanh toán tại chỗ nghỉ,,,price_attr
2,hilton-saigon,2026-10-11,26,Phòng có Giường cỡ King Nhìn ra Thành phố,7711200.00,,,1,0,2.0,1acc1ded,42ee661d,54,2,26,1110458709_384026274_2_41_0,1110458709,384026274,2,41,,2.0,,False,Bao gồm bữa sáng tuyệt vời,Không hoàn tiền,• Thanh toán cho chỗ nghỉ trước khi đến,,,price_attr
2,hilton-saigon,2026-10-11,27,Phòng có Giường cỡ King Nhìn ra Thành phố,9072000.00,,,1,1,2.0,1acc1ded,5ea101fe,55,4,27,1110458709_384026154_2_41_0,1110458709,384026154,2,41,,2.0,,False,Bao gồm bữa sáng tuyệt vời,"Hủy miễn phí trước 11 tháng 10, 2026",Không cần thanh toán trước - thanh toán tại chỗ nghỉ,,,price_attr
2,hilton-saigon,2026-10-11,28,Phòng có Giường cỡ King Nhìn ra Thành phố,12700800.00,,,1,1,2.0,1acc1ded,5ea101fe,55,4,28,1110458709_384026154_2_25_0,1110458709,384026154,2,25,,2.0,,False,Bao bữa sáng & bữa tối,"Hủy miễn phí trước 11 tháng 10, 2026",Không cần thanh toán trước - thanh toán tại chỗ nghỉ,,,price_attr
2,hilton-saigon,2026-10-11,29,Phòng có Giường cỡ King Nhìn ra Thành phố,7030800.00,,,1,0,2.0,1acc1ded,42ee661d,54,2,29,1110458709_384026274_1_41_0,1110458709,384026274,1,41,,1.0,Chỉ dành cho 1 khách,True,Bao gồm bữa sáng tuyệt vời,Không hoàn tiền,• Thanh toán cho chỗ nghỉ trước khi đến,,,price_attr
2,hilton-saigon,2026-10-11,30,Phòng có Giường cỡ King Nhìn ra Thành phố,8391600.00,,,1,1,2.0,1acc1ded,5ea101fe,55,4,30,1110458709_384026154_1_41_0,1110458709,384026154,1,41,,1.0,Chỉ dành cho 1 khách,True,Bao gồm bữa sáng tuyệt vời,"Hủy miễn phí trước 11 tháng 10, 2026",Không cần thanh toán trước - thanh toán tại chỗ nghỉ,,,price_attr
2,hilton-saigon,2026-10-11,31,Phòng có Giường cỡ King Nhìn ra Thành phố,10206000.00,,,1,1,2.0,1acc1ded,5ea101fe,55,4,31,1110458709_384026154_1_25_0,1110458709,384026154,1,25,,1.0,Chỉ dành cho 1 khách,True,Bao bữa sáng & bữa tối,"Hủy miễn phí trước 11 tháng 10, 2026",Không cần thanh toán trước - thanh toán tại chỗ nghỉ,,,price_attr
2,hilton-saigon,2026-10-11,32,Phòng 2 Giường Đơn Nhìn ra Thành phố,6359427.00,,,0,0,2.0,c44188c1,1b6f0e44,72,1,32,1110458715_384026274_2_42_0,1110458715,384026274,2,42,,2.0,,False,Bữa sáng Tuyệt vời - VND 924.000,Không hoàn tiền,• Thanh toán cho chỗ nghỉ trước khi đến,,,price_attr
2,hilton-saigon,2026-10-11,33,Phòng 2 Giường Đơn Nhìn ra Thành phố,7711200.00,,,0,1,2.0,c44188c1,2527f52f,73,1,33,1110458715_384026154_2_42_0,1110458715,384026154,2,42,,2.0,,False,Bữa sáng Tuyệt vời - VND 924.000,"Hủy miễn phí trước 11 tháng 10, 2026",Không cần thanh toán trước - thanh toán tại chỗ nghỉ,,,price_attr
2,hilton-saigon,2026-10-11,34,Phòng 2 Giường Đơn Nhìn ra Thành phố,7711200.00,,,1,0,2.0,c44188c1,42ee661d,74,2,34,1110458715_384026274_2_41_0,1110458715,384026274,2,41,,2.0,,False,Bao gồm bữa sáng tuyệt vời,Không hoàn tiền,• Thanh toán cho chỗ nghỉ trước khi đến,,,price_attr
2,hilton-saigon,2026-10-11,35,Phòng 2 Giường Đơn Nhìn ra Thành phố,9072000.00,,,1,1,2.0,c44188c1,5ea101fe,75,4,35,1110458715_384026154_2_41_0,1110458715,384026154,2,41,,2.0,,False,Bao gồm bữa sáng tuyệt vời,"Hủy miễn phí trước 11 tháng 10, 2026",Không cần thanh toán trước - thanh toán tại chỗ nghỉ,,,price_attr
2,hilton-saigon,2026-10-11,36,Phòng 2 Giường Đơn Nhìn ra Thành phố,12700800.00,,,1,1,2.0,c44188c1,5ea101fe,75,4,36,1110458715_384026154_2_25_0,1110458715,384026154,2,25,,2.0,,False,Bao bữa sáng & bữa tối,"Hủy miễn phí trước 11 tháng 10, 2026",Không cần thanh toán trước - thanh toán tại chỗ nghỉ,,,price_attr
2,hilton-saigon,2026-10-11,37,Phòng 2 Giường Đơn Nhìn ra Thành phố,7030800.00,,,1,0,2.0,c44188c1,42ee661d,74,2,37,1110458715_384026274_1_41_0,1110458715,384026274,1,41,,1.0,Chỉ dành cho 1 khách,True,Bao gồm bữa sáng tuyệt vời,Không hoàn tiền,• Thanh toán cho chỗ nghỉ trước khi đến,,,price_attr
2,hilton-saigon,2026-10-11,38,Phòng 2 Giường Đơn Nhìn ra Thành phố,8391600.00,,,1,1,2.0,c44188c1,5ea101fe,75,4,38,1110458715_384026154_1_41_0,1110458715,384026154,1,41,,1.0,Chỉ dành cho 1 khách,True,Bao gồm bữa sáng tuyệt vời,"Hủy miễn phí trước 11 tháng 10, 2026",Không cần thanh toán trước - thanh toán tại chỗ nghỉ,,,price_attr
2,hilton-saigon,2026-10-11,39,Phòng 2 Giường Đơn Nhìn ra Thành phố,10206000.00,,,1,1,2.0,c44188c1,5ea101fe,75,4,39,1110458715_384026154_1_25_0,1110458715,384026154,1,25,,1.0,Chỉ dành cho 1 khách,True,Bao bữa sáng & bữa tối,"Hủy miễn phí trước 11 tháng 10, 2026",Không cần thanh toán trước - thanh toán tại chỗ nghỉ,,,price_attr
2,hilton-saigon,2026-10-11,40,Phòng Deluxe 2 Giường Đơn Nhìn Ra Sông,7107594.00,,,0,0,2.0,03baad47,1b6f0e44,48,1,40,1110458714_384026274_2_42_0,1110458714,384026274,2,42,,2.0,,False,Bữa sáng Tuyệt vời - VND 924.000,Không hoàn tiền,• Thanh toán cho chỗ nghỉ trước khi đến,,,price_attr
2,hilton-saigon,2026-10-11,41,Phòng Deluxe 2 Giường Đơn Nhìn Ra Sông,8448300.00,,,1,0,2.0,03baad47,42ee661d,50,2,41,1110458714_384026274_2_41_0,1110458714,384026274,2,41,,2.0,,False,Bao gồm bữa sáng tuyệt vời,Không hoàn tiền,• Thanh toán cho chỗ nghỉ trước khi đến,,,price_attr
2,hilton-saigon,2026-10-11,42,Phòng Deluxe 2 Giường Đơn Nhìn Ra Sông,8618400.00,,,0,1,2.0,03baad47,2527f52f,49,1,42,1110458714_384026154_2_42_0,1110458714,384026154,2,42,,2.0,,False,Bữa sáng Tuyệt vời - VND 924.000,"Hủy miễn phí trước 11 tháng 10, 2026",Không cần thanh toán trước - thanh toán tại chỗ nghỉ,,,price_attr
2,hilton-saigon,2026-10-11,43,Phòng Deluxe 2 Giường Đơn Nhìn Ra Sông,9979200.00,,,1,1,2.0,03baad47,5ea101fe,51,4,43,1110458714_384026154_2_41_0,1110458714,384026154,2,41,,2.0,,False,Bao gồm bữa sáng tuyệt vời,"Hủy miễn phí trước 11 tháng 10, 2026",Không cần thanh toán trước - thanh toán tại chỗ nghỉ,,,price_attr
2,hilton-saigon,2026-10-11,44,Phòng Deluxe 2 Giường Đơn Nhìn Ra Sông,13608000.00,,,1,1,2.0,03baad47,5ea101fe,51,4,44,1110458714_384026154_2_25_0,1110458714,384026154,2,25,,2.0,,False,Bao bữa sáng & bữa tối,"Hủy miễn phí trước 11 tháng 10, 2026",Không cần thanh toán trước - thanh toán tại chỗ nghỉ,,,price_attr
2,hilton-saigon,2026-10-11,45,Phòng Deluxe 2 Giường Đơn Nhìn Ra Sông,7767900.00,,,1,0,2.0,03baad47,42ee661d,50,2,45,1110458714_384026274_1_41_0,1110458714,384026274,1,41,,1.0,Chỉ dành cho 1 khách,True,Bao gồm bữa sáng tuyệt vời,Không hoàn tiền,• Thanh toán cho chỗ nghỉ trước khi đến,,,price_attr
2,hilton-saigon,2026-10-11,46,Phòng Deluxe 2 Giường Đơn Nhìn Ra Sông,9298800.00,,,1,1,2.0,03baad47,5ea101fe,51,4,46,1110458714_384026154_1_41_0,1110458714,384026154,1,41,,1.0,Chỉ dành cho 1 khách,True,Bao gồm bữa sáng tuyệt vời,"Hủy miễn phí trước 11 tháng 10, 2026",Không cần thanh toán trước - thanh toán tại chỗ nghỉ,,,price_attr
2,hilton-saigon,2026-10-11,47,Phòng Deluxe 2 Giường Đơn Nhìn Ra Sông,11113200.00,,,1,1,2.0,03baad47,5ea101fe,51,4,47,1110458714_384026154_1_25_0,1110458714,384026154,1,25,,1.0,Chỉ dành cho 1 khách,True,Bao bữa sáng & bữa tối,"Hủy miễn phí trước 11 tháng 10, 2026",Không cần thanh toán trước - thanh toán tại chỗ nghỉ,,,price_attr
2,hilton-saigon,2026-10-11,48,Phòng Premium Ở Góc Có Giường Cỡ King Nhìn Ra Sông,7949284.00,,,0,0,2.0,320a348e,1b6f0e44,56,1,48,1110458713_384026274_2_42_0,1110458713,384026274,2,42,,2.0,,False,Bữa sáng Tuyệt vời - VND 924.000,Không hoàn tiền,• Thanh toán cho chỗ nghỉ trước khi đến,,,price_attr
2,hilton-saigon,2026-10-11,49,Phòng Premium Ở Góc Có Giường Cỡ King Nhìn Ra Sông,9298800.00,,,1,0,2.0,320a348e,42ee661d,58,2,49,1110458713_384026274_2_41_0,1110458713,384026274,2,41,,2.0,,False,Bao gồm bữa sáng tuyệt vời,Không hoàn tiền,• Thanh toán cho chỗ nghỉ trước khi đến,,,price_attr
2,hilton-saigon,2026-10-11,50,Phòng Premium Ở Góc Có Giường Cỡ King Nhìn Ra Sông,9639000.00,,,0,1,2.0,320a348e,2527f52f,57,1,50,1110458713_384026154_2_42_0,1110458713,384026154,2,42,,2.0,,False,Bữa sáng Tuyệt vời - VND 924.000,"Hủy miễn phí trước 11 tháng 10, 2026",Không cần thanh toán trước - thanh toán tại chỗ nghỉ,,,price_attr
2,hilton-saigon,2026-10-11,51,Phòng Premium Ở Góc Có Giường Cỡ King Nhìn Ra Sông,10999800.00,,,1,1,2.0,320a348e,5ea101fe,59,4,51,1110458713_384026154_2_41_0,1110458713,384026154,2,41,,2.0,,False,Bao gồm bữa sáng tuyệt vời,"Hủy miễn phí trước 11 tháng 10, 2026",Không cần thanh toán trước - thanh toán tại chỗ nghỉ,,,price_attr
2,hilton-saigon,2026-10-11,52,Phòng Premium Ở Góc Có Giường Cỡ King Nhìn Ra Sông,14628600.00,,,1,1,2.0,320a348e,5ea101fe,59,4,52,1110458713_384026154_2_25_0,1110458713,384026154,2,25,,2.0,,False,Bao bữa sáng & bữa tối,"Hủy miễn phí trước 11 tháng 10, 2026",Không cần thanh toán trước - thanh toán tại chỗ nghỉ,,,price_attr
2,hilton-saigon,2026-10-11,53,Phòng Premium Ở Góc Có Giường Cỡ King Nhìn Ra Sông,8618400.00,,,1,0,2.0,320a348e,42ee661d,58,2,53,1110458713_384026274_1_41_0,1110458713,384026274,1,41,,1.0,Chỉ dành cho 1 khách,True,Bao gồm bữa sáng tuyệt vời,Không hoàn tiền,• Thanh toán cho chỗ nghỉ trước khi đến,,,price_attr
2,hilton-saigon,2026-10-11,54,Phòng Premium Ở Góc Có Giường Cỡ King Nhìn Ra Sông,10319400.00,,,1,1,2.0,320a348e,5ea101fe,59,4,54,1110458713_384026154_1_41_0,1110458713,384026154,1,41,,1.0,Chỉ dành cho 1 khách,True,Bao gồm bữa sáng tuyệt vời,"Hủy miễn phí trước 11 tháng 10, 2026",Không cần thanh toán trước - thanh toán tại chỗ nghỉ,,,price_attr
2,hilton-saigon,2026-10-11,55,Phòng Premium Ở Góc Có Giường Cỡ King Nhìn Ra Sông,12133800.00,,,1,1,2.0,320a348e,5ea101fe,59,4,55,1110458713_384026154_1_25_0,1110458713,384026154,1,25,,1.0,Chỉ dành cho 1 khách,True,Bao bữa sáng & bữa tối,"Hủy miễn phí trước 11 tháng 10, 2026",Không cần thanh toán trước - thanh toán tại chỗ nghỉ,,,price_attr
2,hilton-saigon,2026-10-11,56,Phòng Executive Có Giường Cỡ King,8229846.00,,,0,0,2.0,e1525e46,1b6f0e44,80,1,56,1110458704_384026274_2_42_0,1110458704,384026274,2,42,,2.0,,False,Bữa sáng Tuyệt vời - VND 924.000,Không hoàn tiền,• Thanh toán cho chỗ nghỉ trước khi đến,,,price_attr
2,hilton-saigon,2026-10-11,57,Phòng Executive Có Giường Cỡ King,9582300.00,,,1,0,2.0,e1525e46,42ee661d,82,2,57,1110458704_384026274_2_41_0,1110458704,384026274,2,41,,2.0,,False,Bao gồm bữa sáng tuyệt vời,Không hoàn tiền,• Thanh toán cho chỗ nghỉ trước khi đến,,,price_attr
2,hilton-saigon,2026-10-11,58,Phòng Executive Có Giường Cỡ King,9979200.00,,,0,1,2.0,e1525e46,2527f52f,81,1,58,1110458704_384026154_2_42_0,1110458704,384026154,2,42,,2.0,,False,Bữa sáng Tuyệt vời - VND 924.000,"Hủy miễn phí trước 11 tháng 10, 2026",Không cần thanh toán trước - thanh toán tại chỗ nghỉ,,,price_attr
2,hilton-saigon,2026-10-11,59,Phòng Executive Có Giường Cỡ King,11340000.00,,,1,1,2.0,e1525e46,5ea101fe,83,4,59,1110458704_384026154_2_41_0,1110458704,384026154,2,41,,2.0,,False,Bao gồm bữa sáng tuyệt vời,"Hủy miễn phí trước 11 tháng 10, 2026",Không cần thanh toán trước - thanh toán tại chỗ nghỉ,,,price_attr
2,hilton-saigon,2026-10-11,60,Phòng Executive Có Giường Cỡ King,14968800.00,,,1,1,2.0,e1525e46,5ea101fe,83,4,60,1110458704_384026154_2_25_0,1110458704,384026154,2,25,,2.0,,False,Bao bữa sáng & bữa tối,"Hủy miễn phí trước 11 tháng 10, 2026",Không cần thanh toán trước - thanh toán tại chỗ nghỉ,,,price_attr
2,hilton-saigon,2026-10-11,61,Phòng Executive Có Giường Cỡ King,8901900.00,,,1,0,2.0,e1525e46,42ee661d,82,2,61,1110458704_384026274_1_41_0,1110458704,384026274,1,41,,1.0,Chỉ dành cho 1 khách,True,Bao gồm bữa sáng tuyệt vời,Không hoàn tiền,• Thanh toán cho chỗ nghỉ trước khi đến,,,price_attr
2,hilton-saigon,2026-10-11,62,Phòng Executive Có Giường Cỡ King,10659600.00,,,1,1,2.0,e1525e46,5ea101fe,83,4,62,1110458704_384026154_1_41_0,1110458704,384026154,1,41,,1.0,Chỉ dành cho 1 khách,True,Bao gồm bữa sáng tuyệt vời,"Hủy miễn phí trước 11 tháng 10, 2026",Không cần thanh toán trước - thanh toán tại chỗ nghỉ,,,price_attr
2,hilton-saigon,2026-10-11,63,Phòng Executive Có Giường Cỡ King,12474000.00,,,1,1,2.0,e1525e46,5ea101fe,83,4,63,1110458704_384026154_1_25_0,1110458704,384026154,1,25,,1.0,Chỉ dành cho 1 khách,True,Bao bữa sáng & bữa tối,"Hủy miễn phí trước 11 tháng 10, 2026",Không cần thanh toán trước - thanh toán tại chỗ nghỉ,,,price_attr
2,hilton-saigon,2026-10-11,64,Suite Deluxe Ở Góc Có Giường Cỡ King Nhìn Ra Sông,9913224.00,,,0,0,2.0,9d7ac98a,1b6f0e44,64,1,64,1110458702_384026274_2_42_0,1110458702,384026274,2,42,,2.0,,False,Bữa sáng Tuyệt vời - VND 924.000,Không hoàn tiền,• Thanh toán cho chỗ nghỉ trước khi đến,,,price_attr
2,hilton-saigon,2026-10-11,65,Suite Deluxe Ở Góc Có Giường Cỡ King Nhìn Ra Sông,11283300.00,,,1,0,2.0,9d7ac98a,42ee661d,66,2,65,1110458702_384026274_2_41_0,1110458702,384026274,2,41,,2.0,,False,Bao gồm bữa sáng tuyệt vời,Không hoàn tiền,• Thanh toán cho chỗ nghỉ trước khi đến,,,price_attr
2,hilton-saigon,2026-10-11,66,Suite Deluxe Ở Góc Có Giường Cỡ King Nhìn Ra Sông,12020400.00,,,0,1,2.0,9d7ac98a,2527f52f,65,1,66,1110458702_384026154_2_42_0,1110458702,384026154,2,42,,2.0,,False,Bữa sáng Tuyệt vời - VND 924.000,"Hủy miễn phí trước 11 tháng 10, 2026",Không cần thanh toán trước - thanh toán tại chỗ nghỉ,,,price_attr
2,hilton-saigon,2026-10-11,67,Suite Deluxe Ở Góc Có Giường Cỡ King Nhìn Ra Sông,13381200.00,,,1,1,2.0,9d7ac98a,5ea101fe,67,4,67,1110458702_384026154_2_41_0,1110458702,384026154,2,41,,2.0,,False,Bao gồm bữa sáng tuyệt vời,"Hủy miễn phí trước 11 tháng 10, 2026",Không cần thanh toán trước - thanh toán tại chỗ nghỉ,,,price_attr
2,hilton-saigon,2026-10-11,68,Suite Deluxe Ở Góc Có Giường Cỡ King Nhìn Ra Sông,17010000.00,,,1,1,2.0,9d7ac98a,5ea101fe,67,4,68,1110458702_384026154_2_25_0,1110458702,384026154,2,25,,2.0,,False,Bao bữa sáng & bữa tối,"Hủy miễn phí trước 11 tháng 10, 2026",Không cần thanh toán trước - thanh toán tại chỗ nghỉ,,,price_attr
2,hilton-saigon,2026-10-11,69,Suite Deluxe Ở Góc Có Giường Cỡ King Nhìn Ra Sông,10602900.00,,,1,0,2.0,9d7ac98a,42ee661d,66,2,69,1110458702_384026274_1_41_0,1110458702,384026274,1,41,,1.0,Chỉ dành cho 1 khách,True,Bao gồm bữa sáng tuyệt vời,Không hoàn tiền,• Thanh toán cho chỗ nghỉ trước khi đến,,,price_attr
2,hilton-saigon,2026-10-11,70,Suite Deluxe Ở Góc Có Giường Cỡ King Nhìn Ra Sông,12700800.00,,,1,1,2.0,9d7ac98a,5ea101fe,67,4,70,1110458702_384026154_1_41_0,1110458702,384026154,1,41,,1.0,Chỉ dành cho 1 khách,True,Bao gồm bữa sáng tuyệt vời,"Hủy miễn phí trước 11 tháng 10, 2026",Không cần thanh toán trước - thanh toán tại chỗ nghỉ,,,price_attr
2,hilton-saigon,2026-10-11,71,Suite Deluxe Ở Góc Có Giường Cỡ King Nhìn Ra Sông,14515200.00,,,1,1,2.0,9d7ac98a,5ea101fe,67,4,71,1110458702_384026154_1_25_0,1110458702,384026154,1,25,,1.0,Chỉ dành cho 1 khách,True,Bao bữa sáng & bữa tối,"Hủy miễn phí trước 11 tháng 10, 2026",Không cần thanh toán trước - thanh toán tại chỗ nghỉ,,,price_attr
2,hilton-saigon,2026-10-11,72,Suite 1 Phòng Ngủ Có Giường Cỡ King Và Tầm Nhìn Ra Sông,12064207.00,,,0,0,2.0,fec3ef7e,1b6f0e44,88,1,72,1110458707_384026274_2_42_0,1110458707,384026274,2,42,,2.0,,False,Bữa sáng Tuyệt vời - VND 924.000,Không hoàn tiền,• Thanh toán cho chỗ nghỉ trước khi đến,,,price_attr
2,hilton-saigon,2026-10-11,73,Suite 1 Phòng Ngủ Có Giường Cỡ King Và Tầm Nhìn Ra Sông,13437900.00,,,1,0,2.0,fec3ef7e,42ee661d,90,2,73,1110458707_384026274_2_41_0,1110458707,384026274,2,41,,2.0,,False,Bao gồm bữa sáng tuyệt vời,Không hoàn tiền,• Thanh toán cho chỗ nghỉ trước khi đến,,,price_attr
2,hilton-saigon,2026-10-11,74,Suite 1 Phòng Ngủ Có Giường Cỡ King Và Tầm Nhìn Ra Sông,14628600.00,,,0,1,2.0,fec3ef7e,2527f52f,89,1,74,1110458707_384026154_2_42_0,1110458707,384026154,2,42,,2.0,,False,Bữa sáng Tuyệt vời - VND 924.000,"Hủy miễn phí trước 11 tháng 10, 2026",Không cần thanh toán trước - thanh toán tại chỗ nghỉ,,,price_attr
2,hilton-saigon,2026-10-11,75,Suite 1 Phòng Ngủ Có Giường Cỡ King Và Tầm Nhìn Ra Sông,15989400.00,,,1,1,2.0,fec3ef7e,5ea101fe,91,4,75,1110458707_384026154_2_41_0,1110458707,384026154,2,41,,2.0,,False,Bao gồm bữa sáng tuyệt vời,"Hủy miễn phí trước 11 tháng 10, 2026",Không cần thanh toán trước - thanh toán tại chỗ nghỉ,,,price_attr
2,hilton-saigon,2026-10-11,76,Suite 1 Phòng Ngủ Có Giường Cỡ King Và Tầm Nhìn Ra Sông,19618200.00,,,1,1,2.0,fec3ef7e,5ea101fe,91,4,76,1110458707_384026154_2_25_0,1110458707,384026154,2,25,,2.0,,False,Bao bữa sáng & bữa tối,"Hủy miễn phí trước 11 tháng 10, 2026",Không cần thanh toán trước - thanh toán tại chỗ nghỉ,,,price_attr
2,hilton-saigon,2026-10-11,77,Suite 1 Phòng Ngủ Có Giường Cỡ King Và Tầm Nhìn Ra Sông,12757500.00,,,1,0,2.0,fec3ef7e,42ee661d,90,2,77,1110458707_384026274_1_41_0,1110458707,384026274,1,41,,1.0,Chỉ dành cho 1 khách,True,Bao gồm bữa sáng tuyệt vời,Không hoàn tiền,• Thanh toán cho chỗ nghỉ trước khi đến,,,price_attr
2,hilton-saigon,2026-10-11,78,Suite 1 Phòng Ngủ Có Giường Cỡ King Và Tầm Nhìn Ra Sông,15309000.00,,,1,1,2.0,fec3ef7e,5ea101fe,91,4,78,1110458707_384026154_1_41_0,1110458707,384026154,1,41,,1.0,Chỉ dành cho 1 khách,True,Bao gồm bữa sáng tuyệt vời,"Hủy miễn phí trước 11 tháng 10, 2026",Không cần thanh toán trước - thanh toán tại chỗ nghỉ,,,price_attr
2,hilton-saigon,2026-10-11,79,Suite 1 Phòng Ngủ Có Giường Cỡ King Và Tầm Nhìn Ra Sông,17123400.00,,,1,1,2.0,fec3ef7e,5ea101fe,91,4,79,1110458707_384026154_1_25_0,1110458707,384026154,1,25,,1.0,Chỉ dành cho 1 khách,True,Bao bữa sáng & bữa tối,"Hủy miễn phí trước 11 tháng 10, 2026",Không cần thanh toán trước - thanh toán tại chỗ nghỉ,,,price_attr
2,hilton-saigon,2026-10-11,80,Suite Premium Có Giường Cỡ King Nhìn Ra Sông,14869836.00,,,0,0,2.0,d22f9795,1b6f0e44,76,1,80,1110458708_384026274_2_42_0,1110458708,384026274,2,42,,2.0,,False,Bữa sáng Tuyệt vời - VND 924.000,Không hoàn tiền,• Thanh toán cho chỗ nghỉ trước khi đến,,,price_attr
2,hilton-saigon,2026-10-11,81,Suite Premium Có Giường Cỡ King Nhìn Ra Sông,16216200.00,,,1,0,2.0,d22f9795,42ee661d,78,2,81,1110458708_384026274_2_41_0,1110458708,384026274,2,41,,2.0,,False,Bao gồm bữa sáng tuyệt vời,Không hoàn tiền,• Thanh toán cho chỗ nghỉ trước khi đến,,,price_attr
2,hilton-saigon,2026-10-11,82,Suite Premium Có Giường Cỡ King Nhìn Ra Sông,18030600.00,,,0,1,2.0,d22f9795,2527f52f,77,1,82,1110458708_384026154_2_42_0,1110458708,384026154,2,42,,2.0,,False,Bữa sáng Tuyệt vời - VND 924.000,"Hủy miễn phí trước 11 tháng 10, 2026",Không cần thanh toán trước - thanh toán tại chỗ nghỉ,,,price_attr
2,hilton-saigon,2026-10-11,83,Suite Premium Có Giường Cỡ King Nhìn Ra Sông,19391400.00,,,1,1,2.0,d22f9795,5ea101fe,79,4,83,1110458708_384026154_2_41_0,1110458708,384026154,2,41,,2.0,,False,Bao gồm bữa sáng tuyệt vời,"Hủy miễn phí trước 11 tháng 10, 2026",Không cần thanh toán trước - thanh toán tại chỗ nghỉ,,,price_attr
2,hilton-saigon,2026-10-11,84,Suite Premium Có Giường Cỡ King Nhìn Ra Sông,23020200.00,,,1,1,2.0,d22f9795,5ea101fe,79,4,84,1110458708_384026154_2_25_0,1110458708,384026154,2,25,,2.0,,False,Bao bữa sáng & bữa tối,"Hủy miễn phí trước 11 tháng 10, 2026",Không cần thanh toán trước - thanh toán tại chỗ nghỉ,,,price_attr
2,hilton-saigon,2026-10-11,85,Suite Premium Có Giường Cỡ King Nhìn Ra Sông,15535800.00,,,1,0,2.0,d22f9795,42ee661d,78,2,85,1110458708_384026274_1_41_0,1110458708,384026274,1,41,,1.0,Chỉ dành cho 1 khách,True,Bao gồm bữa sáng tuyệt vời,Không hoàn tiền,• Thanh toán cho chỗ nghỉ trước khi đến,,,price_attr
2,hilton-saigon,2026-10-11,86,Suite Premium Có Giường Cỡ King Nhìn Ra Sông,18711000.00,,,1,1,2.0,d22f9795,5ea101fe,79,4,86,1110458708_384026154_1_41_0,1110458708,384026154,1,41,,1.0,Chỉ dành cho 1 khách,True,Bao gồm bữa sáng tuyệt vời,"Hủy miễn phí trước 11 tháng 10, 2026",Không cần thanh toán trước - thanh toán tại chỗ nghỉ,,,price_attr
2,hilton-saigon,2026-10-11,87,Suite Premium Có Giường Cỡ King Nhìn Ra Sông,20525400.00,,,1,1,2.0,d22f9795,5ea101fe,79,4,87,1110458708_384026154_1_25_0,1110458708,384026154,1,25,,1.0,Chỉ dành cho 1 khách,True,Bao bữa sáng & bữa tối,"Hủy miễn phí trước 11 tháng 10, 2026",Không cần thanh toán trước - thanh toán tại chỗ nghỉ,,,price_attr
3,hilton-saigon,2026-11-18,0,Phòng 2 Giường Đơn,8941590.00,,,0,0,2.0,445ee8a2,1b6f0e44,105,1,0,1110458710_384026274_2_42_0,1110458710,384026274,2,42,,2.0,,False,Bữa sáng Tuyệt vời - VND 924.000,Không hoàn tiền,• Thanh toán cho chỗ nghỉ trước khi đến,,,price_attr
3,hilton-saigon,2026-11-18,1,Phòng 2 Giường Đơn,9412200.00,,,0,1,2.0,445ee8a2,00b92f19,104,1,1,1110458710_384026154_2_42_0,1110458710,384026154,2,42,,2.0,,False,Bữa sáng Tuyệt vời - VND 924.000,"Hủy miễn phí trước 18 tháng 11, 2026",Không cần thanh toán trước - thanh toán tại chỗ nghỉ,,,price_attr
3,hilton-saigon,2026-11-18,2,Phòng 2 Giường Đơn,10319400.00,,,1,0,2.0,445ee8a2,42ee661d,106,2,2,1110458710_384026274_2_41_0,1110458710,384026274,2,41,,2.0,,False,Bao gồm bữa sáng tuyệt vời,Không hoàn tiền,• Thanh toán cho chỗ nghỉ trước khi đến,,,price_attr
3,hilton-saigon,2026-11-18,3,Phòng 2 Giường Đơn,10773000.00,,,1,1,2.0,445ee8a2,cd8779da,107,4,3,1110458710_384026154_2_41_0,1110458710,384026154,2,41,,2.0,,False,Bao gồm bữa sáng tuyệt vời,"Hủy miễn phí trước 18 tháng 11, 2026",Không cần thanh toán trước - thanh toán tại chỗ nghỉ,,,price_attr
3,hilton-saigon,2026-11-18,4,Phòng 2 Giường Đơn,14401800.00,,,1,1,2.0,445ee8a2,cd8779da,107,4,4,1110458710_384026154_2_25_0,1110458710,384026154,2,25,,2.0,,False,Bao bữa sáng & bữa tối,"Hủy miễn phí trước 18 tháng 11, 2026",Không cần thanh toán trước - thanh toán tại chỗ nghỉ,,,price_attr
3,hilton-saigon,2026-11-18,5,Phòng 2 Giường Đơn,9639000.00,,,1,0,2.0,445ee8a2,42ee661d,106,2,5,1110458710_384026274_1_41_0,1110458710,384026274,1,41,,1.0,Chỉ dành cho 1 khách,True,Bao gồm bữa sáng tuyệt vời,Không hoàn tiền,• Thanh toán cho chỗ nghỉ trước khi đến,,,price_attr
3,hilton-saigon,2026-11-18,6,Phòng 2 Giường Đơn,10092600.00,,,1,1,2.0,445ee8a2,cd8779da,107,4,6,1110458710_384026154_1_41_0,1110458710,384026154,1,41,,1.0,Chỉ dành cho 1 khách,True,Bao gồm bữa sáng tuyệt vời,"Hủy miễn phí trước 18 tháng 11, 2026",Không cần thanh toán trước - thanh toán tại chỗ nghỉ,,,price_attr
3,hilton-saigon,2026-11-18,7,Phòng 2 Giường Đơn,11907000.00,,,1,1,2.0,445ee8a2,cd8779da,107,4,7,1110458710_384026154_1_25_0,1110458710,384026154,1,25,,1.0,Chỉ dành cho 1 khách,True,Bao bữa sáng & bữa tối,"Hủy miễn phí trước 18 tháng 11, 2026",Không cần thanh toán trước - thanh toán tại chỗ nghỉ,,,price_attr
3,hilton-saigon,2026-11-18,8,Phòng 2 Giường Đơn Nhìn ra Thành phố,9157050.00,,,0,0,2.0,c44188c1,1b6f0e44,117,1,8,1110458715_384026274_2_42_0,1110458715,384026274,2,42,,2.0,,False,Bữa sáng Tuyệt vời - VND 924.000,Không hoàn tiền,• Thanh toán cho chỗ nghỉ trước khi đến,,,price_attr
3,hilton-saigon,2026-11-18,9,Phòng 2 Giường Đơn Nhìn ra Thành phố,9639000.00,,,0,1,2.0,c44188c1,00b92f19,116,1,9,1110458715_384026154_2_42_0,1110458715,384026154,2,42,,2.0,,False,Bữa sáng Tuyệt vời - VND 924.000,"Hủy miễn phí trước 18 tháng 11, 2026",Không cần thanh toán trước - thanh toán tại chỗ nghỉ,,,price_attr
3,hilton-saigon,2026-11-18,10,Phòng 2 Giường Đơn Nhìn ra Thành phố,10546200.00,,,1,0,2.0,c44188c1,42ee661d,118,2,10,1110458715_384026274_2_41_0,1110458715,384026274,2,41,,2.0,,False,Bao gồm bữa sáng tuyệt vời,Không hoàn tiền,• Thanh toán cho chỗ nghỉ trước khi đến,,,price_attr
3,hilton-saigon,2026-11-18,11,Phòng 2 Giường Đơn Nhìn ra Thành phố,10999800.00,,,1,1,2.0,c44188c1,cd8779da,119,4,11,1110458715_384026154_2_41_0,1110458715,384026154,2,41,,2.0,,False,Bao gồm bữa sáng tuyệt vời,"Hủy miễn phí trước 18 tháng 11, 2026",Không cần thanh toán trước - thanh toán tại chỗ nghỉ,,,price_attr
3,hilton-saigon,2026-11-18,12,Phòng 2 Giường Đơn Nhìn ra Thành phố,14628600.00,,,1,1,2.0,c44188c1,cd8779da,119,4,12,1110458715_384026154_2_25_0,1110458715,384026154,2,25,,2.0,,False,Bao bữa sáng & bữa tối,"Hủy miễn phí trước 18 tháng 11, 2026",Không cần thanh toán trước - thanh toán tại chỗ nghỉ,,,price_attr
3,hilton-saigon,2026-11-18,13,Phòng 2 Giường Đơn Nhìn ra Thành phố,9865800.00,,,1,0,2.0,c44188c1,42ee661d,118,2,13,1110458715_384026274_1_41_0,1110458715,384026274,1,41,,1.0,Chỉ dành cho 1 khách,True,Bao gồm bữa sáng tuyệt vời,Không hoàn tiền,• Thanh toán cho chỗ nghỉ trước khi đến,,,price_attr
3,hilton-saigon,2026-11-18,14,Phòng 2 Giường Đơn Nhìn ra Thành phố,10319400.00,,,1,1,2.0,c44188c1,cd8779da,119,4,14,1110458715_384026154_1_41_0,1110458715,384026154,1,41,,1.0,Chỉ dành cho 1 khách,True,Bao gồm bữa sáng tuyệt vời,"Hủy miễn phí trước 18 tháng 11, 2026",Không cần thanh toán trước - thanh toán tại chỗ nghỉ,,,price_attr
3,hilton-saigon,2026-11-18,15,Phòng 2 Giường Đơn Nhìn ra Thành phố,12133800.00,,,1,1,2.0,c44188c1,cd8779da,119,4,15,1110458715_384026154_1_25_0,1110458715,384026154,1,25,,1.0,Chỉ dành cho 1 khách,True,Bao bữa sáng & bữa tối,"Hủy miễn phí trước 18 tháng 11, 2026",Không cần thanh toán trước - thanh toán tại chỗ nghỉ,,,price_attr
3,hilton-saigon,2026-11-18,16,Phòng có Giường cỡ King Nhìn ra Thành phố,9372510.00,,,0,0,2.0,1acc1ded,1b6f0e44,97,1,16,1110458709_384026274_2_42_0,1110458709,384026274,2,42,,2.0,,False,Bữa sáng Tuyệt vời - VND 924.000,Không hoàn tiền,• Thanh toán cho chỗ nghỉ trước khi đến,,,price_attr
3,hilton-saigon,2026-11-18,17,Phòng có Giường cỡ King Nhìn ra Thành phố,9865800.00,,,0,1,2.0,1acc1ded,00b92f19,96,1,17,1110458709_384026154_2_42_0,1110458709,384026154,2,42,,2.0,,False,Bữa sáng Tuyệt vời - VND 924.000,"Hủy miễn phí trước 18 tháng 11, 2026",Không cần thanh toán trước - thanh toán tại chỗ nghỉ,,,price_attr
3,hilton-saigon,2026-11-18,18,Phòng có Giường cỡ King Nhìn ra Thành phố,10716300.00,,,1,0,2.0,1acc1ded,42ee661d,98,2,18,1110458709_384026274_2_41_0,1110458709,384026274,2,41,,2.0,,False,Bao gồm bữa sáng tuyệt vời,Không hoàn tiền,• Thanh toán cho chỗ nghỉ trước khi đến,,,price_attr
3,hilton-saigon,2026-11-18,19,Phòng có Giường cỡ King Nhìn ra Thành phố,11226600.00,,,1,1,2.0,1acc1ded,cd8779da,99,4,19,1110458709_384026154_2_41_0,1110458709,384026154,2,41,,2.0,,False,Bao gồm bữa sáng tuyệt vời,"Hủy miễn phí trước 18 tháng 11, 2026",Không cần thanh toán trước - thanh toán tại chỗ nghỉ,,,price_attr
3,hilton-saigon,2026-11-18,20,Phòng có Giường cỡ King Nhìn ra Thành phố,14855400.00,,,1,1,2.0,1acc1ded,cd8779da,99,4,20,1110458709_384026154_2_25_0,1110458709,384026154,2,25,,2.0,,False,Bao bữa sáng & bữa tối,"Hủy miễn phí trước 18 tháng 11, 2026",Không cần thanh toán trước - thanh toán tại chỗ nghỉ,,,price_attr
3,hilton-saigon,2026-11-18,21,Phòng có Giường cỡ King Nhìn ra Thành phố,10035900.00,,,1,0,2.0,1acc1ded,42ee661d,98,2,21,1110458709_384026274_1_41_0,1110458709,384026274,1,41,,1.0,Chỉ dành cho 1 khách,True,Bao gồm bữa sáng tuyệt vời,Không hoàn tiền,• Thanh toán cho chỗ nghỉ trước khi đến,,,price_attr
3,hilton-saigon,2026-11-18,22,Phòng có Giường cỡ King Nhìn ra Thành phố,10546200.00,,,1,1,2.0,1acc1ded,cd8779da,99,4,22,1110458709_384026154_1_41_0,1110458709,384026154,1,41,,1.0,Chỉ dành cho 1 khách,True,Bao gồm bữa sáng tuyệt vời,"Hủy miễn phí trước 18 tháng 11, 2026",Không cần thanh toán trước - thanh toán tại chỗ nghỉ,,,price_attr
3,hilton-saigon,2026-11-18,23,Phòng có Giường cỡ King Nhìn ra Thành phố,12360600.00,,,1,1,2.0,1acc1ded,cd8779da,99,4,23,1110458709_384026154_1_25_0,1110458709,384026154,1,25,,1.0,Chỉ dành cho 1 khách,True,Bao bữa sáng & bữa tối,"Hủy miễn phí trước 18 tháng 11, 2026",Không cần thanh toán trước - thanh toán tại chỗ nghỉ,,,price_attr
3,hilton-saigon,2026-11-18,24,Phòng Deluxe Có Giường Cỡ King,9695700.00,,,0,0,2.0,eacb0d42,1b6f0e44,129,1,24,1110458703_384026274_2_42_0,1110458703,384026274,2,42,,2.0,,False,Bữa sáng Tuyệt vời - VND 924.000,Không hoàn tiền,• Thanh toán cho chỗ nghỉ trước khi đến,,,price_attr
3,hilton-saigon,2026-11-18,25,Phòng Deluxe Có Giường Cỡ King,10206000.00,,,0,1,2.0,eacb0d42,00b92f19,128,1,25,1110458703_384026154_2_42_0,1110458703,384026154,2,42,,2.0,,False,Bữa sáng Tuyệt vời - VND 924.000,"Hủy miễn phí trước 18 tháng 11, 2026",Không cần thanh toán trước - thanh toán tại chỗ nghỉ,,,price_attr
3,hilton-saigon,2026-11-18,26,Phòng Deluxe Có Giường Cỡ King,11056500.00,,,1,0,2.0,eacb0d42,42ee661d,130,2,26,1110458703_384026274_2_41_0,1110458703,384026274,2,41,,2.0,,False,Bao gồm bữa sáng tuyệt vời,Không hoàn tiền,• Thanh toán cho chỗ nghỉ trước khi đến,,,price_attr
3,hilton-saigon,2026-11-18,27,Phòng Deluxe Có Giường Cỡ King,11566800.00,,,1,1,2.0,eacb0d42,cd8779da,131,4,27,1110458703_384026154_2_41_0,1110458703,384026154,2,41,,2.0,,False,Bao gồm bữa sáng tuyệt vời,"Hủy miễn phí trước 18 tháng 11, 2026",Không cần thanh toán trước - thanh toán tại chỗ nghỉ,,,price_attr
3,hilton-saigon,2026-11-18,28,Phòng Deluxe Có Giường Cỡ King,15195600.00,,,1,1,2.0,eacb0d42,cd8779da,131,4,28,1110458703_384026154_2_25_0,1110458703,384026154,2,25,,2.0,,False,Bao bữa sáng & bữa tối,"Hủy miễn phí trước 18 tháng 11, 2026",Không cần thanh toán trước - thanh toán tại chỗ nghỉ,,,price_attr
3,hilton-saigon,2026-11-18,29,Phòng Deluxe Có Giường Cỡ King,10376100.00,,,1,0,2.0,eacb0d42,42ee661d,130,2,29,1110458703_384026274_1_41_0,1110458703,384026274,1,41,,1.0,Chỉ dành cho 1 khách,True,Bao gồm bữa sáng tuyệt vời,Không hoàn tiền,• Thanh toán cho chỗ nghỉ trước khi đến,,,price_attr
3,hilton-saigon,2026-11-18,30,Phòng Deluxe Có Giường Cỡ King,10886400.00,,,1,1,2.0,eacb0d42,cd8779da,131,4,30,1110458703_384026154_1_41_0,1110458703,384026154,1,41,,1.0,Chỉ dành cho 1 khách,True,Bao gồm bữa sáng tuyệt vời,"Hủy miễn phí trước 18 tháng 11, 2026",Không cần thanh toán trước - thanh toán tại chỗ nghỉ,,,price_attr
3,hilton-saigon,2026-11-18,31,Phòng Deluxe Có Giường Cỡ King,12700800.00,,,1,1,2.0,eacb0d42,cd8779da,131,4,31,1110458703_384026154_1_25_0,1110458703,384026154,1,25,,1.0,Chỉ dành cho 1 khách,True,Bao bữa sáng & bữa tối,"Hủy miễn phí trước 18 tháng 11, 2026",Không cần thanh toán trước - thanh toán tại chỗ nghỉ,,,price_attr
3,hilton-saigon,2026-11-18,32,Phòng Deluxe 2 Giường Đơn Nhìn Ra Sông,9695700.00,,,0,0,2.0,03baad47,1b6f0e44,93,1,32,1110458714_384026274_2_42_0,1110458714,384026274,2,42,,2.0,,False,Bữa sáng Tuyệt vời - VND 924.000,Không hoàn tiền,• Thanh toán cho chỗ nghỉ trước khi đến,,,price_attr
3,hilton-saigon,2026-11-18,33,Phòng Deluxe 2 Giường Đơn Nhìn Ra Sông,10206000.00,,,0,1,2.0,03baad47,00b92f19,92,1,33,1110458714_384026154_2_42_0,1110458714,384026154,2,42,,2.0,,False,Bữa sáng Tuyệt vời - VND 924.000,"Hủy miễn phí trước 18 tháng 11, 2026",Không cần thanh toán trước - thanh toán tại chỗ nghỉ,,,price_attr
3,hilton-saigon,2026-11-18,34,Phòng Deluxe 2 Giường Đơn Nhìn Ra Sông,11056500.00,,,1,0,2.0,03baad47,42ee661d,94,2,34,1110458714_384026274_2_41_0,1110458714,384026274,2,41,,2.0,,False,Bao gồm bữa sáng tuyệt vời,Không hoàn tiền,• Thanh toán cho chỗ nghỉ trước khi đến,,,price_attr
3,hilton-saigon,2026-11-18,35,Phòng Deluxe 2 Giường Đơn Nhìn Ra Sông,11566800.00,,,1,1,2.0,03baad47,cd8779da,95,4,35,1110458714_384026154_2_41_0,1110458714,384026154,2,41,,2.0,,False,Bao gồm bữa sáng tuyệt vời,"Hủy miễn phí trước 18 tháng 11, 2026",Không cần thanh toán trước - thanh toán tại chỗ nghỉ,,,price_attr
3,hilton-saigon,2026-11-18,36,Phòng Deluxe 2 Giường Đơn Nhìn Ra Sông,15195600.00,,,1,1,2.0,03baad47,cd8779da,95,4,36,1110458714_384026154_2_25_0,1110458714,384026154,2,25,,2.0,,False,Bao bữa sáng & bữa tối,"Hủy miễn phí trước 18 tháng 11, 2026",Không cần thanh toán trước - thanh toán tại chỗ nghỉ,,,price_attr
3,hilton-saigon,2026-11-18,37,Phòng Deluxe 2 Giường Đơn Nhìn Ra Sông,10376100.00,,,1,0,2.0,03baad47,42ee661d,94,2,37,1110458714_384026274_1_41_0,1110458714,384026274,1,41,,1.0,Chỉ dành cho 1 khách,True,Bao gồm bữa sáng tuyệt vời,Không hoàn tiền,• Thanh toán cho chỗ nghỉ trước khi đến,,,price_attr
3,hilton-saigon,2026-11-18,38,Phòng Deluxe 2 Giường Đơn Nhìn Ra Sông,10886400.00,,,1,1,2.0,03baad47,cd8779da,95,4,38,1110458714_384026154_1_41_0,1110458714,384026154,1,41,,1.0,Chỉ dành cho 1 khách,True,Bao gồm bữa sáng tuyệt vời,"Hủy miễn phí trước 18 tháng 11, 2026",Không cần thanh toán trước - thanh toán tại chỗ nghỉ,,,price_attr
3,hilton-saigon,2026-11-18,39,Phòng Deluxe 2 Giường Đơn Nhìn Ra Sông,12700800.00,,,1,1,2.0,03baad47,cd8779da,95,4,39,1110458714_384026154_1_25_0,1110458714,384026154,1,25,,1.0,Chỉ dành cho 1 khách,True,Bao bữa sáng & bữa tối,"Hủy miễn phí trước 18 tháng 11, 2026",Không cần thanh toán trước - thanh toán tại chỗ nghỉ,,,price_attr
3,hilton-saigon,2026-11-18,40,Phòng Premium Ở Góc Có Giường Cỡ King Nhìn Ra Sông,10557540.00,,,0,0,2.0,320a348e,1b6f0e44,101,1,40,1110458713_384026274_2_42_0,1110458713,384026274,2,42,,2.0,,False,Bữa sáng Tuyệt vời - VND 924.000,Không hoàn tiền,• Thanh toán cho chỗ nghỉ trước khi đến,,,price_attr
3,hilton-saigon,2026-11-18,41,Phòng Premium Ở Góc Có Giường Cỡ King Nhìn Ra Sông,11113200.00,,,0,1,2.0,320a348e,00b92f19,100,1,41,1110458713_384026154_2_42_0,1110458713,384026154,2,42,,2.0,,False,Bữa sáng Tuyệt vời - VND 924.000,"Hủy miễn phí trước 18 tháng 11, 2026",Không cần thanh toán trước - thanh toán tại chỗ nghỉ,,,price_attr
3,hilton-saigon,2026-11-18,42,Phòng Premium Ở Góc Có Giường Cỡ King Nhìn Ra Sông,11907000.00,,,1,0,2.0,320a348e,42ee661d,102,2,42,1110458713_384026274_2_41_0,1110458713,384026274,2,41,,2.0,,False,Bao gồm bữa sáng tuyệt vời,Không hoàn tiền,• Thanh toán cho chỗ nghỉ trước khi đến,,,price_attr
3,hilton-saigon,2026-11-18,43,Phòng Premium Ở Góc Có Giường Cỡ King Nhìn Ra Sông,12474000.00,,,1,1,2.0,320a348e,cd8779da,103,4,43,1110458713_384026154_2_41_0,1110458713,384026154,2,41,,2.0,,False,Bao gồm bữa sáng tuyệt vời,"Hủy miễn phí trước 18 tháng 11, 2026",Không cần thanh toán trước - thanh toán tại chỗ nghỉ,,,price_attr
3,hilton-saigon,2026-11-18,44,Phòng Premium Ở Góc Có Giường Cỡ King Nhìn Ra Sông,16102800.00,,,1,1,2.0,320a348e,cd8779da,103,4,44,1110458713_384026154_2_25_0,1110458713,384026154,2,25,,2.0,,False,Bao bữa sáng & bữa tối,"Hủy miễn phí trước 18 tháng 11, 2026",Không cần thanh toán trước - thanh toán tại chỗ nghỉ,,,price_attr
3,hilton-saigon,2026-11-18,45,Phòng Premium Ở Góc Có Giường Cỡ King Nhìn Ra Sông,11226600.00,,,1,0,2.0,320a348e,42ee661d,102,2,45,1110458713_384026274_1_41_0,1110458713,384026274,1,41,,1.0,Chỉ dành cho 1 khách,True,Bao gồm bữa sáng tuyệt vời,Không hoàn tiền,• Thanh toán cho chỗ nghỉ trước khi đến,,,price_attr
3,hilton-saigon,2026-11-18,46,Phòng Premium Ở Góc Có Giường Cỡ King Nhìn Ra Sông,11793600.00,,,1,1,2.0,320a348e,cd8779da,103,4,46,1110458713_384026154_1_41_0,1110458713,384026154,1,41,,1.0,Chỉ dành cho 1 khách,True,Bao gồm bữa sáng tuyệt vời,"Hủy miễn phí trước 18 tháng 11, 2026",Không cần thanh toán trước - thanh toán tại chỗ nghỉ,,,price_attr
3,hilton-saigon,2026-11-18,47,Phòng Premium Ở Góc Có Giường Cỡ King Nhìn Ra Sông,13608000.00,,,1,1,2.0,320a348e,cd8779da,103,4,47,1110458713_384026154_1_25_0,1110458713,384026154,1,25,,1.0,Chỉ dành cho 1 khách,True,Bao bữa sáng & bữa tối,"Hủy miễn phí trước 18 tháng 11, 2026",Không cần thanh toán trước - thanh toán tại chỗ nghỉ,,,price_attr
3,hilton-saigon,2026-11-18,48,Phòng Executive Có Giường Cỡ King,11096190.00,,,0,0,2.0,e1525e46,1b6f0e44,125,1,48,1110458704_384026274_2_42_0,1110458704,384026274,2,42,,2.0,,False,Bữa sáng Tuyệt vời - VND 924.000,Không hoàn tiền,• Thanh toán cho chỗ nghỉ trước khi đến,,,price_attr
3,hilton-saigon,2026-11-18,49,Phòng Executive Có Giường Cỡ King,11680200.00,,,0,1,2.0,e1525e46,00b92f19,124,1,49,1110458704_384026154_2_42_0,1110458704,384026154,2,42,,2.0,,False,Bữa sáng Tuyệt vời - VND 924.000,"Hủy miễn phí trước 18 tháng 11, 2026",Không cần thanh toán trước - thanh toán tại chỗ nghỉ,,,price_attr
3,hilton-saigon,2026-11-18,50,Phòng Executive Có Giường Cỡ King,12474000.00,,,1,0,2.0,e1525e46,42ee661d,126,2,50,1110458704_384026274_2_41_0,1110458704,384026274,2,41,,2.0,,False,Bao gồm bữa sáng tuyệt vời,Không hoàn tiền,• Thanh toán cho chỗ nghỉ trước khi đến,,,price_attr
3,hilton-saigon,2026-11-18,51,Phòng Executive Có Giường Cỡ King,13041000.00,,,1,1,2.0,e1525e46,cd8779da,127,4,51,1110458704_384026154_2_41_0,1110458704,384026154,2,41,,2.0,,False,Bao gồm bữa sáng tuyệt vời,"Hủy miễn phí trước 18 tháng 11, 2026",Không cần thanh toán trước - thanh toán tại chỗ nghỉ,,,price_attr
3,hilton-saigon,2026-11-18,52,Phòng Executive Có Giường Cỡ King,16669800.00,,,1,1,2.0,e1525e46,cd8779da,127,4,52,1110458704_384026154_2_25_0,1110458704,384026154,2,25,,2.0,,False,Bao bữa sáng & bữa tối,"Hủy miễn phí trước 18 tháng 11, 2026",Không cần thanh toán trước - thanh toán tại chỗ nghỉ,,,price_attr
3,hilton-saigon,2026-11-18,53,Phòng Executive Có Giường Cỡ King,11793600.00,,,1,0,2.0,e1525e46,42ee661d,126,2,53,1110458704_384026274_1_41_0,1110458704,384026274,1,41,,1.0,Chỉ dành cho 1 khách,True,Bao gồm bữa sáng tuyệt vời,Không hoàn tiền,• Thanh toán cho chỗ nghỉ trước khi đến,,,price_attr
3,hilton-saigon,2026-11-18,54,Phòng Executive Có Giường Cỡ King,12360600.00,,,1,1,2.0,e1525e46,cd8779da,127,4,54,1110458704_384026154_1_41_0,1110458704,384026154,1,41,,1.0,Chỉ dành cho 1 khách,True,Bao gồm bữa sáng tuyệt vời,"Hủy miễn phí trước 18 tháng 11, 2026",Không cần thanh toán trước - thanh toán tại chỗ nghỉ,,,price_attr
3,hilton-saigon,2026-11-18,55,Phòng Executive Có Giường Cỡ King,14175000.00,,,1,1,2.0,e1525e46,cd8779da,127,4,55,1110458704_384026154_1_25_0,1110458704,384026154,1,25,,1.0,Chỉ dành cho 1 khách,True,Bao bữa sáng & bữa tối,"Hủy miễn phí trước 18 tháng 11, 2026",Không cần thanh toán trước - thanh toán tại chỗ nghỉ,,,price_attr
3,hilton-saigon,2026-11-18,56,Phòng Executive 2 Giường Đơn,11096190.00,,,0,0,2.0,6d7a99c1,1b6f0e44,109,1,56,1110458711_384026274_2_42_0,1110458711,384026274,2,42,,2.0,,False,Bữa sáng Tuyệt vời - VND 924.000,Không hoàn tiền,• Thanh toán cho chỗ nghỉ trước khi đến,,,price_attr
3,hilton-saigon,2026-11-18,57,Phòng Executive 2 Giường Đơn,11680200.00,,,0,1,2.0,6d7a99c1,00b92f19,108,1,57,1110458711_384026154_2_42_0,1110458711,384026154,2,42,,2.0,,False,Bữa sáng Tuyệt vời - VND 924.000,"Hủy miễn phí trước 18 tháng 11, 2026",Không cần thanh toán trước - thanh toán tại chỗ nghỉ,,,price_attr
3,hilton-saigon,2026-11-18,58,Phòng Executive 2 Giường Đơn,12474000.00,,,1,0,2.0,6d7a99c1,42ee661d,110,2,58,1110458711_384026274_2_41_0,1110458711,384026274,2,41,,2.0,,False,Bao gồm bữa sáng tuyệt vời,Không hoàn tiền,• Thanh toán cho chỗ nghỉ trước khi đến,,,price_attr
3,hilton-saigon,2026-11-18,59,Phòng Executive 2 Giường Đơn,13041000.00,,,1,1,2.0,6d7a99c1,cd8779da,111,4,59,1110458711_384026154_2_41_0,1110458711,384026154,2,41,,2.0,,False,Bao gồm bữa sáng tuyệt vời,"Hủy miễn phí trước 18 tháng 11, 2026",Không cần thanh toán trước - thanh toán tại chỗ nghỉ,,,price_attr
3,hilton-saigon,2026-11-18,60,Phòng Executive 2 Giường Đơn,16669800.00,,,1,1,2.0,6d7a99c1,cd8779da,111,4,60,1110458711_384026154_2_25_0,1110458711,384026154,2,25,,2.0,,False,Bao bữa sáng & bữa tối,"Hủy miễn phí trước 18 tháng 11, 2026",Không cần thanh toán trước - thanh toán tại chỗ nghỉ,,,price_attr
3,hilton-saigon,2026-11-18,61,Phòng Executive 2 Giường Đơn,11793600.00,,,1,0,2.0,6d7a99c1,42ee661d,110,2,61,1110458711_384026274_1_41_0,1110458711,384026274,1,41,,1.0,Chỉ dành cho 1 khách,True,Bao gồm bữa sáng tuyệt vời,Không hoàn tiền,• Thanh toán cho chỗ nghỉ trước khi đến,,,price_attr
3,hilton-saigon,2026-11-18,62,Phòng Executive 2 Giường Đơn,12360600.00,,,1,1,2.0,6d7a99c1,cd8779da,111,4,62,1110458711_384026154_1_41_0,1110458711,384026154,1,41,,1.0,Chỉ dành cho 1 khách,True,Bao gồm bữa sáng tuyệt vời,"Hủy miễn phí trước 18 tháng 11, 2026",Không cần thanh toán trước - thanh toán tại chỗ nghỉ,,,price_attr
3,hilton-saigon,2026-11-18,63,Phòng Executive 2 Giường Đơn,14175000.00,,,1,1,2.0,6d7a99c1,cd8779da,111,4,63,1110458711_384026154_1_25_0,1110458711,384026154,1,25,,1.0,Chỉ dành cho 1 khách,True,Bao bữa sáng & bữa tối,"Hủy miễn phí trước 18 tháng 11, 2026",Không cần thanh toán trước - thanh toán tại chỗ nghỉ,,,price_attr
3,hilton-saigon,2026-11-18,64,Suite Deluxe Ở Góc Có Giường Cỡ King Nhìn Ra Sông,12819870.00,,,0,0,2.0,9d7ac98a,1b6f0e44,113,1,64,1110458702_384026274_2_42_0,1110458702,384026274,2,42,,2.0,,False,Bữa sáng Tuyệt vời - VND 924.000,Không hoàn tiền,• Thanh toán cho chỗ nghỉ trước khi đến,,,price_attr
3,hilton-saigon,2026-11-18,65,Suite Deluxe Ở Góc Có Giường Cỡ King Nhìn Ra Sông,13494600.00,,,0,1,2.0,9d7ac98a,00b92f19,112,1,65,1110458702_384026154_2_42_0,1110458702,384026154,2,42,,2.0,,False,Bữa sáng Tuyệt vời - VND 924.000,"Hủy miễn phí trước 18 tháng 11, 2026",Không cần thanh toán trước - thanh toán tại chỗ nghỉ,,,price_attr
3,hilton-saigon,2026-11-18,66,Suite Deluxe Ở Góc Có Giường Cỡ King Nhìn Ra Sông,14175000.00,,,1,0,2.0,9d7ac98a,42ee661d,114,2,66,1110458702_384026274_2_41_0,1110458702,384026274,2,41,,2.0,,False,Bao gồm bữa sáng tuyệt vời,Không hoàn tiền,• Thanh toán cho chỗ nghỉ trước khi đến,,,price_attr
3,hilton-saigon,2026-11-18,67,Suite Deluxe Ở Góc Có Giường Cỡ King Nhìn Ra Sông,14855400.00,,,1,1,2.0,9d7ac98a,cd8779da,115,4,67,1110458702_384026154_2_41_0,1110458702,384026154,2,41,,2.0,,False,Bao gồm bữa sáng tuyệt vời,"Hủy miễn phí trước 18 tháng 11, 2026",Không cần thanh toán trước - thanh toán tại chỗ nghỉ,,,price_attr
3,hilton-saigon,2026-11-18,68,Suite Deluxe Ở Góc Có Giường Cỡ King Nhìn Ra Sông,18484200.00,,,1,1,2.0,9d7ac98a,cd8779da,115,4,68,1110458702_384026154_2_25_0,1110458702,384026154,2,25,,2.0,,False,Bao bữa sáng & bữa tối,"Hủy miễn phí trước 18 tháng 11, 2026",Không cần thanh toán trước - thanh toán tại chỗ nghỉ,,,price_attr
3,hilton-saigon,2026-11-18,69,Suite Deluxe Ở Góc Có Giường Cỡ King Nhìn Ra Sông,13494600.00,,,1,0,2.0,9d7ac98a,42ee661d,114,2,69,1110458702_384026274_1_41_0,1110458702,384026274,1,41,,1.0,Chỉ dành cho 1 khách,True,Bao gồm bữa sáng tuyệt vời,Không hoàn tiền,• Thanh toán cho chỗ nghỉ trước khi đến,,,price_attr
3,hilton-saigon,2026-11-18,70,Suite Deluxe Ở Góc Có Giường Cỡ King Nhìn Ra Sông,14175000.00,,,1,1,2.0,9d7ac98a,cd8779da,115,4,70,1110458702_384026154_1_41_0,1110458702,384026154,1,41,,1.0,Chỉ dành cho 1 khách,True,Bao gồm bữa sáng tuyệt vời,"Hủy miễn phí trước 18 tháng 11, 2026",Không cần thanh toán trước - thanh toán tại chỗ nghỉ,,,price_attr
3,hilton-saigon,2026-11-18,71,Suite Deluxe Ở Góc Có Giường Cỡ King Nhìn Ra Sông,15989400.00,,,1,1,2.0,9d7ac98a,cd8779da,115,4,71,1110458702_384026154_1_25_0,1110458702,384026154,1,25,,1.0,Chỉ dành cho 1 khách,True,Bao bữa sáng & bữa tối,"Hủy miễn phí trước 18 tháng 11, 2026",Không cần thanh toán trước - thanh toán tại chỗ nghỉ,,,price_attr
3,hilton-saigon,2026-11-18,72,Suite 1 Phòng Ngủ Có Giường Cỡ King Và Tầm Nhìn Ra Sông,15513120.00,,,0,0,2.0,fec3ef7e,1b6f0e44,133,1,72,1110458707_384026274_2_42_0,1110458707,384026274,2,42,,2.0,,False,Bữa sáng Tuyệt vời - VND 924.000,Không hoàn tiền,• Thanh toán cho chỗ nghỉ trước khi đến,,,price_attr
3,hilton-saigon,2026-11-18,73,Suite 1 Phòng Ngủ Có Giường Cỡ King Và Tầm Nhìn Ra Sông,16329600.00,,,0,1,2.0,fec3ef7e,00b92f19,132,1,73,1110458707_384026154_2_42_0,1110458707,384026154,2,42,,2.0,,False,Bữa sáng Tuyệt vời - VND 924.000,"Hủy miễn phí trước 18 tháng 11, 2026",Không cần thanh toán trước - thanh toán tại chỗ nghỉ,,,price_attr
3,hilton-saigon,2026-11-18,74,Suite 1 Phòng Ngủ Có Giường Cỡ King Và Tầm Nhìn Ra Sông,16896600.00,,,1,0,2.0,fec3ef7e,42ee661d,134,2,74,1110458707_384026274_2_41_0,1110458707,384026274,2,41,,2.0,,False,Bao gồm bữa sáng tuyệt vời,Không hoàn tiền,• Thanh toán cho chỗ nghỉ trước khi đến,,,price_attr
3,hilton-saigon,2026-11-18,75,Suite 1 Phòng Ngủ Có Giường Cỡ King Và Tầm Nhìn Ra Sông,17690400.00,,,1,1,2.0,fec3ef7e,cd8779da,135,4,75,1110458707_384026154_2_41_0,1110458707,384026154,2,41,,2.0,,False,Bao gồm bữa sáng tuyệt vời,"Hủy miễn phí trước 18 tháng 11, 2026",Không cần thanh toán trước - thanh toán tại chỗ nghỉ,,,price_attr
3,hilton-saigon,2026-11-18,76,Suite 1 Phòng Ngủ Có Giường Cỡ King Và Tầm Nhìn Ra Sông,21319200.00,,,1,1,2.0,fec3ef7e,cd8779da,135,4,76,1110458707_384026154_2_25_0,1110458707,384026154,2,25,,2.0,,False,Bao bữa sáng & bữa tối,"Hủy miễn phí trước 18 tháng 11, 2026",Không cần thanh toán trước - thanh toán tại chỗ nghỉ,,,price_attr
3,hilton-saigon,2026-11-18,77,Suite 1 Phòng Ngủ Có Giường Cỡ King Và Tầm Nhìn Ra Sông,16216200.00,,,1,0,2.0,fec3ef7e,42ee661d,134,2,77,1110458707_384026274_1_41_0,1110458707,384026274,1,41,,1.0,Chỉ dành cho 1 khách,True,Bao gồm bữa sáng tuyệt vời,Không hoàn tiền,• Thanh toán cho chỗ nghỉ trước khi đến,,,price_attr
3,hilton-saigon,2026-11-18,78,Suite 1 Phòng Ngủ Có Giường Cỡ King Và Tầm Nhìn Ra Sông,17010000.00,,,1,1,2.0,fec3ef7e,cd8779da,135,4,78,1110458707_384026154_1_41_0,1110458707,384026154,1,41,,1.0,Chỉ dành cho 1 khách,True,Bao gồm bữa sáng tuyệt vời,"Hủy miễn phí trước 18 tháng 11, 2026",Không cần thanh toán trước - thanh toán tại chỗ nghỉ,,,price_attr
3,hilton-saigon,2026-11-18,79,Suite 1 Phòng Ngủ Có Giường Cỡ King Và Tầm Nhìn Ra Sông,18824400.00,,,1,1,2.0,fec3ef7e,cd8779da,135,4,79,1110458707_384026154_1_25_0,1110458707,384026154,1,25,,1.0,Chỉ dành cho 1 khách,True,Bao bữa sáng & bữa tối,"Hủy miễn phí trước 18 tháng 11, 2026",Không cần thanh toán trước - thanh toán tại chỗ nghỉ,,,price_attr
3,hilton-saigon,2026-11-18,80,Suite Premium Có Giường Cỡ King Nhìn Ra Sông,25101090.00,,,0,0,2.0,d22f9795,1b6f0e44,121,1,80,1110458708_384026274_2_42_0,1110458708,384026274,2,42,,2.0,,False,Bữa sáng Tuyệt vời - VND 924.000,Không hoàn tiền,• Thanh toán cho chỗ nghỉ trước khi đến,,,price_attr
3,hilton-saigon,2026-11-18,81,Suite Premium Có Giường Cỡ King Nhìn Ra Sông,26422200.00,,,0,1,2.0,d22f9795,00b92f19,120,1,81,1110458708_384026154_2_42_0,1110458708,384026154,2,42,,2.0,,False,Bữa sáng Tuyệt vời - VND 924.000,"Hủy miễn phí trước 18 tháng 11, 2026",Không cần thanh toán trước - thanh toán tại chỗ nghỉ,,,price_attr
3,hilton-saigon,2026-11-18,82,Suite Premium Có Giường Cỡ King Nhìn Ra Sông,26478900.00,,,1,0,2.0,d22f9795,42ee661d,122,2,82,1110458708_384026274_2_41_0,1110458708,384026274,2,41,,2.0,,False,Bao gồm bữa sáng tuyệt vời,Không hoàn tiền,• Thanh toán cho chỗ nghỉ trước khi đến,,,price_attr
3,hilton-saigon,2026-11-18,83,Suite Premium Có Giường Cỡ King Nhìn Ra Sông,27783000.00,,,1,1,2.0,d22f9795,cd8779da,123,4,83,1110458708_384026154_2_41_0,1110458708,384026154,2,41,,2.0,,False,Bao gồm bữa sáng tuyệt vời,"Hủy miễn phí trước 18 tháng 11, 2026",Không cần thanh toán trước - thanh toán tại chỗ nghỉ,,,price_attr
3,hilton-saigon,2026-11-18,84,Suite Premium Có Giường Cỡ King Nhìn Ra Sông,31411800.00,,,1,1,2.0,d22f9795,cd8779da,123,4,84,1110458708_384026154_2_25_0,1110458708,384026154,2,25,,2.0,,False,Bao bữa sáng & bữa tối,"Hủy miễn phí trước 18 tháng 11, 2026",Không cần thanh toán trước - thanh toán tại chỗ nghỉ,,,price_attr
3,hilton-saigon,2026-11-18,85,Suite Premium Có Giường Cỡ King Nhìn Ra Sông,25798500.00,,,1,0,2.0,d22f9795,42ee661d,122,2,85,1110458708_384026274_1_41_0,1110458708,384026274,1,41,,1.0,Chỉ dành cho 1 khách,True,Bao gồm bữa sáng tuyệt vời,Không hoàn tiền,• Thanh toán cho chỗ nghỉ trước khi đến,,,price_attr
3,hilton-saigon,2026-11-18,86,Suite Premium Có Giường Cỡ King Nhìn Ra Sông,27102600.00,,,1,1,2.0,d22f9795,cd8779da,123,4,86,1110458708_384026154_1_41_0,1110458708,384026154,1,41,,1.0,Chỉ dành cho 1 khách,True,Bao gồm bữa sáng tuyệt vời,"Hủy miễn phí trước 18 tháng 11, 2026",Không cần thanh toán trước - thanh toán tại chỗ nghỉ,,,price_attr
3,hilton-saigon,2026-11-18,87,Suite Premium Có Giường Cỡ King Nhìn Ra Sông,28917000.00,,,1,1,2.0,d22f9795,cd8779da,123,4,87,1110458708_384026154_1_25_0,1110458708,384026154,1,25,,1.0,Chỉ dành cho 1 khách,True,Bao bữa sáng & bữa tối,"Hủy miễn phí trước 18 tháng 11, 2026",Không cần thanh toán trước - thanh toán tại chỗ nghỉ,,,price_attr
4,the-myst-dong-khoi,2026-10-01,0,Phòng Saigon Giường Đôi Có Ban Công,6649000.00,10900000.00,39.00,0,1,2.0,de064056,11e08178,151,1,1,206690402_363982880_0_2_0,206690402,363982880,0,2,,2.0,,False,Bữa sáng Tuyệt hảo - VND 700.000,"Hủy miễn phí trước 26 tháng 9, 2026",• Thanh toán cho chỗ nghỉ trước khi đến,,Tiết kiệm 39%,price_attr
4,the-myst-dong-khoi,2026-10-01,1,Phòng Saigon Giường Đôi Có Ban Công,7390333.00,12115300.00,39.00,1,0,2.0,de064056,42ee661d,152,2,2,206690402_121939302_0_1_0,206690402,121939302,0,1,,2.0,,False,Bao gồm bữa sáng tuyệt hảo,Không hoàn tiền,• Thanh toán cho chỗ nghỉ trước khi đến,,Tiết kiệm 39%,price_attr
4,the-myst-dong-khoi,2026-10-01,2,Phòng Saigon Giường Đôi Có Ban Công,7618900.00,12490000.00,39.00,1,1,2.0,de064056,a6ea5df8,153,2,3,206690402_363982880_0_1_0,206690402,363982880,0,1,,2.0,,False,Bao gồm bữa sáng tuyệt hảo,"Hủy miễn phí trước 26 tháng 9, 2026",• Thanh toán cho chỗ nghỉ trước khi đến,,Tiết kiệm 39%,price_attr
4,the-myst-dong-khoi,2026-10-01,3,Phòng Saigon Giường Đôi Có Ban Công,6908433.00,11325300.00,39.00,1,0,2.0,de064056,42ee661d,152,2,4,206690402_121939302_1_1_0,206690402,121939302,1,1,,1.0,Chỉ dành cho 1 khách,True,Bao gồm bữa sáng tuyệt hảo,Không hoàn tiền,• Thanh toán cho chỗ nghỉ trước khi đến,,Tiết kiệm 39%,price_attr
4,the-myst-dong-khoi,2026-10-01,4,Phòng Saigon Giường Đôi Có Ban Công,7173600.00,11760000.00,39.00,1,1,2.0,de064056,a6ea5df8,153,2,5,206690402_363982880_1_1_0,206690402,363982880,1,1,,1.0,Chỉ dành cho 1 khách,True,Bao gồm bữa sáng tuyệt hảo,"Hủy miễn phí trước 26 tháng 9, 2026",• Thanh toán cho chỗ nghỉ trước khi đến,,Tiết kiệm 39%,price_attr
4,the-myst-dong-khoi,2026-10-01,5,Phòng Saigon 2 Giường Đơn Có Ban Công,6649000.00,10900000.00,39.00,0,1,2.0,baf23c40,11e08178,145,1,6,206690418_363982880_0_2_0,206690418,363982880,0,2,,2.0,,False,Bữa sáng Tuyệt hảo - VND 700.000,"Hủy miễn phí trước 26 tháng 9, 2026",• Thanh toán cho chỗ nghỉ trước khi đến,,Tiết kiệm 39%,price_attr
4,the-myst-dong-khoi,2026-10-01,6,Phòng Saigon 2 Giường Đơn Có Ban Công,7390333.00,12115300.00,39.00,1,0,2.0,baf23c40,42ee661d,146,2,7,206690418_121939302_0_1_0,206690418,121939302,0,1,,2.0,,False,Bao gồm bữa sáng tuyệt hảo,Không hoàn tiền,• Thanh toán cho chỗ nghỉ trước khi đến,,Tiết kiệm 39%,price_attr
4,the-myst-dong-khoi,2026-10-01,7,Phòng Saigon 2 Giường Đơn Có Ban Công,7618900.00,12490000.00,39.00,1,1,2.0,baf23c40,a6ea5df8,147,2,8,206690418_363982880_0_1_0,206690418,363982880,0,1,,2.0,,False,Bao gồm bữa sáng tuyệt hảo,"Hủy miễn phí trước 26 tháng 9, 2026",• Thanh toán cho chỗ nghỉ trước khi đến,,Tiết kiệm 39%,price_attr
4,the-myst-dong-khoi,2026-10-01,8,Phòng Saigon 2 Giường Đơn Có Ban Công,6908433.00,11325300.00,39.00,1,0,2.0,baf23c40,42ee661d,146,2,9,206690418_121939302_1_1_0,206690418,121939302,1,1,,1.0,Chỉ dành cho 1 khách,True,Bao gồm bữa sáng tuyệt hảo,Không hoàn tiền,• Thanh toán cho chỗ nghỉ trước khi đến,,Tiết kiệm 39%,price_attr
4,the-myst-dong-khoi,2026-10-01,9,Phòng Saigon 2 Giường Đơn Có Ban Công,7173600.00,11760000.00,39.00,1,1,2.0,baf23c40,a6ea5df8,147,2,10,206690418_363982880_1_1_0,206690418,363982880,1,1,,1.0,Chỉ dành cho 1 khách,True,Bao gồm bữa sáng tuyệt hảo,"Hủy miễn phí trước 26 tháng 9, 2026",• Thanh toán cho chỗ nghỉ trước khi đến,,Tiết kiệm 39%,price_attr
4,the-myst-dong-khoi,2026-10-01,10,Phòng Verdant Calm Giường Đôi,6716400.00,11580000.00,42.00,0,1,2.0,843f96e9,11e08178,142,1,11,206690403_363982880_0_2_0,206690403,363982880,0,2,,2.0,,False,Bữa sáng Tuyệt hảo - VND 700.000,"Hủy miễn phí trước 26 tháng 9, 2026",• Thanh toán cho chỗ nghỉ trước khi đến,,Tiết kiệm 42% | Ưu Đãi Cuối Năm,price_attr
4,the-myst-dong-khoi,2026-10-01,11,Phòng Verdant Calm Giường Đôi,7409442.00,12774900.00,42.00,1,0,2.0,843f96e9,42ee661d,143,2,12,206690403_121939302_0_1_0,206690403,121939302,0,1,,2.0,,False,Bao gồm bữa sáng tuyệt hảo,Không hoàn tiền,• Thanh toán cho chỗ nghỉ trước khi đến,,Tiết kiệm 42% | Ưu Đãi Cuối Năm,price_attr
4,the-myst-dong-khoi,2026-10-01,12,Phòng Verdant Calm Giường Đôi,7638600.00,13170000.00,42.00,1,1,2.0,843f96e9,a6ea5df8,144,2,13,206690403_363982880_0_1_0,206690403,363982880,0,1,,2.0,,False,Bao gồm bữa sáng tuyệt hảo,"Hủy miễn phí trước 26 tháng 9, 2026",• Thanh toán cho chỗ nghỉ trước khi đến,,Tiết kiệm 42% | Ưu Đãi Cuối Năm,price_attr
4,the-myst-dong-khoi,2026-10-01,13,Phòng Verdant Calm Giường Đôi,6951242.00,11984900.00,42.00,1,0,2.0,843f96e9,42ee661d,143,2,14,206690403_121939302_1_1_0,206690403,121939302,1,1,,1.0,Chỉ dành cho 1 khách,True,Bao gồm bữa sáng tuyệt hảo,Không hoàn tiền,• Thanh toán cho chỗ nghỉ trước khi đến,,Tiết kiệm 42% | Ưu Đãi Cuối Năm,price_attr
4,the-myst-dong-khoi,2026-10-01,14,Phòng Verdant Calm Giường Đôi,7215200.00,12440000.00,42.00,1,1,2.0,843f96e9,a6ea5df8,144,2,15,206690403_363982880_1_1_0,206690403,363982880,1,1,,1.0,Chỉ dành cho 1 khách,True,Bao gồm bữa sáng tuyệt hảo,"Hủy miễn phí trước 26 tháng 9, 2026",• Thanh toán cho chỗ nghỉ trước khi đến,,Tiết kiệm 42% | Ưu Đãi Cuối Năm,price_attr
4,the-myst-dong-khoi,2026-10-01,15,Phòng Serene Giường Đôi Ở Góc Có Ban Công,7110800.00,12260000.00,42.00,0,1,2.0,39d8820c,11e08178,139,1,16,206690404_363982880_0_2_0,206690404,363982880,0,2,,2.0,,False,Bữa sáng Tuyệt hảo - VND 700.000,"Hủy miễn phí trước 26 tháng 9, 2026",• Thanh toán cho chỗ nghỉ trước khi đến,,Tiết kiệm 42% | Ưu Đãi Cuối Năm,price_attr
4,the-myst-dong-khoi,2026-10-01,16,Phòng Serene Giường Đôi Ở Góc Có Ban Công,7792010.00,13434500.00,42.00,1,0,2.0,39d8820c,42ee661d,140,2,17,206690404_121939302_0_1_0,206690404,121939302,0,1,,2.0,,False,Bao gồm bữa sáng tuyệt hảo,Không hoàn tiền,• Thanh toán cho chỗ nghỉ trước khi đến,,Tiết kiệm 42% | Ưu Đãi Cuối Năm,price_attr
4,the-myst-dong-khoi,2026-10-01,17,Phòng Serene Giường Đôi Ở Góc Có Ban Công,8033000.00,13850000.00,42.00,1,1,2.0,39d8820c,a6ea5df8,141,2,18,206690404_363982880_0_1_0,206690404,363982880,0,1,,2.0,,False,Bao gồm bữa sáng tuyệt hảo,"Hủy miễn phí trước 26 tháng 9, 2026",• Thanh toán cho chỗ nghỉ trước khi đến,,Tiết kiệm 42% | Ưu Đãi Cuối Năm,price_attr
4,the-myst-dong-khoi,2026-10-01,18,Phòng Serene Giường Đôi Ở Góc Có Ban Công,7333810.00,12644500.00,42.00,1,0,2.0,39d8820c,42ee661d,140,2,19,206690404_121939302_1_1_0,206690404,121939302,1,1,,1.0,Chỉ dành cho 1 khách,True,Bao gồm bữa sáng tuyệt hảo,Không hoàn tiền,• Thanh toán cho chỗ nghỉ trước khi đến,,Tiết kiệm 42% | Ưu Đãi Cuối Năm,price_attr
4,the-myst-dong-khoi,2026-10-01,19,Phòng Serene Giường Đôi Ở Góc Có Ban Công,7609600.00,13120000.00,42.00,1,1,2.0,39d8820c,a6ea5df8,141,2,20,206690404_363982880_1_1_0,206690404,363982880,1,1,,1.0,Chỉ dành cho 1 khách,True,Bao gồm bữa sáng tuyệt hảo,"Hủy miễn phí trước 26 tháng 9, 2026",• Thanh toán cho chỗ nghỉ trước khi đến,,Tiết kiệm 42% | Ưu Đãi Cuối Năm,price_attr
4,the-myst-dong-khoi,2026-10-01,20,Phòng Serene 2 Giường Đơn Ở Góc Có Ban Công,7110800.00,12260000.00,42.00,0,1,2.0,c5bdd96f,11e08178,148,1,21,206690419_363982880_0_2_0,206690419,363982880,0,2,,2.0,,False,Bữa sáng Tuyệt hảo - VND 700.000,"Hủy miễn phí trước 26 tháng 9, 2026",• Thanh toán cho chỗ nghỉ trước khi đến,,Tiết kiệm 42% | Ưu Đãi Cuối Năm,price_attr
4,the-myst-dong-khoi,2026-10-01,21,Phòng Serene 2 Giường Đơn Ở Góc Có Ban Công,7792010.00,13434500.00,42.00,1,0,2.0,c5bdd96f,42ee661d,149,2,22,206690419_121939302_0_1_0,206690419,121939302,0,1,,2.0,,False,Bao gồm bữa sáng tuyệt hảo,Không hoàn tiền,• Thanh toán cho chỗ nghỉ trước khi đến,,Tiết kiệm 42% | Ưu Đãi Cuối Năm,price_attr
4,the-myst-dong-khoi,2026-10-01,22,Phòng Serene 2 Giường Đơn Ở Góc Có Ban Công,8033000.00,13850000.00,42.00,1,1,2.0,c5bdd96f,a6ea5df8,150,2,23,206690419_363982880_0_1_0,206690419,363982880,0,1,,2.0,,False,Bao gồm bữa sáng tuyệt hảo,"Hủy miễn phí trước 26 tháng 9, 2026",• Thanh toán cho chỗ nghỉ trước khi đến,,Tiết kiệm 42% | Ưu Đãi Cuối Năm,price_attr
4,the-myst-dong-khoi,2026-10-01,23,Phòng Serene 2 Giường Đơn Ở Góc Có Ban Công,7333810.00,12644500.00,42.00,1,0,2.0,c5bdd96f,42ee661d,149,2,24,206690419_121939302_1_1_0,206690419,121939302,1,1,,1.0,Chỉ dành cho 1 khách,True,Bao gồm bữa sáng tuyệt hảo,Không hoàn tiền,• Thanh toán cho chỗ nghỉ trước khi đến,,Tiết kiệm 42% | Ưu Đãi Cuối Năm,price_attr
4,the-myst-dong-khoi,2026-10-01,24,Phòng Serene 2 Giường Đơn Ở Góc Có Ban Công,7609600.00,13120000.00,42.00,1,1,2.0,c5bdd96f,a6ea5df8,150,2,25,206690419_363982880_1_1_0,206690419,363982880,1,1,,1.0,Chỉ dành cho 1 khách,True,Bao gồm bữa sáng tuyệt hảo,"Hủy miễn phí trước 26 tháng 9, 2026",• Thanh toán cho chỗ nghỉ trước khi đến,,Tiết kiệm 42% | Ưu Đãi Cuối Năm,price_attr
4,the-myst-dong-khoi,2026-10-01,25,Suite Saigon Signature Có Ban Công,7563200.00,13040000.00,42.00,0,1,2.0,114a70e3,11e08178,136,1,26,206690405_363982880_0_2_0,206690405,363982880,0,2,,2.0,,False,Bữa sáng Tuyệt hảo - VND 700.000,"Hủy miễn phí trước 26 tháng 9, 2026",• Thanh toán cho chỗ nghỉ trước khi đến,,Tiết kiệm 42% | Ưu Đãi Cuối Năm,price_attr
4,the-myst-dong-khoi,2026-10-01,26,Suite Saigon Signature Có Ban Công,8230838.00,14191100.00,42.00,1,0,2.0,114a70e3,42ee661d,137,2,27,206690405_121939302_0_1_0,206690405,121939302,0,1,,2.0,,False,Bao gồm bữa sáng tuyệt hảo,Không hoàn tiền,• Thanh toán cho chỗ nghỉ trước khi đến,,Tiết kiệm 42% | Ưu Đãi Cuối Năm,price_attr
4,the-myst-dong-khoi,2026-10-01,27,Suite Saigon Signature Có Ban Công,8485400.00,14630000.00,42.00,1,1,2.0,114a70e3,a6ea5df8,138,2,28,206690405_363982880_0_1_0,206690405,363982880,0,1,,2.0,,False,Bao gồm bữa sáng tuyệt hảo,"Hủy miễn phí trước 26 tháng 9, 2026",• Thanh toán cho chỗ nghỉ trước khi đến,,Tiết kiệm 42% | Ưu Đãi Cuối Năm,price_attr
4,the-myst-dong-khoi,2026-10-01,28,Suite Saigon Signature Có Ban Công,7772638.00,13401100.00,42.00,1,0,2.0,114a70e3,42ee661d,137,2,29,206690405_121939302_1_1_0,206690405,121939302,1,1,,1.0,Chỉ dành cho 1 khách,True,Bao gồm bữa sáng tuyệt hảo,Không hoàn tiền,• Thanh toán cho chỗ nghỉ trước khi đến,,Tiết kiệm 42% | Ưu Đãi Cuối Năm,price_attr
4,the-myst-dong-khoi,2026-10-01,29,Suite Saigon Signature Có Ban Công,8079400.00,13930000.00,42.00,1,1,2.0,114a70e3,a6ea5df8,138,2,30,206690405_363982880_1_1_0,206690405,363982880,1,1,,1.0,Chỉ dành cho 1 khách,True,Bao gồm bữa sáng tuyệt hảo,"Hủy miễn phí trước 26 tháng 9, 2026",• Thanh toán cho chỗ nghỉ trước khi đến,,Tiết kiệm 42% | Ưu Đãi Cuối Năm,price_attr
5,the-myst-dong-khoi,2026-10-11,0,Phòng Saigon Giường Đôi Có Ban Công,6533100.00,10710000.00,39.00,0,1,2.0,de064056,c3a27f54,179,1,1,206690402_363982880_0_2_0,206690402,363982880,0,2,,2.0,,False,Bữa sáng Tuyệt hảo - VND 700.000,"Hủy miễn phí trước 6 tháng 10, 2026",• Thanh toán cho chỗ nghỉ trước khi đến,,Tiết kiệm 39%,price_attr
5,the-myst-dong-khoi,2026-10-11,1,Phòng Saigon Giường Đôi Có Ban Công,7277910.00,11931000.00,39.00,1,0,2.0,de064056,42ee661d,177,2,2,206690402_121939302_0_1_0,206690402,121939302,0,1,,2.0,,False,Bao gồm bữa sáng tuyệt hảo,Không hoàn tiền,• Thanh toán cho chỗ nghỉ trước khi đến,,Tiết kiệm 39%,price_attr
5,the-myst-dong-khoi,2026-10-11,2,Phòng Saigon Giường Đôi Có Ban Công,7503000.00,12300000.00,39.00,1,1,2.0,de064056,9aa798b1,178,2,3,206690402_363982880_0_1_0,206690402,363982880,0,1,,2.0,,False,Bao gồm bữa sáng tuyệt hảo,"Hủy miễn phí trước 6 tháng 10, 2026",• Thanh toán cho chỗ nghỉ trước khi đến,,Tiết kiệm 39%,price_attr
5,the-myst-dong-khoi,2026-10-11,3,Phòng Saigon Giường Đôi Có Ban Công,6796010.00,11141000.00,39.00,1,0,2.0,de064056,42ee661d,177,2,4,206690402_121939302_1_1_0,206690402,121939302,1,1,,1.0,Chỉ dành cho 1 khách,True,Bao gồm bữa sáng tuyệt hảo,Không hoàn tiền,• Thanh toán cho chỗ nghỉ trước khi đến,,Tiết kiệm 39%,price_attr
5,the-myst-dong-khoi,2026-10-11,4,Phòng Saigon Giường Đôi Có Ban Công,7057700.00,11570000.00,39.00,1,1,2.0,de064056,9aa798b1,178,2,5,206690402_363982880_1_1_0,206690402,363982880,1,1,,1.0,Chỉ dành cho 1 khách,True,Bao gồm bữa sáng tuyệt hảo,"Hủy miễn phí trước 6 tháng 10, 2026",• Thanh toán cho chỗ nghỉ trước khi đến,,Tiết kiệm 39%,price_attr
5,the-myst-dong-khoi,2026-10-11,5,Phòng Dong Khoi Giường Đôi Có Ban Công,6179300.00,10130000.00,39.00,0,1,2.0,d0cb589e,c3a27f54,176,1,6,206690401_363982880_0_2_0,206690401,363982880,0,2,,2.0,,False,Bữa sáng Tuyệt hảo - VND 700.000,"Hủy miễn phí trước 6 tháng 10, 2026",• Thanh toán cho chỗ nghỉ trước khi đến,,Tiết kiệm 39%,price_attr
5,the-myst-dong-khoi,2026-10-11,6,Phòng Dong Khoi Giường Đôi Có Ban Công,6934724.00,11368400.00,39.00,1,0,2.0,d0cb589e,42ee661d,174,2,7,206690401_121939302_0_1_0,206690401,121939302,0,1,,2.0,,False,Bao gồm bữa sáng tuyệt hảo,Không hoàn tiền,• Thanh toán cho chỗ nghỉ trước khi đến,,Tiết kiệm 39%,price_attr
5,the-myst-dong-khoi,2026-10-11,7,Phòng Dong Khoi Giường Đôi Có Ban Công,7149200.00,11720000.00,39.00,1,1,2.0,d0cb589e,9aa798b1,175,2,8,206690401_363982880_0_1_0,206690401,363982880,0,1,,2.0,,False,Bao gồm bữa sáng tuyệt hảo,"Hủy miễn phí trước 6 tháng 10, 2026",• Thanh toán cho chỗ nghỉ trước khi đến,,Tiết kiệm 39%,price_attr
5,the-myst-dong-khoi,2026-10-11,8,Phòng Dong Khoi Giường Đôi Có Ban Công,6452824.00,10578400.00,39.00,1,0,2.0,d0cb589e,42ee661d,174,2,9,206690401_121939302_1_1_0,206690401,121939302,1,1,,1.0,Chỉ dành cho 1 khách,True,Bao gồm bữa sáng tuyệt hảo,Không hoàn tiền,• Thanh toán cho chỗ nghỉ trước khi đến,,Tiết kiệm 39%,price_attr
5,the-myst-dong-khoi,2026-10-11,9,Phòng Dong Khoi Giường Đôi Có Ban Công,6722200.00,11020000.00,39.00,1,1,2.0,d0cb589e,9aa798b1,175,2,10,206690401_363982880_1_1_0,206690401,363982880,1,1,,1.0,Chỉ dành cho 1 khách,True,Bao gồm bữa sáng tuyệt hảo,"Hủy miễn phí trước 6 tháng 10, 2026",• Thanh toán cho chỗ nghỉ trước khi đến,,Tiết kiệm 39%,price_attr
5,the-myst-dong-khoi,2026-10-11,10,Phòng Dong Khoi 2 Giường Đơn Có Ban Công,6179300.00,10130000.00,39.00,0,1,2.0,ac5a7917,c3a27f54,167,1,11,206690417_363982880_0_2_0,206690417,363982880,0,2,,2.0,,False,Bữa sáng Tuyệt hảo - VND 700.000,"Hủy miễn phí trước 6 tháng 10, 2026",• Thanh toán cho chỗ nghỉ trước khi đến,,Tiết kiệm 39%,price_attr
5,the-myst-dong-khoi,2026-10-11,11,Phòng Dong Khoi 2 Giường Đơn Có Ban Công,6934724.00,11368400.00,39.00,1,0,2.0,ac5a7917,42ee661d,165,2,12,206690417_121939302_0_1_0,206690417,121939302,0,1,,2.0,,False,Bao gồm bữa sáng tuyệt hảo,Không hoàn tiền,• Thanh toán cho chỗ nghỉ trước khi đến,,Tiết kiệm 39%,price_attr
5,the-myst-dong-khoi,2026-10-11,12,Phòng Dong Khoi 2 Giường Đơn Có Ban Công,7149200.00,11720000.00,39.00,1,1,2.0,ac5a7917,9aa798b1,166,2,13,206690417_363982880_0_1_0,206690417,363982880,0,1,,2.0,,False,Bao gồm bữa sáng tuyệt hảo,"Hủy miễn phí trước 6 tháng 10, 2026",• Thanh toán cho chỗ nghỉ trước khi đến,,Tiết kiệm 39%,price_attr
5,the-myst-dong-khoi,2026-10-11,13,Phòng Dong Khoi 2 Giường Đơn Có Ban Công,6452824.00,10578400.00,39.00,1,0,2.0,ac5a7917,42ee661d,165,2,14,206690417_121939302_1_1_0,206690417,121939302,1,1,,1.0,Chỉ dành cho 1 khách,True,Bao gồm bữa sáng tuyệt hảo,Không hoàn tiền,• Thanh toán cho chỗ nghỉ trước khi đến,,Tiết kiệm 39%,price_attr
5,the-myst-dong-khoi,2026-10-11,14,Phòng Dong Khoi 2 Giường Đơn Có Ban Công,6703900.00,10990000.00,39.00,1,1,2.0,ac5a7917,9aa798b1,166,2,15,206690417_363982880_1_1_0,206690417,363982880,1,1,,1.0,Chỉ dành cho 1 khách,True,Bao gồm bữa sáng tuyệt hảo,"Hủy miễn phí trước 6 tháng 10, 2026",• Thanh toán cho chỗ nghỉ trước khi đến,,Tiết kiệm 39%,price_attr
5,the-myst-dong-khoi,2026-10-11,15,Phòng Saigon 2 Giường Đơn Có Ban Công,6533100.00,10710000.00,39.00,0,1,2.0,baf23c40,c3a27f54,170,1,16,206690418_363982880_0_2_0,206690418,363982880,0,2,,2.0,,False,Bữa sáng Tuyệt hảo - VND 700.000,"Hủy miễn phí trước 6 tháng 10, 2026",• Thanh toán cho chỗ nghỉ trước khi đến,,Tiết kiệm 39%,price_attr
5,the-myst-dong-khoi,2026-10-11,16,Phòng Saigon 2 Giường Đơn Có Ban Công,7277910.00,11931000.00,39.00,1,0,2.0,baf23c40,42ee661d,168,2,17,206690418_121939302_0_1_0,206690418,121939302,0,1,,2.0,,False,Bao gồm bữa sáng tuyệt hảo,Không hoàn tiền,• Thanh toán cho chỗ nghỉ trước khi đến,,Tiết kiệm 39%,price_attr
5,the-myst-dong-khoi,2026-10-11,17,Phòng Saigon 2 Giường Đơn Có Ban Công,7503000.00,12300000.00,39.00,1,1,2.0,baf23c40,9aa798b1,169,2,18,206690418_363982880_0_1_0,206690418,363982880,0,1,,2.0,,False,Bao gồm bữa sáng tuyệt hảo,"Hủy miễn phí trước 6 tháng 10, 2026",• Thanh toán cho chỗ nghỉ trước khi đến,,Tiết kiệm 39%,price_attr
5,the-myst-dong-khoi,2026-10-11,18,Phòng Saigon 2 Giường Đơn Có Ban Công,6796010.00,11141000.00,39.00,1,0,2.0,baf23c40,42ee661d,168,2,19,206690418_121939302_1_1_0,206690418,121939302,1,1,,1.0,Chỉ dành cho 1 khách,True,Bao gồm bữa sáng tuyệt hảo,Không hoàn tiền,• Thanh toán cho chỗ nghỉ trước khi đến,,Tiết kiệm 39%,price_attr
5,the-myst-dong-khoi,2026-10-11,19,Phòng Saigon 2 Giường Đơn Có Ban Công,7057700.00,11570000.00,39.00,1,1,2.0,baf23c40,9aa798b1,169,2,20,206690418_363982880_1_1_0,206690418,363982880,1,1,,1.0,Chỉ dành cho 1 khách,True,Bao gồm bữa sáng tuyệt hảo,"Hủy miễn phí trước 6 tháng 10, 2026",• Thanh toán cho chỗ nghỉ trước khi đến,,Tiết kiệm 39%,price_attr
5,the-myst-dong-khoi,2026-10-11,20,Phòng Verdant Calm Giường Đôi,6606200.00,11390000.00,42.00,0,1,2.0,843f96e9,c3a27f54,164,1,21,206690403_363982880_0_2_0,206690403,363982880,0,2,,2.0,,False,Bữa sáng Tuyệt hảo - VND 700.000,"Hủy miễn phí trước 6 tháng 10, 2026",• Thanh toán cho chỗ nghỉ trước khi đến,,Tiết kiệm 42% | Ưu Đãi Cuối Năm,price_attr
5,the-myst-dong-khoi,2026-10-11,21,Phòng Verdant Calm Giường Đôi,7302548.00,12590600.00,42.00,1,0,2.0,843f96e9,42ee661d,162,2,22,206690403_121939302_0_1_0,206690403,121939302,0,1,,2.0,,False,Bao gồm bữa sáng tuyệt hảo,Không hoàn tiền,• Thanh toán cho chỗ nghỉ trước khi đến,,Tiết kiệm 42% | Ưu Đãi Cuối Năm,price_attr
5,the-myst-dong-khoi,2026-10-11,22,Phòng Verdant Calm Giường Đôi,7528400.00,12980000.00,42.00,1,1,2.0,843f96e9,9aa798b1,163,2,23,206690403_363982880_0_1_0,206690403,363982880,0,1,,2.0,,False,Bao gồm bữa sáng tuyệt hảo,"Hủy miễn phí trước 6 tháng 10, 2026",• Thanh toán cho chỗ nghỉ trước khi đến,,Tiết kiệm 42% | Ưu Đãi Cuối Năm,price_attr
5,the-myst-dong-khoi,2026-10-11,23,Phòng Verdant Calm Giường Đôi,6844348.00,11800600.00,42.00,1,0,2.0,843f96e9,42ee661d,162,2,24,206690403_121939302_1_1_0,206690403,121939302,1,1,,1.0,Chỉ dành cho 1 khách,True,Bao gồm bữa sáng tuyệt hảo,Không hoàn tiền,• Thanh toán cho chỗ nghỉ trước khi đến,,Tiết kiệm 42% | Ưu Đãi Cuối Năm,price_attr
5,the-myst-dong-khoi,2026-10-11,24,Phòng Verdant Calm Giường Đôi,7105000.00,12250000.00,42.00,1,1,2.0,843f96e9,9aa798b1,163,2,25,206690403_363982880_1_1_0,206690403,363982880,1,1,,1.0,Chỉ dành cho 1 khách,True,Bao gồm bữa sáng tuyệt hảo,"Hủy miễn phí trước 6 tháng 10, 2026",• Thanh toán cho chỗ nghỉ trước khi đến,,Tiết kiệm 42% | Ưu Đãi Cuối Năm,price_attr
5,the-myst-dong-khoi,2026-10-11,25,Phòng Serene Giường Đôi Ở Góc Có Ban Công,7000600.00,12070000.00,42.00,0,1,2.0,39d8820c,c3a27f54,159,1,26,206690404_363982880_0_2_0,206690404,363982880,0,2,,2.0,,False,Bữa sáng Tuyệt hảo - VND 700.000,"Hủy miễn phí trước 6 tháng 10, 2026",• Thanh toán cho chỗ nghỉ trước khi đến,,Tiết kiệm 42% | Ưu Đãi Cuối Năm,price_attr
5,the-myst-dong-khoi,2026-10-11,26,Phòng Serene Giường Đôi Ở Góc Có Ban Công,7685116.00,13250200.00,42.00,1,0,2.0,39d8820c,42ee661d,157,2,27,206690404_121939302_0_1_0,206690404,121939302,0,1,,2.0,,False,Bao gồm bữa sáng tuyệt hảo,Không hoàn tiền,• Thanh toán cho chỗ nghỉ trước khi đến,,Tiết kiệm 42% | Ưu Đãi Cuối Năm,price_attr
5,the-myst-dong-khoi,2026-10-11,27,Phòng Serene Giường Đôi Ở Góc Có Ban Công,7922800.00,13660000.00,42.00,1,1,2.0,39d8820c,9aa798b1,158,2,28,206690404_363982880_0_1_0,206690404,363982880,0,1,,2.0,,False,Bao gồm bữa sáng tuyệt hảo,"Hủy miễn phí trước 6 tháng 10, 2026",• Thanh toán cho chỗ nghỉ trước khi đến,,Tiết kiệm 42% | Ưu Đãi Cuối Năm,price_attr
5,the-myst-dong-khoi,2026-10-11,28,Phòng Serene Giường Đôi Ở Góc Có Ban Công,7226916.00,12460200.00,42.00,1,0,2.0,39d8820c,42ee661d,157,2,29,206690404_121939302_1_1_0,206690404,121939302,1,1,,1.0,Chỉ dành cho 1 khách,True,Bao gồm bữa sáng tuyệt hảo,Không hoàn tiền,• Thanh toán cho chỗ nghỉ trước khi đến,,Tiết kiệm 42% | Ưu Đãi Cuối Năm,price_attr
5,the-myst-dong-khoi,2026-10-11,29,Phòng Serene Giường Đôi Ở Góc Có Ban Công,7499400.00,12930000.00,42.00,1,1,2.0,39d8820c,9aa798b1,158,2,30,206690404_363982880_1_1_0,206690404,363982880,1,1,,1.0,Chỉ dành cho 1 khách,True,Bao gồm bữa sáng tuyệt hảo,"Hủy miễn phí trước 6 tháng 10, 2026",• Thanh toán cho chỗ nghỉ trước khi đến,,Tiết kiệm 42% | Ưu Đãi Cuối Năm,price_attr
5,the-myst-dong-khoi,2026-10-11,30,Phòng Serene 2 Giường Đơn Ở Góc Có Ban Công,7000600.00,12070000.00,42.00,0,1,2.0,c5bdd96f,c3a27f54,173,1,31,206690419_363982880_0_2_0,206690419,363982880,0,2,,2.0,,False,Bữa sáng Tuyệt hảo - VND 700.000,"Hủy miễn phí trước 6 tháng 10, 2026",• Thanh toán cho chỗ nghỉ trước khi đến,,Tiết kiệm 42% | Ưu Đãi Cuối Năm,price_attr
5,the-myst-dong-khoi,2026-10-11,31,Phòng Serene 2 Giường Đơn Ở Góc Có Ban Công,7685116.00,13250200.00,42.00,1,0,2.0,c5bdd96f,42ee661d,171,2,32,206690419_121939302_0_1_0,206690419,121939302,0,1,,2.0,,False,Bao gồm bữa sáng tuyệt hảo,Không hoàn tiền,• Thanh toán cho chỗ nghỉ trước khi đến,,Tiết kiệm 42% | Ưu Đãi Cuối Năm,price_attr
5,the-myst-dong-khoi,2026-10-11,32,Phòng Serene 2 Giường Đơn Ở Góc Có Ban Công,7922800.00,13660000.00,42.00,1,1,2.0,c5bdd96f,9aa798b1,172,2,33,206690419_363982880_0_1_0,206690419,363982880,0,1,,2.0,,False,Bao gồm bữa sáng tuyệt hảo,"Hủy miễn phí trước 6 tháng 10, 2026",• Thanh toán cho chỗ nghỉ trước khi đến,,Tiết kiệm 42% | Ưu Đãi Cuối Năm,price_attr
5,the-myst-dong-khoi,2026-10-11,33,Phòng Serene 2 Giường Đơn Ở Góc Có Ban Công,7226916.00,12460200.00,42.00,1,0,2.0,c5bdd96f,42ee661d,171,2,34,206690419_121939302_1_1_0,206690419,121939302,1,1,,1.0,Chỉ dành cho 1 khách,True,Bao gồm bữa sáng tuyệt hảo,Không hoàn tiền,• Thanh toán cho chỗ nghỉ trước khi đến,,Tiết kiệm 42% | Ưu Đãi Cuối Năm,price_attr
5,the-myst-dong-khoi,2026-10-11,34,Phòng Serene 2 Giường Đơn Ở Góc Có Ban Công,7499400.00,12930000.00,42.00,1,1,2.0,c5bdd96f,9aa798b1,172,2,35,206690419_363982880_1_1_0,206690419,363982880,1,1,,1.0,Chỉ dành cho 1 khách,True,Bao gồm bữa sáng tuyệt hảo,"Hủy miễn phí trước 6 tháng 10, 2026",• Thanh toán cho chỗ nghỉ trước khi đến,,Tiết kiệm 42% | Ưu Đãi Cuối Năm,price_attr
5,the-myst-dong-khoi,2026-10-11,35,Suite Saigon Signature Có Ban Công,7453000.00,12850000.00,42.00,0,1,2.0,114a70e3,c3a27f54,156,1,36,206690405_363982880_0_2_0,206690405,363982880,0,2,,2.0,,False,Bữa sáng Tuyệt hảo - VND 700.000,"Hủy miễn phí trước 6 tháng 10, 2026",• Thanh toán cho chỗ nghỉ trước khi đến,,Tiết kiệm 42% | Ưu Đãi Cuối Năm,price_attr
5,the-myst-dong-khoi,2026-10-11,36,Suite Saigon Signature Có Ban Công,8123944.00,14006800.00,42.00,1,0,2.0,114a70e3,42ee661d,154,2,37,206690405_121939302_0_1_0,206690405,121939302,0,1,,2.0,,False,Bao gồm bữa sáng tuyệt hảo,Không hoàn tiền,• Thanh toán cho chỗ nghỉ trước khi đến,,Tiết kiệm 42% | Ưu Đãi Cuối Năm,price_attr
5,the-myst-dong-khoi,2026-10-11,37,Suite Saigon Signature Có Ban Công,8375200.00,14440000.00,42.00,1,1,2.0,114a70e3,9aa798b1,155,2,38,206690405_363982880_0_1_0,206690405,363982880,0,1,,2.0,,False,Bao gồm bữa sáng tuyệt hảo,"Hủy miễn phí trước 6 tháng 10, 2026",• Thanh toán cho chỗ nghỉ trước khi đến,,Tiết kiệm 42% | Ưu Đãi Cuối Năm,price_attr
5,the-myst-dong-khoi,2026-10-11,38,Suite Saigon Signature Có Ban Công,7665744.00,13216800.00,42.00,1,0,2.0,114a70e3,42ee661d,154,2,39,206690405_121939302_1_1_0,206690405,121939302,1,1,,1.0,Chỉ dành cho 1 khách,True,Bao gồm bữa sáng tuyệt hảo,Không hoàn tiền,• Thanh toán cho chỗ nghỉ trước khi đến,,Tiết kiệm 42% | Ưu Đãi Cuối Năm,price_attr
5,the-myst-dong-khoi,2026-10-11,39,Suite Saigon Signature Có Ban Công,7969200.00,13740000.00,42.00,1,1,2.0,114a70e3,9aa798b1,155,2,40,206690405_363982880_1_1_0,206690405,363982880,1,1,,1.0,Chỉ dành cho 1 khách,True,Bao gồm bữa sáng tuyệt hảo,"Hủy miễn phí trước 6 tháng 10, 2026",• Thanh toán cho chỗ nghỉ trước khi đến,,Tiết kiệm 42% | Ưu Đãi Cuối Năm,price_attr
5,the-myst-dong-khoi,2026-10-11,40,Suite Myst Có Ban Công,10852554.00,18711300.00,42.00,1,0,2.0,4b6913e5,42ee661d,160,2,41,206690421_121939302_0_1_0,206690421,121939302,0,1,,2.0,,False,Bao gồm bữa sáng tuyệt hảo,Không hoàn tiền,• Thanh toán cho chỗ nghỉ trước khi đến,,Tiết kiệm 42% | Ưu Đãi Cuối Năm,price_attr
5,the-myst-dong-khoi,2026-10-11,41,Suite Myst Có Ban Công,11188200.00,19290000.00,42.00,1,1,2.0,4b6913e5,9aa798b1,161,1,42,206690421_363982880_0_1_0,206690421,363982880,0,1,,2.0,,False,Bao gồm bữa sáng tuyệt hảo,"Hủy miễn phí trước 6 tháng 10, 2026",• Thanh toán cho chỗ nghỉ trước khi đến,,Tiết kiệm 42% | Ưu Đãi Cuối Năm,price_attr
5,the-myst-dong-khoi,2026-10-11,42,Suite Myst Có Ban Công,10394354.00,17921300.00,42.00,1,0,2.0,4b6913e5,42ee661d,160,2,43,206690421_121939302_1_1_0,206690421,121939302,1,1,,1.0,Chỉ dành cho 1 khách,True,Bao gồm bữa sáng tuyệt hảo,Không hoàn tiền,• Thanh toán cho chỗ nghỉ trước khi đến,,Tiết kiệm 42% | Ưu Đãi Cuối Năm,price_attr
6,the-myst-dong-khoi,2026-11-18,0,Phòng Dong Khoi Giường Đôi Có Ban Công,7588400.00,12440000.00,39.00,0,1,2.0,d0cb589e,6649d313,199,1,1,206690401_363982880_0_2_0,206690401,363982880,0,2,,2.0,,False,Bữa sáng Tuyệt hảo - VND 700.000,"Hủy miễn phí trước 13 tháng 11, 2026",• Thanh toán cho chỗ nghỉ trước khi đến,,Tiết kiệm 39%,price_attr
6,the-myst-dong-khoi,2026-11-18,1,Phòng Dong Khoi Giường Đôi Có Ban Công,8301551.00,13609100.00,39.00,1,0,2.0,d0cb589e,42ee661d,198,2,2,206690401_121939302_0_1_0,206690401,121939302,0,1,,2.0,,False,Bao gồm bữa sáng tuyệt hảo,Không hoàn tiền,• Thanh toán cho chỗ nghỉ trước khi đến,,Tiết kiệm 39%,price_attr
6,the-myst-dong-khoi,2026-11-18,2,Phòng Dong Khoi Giường Đôi Có Ban Công,8558300.00,14030000.00,39.00,1,1,2.0,d0cb589e,7111bd76,200,2,3,206690401_363982880_0_1_0,206690401,363982880,0,1,,2.0,,False,Bao gồm bữa sáng tuyệt hảo,"Hủy miễn phí trước 13 tháng 11, 2026",• Thanh toán cho chỗ nghỉ trước khi đến,,Tiết kiệm 39%,price_attr
6,the-myst-dong-khoi,2026-11-18,3,Phòng Dong Khoi Giường Đôi Có Ban Công,7819651.00,12819100.00,39.00,1,0,2.0,d0cb589e,42ee661d,198,2,4,206690401_121939302_1_1_0,206690401,121939302,1,1,,1.0,Chỉ dành cho 1 khách,True,Bao gồm bữa sáng tuyệt hảo,Không hoàn tiền,• Thanh toán cho chỗ nghỉ trước khi đến,,Tiết kiệm 39%,price_attr
6,the-myst-dong-khoi,2026-11-18,4,Phòng Dong Khoi Giường Đôi Có Ban Công,8131300.00,13330000.00,39.00,1,1,2.0,d0cb589e,7111bd76,200,2,5,206690401_363982880_1_1_0,206690401,363982880,1,1,,1.0,Chỉ dành cho 1 khách,True,Bao gồm bữa sáng tuyệt hảo,"Hủy miễn phí trước 13 tháng 11, 2026",• Thanh toán cho chỗ nghỉ trước khi đến,,Tiết kiệm 39%,price_attr
6,the-myst-dong-khoi,2026-11-18,5,Phòng Dong Khoi 2 Giường Đơn Có Ban Công,7588400.00,12440000.00,39.00,0,1,2.0,ac5a7917,6649d313,190,1,6,206690417_363982880_0_2_0,206690417,363982880,0,2,,2.0,,False,Bữa sáng Tuyệt hảo - VND 700.000,"Hủy miễn phí trước 13 tháng 11, 2026",• Thanh toán cho chỗ nghỉ trước khi đến,,Tiết kiệm 39%,price_attr
6,the-myst-dong-khoi,2026-11-18,6,Phòng Dong Khoi 2 Giường Đơn Có Ban Công,8301551.00,13609100.00,39.00,1,0,2.0,ac5a7917,42ee661d,189,2,7,206690417_121939302_0_1_0,206690417,121939302,0,1,,2.0,,False,Bao gồm bữa sáng tuyệt hảo,Không hoàn tiền,• Thanh toán cho chỗ nghỉ trước khi đến,,Tiết kiệm 39%,price_attr
6,the-myst-dong-khoi,2026-11-18,7,Phòng Dong Khoi 2 Giường Đơn Có Ban Công,8558300.00,14030000.00,39.00,1,1,2.0,ac5a7917,7111bd76,191,2,8,206690417_363982880_0_1_0,206690417,363982880,0,1,,2.0,,False,Bao gồm bữa sáng tuyệt hảo,"Hủy miễn phí trước 13 tháng 11, 2026",• Thanh toán cho chỗ nghỉ trước khi đến,,Tiết kiệm 39%,price_attr
6,the-myst-dong-khoi,2026-11-18,8,Phòng Dong Khoi 2 Giường Đơn Có Ban Công,7819651.00,12819100.00,39.00,1,0,2.0,ac5a7917,42ee661d,189,2,9,206690417_121939302_1_1_0,206690417,121939302,1,1,,1.0,Chỉ dành cho 1 khách,True,Bao gồm bữa sáng tuyệt hảo,Không hoàn tiền,• Thanh toán cho chỗ nghỉ trước khi đến,,Tiết kiệm 39%,price_attr
6,the-myst-dong-khoi,2026-11-18,9,Phòng Dong Khoi 2 Giường Đơn Có Ban Công,8113000.00,13300000.00,39.00,1,1,2.0,ac5a7917,7111bd76,191,2,10,206690417_363982880_1_1_0,206690417,363982880,1,1,,1.0,Chỉ dành cho 1 khách,True,Bao gồm bữa sáng tuyệt hảo,"Hủy miễn phí trước 13 tháng 11, 2026",• Thanh toán cho chỗ nghỉ trước khi đến,,Tiết kiệm 39%,price_attr
6,the-myst-dong-khoi,2026-11-18,10,Phòng Saigon Giường Đôi Có Ban Công,7942200.00,13020000.00,39.00,0,1,2.0,de064056,6649d313,202,1,11,206690402_363982880_0_2_0,206690402,363982880,0,2,,2.0,,False,Bữa sáng Tuyệt hảo - VND 700.000,"Hủy miễn phí trước 13 tháng 11, 2026",• Thanh toán cho chỗ nghỉ trước khi đến,,Tiết kiệm 39%,price_attr
6,the-myst-dong-khoi,2026-11-18,11,Phòng Saigon Giường Đôi Có Ban Công,8644737.00,14171700.00,39.00,1,0,2.0,de064056,42ee661d,201,2,12,206690402_121939302_0_1_0,206690402,121939302,0,1,,2.0,,False,Bao gồm bữa sáng tuyệt hảo,Không hoàn tiền,• Thanh toán cho chỗ nghỉ trước khi đến,,Tiết kiệm 39%,price_attr
6,the-myst-dong-khoi,2026-11-18,12,Phòng Saigon Giường Đôi Có Ban Công,8912100.00,14610000.00,39.00,1,1,2.0,de064056,7111bd76,203,2,13,206690402_363982880_0_1_0,206690402,363982880,0,1,,2.0,,False,Bao gồm bữa sáng tuyệt hảo,"Hủy miễn phí trước 13 tháng 11, 2026",• Thanh toán cho chỗ nghỉ trước khi đến,,Tiết kiệm 39%,price_attr
6,the-myst-dong-khoi,2026-11-18,13,Phòng Saigon Giường Đôi Có Ban Công,8162837.00,13381700.00,39.00,1,0,2.0,de064056,42ee661d,201,2,14,206690402_121939302_1_1_0,206690402,121939302,1,1,,1.0,Chỉ dành cho 1 khách,True,Bao gồm bữa sáng tuyệt hảo,Không hoàn tiền,• Thanh toán cho chỗ nghỉ trước khi đến,,Tiết kiệm 39%,price_attr
6,the-myst-dong-khoi,2026-11-18,14,Phòng Saigon Giường Đôi Có Ban Công,8466800.00,13880000.00,39.00,1,1,2.0,de064056,7111bd76,203,2,15,206690402_363982880_1_1_0,206690402,363982880,1,1,,1.0,Chỉ dành cho 1 khách,True,Bao gồm bữa sáng tuyệt hảo,"Hủy miễn phí trước 13 tháng 11, 2026",• Thanh toán cho chỗ nghỉ trước khi đến,,Tiết kiệm 39%,price_attr
6,the-myst-dong-khoi,2026-11-18,15,Phòng Saigon 2 Giường Đơn Có Ban Công,7942200.00,13020000.00,39.00,0,1,2.0,baf23c40,6649d313,193,1,16,206690418_363982880_0_2_0,206690418,363982880,0,2,,2.0,,False,Bữa sáng Tuyệt hảo - VND 700.000,"Hủy miễn phí trước 13 tháng 11, 2026",• Thanh toán cho chỗ nghỉ trước khi đến,,Tiết kiệm 39%,price_attr
6,the-myst-dong-khoi,2026-11-18,16,Phòng Saigon 2 Giường Đơn Có Ban Công,8644737.00,14171700.00,39.00,1,0,2.0,baf23c40,42ee661d,192,2,17,206690418_121939302_0_1_0,206690418,121939302,0,1,,2.0,,False,Bao gồm bữa sáng tuyệt hảo,Không hoàn tiền,• Thanh toán cho chỗ nghỉ trước khi đến,,Tiết kiệm 39%,price_attr
6,the-myst-dong-khoi,2026-11-18,17,Phòng Saigon 2 Giường Đơn Có Ban Công,8912100.00,14610000.00,39.00,1,1,2.0,baf23c40,7111bd76,194,2,18,206690418_363982880_0_1_0,206690418,363982880,0,1,,2.0,,False,Bao gồm bữa sáng tuyệt hảo,"Hủy miễn phí trước 13 tháng 11, 2026",• Thanh toán cho chỗ nghỉ trước khi đến,,Tiết kiệm 39%,price_attr
6,the-myst-dong-khoi,2026-11-18,18,Phòng Saigon 2 Giường Đơn Có Ban Công,8162837.00,13381700.00,39.00,1,0,2.0,baf23c40,42ee661d,192,2,19,206690418_121939302_1_1_0,206690418,121939302,1,1,,1.0,Chỉ dành cho 1 khách,True,Bao gồm bữa sáng tuyệt hảo,Không hoàn tiền,• Thanh toán cho chỗ nghỉ trước khi đến,,Tiết kiệm 39%,price_attr
6,the-myst-dong-khoi,2026-11-18,19,Phòng Saigon 2 Giường Đơn Có Ban Công,8466800.00,13880000.00,39.00,1,1,2.0,baf23c40,7111bd76,194,2,20,206690418_363982880_1_1_0,206690418,363982880,1,1,,1.0,Chỉ dành cho 1 khách,True,Bao gồm bữa sáng tuyệt hảo,"Hủy miễn phí trước 13 tháng 11, 2026",• Thanh toán cho chỗ nghỉ trước khi đến,,Tiết kiệm 39%,price_attr
6,the-myst-dong-khoi,2026-11-18,20,Phòng Verdant Calm Giường Đôi,7946000.00,13700000.00,42.00,0,1,2.0,843f96e9,6649d313,187,1,21,206690403_363982880_0_2_0,206690403,363982880,0,2,,2.0,,False,Bữa sáng Tuyệt hảo - VND 700.000,"Hủy miễn phí trước 13 tháng 11, 2026",• Thanh toán cho chỗ nghỉ trước khi đến,,Tiết kiệm 42% | Ưu Đãi Cuối Năm,price_attr
6,the-myst-dong-khoi,2026-11-18,21,Phòng Verdant Calm Giường Đôi,8602154.00,14831300.00,42.00,1,0,2.0,843f96e9,42ee661d,186,2,22,206690403_121939302_0_1_0,206690403,121939302,0,1,,2.0,,False,Bao gồm bữa sáng tuyệt hảo,Không hoàn tiền,• Thanh toán cho chỗ nghỉ trước khi đến,,Tiết kiệm 42% | Ưu Đãi Cuối Năm,price_attr
6,the-myst-dong-khoi,2026-11-18,22,Phòng Verdant Calm Giường Đôi,8868200.00,15290000.00,42.00,1,1,2.0,843f96e9,7111bd76,188,2,23,206690403_363982880_0_1_0,206690403,363982880,0,1,,2.0,,False,Bao gồm bữa sáng tuyệt hảo,"Hủy miễn phí trước 13 tháng 11, 2026",• Thanh toán cho chỗ nghỉ trước khi đến,,Tiết kiệm 42% | Ưu Đãi Cuối Năm,price_attr
6,the-myst-dong-khoi,2026-11-18,23,Phòng Verdant Calm Giường Đôi,8143954.00,14041300.00,42.00,1,0,2.0,843f96e9,42ee661d,186,2,24,206690403_121939302_1_1_0,206690403,121939302,1,1,,1.0,Chỉ dành cho 1 khách,True,Bao gồm bữa sáng tuyệt hảo,Không hoàn tiền,• Thanh toán cho chỗ nghỉ trước khi đến,,Tiết kiệm 42% | Ưu Đãi Cuối Năm,price_attr
6,the-myst-dong-khoi,2026-11-18,24,Phòng Verdant Calm Giường Đôi,8444800.00,14560000.00,42.00,1,1,2.0,843f96e9,7111bd76,188,2,25,206690403_363982880_1_1_0,206690403,363982880,1,1,,1.0,Chỉ dành cho 1 khách,True,Bao gồm bữa sáng tuyệt hảo,"Hủy miễn phí trước 13 tháng 11, 2026",• Thanh toán cho chỗ nghỉ trước khi đến,,Tiết kiệm 42% | Ưu Đãi Cuối Năm,price_attr
6,the-myst-dong-khoi,2026-11-18,25,Phòng Serene Giường Đôi Ở Góc Có Ban Công,8340400.00,14380000.00,42.00,0,1,2.0,39d8820c,6649d313,184,1,26,206690404_363982880_0_2_0,206690404,363982880,0,2,,2.0,,False,Bữa sáng Tuyệt hảo - VND 700.000,"Hủy miễn phí trước 13 tháng 11, 2026",• Thanh toán cho chỗ nghỉ trước khi đến,,Tiết kiệm 42% | Ưu Đãi Cuối Năm,price_attr
6,the-myst-dong-khoi,2026-11-18,26,Phòng Serene Giường Đôi Ở Góc Có Ban Công,8984722.00,15490900.00,42.00,1,0,2.0,39d8820c,42ee661d,183,2,27,206690404_121939302_0_1_0,206690404,121939302,0,1,,2.0,,False,Bao gồm bữa sáng tuyệt hảo,Không hoàn tiền,• Thanh toán cho chỗ nghỉ trước khi đến,,Tiết kiệm 42% | Ưu Đãi Cuối Năm,price_attr
6,the-myst-dong-khoi,2026-11-18,27,Phòng Serene Giường Đôi Ở Góc Có Ban Công,9262600.00,15970000.00,42.00,1,1,2.0,39d8820c,7111bd76,185,2,28,206690404_363982880_0_1_0,206690404,363982880,0,1,,2.0,,False,Bao gồm bữa sáng tuyệt hảo,"Hủy miễn phí trước 13 tháng 11, 2026",• Thanh toán cho chỗ nghỉ trước khi đến,,Tiết kiệm 42% | Ưu Đãi Cuối Năm,price_attr
6,the-myst-dong-khoi,2026-11-18,28,Phòng Serene Giường Đôi Ở Góc Có Ban Công,8526522.00,14700900.00,42.00,1,0,2.0,39d8820c,42ee661d,183,2,29,206690404_121939302_1_1_0,206690404,121939302,1,1,,1.0,Chỉ dành cho 1 khách,True,Bao gồm bữa sáng tuyệt hảo,Không hoàn tiền,• Thanh toán cho chỗ nghỉ trước khi đến,,Tiết kiệm 42% | Ưu Đãi Cuối Năm,price_attr
6,the-myst-dong-khoi,2026-11-18,29,Phòng Serene Giường Đôi Ở Góc Có Ban Công,8839200.00,15240000.00,42.00,1,1,2.0,39d8820c,7111bd76,185,2,30,206690404_363982880_1_1_0,206690404,363982880,1,1,,1.0,Chỉ dành cho 1 khách,True,Bao gồm bữa sáng tuyệt hảo,"Hủy miễn phí trước 13 tháng 11, 2026",• Thanh toán cho chỗ nghỉ trước khi đến,,Tiết kiệm 42% | Ưu Đãi Cuối Năm,price_attr
6,the-myst-dong-khoi,2026-11-18,30,Phòng Serene 2 Giường Đơn Ở Góc Có Ban Công,8340400.00,14380000.00,42.00,0,1,2.0,c5bdd96f,6649d313,196,1,31,206690419_363982880_0_2_0,206690419,363982880,0,2,,2.0,,False,Bữa sáng Tuyệt hảo - VND 700.000,"Hủy miễn phí trước 13 tháng 11, 2026",• Thanh toán cho chỗ nghỉ trước khi đến,,Tiết kiệm 42% | Ưu Đãi Cuối Năm,price_attr
6,the-myst-dong-khoi,2026-11-18,31,Phòng Serene 2 Giường Đơn Ở Góc Có Ban Công,8984722.00,15490900.00,42.00,1,0,2.0,c5bdd96f,42ee661d,195,2,32,206690419_121939302_0_1_0,206690419,121939302,0,1,,2.0,,False,Bao gồm bữa sáng tuyệt hảo,Không hoàn tiền,• Thanh toán cho chỗ nghỉ trước khi đến,,Tiết kiệm 42% | Ưu Đãi Cuối Năm,price_attr
6,the-myst-dong-khoi,2026-11-18,32,Phòng Serene 2 Giường Đơn Ở Góc Có Ban Công,9262600.00,15970000.00,42.00,1,1,2.0,c5bdd96f,7111bd76,197,2,33,206690419_363982880_0_1_0,206690419,363982880,0,1,,2.0,,False,Bao gồm bữa sáng tuyệt hảo,"Hủy miễn phí trước 13 tháng 11, 2026",• Thanh toán cho chỗ nghỉ trước khi đến,,Tiết kiệm 42% | Ưu Đãi Cuối Năm,price_attr
6,the-myst-dong-khoi,2026-11-18,33,Phòng Serene 2 Giường Đơn Ở Góc Có Ban Công,8526522.00,14700900.00,42.00,1,0,2.0,c5bdd96f,42ee661d,195,2,34,206690419_121939302_1_1_0,206690419,121939302,1,1,,1.0,Chỉ dành cho 1 khách,True,Bao gồm bữa sáng tuyệt hảo,Không hoàn tiền,• Thanh toán cho chỗ nghỉ trước khi đến,,Tiết kiệm 42% | Ưu Đãi Cuối Năm,price_attr
6,the-myst-dong-khoi,2026-11-18,34,Phòng Serene 2 Giường Đơn Ở Góc Có Ban Công,8839200.00,15240000.00,42.00,1,1,2.0,c5bdd96f,7111bd76,197,2,35,206690419_363982880_1_1_0,206690419,363982880,1,1,,1.0,Chỉ dành cho 1 khách,True,Bao gồm bữa sáng tuyệt hảo,"Hủy miễn phí trước 13 tháng 11, 2026",• Thanh toán cho chỗ nghỉ trước khi đến,,Tiết kiệm 42% | Ưu Đãi Cuối Năm,price_attr
6,the-myst-dong-khoi,2026-11-18,35,Suite Saigon Signature Có Ban Công,8792800.00,15160000.00,42.00,0,1,2.0,114a70e3,6649d313,181,1,36,206690405_363982880_0_2_0,206690405,363982880,0,2,,2.0,,False,Bữa sáng Tuyệt hảo - VND 700.000,"Hủy miễn phí trước 13 tháng 11, 2026",• Thanh toán cho chỗ nghỉ trước khi đến,,Tiết kiệm 42% | Ưu Đãi Cuối Năm,price_attr
6,the-myst-dong-khoi,2026-11-18,36,Suite Saigon Signature Có Ban Công,9423550.00,16247500.00,42.00,1,0,2.0,114a70e3,42ee661d,180,2,37,206690405_121939302_0_1_0,206690405,121939302,0,1,,2.0,,False,Bao gồm bữa sáng tuyệt hảo,Không hoàn tiền,• Thanh toán cho chỗ nghỉ trước khi đến,,Tiết kiệm 42% | Ưu Đãi Cuối Năm,price_attr
6,the-myst-dong-khoi,2026-11-18,37,Suite Saigon Signature Có Ban Công,9715000.00,16750000.00,42.00,1,1,2.0,114a70e3,7111bd76,182,2,38,206690405_363982880_0_1_0,206690405,363982880,0,1,,2.0,,False,Bao gồm bữa sáng tuyệt hảo,"Hủy miễn phí trước 13 tháng 11, 2026",• Thanh toán cho chỗ nghỉ trước khi đến,,Tiết kiệm 42% | Ưu Đãi Cuối Năm,price_attr
6,the-myst-dong-khoi,2026-11-18,38,Suite Saigon Signature Có Ban Công,8965350.00,15457500.00,42.00,1,0,2.0,114a70e3,42ee661d,180,2,39,206690405_121939302_1_1_0,206690405,121939302,1,1,,1.0,Chỉ dành cho 1 khách,True,Bao gồm bữa sáng tuyệt hảo,Không hoàn tiền,• Thanh toán cho chỗ nghỉ trước khi đến,,Tiết kiệm 42% | Ưu Đãi Cuối Năm,price_attr
6,the-myst-dong-khoi,2026-11-18,39,Suite Saigon Signature Có Ban Công,9309000.00,16050000.00,42.00,1,1,2.0,114a70e3,7111bd76,182,2,40,206690405_363982880_1_1_0,206690405,363982880,1,1,,1.0,Chỉ dành cho 1 khách,True,Bao gồm bữa sáng tuyệt hảo,"Hủy miễn phí trước 13 tháng 11, 2026",• Thanh toán cho chỗ nghỉ trước khi đến,,Tiết kiệm 42% | Ưu Đãi Cuối Năm,price_attr
7,gardenplazasaigonparkroyal,2026-10-01,0,Superior Double Room (B),1939334.00,2154815.00,10.00,0,1,2.0,16327849,06df6899,206,1,0,7263001_212831950_2_42_0_310285,7263001,212831950,2,42,310285,,,False,Bữa sáng Tuyệt vời - VND 388.080,"Hủy miễn phí trước 29 tháng 9, 2026",Không cần thanh toán trước - thanh toán tại chỗ nghỉ,Bao gồm giảm giá 10% dịch vụ ăn/uống,Tiết kiệm 10%,price_attr
7,gardenplazasaigonparkroyal,2026-10-01,1,Superior Double Room (B),2154815.00,,,0,1,2.0,16327849,ee58c792,208,1,1,7263001_265089251_2_42_0_310299,7263001,265089251,2,42,310299,,,False,Bữa sáng Tuyệt vời - VND 388.080,"Hủy miễn phí trước 30 tháng 9, 2026",Không cần thanh toán trước - thanh toán tại chỗ nghỉ,Bao gồm giảm giá 10% dịch vụ ăn/uống + trả phòng trễ,,price_attr
7,gardenplazasaigonparkroyal,2026-10-01,2,Superior Double Room (B),2275031.00,,,1,1,2.0,16327849,88e299dc,207,1,2,7263001_265089251_2_41_0_310285,7263001,265089251,2,41,310285,,,False,Bao gồm bữa sáng tuyệt vời,"Hủy miễn phí trước 30 tháng 9, 2026",Không cần thanh toán trước - thanh toán tại chỗ nghỉ,Bao gồm giảm giá 10% dịch vụ ăn/uống,,price_attr
7,gardenplazasaigonparkroyal,2026-10-01,3,Deluxe Double Room (B),2074577.00,2305085.00,10.00,0,1,2.0,ea02717a,06df6899,220,1,3,7263002_212831950_2_42_0_310285,7263002,212831950,2,42,310285,,,False,Bữa sáng Tuyệt vời - VND 388.080,"Hủy miễn phí trước 29 tháng 9, 2026",Không cần thanh toán trước - thanh toán tại chỗ nghỉ,Bao gồm giảm giá 10% dịch vụ ăn/uống,Tiết kiệm 10%,price_attr
7,gardenplazasaigonparkroyal,2026-10-01,4,Deluxe Double Room (B),2305085.00,,,0,1,2.0,ea02717a,ee58c792,222,1,4,7263002_265089251_2_42_0_310299,7263002,265089251,2,42,310299,,,False,Bữa sáng Tuyệt vời - VND 388.080,"Hủy miễn phí trước 30 tháng 9, 2026",Không cần thanh toán trước - thanh toán tại chỗ nghỉ,Bao gồm giảm giá 10% dịch vụ ăn/uống + trả phòng trễ,,price_attr
7,gardenplazasaigonparkroyal,2026-10-01,5,Deluxe Double Room (B),2425302.00,,,1,1,2.0,ea02717a,88e299dc,221,1,5,7263002_265089251_2_41_0_310285,7263002,265089251,2,41,310285,,,False,Bao gồm bữa sáng tuyệt vời,"Hủy miễn phí trước 30 tháng 9, 2026",Không cần thanh toán trước - thanh toán tại chỗ nghỉ,Bao gồm giảm giá 10% dịch vụ ăn/uống,,price_attr
7,gardenplazasaigonparkroyal,2026-10-01,6,"Orchid Deluxe with Free Airport Transfers, 4 Pieces of Laundry Daily and Evening Cocktail (B)",3156521.00,3507246.00,10.00,1,1,2.0,11ccfa66,996357de,205,1,6,7263003_212831950_2_41_0_310285,7263003,212831950,2,41,310285,,,False,Bao gồm bữa sáng tuyệt vời,"Hủy miễn phí trước 29 tháng 9, 2026",Không cần thanh toán trước - thanh toán tại chỗ nghỉ,Bao gồm giảm giá 10% dịch vụ ăn/uống,Tiết kiệm 10%,price_attr
7,gardenplazasaigonparkroyal,2026-10-01,7,"Orchid Deluxe with Free Airport Transfers, 4 Pieces of Laundry Daily and Evening Cocktail (B)",3507246.00,,,1,1,2.0,11ccfa66,88e299dc,204,1,7,7263003_265089251_2_41_0_310285,7263003,265089251,2,41,310285,,,False,Bao gồm bữa sáng tuyệt vời,"Hủy miễn phí trước 30 tháng 9, 2026",Không cần thanh toán trước - thanh toán tại chỗ nghỉ,Bao gồm giảm giá 10% dịch vụ ăn/uống,,price_attr
7,gardenplazasaigonparkroyal,2026-10-01,8,Superior Twin Room (B),1939334.00,2154815.00,10.00,0,1,2.0,44e3e468,06df6899,212,1,8,7263047_212831950_2_42_0_310285,7263047,212831950,2,42,310285,,,False,Bữa sáng Tuyệt vời - VND 388.080,"Hủy miễn phí trước 29 tháng 9, 2026",Không cần thanh toán trước - thanh toán tại chỗ nghỉ,Bao gồm giảm giá 10% dịch vụ ăn/uống,Tiết kiệm 10%,price_attr
7,gardenplazasaigonparkroyal,2026-10-01,9,Superior Twin Room (B),2154815.00,,,0,1,2.0,44e3e468,ee58c792,214,1,9,7263047_265089251_2_42_0_310299,7263047,265089251,2,42,310299,,,False,Bữa sáng Tuyệt vời - VND 388.080,"Hủy miễn phí trước 30 tháng 9, 2026",Không cần thanh toán trước - thanh toán tại chỗ nghỉ,Bao gồm giảm giá 10% dịch vụ ăn/uống + trả phòng trễ,,price_attr
7,gardenplazasaigonparkroyal,2026-10-01,10,Superior Twin Room (B),2275031.00,,,1,1,2.0,44e3e468,88e299dc,213,1,10,7263047_265089251_2_41_0_310285,7263047,265089251,2,41,310285,,,False,Bao gồm bữa sáng tuyệt vời,"Hủy miễn phí trước 30 tháng 9, 2026",Không cần thanh toán trước - thanh toán tại chỗ nghỉ,Bao gồm giảm giá 10% dịch vụ ăn/uống,,price_attr
7,gardenplazasaigonparkroyal,2026-10-01,11,Phòng Deluxe 2 Giường Đơn (B),2074577.00,2305085.00,10.00,0,1,2.0,37b3fed0,06df6899,209,1,11,7263048_212831950_0_42_0_310285,7263048,212831950,0,42,310285,,,False,Bữa sáng Tuyệt vời - VND 388.080,"Hủy miễn phí trước 29 tháng 9, 2026",Không cần thanh toán trước - thanh toán tại chỗ nghỉ,Bao gồm giảm giá 10% dịch vụ ăn/uống,Tiết kiệm 10%,price_attr
7,gardenplazasaigonparkroyal,2026-10-01,12,Phòng Deluxe 2 Giường Đơn (B),2305085.00,,,0,1,2.0,37b3fed0,ee58c792,211,1,12,7263048_265089251_2_42_0_310299,7263048,265089251,2,42,310299,,,False,Bữa sáng Tuyệt vời - VND 388.080,"Hủy miễn phí trước 30 tháng 9, 2026",Không cần thanh toán trước - thanh toán tại chỗ nghỉ,Bao gồm giảm giá 10% dịch vụ ăn/uống + trả phòng trễ,,price_attr
7,gardenplazasaigonparkroyal,2026-10-01,13,Phòng Deluxe 2 Giường Đơn (B),2425302.00,,,1,1,2.0,37b3fed0,88e299dc,210,1,13,7263048_265089251_2_41_0_310285,7263048,265089251,2,41,310285,,,False,Bao gồm bữa sáng tuyệt vời,"Hủy miễn phí trước 30 tháng 9, 2026",Không cần thanh toán trước - thanh toán tại chỗ nghỉ,Bao gồm giảm giá 10% dịch vụ ăn/uống,,price_attr
7,gardenplazasaigonparkroyal,2026-10-01,14,Premier Balcony King (B),2209820.00,2455356.00,10.00,0,1,2.0,75cd607b,06df6899,215,1,14,7263045_212831950_2_42_0_310285,7263045,212831950,2,42,310285,,,False,Bữa sáng Tuyệt vời - VND 388.080,"Hủy miễn phí trước 29 tháng 9, 2026",Không cần thanh toán trước - thanh toán tại chỗ nghỉ,Bao gồm giảm giá 10% dịch vụ ăn/uống,Tiết kiệm 10%,price_attr
7,gardenplazasaigonparkroyal,2026-10-01,15,Premier Balcony King (B),2455356.00,,,0,1,2.0,75cd607b,ee58c792,217,1,15,7263045_265089251_2_42_0_310299,7263045,265089251,2,42,310299,,,False,Bữa sáng Tuyệt vời - VND 388.080,"Hủy miễn phí trước 30 tháng 9, 2026",Không cần thanh toán trước - thanh toán tại chỗ nghỉ,Bao gồm giảm giá 10% dịch vụ ăn/uống + trả phòng trễ,,price_attr
7,gardenplazasaigonparkroyal,2026-10-01,16,Premier Balcony King (B),2575572.00,,,1,1,2.0,75cd607b,88e299dc,216,1,16,7263045_265089251_2_41_0_310285,7263045,265089251,2,41,310285,,,False,Bao gồm bữa sáng tuyệt vời,"Hủy miễn phí trước 30 tháng 9, 2026",Không cần thanh toán trước - thanh toán tại chỗ nghỉ,Bao gồm giảm giá 10% dịch vụ ăn/uống,,price_attr
7,gardenplazasaigonparkroyal,2026-10-01,17,"Junior Suite with Airport transfer, 04 Pieces of Laundry Daily, Afternoon Tea and Evening Cocktail (B)",3562250.00,3958056.00,10.00,1,1,2.0,ec6f02f1,996357de,224,1,17,7263046_212831950_2_41_0_310285,7263046,212831950,2,41,310285,,,False,Bao gồm bữa sáng tuyệt vời,"Hủy miễn phí trước 29 tháng 9, 2026",Không cần thanh toán trước - thanh toán tại chỗ nghỉ,Bao gồm giảm giá 10% dịch vụ ăn/uống,Tiết kiệm 10%,price_attr
7,gardenplazasaigonparkroyal,2026-10-01,18,"Junior Suite with Airport transfer, 04 Pieces of Laundry Daily, Afternoon Tea and Evening Cocktail (B)",3958056.00,,,1,1,2.0,ec6f02f1,88e299dc,223,1,18,7263046_265089251_2_41_0_310285,7263046,265089251,2,41,310285,,,False,Bao gồm bữa sáng tuyệt vời,"Hủy miễn phí trước 30 tháng 9, 2026",Không cần thanh toán trước - thanh toán tại chỗ nghỉ,Bao gồm giảm giá 10% dịch vụ ăn/uống,,price_attr
7,gardenplazasaigonparkroyal,2026-10-01,19,"Executive Suite with Free Airport Transfers, 4 Pieces of Laundry Daily and Evening Cocktail (B)",3967979.00,4408866.00,10.00,1,1,2.0,9e7d774e,996357de,219,1,19,7263004_212831950_2_41_0_310285,7263004,212831950,2,41,310285,,,False,Bao gồm bữa sáng tuyệt vời,"Hủy miễn phí trước 29 tháng 9, 2026",Không cần thanh toán trước - thanh toán tại chỗ nghỉ,Bao gồm giảm giá 10% dịch vụ ăn/uống,Tiết kiệm 10%,price_attr
7,gardenplazasaigonparkroyal,2026-10-01,20,"Executive Suite with Free Airport Transfers, 4 Pieces of Laundry Daily and Evening Cocktail (B)",4408866.00,,,1,1,2.0,9e7d774e,88e299dc,218,1,20,7263004_265089251_2_41_0_310285,7263004,265089251,2,41,310285,,,False,Bao gồm bữa sáng tuyệt vời,"Hủy miễn phí trước 30 tháng 9, 2026",Không cần thanh toán trước - thanh toán tại chỗ nghỉ,Bao gồm giảm giá 10% dịch vụ ăn/uống,,price_attr
8,gardenplazasaigonparkroyal,2026-10-11,0,Deluxe Double Room (B),2074577.00,2305085.00,10.00,0,1,2.0,ea02717a,89f16b23,242,1,0,7263002_212831950_2_42_0_310285,7263002,212831950,2,42,310285,,,False,Bữa sáng Tuyệt vời - VND 388.080,"Hủy miễn phí trước 9 tháng 10, 2026",Không cần thanh toán trước - thanh toán tại chỗ nghỉ,Bao gồm giảm giá 10% dịch vụ ăn/uống,Tiết kiệm 10%,price_attr
8,gardenplazasaigonparkroyal,2026-10-11,1,Deluxe Double Room (B),2305085.00,,,0,1,2.0,ea02717a,30e09dcf,241,1,1,7263002_265089251_2_42_0_310299,7263002,265089251,2,42,310299,,,False,Bữa sáng Tuyệt vời - VND 388.080,"Hủy miễn phí trước 10 tháng 10, 2026",Không cần thanh toán trước - thanh toán tại chỗ nghỉ,Bao gồm giảm giá 10% dịch vụ ăn/uống + trả phòng trễ,,price_attr
8,gardenplazasaigonparkroyal,2026-10-11,2,Deluxe Double Room (B),2425302.00,,,1,1,2.0,ea02717a,d16e3bf7,243,1,2,7263002_265089251_2_41_0_310285,7263002,265089251,2,41,310285,,,False,Bao gồm bữa sáng tuyệt vời,"Hủy miễn phí trước 10 tháng 10, 2026",Không cần thanh toán trước - thanh toán tại chỗ nghỉ,Bao gồm giảm giá 10% dịch vụ ăn/uống,,price_attr
8,gardenplazasaigonparkroyal,2026-10-11,3,Superior Double Room (B),1939334.00,2154815.00,10.00,0,1,2.0,16327849,89f16b23,228,1,3,7263001_212831950_2_42_0_310285,7263001,212831950,2,42,310285,,,False,Bữa sáng Tuyệt vời - VND 388.080,"Hủy miễn phí trước 9 tháng 10, 2026",Không cần thanh toán trước - thanh toán tại chỗ nghỉ,Bao gồm giảm giá 10% dịch vụ ăn/uống,Tiết kiệm 10%,price_attr
8,gardenplazasaigonparkroyal,2026-10-11,4,Superior Double Room (B),2154815.00,,,0,1,2.0,16327849,30e09dcf,227,1,4,7263001_265089251_2_42_0_310299,7263001,265089251,2,42,310299,,,False,Bữa sáng Tuyệt vời - VND 388.080,"Hủy miễn phí trước 10 tháng 10, 2026",Không cần thanh toán trước - thanh toán tại chỗ nghỉ,Bao gồm giảm giá 10% dịch vụ ăn/uống + trả phòng trễ,,price_attr
8,gardenplazasaigonparkroyal,2026-10-11,5,Superior Double Room (B),2275031.00,,,1,1,2.0,16327849,d16e3bf7,229,1,5,7263001_265089251_2_41_0_310285,7263001,265089251,2,41,310285,,,False,Bao gồm bữa sáng tuyệt vời,"Hủy miễn phí trước 10 tháng 10, 2026",Không cần thanh toán trước - thanh toán tại chỗ nghỉ,Bao gồm giảm giá 10% dịch vụ ăn/uống,,price_attr
8,gardenplazasaigonparkroyal,2026-10-11,6,Superior Twin Room (B),1939334.00,2154815.00,10.00,0,1,2.0,44e3e468,89f16b23,234,1,6,7263047_212831950_2_42_0_310285,7263047,212831950,2,42,310285,,,False,Bữa sáng Tuyệt vời - VND 388.080,"Hủy miễn phí trước 9 tháng 10, 2026",Không cần thanh toán trước - thanh toán tại chỗ nghỉ,Bao gồm giảm giá 10% dịch vụ ăn/uống,Tiết kiệm 10%,price_attr
8,gardenplazasaigonparkroyal,2026-10-11,7,Superior Twin Room (B),2154815.00,,,0,1,2.0,44e3e468,30e09dcf,233,1,7,7263047_265089251_2_42_0_310299,7263047,265089251,2,42,310299,,,False,Bữa sáng Tuyệt vời - VND 388.080,"Hủy miễn phí trước 10 tháng 10, 2026",Không cần thanh toán trước - thanh toán tại chỗ nghỉ,Bao gồm giảm giá 10% dịch vụ ăn/uống + trả phòng trễ,,price_attr
8,gardenplazasaigonparkroyal,2026-10-11,8,Superior Twin Room (B),2275031.00,,,1,1,2.0,44e3e468,d16e3bf7,235,1,8,7263047_265089251_2_41_0_310285,7263047,265089251,2,41,310285,,,False,Bao gồm bữa sáng tuyệt vời,"Hủy miễn phí trước 10 tháng 10, 2026",Không cần thanh toán trước - thanh toán tại chỗ nghỉ,Bao gồm giảm giá 10% dịch vụ ăn/uống,,price_attr
8,gardenplazasaigonparkroyal,2026-10-11,9,"Orchid Deluxe with Free Airport Transfers, 4 Pieces of Laundry Daily and Evening Cocktail (B)",3156521.00,3507246.00,10.00,1,1,2.0,11ccfa66,be459157,225,1,9,7263003_212831950_2_41_0_310285,7263003,212831950,2,41,310285,,,False,Bao gồm bữa sáng tuyệt vời,"Hủy miễn phí trước 9 tháng 10, 2026",Không cần thanh toán trước - thanh toán tại chỗ nghỉ,Bao gồm giảm giá 10% dịch vụ ăn/uống,Tiết kiệm 10%,price_attr
8,gardenplazasaigonparkroyal,2026-10-11,10,"Orchid Deluxe with Free Airport Transfers, 4 Pieces of Laundry Daily and Evening Cocktail (B)",3507246.00,,,1,1,2.0,11ccfa66,d16e3bf7,226,1,10,7263003_265089251_2_41_0_310285,7263003,265089251,2,41,310285,,,False,Bao gồm bữa sáng tuyệt vời,"Hủy miễn phí trước 10 tháng 10, 2026",Không cần thanh toán trước - thanh toán tại chỗ nghỉ,Bao gồm giảm giá 10% dịch vụ ăn/uống,,price_attr
8,gardenplazasaigonparkroyal,2026-10-11,11,Phòng Deluxe 2 Giường Đơn (B),2074577.00,2305085.00,10.00,0,1,2.0,37b3fed0,89f16b23,231,1,11,7263048_212831950_0_42_0_310285,7263048,212831950,0,42,310285,,,False,Bữa sáng Tuyệt vời - VND 388.080,"Hủy miễn phí trước 9 tháng 10, 2026",Không cần thanh toán trước - thanh toán tại chỗ nghỉ,Bao gồm giảm giá 10% dịch vụ ăn/uống,Tiết kiệm 10%,price_attr
8,gardenplazasaigonparkroyal,2026-10-11,12,Phòng Deluxe 2 Giường Đơn (B),2305085.00,,,0,1,2.0,37b3fed0,30e09dcf,230,1,12,7263048_265089251_2_42_0_310299,7263048,265089251,2,42,310299,,,False,Bữa sáng Tuyệt vời - VND 388.080,"Hủy miễn phí trước 10 tháng 10, 2026",Không cần thanh toán trước - thanh toán tại chỗ nghỉ,Bao gồm giảm giá 10% dịch vụ ăn/uống + trả phòng trễ,,price_attr
8,gardenplazasaigonparkroyal,2026-10-11,13,Phòng Deluxe 2 Giường Đơn (B),2425302.00,,,1,1,2.0,37b3fed0,d16e3bf7,232,1,13,7263048_265089251_2_41_0_310285,7263048,265089251,2,41,310285,,,False,Bao gồm bữa sáng tuyệt vời,"Hủy miễn phí trước 10 tháng 10, 2026",Không cần thanh toán trước - thanh toán tại chỗ nghỉ,Bao gồm giảm giá 10% dịch vụ ăn/uống,,price_attr
8,gardenplazasaigonparkroyal,2026-10-11,14,Premier Balcony King (B),2209820.00,2455356.00,10.00,0,1,2.0,75cd607b,89f16b23,237,1,14,7263045_212831950_2_42_0_310285,7263045,212831950,2,42,310285,,,False,Bữa sáng Tuyệt vời - VND 388.080,"Hủy miễn phí trước 9 tháng 10, 2026",Không cần thanh toán trước - thanh toán tại chỗ nghỉ,Bao gồm giảm giá 10% dịch vụ ăn/uống,Tiết kiệm 10%,price_attr
8,gardenplazasaigonparkroyal,2026-10-11,15,Premier Balcony King (B),2455356.00,,,0,1,2.0,75cd607b,30e09dcf,236,1,15,7263045_265089251_2_42_0_310299,7263045,265089251,2,42,310299,,,False,Bữa sáng Tuyệt vời - VND 388.080,"Hủy miễn phí trước 10 tháng 10, 2026",Không cần thanh toán trước - thanh toán tại chỗ nghỉ,Bao gồm giảm giá 10% dịch vụ ăn/uống + trả phòng trễ,,price_attr
8,gardenplazasaigonparkroyal,2026-10-11,16,Premier Balcony King (B),2575572.00,,,1,1,2.0,75cd607b,d16e3bf7,238,1,16,7263045_265089251_2_41_0_310285,7263045,265089251,2,41,310285,,,False,Bao gồm bữa sáng tuyệt vời,"Hủy miễn phí trước 10 tháng 10, 2026",Không cần thanh toán trước - thanh toán tại chỗ nghỉ,Bao gồm giảm giá 10% dịch vụ ăn/uống,,price_attr
8,gardenplazasaigonparkroyal,2026-10-11,17,"Junior Suite with Airport transfer, 04 Pieces of Laundry Daily, Afternoon Tea and Evening Cocktail (B)",3562250.00,3958056.00,10.00,1,1,2.0,ec6f02f1,be459157,244,1,17,7263046_212831950_2_41_0_310285,7263046,212831950,2,41,310285,,,False,Bao gồm bữa sáng tuyệt vời,"Hủy miễn phí trước 9 tháng 10, 2026",Không cần thanh toán trước - thanh toán tại chỗ nghỉ,Bao gồm giảm giá 10% dịch vụ ăn/uống,Tiết kiệm 10%,price_attr
8,gardenplazasaigonparkroyal,2026-10-11,18,"Junior Suite with Airport transfer, 04 Pieces of Laundry Daily, Afternoon Tea and Evening Cocktail (B)",3958056.00,,,1,1,2.0,ec6f02f1,d16e3bf7,245,1,18,7263046_265089251_2_41_0_310285,7263046,265089251,2,41,310285,,,False,Bao gồm bữa sáng tuyệt vời,"Hủy miễn phí trước 10 tháng 10, 2026",Không cần thanh toán trước - thanh toán tại chỗ nghỉ,Bao gồm giảm giá 10% dịch vụ ăn/uống,,price_attr
8,gardenplazasaigonparkroyal,2026-10-11,19,"Executive Suite with Free Airport Transfers, 4 Pieces of Laundry Daily and Evening Cocktail (B)",3967979.00,4408866.00,10.00,1,1,2.0,9e7d774e,be459157,239,1,19,7263004_212831950_2_41_0_310285,7263004,212831950,2,41,310285,,,False,Bao gồm bữa sáng tuyệt vời,"Hủy miễn phí trước 9 tháng 10, 2026",Không cần thanh toán trước - thanh toán tại chỗ nghỉ,Bao gồm giảm giá 10% dịch vụ ăn/uống,Tiết kiệm 10%,price_attr
8,gardenplazasaigonparkroyal,2026-10-11,20,"Executive Suite with Free Airport Transfers, 4 Pieces of Laundry Daily and Evening Cocktail (B)",4408866.00,,,1,1,2.0,9e7d774e,d16e3bf7,240,1,20,7263004_265089251_2_41_0_310285,7263004,265089251,2,41,310285,,,False,Bao gồm bữa sáng tuyệt vời,"Hủy miễn phí trước 10 tháng 10, 2026",Không cần thanh toán trước - thanh toán tại chỗ nghỉ,Bao gồm giảm giá 10% dịch vụ ăn/uống,,price_attr
9,gardenplazasaigonparkroyal,2026-11-18,0,Superior Double Room (B),2007381.00,2676508.00,25.00,0,1,2.0,16327849,f89647dc,252,1,0,7263001_443270011_2_42_0_310285,7263001,443270011,2,42,310285,,,False,Bữa sáng Tuyệt vời - VND 388.080,"Hủy miễn phí trước 11 tháng 11, 2026",• Thanh toán cho chỗ nghỉ trước khi đến,Bao gồm giảm giá 10% dịch vụ ăn/uống,Tiết kiệm 25%,price_attr
9,gardenplazasaigonparkroyal,2026-11-18,1,Superior Double Room (B),2408857.00,2676508.00,10.00,0,1,2.0,16327849,1f95ca16,249,1,1,7263001_212831950_2_42_0_310285,7263001,212831950,2,42,310285,,,False,Bữa sáng Tuyệt vời - VND 388.080,"Hủy miễn phí trước 16 tháng 11, 2026",Không cần thanh toán trước - thanh toán tại chỗ nghỉ,Bao gồm giảm giá 10% dịch vụ ăn/uống,Tiết kiệm 10%,price_attr
9,gardenplazasaigonparkroyal,2026-11-18,2,Superior Double Room (B),2676508.00,,,0,1,2.0,16327849,a14185a3,250,1,2,7263001_265089251_2_42_0_310299,7263001,265089251,2,42,310299,,,False,Bữa sáng Tuyệt vời - VND 388.080,"Hủy miễn phí trước 17 tháng 11, 2026",Không cần thanh toán trước - thanh toán tại chỗ nghỉ,Bao gồm giảm giá 10% dịch vụ ăn/uống + trả phòng trễ,,price_attr
9,gardenplazasaigonparkroyal,2026-11-18,3,Superior Double Room (B),2796724.00,,,1,1,2.0,16327849,e981aa55,251,1,3,7263001_265089251_2_41_0_310285,7263001,265089251,2,41,310285,,,False,Bao gồm bữa sáng tuyệt vời,"Hủy miễn phí trước 17 tháng 11, 2026",Không cần thanh toán trước - thanh toán tại chỗ nghỉ,Bao gồm giảm giá 10% dịch vụ ăn/uống,,price_attr
9,gardenplazasaigonparkroyal,2026-11-18,4,Superior Twin Room (B),2007381.00,2676508.00,25.00,0,1,2.0,44e3e468,f89647dc,260,1,4,7263047_443270011_2_42_0_310285,7263047,443270011,2,42,310285,,,False,Bữa sáng Tuyệt vời - VND 388.080,"Hủy miễn phí trước 11 tháng 11, 2026",• Thanh toán cho chỗ nghỉ trước khi đến,Bao gồm giảm giá 10% dịch vụ ăn/uống,Tiết kiệm 25%,price_attr
9,gardenplazasaigonparkroyal,2026-11-18,5,Superior Twin Room (B),2408857.00,2676508.00,10.00,0,1,2.0,44e3e468,1f95ca16,257,1,5,7263047_212831950_2_42_0_310285,7263047,212831950,2,42,310285,,,False,Bữa sáng Tuyệt vời - VND 388.080,"Hủy miễn phí trước 16 tháng 11, 2026",Không cần thanh toán trước - thanh toán tại chỗ nghỉ,Bao gồm giảm giá 10% dịch vụ ăn/uống,Tiết kiệm 10%,price_attr
9,gardenplazasaigonparkroyal,2026-11-18,6,Superior Twin Room (B),2676508.00,,,0,1,2.0,44e3e468,a14185a3,258,1,6,7263047_265089251_2_42_0_310299,7263047,265089251,2,42,310299,,,False,Bữa sáng Tuyệt vời - VND 388.080,"Hủy miễn phí trước 17 tháng 11, 2026",Không cần thanh toán trước - thanh toán tại chỗ nghỉ,Bao gồm giảm giá 10% dịch vụ ăn/uống + trả phòng trễ,,price_attr
9,gardenplazasaigonparkroyal,2026-11-18,7,Superior Twin Room (B),2796724.00,,,1,1,2.0,44e3e468,e981aa55,259,1,7,7263047_265089251_2_41_0_310285,7263047,265089251,2,41,310285,,,False,Bao gồm bữa sáng tuyệt vời,"Hủy miễn phí trước 17 tháng 11, 2026",Không cần thanh toán trước - thanh toán tại chỗ nghỉ,Bao gồm giảm giá 10% dịch vụ ăn/uống,,price_attr
9,gardenplazasaigonparkroyal,2026-11-18,8,Deluxe Double Room (B),2120084.00,2826778.00,25.00,0,1,2.0,ea02717a,f89647dc,271,1,8,7263002_443270011_2_42_0_310285,7263002,443270011,2,42,310285,,,False,Bữa sáng Tuyệt vời - VND 388.080,"Hủy miễn phí trước 11 tháng 11, 2026",• Thanh toán cho chỗ nghỉ trước khi đến,Bao gồm giảm giá 10% dịch vụ ăn/uống,Tiết kiệm 25% | Ưu Đãi Cuối Năm,price_attr
9,gardenplazasaigonparkroyal,2026-11-18,9,Deluxe Double Room (B),2544100.00,2826778.00,10.00,0,1,2.0,ea02717a,1f95ca16,268,1,9,7263002_212831950_2_42_0_310285,7263002,212831950,2,42,310285,,,False,Bữa sáng Tuyệt vời - VND 388.080,"Hủy miễn phí trước 16 tháng 11, 2026",Không cần thanh toán trước - thanh toán tại chỗ nghỉ,Bao gồm giảm giá 10% dịch vụ ăn/uống,Tiết kiệm 10%,price_attr
9,gardenplazasaigonparkroyal,2026-11-18,10,Deluxe Double Room (B),2826778.00,,,0,1,2.0,ea02717a,a14185a3,269,1,10,7263002_265089251_2_42_0_310299,7263002,265089251,2,42,310299,,,False,Bữa sáng Tuyệt vời - VND 388.080,"Hủy miễn phí trước 17 tháng 11, 2026",Không cần thanh toán trước - thanh toán tại chỗ nghỉ,Bao gồm giảm giá 10% dịch vụ ăn/uống + trả phòng trễ,,price_attr
9,gardenplazasaigonparkroyal,2026-11-18,11,Deluxe Double Room (B),2946994.00,,,1,1,2.0,ea02717a,e981aa55,270,1,11,7263002_265089251_2_41_0_310285,7263002,265089251,2,41,310285,,,False,Bao gồm bữa sáng tuyệt vời,"Hủy miễn phí trước 17 tháng 11, 2026",Không cần thanh toán trước - thanh toán tại chỗ nghỉ,Bao gồm giảm giá 10% dịch vụ ăn/uống,,price_attr
9,gardenplazasaigonparkroyal,2026-11-18,12,Phòng Deluxe 2 Giường Đơn (B),2120084.00,2826778.00,25.00,0,1,2.0,37b3fed0,f89647dc,256,1,12,7263048_443270011_0_42_0_310285,7263048,443270011,0,42,310285,,,False,Bữa sáng Tuyệt vời - VND 388.080,"Hủy miễn phí trước 11 tháng 11, 2026",• Thanh toán cho chỗ nghỉ trước khi đến,Bao gồm giảm giá 10% dịch vụ ăn/uống,Tiết kiệm 25% | Ưu Đãi Cuối Năm,price_attr
9,gardenplazasaigonparkroyal,2026-11-18,13,Phòng Deluxe 2 Giường Đơn (B),2544100.00,2826778.00,10.00,0,1,2.0,37b3fed0,1f95ca16,253,1,13,7263048_212831950_0_42_0_310285,7263048,212831950,0,42,310285,,,False,Bữa sáng Tuyệt vời - VND 388.080,"Hủy miễn phí trước 16 tháng 11, 2026",Không cần thanh toán trước - thanh toán tại chỗ nghỉ,Bao gồm giảm giá 10% dịch vụ ăn/uống,Tiết kiệm 10%,price_attr
9,gardenplazasaigonparkroyal,2026-11-18,14,Phòng Deluxe 2 Giường Đơn (B),2826778.00,,,0,1,2.0,37b3fed0,a14185a3,254,1,14,7263048_265089251_2_42_0_310299,7263048,265089251,2,42,310299,,,False,Bữa sáng Tuyệt vời - VND 388.080,"Hủy miễn phí trước 17 tháng 11, 2026",Không cần thanh toán trước - thanh toán tại chỗ nghỉ,Bao gồm giảm giá 10% dịch vụ ăn/uống + trả phòng trễ,,price_attr
9,gardenplazasaigonparkroyal,2026-11-18,15,Phòng Deluxe 2 Giường Đơn (B),2946994.00,,,1,1,2.0,37b3fed0,e981aa55,255,1,15,7263048_265089251_2_41_0_310285,7263048,265089251,2,41,310285,,,False,Bao gồm bữa sáng tuyệt vời,"Hủy miễn phí trước 17 tháng 11, 2026",Không cần thanh toán trước - thanh toán tại chỗ nghỉ,Bao gồm giảm giá 10% dịch vụ ăn/uống,,price_attr
9,gardenplazasaigonparkroyal,2026-11-18,16,Premier Balcony King (B),2232786.00,2977048.00,25.00,0,1,2.0,75cd607b,f89647dc,264,1,16,7263045_443270011_2_42_0_310285,7263045,443270011,2,42,310285,,,False,Bữa sáng Tuyệt vời - VND 388.080,"Hủy miễn phí trước 11 tháng 11, 2026",• Thanh toán cho chỗ nghỉ trước khi đến,Bao gồm giảm giá 10% dịch vụ ăn/uống,Tiết kiệm 25%,price_attr
9,gardenplazasaigonparkroyal,2026-11-18,17,Premier Balcony King (B),2679343.00,2977048.00,10.00,0,1,2.0,75cd607b,1f95ca16,261,1,17,7263045_212831950_2_42_0_310285,7263045,212831950,2,42,310285,,,False,Bữa sáng Tuyệt vời - VND 388.080,"Hủy miễn phí trước 16 tháng 11, 2026",Không cần thanh toán trước - thanh toán tại chỗ nghỉ,Bao gồm giảm giá 10% dịch vụ ăn/uống,Tiết kiệm 10%,price_attr
9,gardenplazasaigonparkroyal,2026-11-18,18,Premier Balcony King (B),2977048.00,,,0,1,2.0,75cd607b,a14185a3,262,1,18,7263045_265089251_2_42_0_310299,7263045,265089251,2,42,310299,,,False,Bữa sáng Tuyệt vời - VND 388.080,"Hủy miễn phí trước 17 tháng 11, 2026",Không cần thanh toán trước - thanh toán tại chỗ nghỉ,Bao gồm giảm giá 10% dịch vụ ăn/uống + trả phòng trễ,,price_attr
9,gardenplazasaigonparkroyal,2026-11-18,19,Premier Balcony King (B),3097264.00,,,1,1,2.0,75cd607b,e981aa55,263,1,19,7263045_265089251_2_41_0_310285,7263045,265089251,2,41,310285,,,False,Bao gồm bữa sáng tuyệt vời,"Hủy miễn phí trước 17 tháng 11, 2026",Không cần thanh toán trước - thanh toán tại chỗ nghỉ,Bao gồm giảm giá 10% dịch vụ ăn/uống,,price_attr
9,gardenplazasaigonparkroyal,2026-11-18,20,"Orchid Deluxe with Free Airport Transfers, 4 Pieces of Laundry Daily and Evening Cocktail (B)",3021704.00,4028938.00,25.00,1,1,2.0,11ccfa66,63dac149,246,1,20,7263003_443270011_2_41_0_310285,7263003,443270011,2,41,310285,,,False,Bao gồm bữa sáng tuyệt vời,"Hủy miễn phí trước 11 tháng 11, 2026",• Thanh toán cho chỗ nghỉ trước khi đến,Bao gồm giảm giá 10% dịch vụ ăn/uống,Tiết kiệm 25%,price_attr
9,gardenplazasaigonparkroyal,2026-11-18,21,"Orchid Deluxe with Free Airport Transfers, 4 Pieces of Laundry Daily and Evening Cocktail (B)",3626044.00,4028938.00,10.00,1,1,2.0,11ccfa66,7ddd0bd3,247,1,21,7263003_212831950_2_41_0_310285,7263003,212831950,2,41,310285,,,False,Bao gồm bữa sáng tuyệt vời,"Hủy miễn phí trước 16 tháng 11, 2026",Không cần thanh toán trước - thanh toán tại chỗ nghỉ,Bao gồm giảm giá 10% dịch vụ ăn/uống,Tiết kiệm 10%,price_attr
9,gardenplazasaigonparkroyal,2026-11-18,22,"Orchid Deluxe with Free Airport Transfers, 4 Pieces of Laundry Daily and Evening Cocktail (B)",4028938.00,,,1,1,2.0,11ccfa66,e981aa55,248,1,22,7263003_265089251_2_41_0_310285,7263003,265089251,2,41,310285,,,False,Bao gồm bữa sáng tuyệt vời,"Hủy miễn phí trước 17 tháng 11, 2026",Không cần thanh toán trước - thanh toán tại chỗ nghỉ,Bao gồm giảm giá 10% dịch vụ ăn/uống,,price_attr
9,gardenplazasaigonparkroyal,2026-11-18,23,"Junior Suite with Airport transfer, 04 Pieces of Laundry Daily, Afternoon Tea and Evening Cocktail (B)",3359811.00,4479748.00,25.00,1,1,2.0,ec6f02f1,63dac149,272,1,23,7263046_443270011_2_41_0_310285,7263046,443270011,2,41,310285,,,False,Bao gồm bữa sáng tuyệt vời,"Hủy miễn phí trước 11 tháng 11, 2026",• Thanh toán cho chỗ nghỉ trước khi đến,Bao gồm giảm giá 10% dịch vụ ăn/uống,Tiết kiệm 25%,price_attr
9,gardenplazasaigonparkroyal,2026-11-18,24,"Junior Suite with Airport transfer, 04 Pieces of Laundry Daily, Afternoon Tea and Evening Cocktail (B)",4031773.00,4479748.00,10.00,1,1,2.0,ec6f02f1,7ddd0bd3,273,1,24,7263046_212831950_2_41_0_310285,7263046,212831950,2,41,310285,,,False,Bao gồm bữa sáng tuyệt vời,"Hủy miễn phí trước 16 tháng 11, 2026",Không cần thanh toán trước - thanh toán tại chỗ nghỉ,Bao gồm giảm giá 10% dịch vụ ăn/uống,Tiết kiệm 10%,price_attr
9,gardenplazasaigonparkroyal,2026-11-18,25,"Junior Suite with Airport transfer, 04 Pieces of Laundry Daily, Afternoon Tea and Evening Cocktail (B)",4479748.00,,,1,1,2.0,ec6f02f1,e981aa55,274,1,25,7263046_265089251_2_41_0_310285,7263046,265089251,2,41,310285,,,False,Bao gồm bữa sáng tuyệt vời,"Hủy miễn phí trước 17 tháng 11, 2026",Không cần thanh toán trước - thanh toán tại chỗ nghỉ,Bao gồm giảm giá 10% dịch vụ ăn/uống,,price_attr
9,gardenplazasaigonparkroyal,2026-11-18,26,"Executive Suite with Free Airport Transfers, 4 Pieces of Laundry Daily and Evening Cocktail (B)",3697919.00,4930558.00,25.00,1,1,2.0,9e7d774e,63dac149,265,1,26,7263004_443270011_2_41_0_310285,7263004,443270011,2,41,310285,,,False,Bao gồm bữa sáng tuyệt vời,"Hủy miễn phí trước 11 tháng 11, 2026",• Thanh toán cho chỗ nghỉ trước khi đến,Bao gồm giảm giá 10% dịch vụ ăn/uống,Tiết kiệm 25%,price_attr
9,gardenplazasaigonparkroyal,2026-11-18,27,"Executive Suite with Free Airport Transfers, 4 Pieces of Laundry Daily and Evening Cocktail (B)",4437502.00,4930558.00,10.00,1,1,2.0,9e7d774e,7ddd0bd3,266,1,27,7263004_212831950_2_41_0_310285,7263004,212831950,2,41,310285,,,False,Bao gồm bữa sáng tuyệt vời,"Hủy miễn phí trước 16 tháng 11, 2026",Không cần thanh toán trước - thanh toán tại chỗ nghỉ,Bao gồm giảm giá 10% dịch vụ ăn/uống,Tiết kiệm 10%,price_attr
9,gardenplazasaigonparkroyal,2026-11-18,28,"Executive Suite with Free Airport Transfers, 4 Pieces of Laundry Daily and Evening Cocktail (B)",4930558.00,,,1,1,2.0,9e7d774e,e981aa55,267,1,28,7263004_265089251_2_41_0_310285,7263004,265089251,2,41,310285,,,False,Bao gồm bữa sáng tuyệt vời,"Hủy miễn phí trước 17 tháng 11, 2026",Không cần thanh toán trước - thanh toán tại chỗ nghỉ,Bao gồm giảm giá 10% dịch vụ ăn/uống,,price_attr
10,vinhomes-ocean-park-bunnys-homes-nature-room,2026-10-01,0,Căn Hộ 1 Phòng Ngủ Có Ban Công,769500.00,810000.00,5.00,0,1,2.0,bedfae1f,11e08178,278,6,1,665384701_409602035_2_0_0,665384701,409602035,2,0,,2.0,,False,,"Hủy miễn phí trước 26 tháng 9, 2026",Không cần thanh toán trước - thanh toán tại chỗ nghỉ | Không cần thẻ tín dụng,,Tiết kiệm 5%,price_attr
10,vinhomes-ocean-park-bunnys-homes-nature-room,2026-10-01,1,Căn Hộ 1 Phòng Ngủ Có Ban Công,1453500.00,1530000.00,5.00,0,1,2.0,bedfae1f,11e08178,278,6,2,665384701_409602035_0_0_0_1410366,665384701,409602035,0,0,1410366,2.0,,False,,"Hủy miễn phí trước 26 tháng 9, 2026",Không cần thanh toán trước - thanh toán tại chỗ nghỉ | Không cần thẻ tín dụng,Bao gồm đưa đón hai chiều từ sân bay,Tiết kiệm 5%,price_attr
10,vinhomes-ocean-park-bunnys-homes-nature-room,2026-10-01,2,Studio,769500.00,810000.00,5.00,0,1,2.0,2ade4a30,11e08178,276,2,5,665384705_409602035_2_0_0,665384705,409602035,2,0,,2.0,,False,,"Hủy miễn phí trước 26 tháng 9, 2026",Không cần thanh toán trước - thanh toán tại chỗ nghỉ | Không cần thẻ tín dụng,,Tiết kiệm 5%,price_attr
10,vinhomes-ocean-park-bunnys-homes-nature-room,2026-10-01,3,Studio,1453500.00,1530000.00,5.00,0,1,2.0,2ade4a30,11e08178,276,2,6,665384705_409602035_0_0_0_1410366,665384705,409602035,0,0,1410366,2.0,,False,,"Hủy miễn phí trước 26 tháng 9, 2026",Không cần thanh toán trước - thanh toán tại chỗ nghỉ | Không cần thẻ tín dụng,Bao gồm đưa đón hai chiều từ sân bay,Tiết kiệm 5%,price_attr
10,vinhomes-ocean-park-bunnys-homes-nature-room,2026-10-01,4,Studio Có Ban Công,769500.00,810000.00,5.00,0,1,2.0,be9de0a4,11e08178,277,2,7,665384706_409602035_2_0_0,665384706,409602035,2,0,,2.0,,False,,"Hủy miễn phí trước 26 tháng 9, 2026",Không cần thanh toán trước - thanh toán tại chỗ nghỉ | Không cần thẻ tín dụng,,Tiết kiệm 5%,price_attr
10,vinhomes-ocean-park-bunnys-homes-nature-room,2026-10-01,5,Studio Có Ban Công,1453500.00,1530000.00,5.00,0,1,2.0,be9de0a4,11e08178,277,2,8,665384706_409602035_0_0_0_1410366,665384706,409602035,0,0,1410366,2.0,,False,,"Hủy miễn phí trước 26 tháng 9, 2026",Không cần thanh toán trước - thanh toán tại chỗ nghỉ | Không cần thẻ tín dụng,Bao gồm đưa đón hai chiều từ sân bay,Tiết kiệm 5%,price_attr
10,vinhomes-ocean-park-bunnys-homes-nature-room,2026-10-01,6,Căn Hộ 1 Phòng Ngủ Có Ban Công,855000.00,900000.00,5.00,0,1,2.0,bedfae1f,11e08178,278,6,15,665384703_409602035_2_0_0,665384703,409602035,2,0,,2.0,,False,,"Hủy miễn phí trước 26 tháng 9, 2026",Không cần thanh toán trước - thanh toán tại chỗ nghỉ | Không cần thẻ tín dụng,,Tiết kiệm 5%,price_attr
10,vinhomes-ocean-park-bunnys-homes-nature-room,2026-10-01,7,Căn Hộ 1 Phòng Ngủ Có Ban Công,1539000.00,1620000.00,5.00,0,1,2.0,bedfae1f,11e08178,278,6,16,665384703_409602035_0_0_0_1410366,665384703,409602035,0,0,1410366,2.0,,False,,"Hủy miễn phí trước 26 tháng 9, 2026",Không cần thanh toán trước - thanh toán tại chỗ nghỉ | Không cần thẻ tín dụng,Bao gồm đưa đón hai chiều từ sân bay,Tiết kiệm 5%,price_attr
10,vinhomes-ocean-park-bunnys-homes-nature-room,2026-10-01,8,Căn Hộ 1 Phòng Ngủ Có Ban Công,1795500.00,1890000.00,5.00,0,1,2.0,bedfae1f,11e08178,278,6,17,665384702_409602035_0_0_0_1410366,665384702,409602035,0,0,1410366,2.0,,False,,"Hủy miễn phí trước 26 tháng 9, 2026",Không cần thanh toán trước - thanh toán tại chỗ nghỉ | Không cần thẻ tín dụng,Bao gồm đưa đón hai chiều từ sân bay,Tiết kiệm 5%,price_attr
10,vinhomes-ocean-park-bunnys-homes-nature-room,2026-10-01,9,Căn Hộ 1 Phòng Ngủ Có Ban Công,1111500.00,1170000.00,5.00,0,1,2.0,bedfae1f,11e08178,278,6,18,665384702_409602035_1_0_0,665384702,409602035,1,0,,1.0,Chỉ dành cho 1 khách,True,,"Hủy miễn phí trước 26 tháng 9, 2026",Không cần thanh toán trước - thanh toán tại chỗ nghỉ | Không cần thẻ tín dụng,,Tiết kiệm 5%,price_attr
10,vinhomes-ocean-park-bunnys-homes-nature-room,2026-10-01,10,Căn Hộ 2 Phòng Ngủ Có Ban Công,1111500.00,1170000.00,5.00,0,1,4.0,0e65e54f,11e08178,275,2,19,665384707_409602035_4_0_0,665384707,409602035,4,0,,4.0,,False,,"Hủy miễn phí trước 26 tháng 9, 2026",Không cần thanh toán trước - thanh toán tại chỗ nghỉ | Không cần thẻ tín dụng,,Tiết kiệm 5%,price_attr
10,vinhomes-ocean-park-bunnys-homes-nature-room,2026-10-01,11,Căn Hộ 2 Phòng Ngủ Có Ban Công,1795500.00,1890000.00,5.00,0,1,4.0,0e65e54f,11e08178,275,2,20,665384707_409602035_0_0_0_1410366,665384707,409602035,0,0,1410366,6.0,,False,,"Hủy miễn phí trước 26 tháng 9, 2026",Không cần thanh toán trước - thanh toán tại chỗ nghỉ | Không cần thẻ tín dụng,Bao gồm đưa đón hai chiều từ sân bay,Tiết kiệm 5%,price_attr
11,vinhomes-ocean-park-bunnys-homes-nature-room,2026-10-11,0,Căn Hộ 1 Phòng Ngủ Có Ban Công,769500.00,810000.00,5.00,0,1,2.0,bedfae1f,c3a27f54,282,6,1,665384701_409602035_2_0_0,665384701,409602035,2,0,,2.0,,False,,"Hủy miễn phí trước 6 tháng 10, 2026",Không cần thanh toán trước - thanh toán tại chỗ nghỉ | Không cần thẻ tín dụng,,Tiết kiệm 5%,price_attr
11,vinhomes-ocean-park-bunnys-homes-nature-room,2026-10-11,1,Căn Hộ 1 Phòng Ngủ Có Ban Công,1453500.00,1530000.00,5.00,0,1,2.0,bedfae1f,c3a27f54,282,6,2,665384701_409602035_0_0_0_1410366,665384701,409602035,0,0,1410366,2.0,,False,,"Hủy miễn phí trước 6 tháng 10, 2026",Không cần thanh toán trước - thanh toán tại chỗ nghỉ | Không cần thẻ tín dụng,Bao gồm đưa đón hai chiều từ sân bay,Tiết kiệm 5%,price_attr
11,vinhomes-ocean-park-bunnys-homes-nature-room,2026-10-11,2,Studio,769500.00,810000.00,5.00,0,1,2.0,2ade4a30,c3a27f54,280,2,5,665384705_409602035_2_0_0,665384705,409602035,2,0,,2.0,,False,,"Hủy miễn phí trước 6 tháng 10, 2026",Không cần thanh toán trước - thanh toán tại chỗ nghỉ | Không cần thẻ tín dụng,,Tiết kiệm 5%,price_attr
11,vinhomes-ocean-park-bunnys-homes-nature-room,2026-10-11,3,Studio,1453500.00,1530000.00,5.00,0,1,2.0,2ade4a30,c3a27f54,280,2,6,665384705_409602035_0_0_0_1410366,665384705,409602035,0,0,1410366,2.0,,False,,"Hủy miễn phí trước 6 tháng 10, 2026",Không cần thanh toán trước - thanh toán tại chỗ nghỉ | Không cần thẻ tín dụng,Bao gồm đưa đón hai chiều từ sân bay,Tiết kiệm 5%,price_attr
11,vinhomes-ocean-park-bunnys-homes-nature-room,2026-10-11,4,Studio Có Ban Công,769500.00,810000.00,5.00,0,1,2.0,be9de0a4,c3a27f54,281,2,7,665384706_409602035_2_0_0,665384706,409602035,2,0,,2.0,,False,,"Hủy miễn phí trước 6 tháng 10, 2026",Không cần thanh toán trước - thanh toán tại chỗ nghỉ | Không cần thẻ tín dụng,,Tiết kiệm 5%,price_attr
11,vinhomes-ocean-park-bunnys-homes-nature-room,2026-10-11,5,Studio Có Ban Công,1453500.00,1530000.00,5.00,0,1,2.0,be9de0a4,c3a27f54,281,2,8,665384706_409602035_0_0_0_1410366,665384706,409602035,0,0,1410366,2.0,,False,,"Hủy miễn phí trước 6 tháng 10, 2026",Không cần thanh toán trước - thanh toán tại chỗ nghỉ | Không cần thẻ tín dụng,Bao gồm đưa đón hai chiều từ sân bay,Tiết kiệm 5%,price_attr
11,vinhomes-ocean-park-bunnys-homes-nature-room,2026-10-11,6,Căn Hộ 1 Phòng Ngủ Có Ban Công,855000.00,900000.00,5.00,0,1,2.0,bedfae1f,c3a27f54,282,6,15,665384703_409602035_2_0_0,665384703,409602035,2,0,,2.0,,False,,"Hủy miễn phí trước 6 tháng 10, 2026",Không cần thanh toán trước - thanh toán tại chỗ nghỉ | Không cần thẻ tín dụng,,Tiết kiệm 5%,price_attr
11,vinhomes-ocean-park-bunnys-homes-nature-room,2026-10-11,7,Căn Hộ 1 Phòng Ngủ Có Ban Công,1539000.00,1620000.00,5.00,0,1,2.0,bedfae1f,c3a27f54,282,6,16,665384703_409602035_0_0_0_1410366,665384703,409602035,0,0,1410366,2.0,,False,,"Hủy miễn phí trước 6 tháng 10, 2026",Không cần thanh toán trước - thanh toán tại chỗ nghỉ | Không cần thẻ tín dụng,Bao gồm đưa đón hai chiều từ sân bay,Tiết kiệm 5%,price_attr
11,vinhomes-ocean-park-bunnys-homes-nature-room,2026-10-11,8,Căn Hộ 1 Phòng Ngủ Có Ban Công,1795500.00,1890000.00,5.00,0,1,2.0,bedfae1f,c3a27f54,282,6,17,665384702_409602035_0_0_0_1410366,665384702,409602035,0,0,1410366,2.0,,False,,"Hủy miễn phí trước 6 tháng 10, 2026",Không cần thanh toán trước - thanh toán tại chỗ nghỉ | Không cần thẻ tín dụng,Bao gồm đưa đón hai chiều từ sân bay,Tiết kiệm 5%,price_attr
11,vinhomes-ocean-park-bunnys-homes-nature-room,2026-10-11,9,Căn Hộ 1 Phòng Ngủ Có Ban Công,1111500.00,1170000.00,5.00,0,1,2.0,bedfae1f,c3a27f54,282,6,18,665384702_409602035_1_0_0,665384702,409602035,1,0,,1.0,Chỉ dành cho 1 khách,True,,"Hủy miễn phí trước 6 tháng 10, 2026",Không cần thanh toán trước - thanh toán tại chỗ nghỉ | Không cần thẻ tín dụng,,Tiết kiệm 5%,price_attr
11,vinhomes-ocean-park-bunnys-homes-nature-room,2026-10-11,10,Căn Hộ 2 Phòng Ngủ Có Ban Công,1111500.00,1170000.00,5.00,0,1,4.0,0e65e54f,c3a27f54,279,2,19,665384707_409602035_4_0_0,665384707,409602035,4,0,,4.0,,False,,"Hủy miễn phí trước 6 tháng 10, 2026",Không cần thanh toán trước - thanh toán tại chỗ nghỉ | Không cần thẻ tín dụng,,Tiết kiệm 5%,price_attr
11,vinhomes-ocean-park-bunnys-homes-nature-room,2026-10-11,11,Căn Hộ 2 Phòng Ngủ Có Ban Công,1795500.00,1890000.00,5.00,0,1,4.0,0e65e54f,c3a27f54,279,2,20,665384707_409602035_0_0_0_1410366,665384707,409602035,0,0,1410366,6.0,,False,,"Hủy miễn phí trước 6 tháng 10, 2026",Không cần thanh toán trước - thanh toán tại chỗ nghỉ | Không cần thẻ tín dụng,Bao gồm đưa đón hai chiều từ sân bay,Tiết kiệm 5%,price_attr
12,vinhomes-ocean-park-bunnys-homes-nature-room,2026-11-18,0,Căn Hộ 1 Phòng Ngủ Có Ban Công,729000.00,810000.00,10.00,0,1,2.0,bedfae1f,6649d313,286,6,1,665384701_409602035_2_0_0,665384701,409602035,2,0,,2.0,,False,,"Hủy miễn phí trước 13 tháng 11, 2026",Không cần thanh toán trước - thanh toán tại chỗ nghỉ | Không cần thẻ tín dụng,,Tiết kiệm 10%,price_attr
12,vinhomes-ocean-park-bunnys-homes-nature-room,2026-11-18,1,Căn Hộ 1 Phòng Ngủ Có Ban Công,1377000.00,1530000.00,10.00,0,1,2.0,bedfae1f,6649d313,286,6,2,665384701_409602035_0_0_0_1410366,665384701,409602035,0,0,1410366,2.0,,False,,"Hủy miễn phí trước 13 tháng 11, 2026",Không cần thanh toán trước - thanh toán tại chỗ nghỉ | Không cần thẻ tín dụng,Bao gồm đưa đón hai chiều từ sân bay,Tiết kiệm 10%,price_attr
12,vinhomes-ocean-park-bunnys-homes-nature-room,2026-11-18,2,Studio,729000.00,810000.00,10.00,0,1,2.0,2ade4a30,6649d313,284,2,5,665384705_409602035_2_0_0,665384705,409602035,2,0,,2.0,,False,,"Hủy miễn phí trước 13 tháng 11, 2026",Không cần thanh toán trước - thanh toán tại chỗ nghỉ | Không cần thẻ tín dụng,,Tiết kiệm 10%,price_attr
12,vinhomes-ocean-park-bunnys-homes-nature-room,2026-11-18,3,Studio,1377000.00,1530000.00,10.00,0,1,2.0,2ade4a30,6649d313,284,2,6,665384705_409602035_0_0_0_1410366,665384705,409602035,0,0,1410366,2.0,,False,,"Hủy miễn phí trước 13 tháng 11, 2026",Không cần thanh toán trước - thanh toán tại chỗ nghỉ | Không cần thẻ tín dụng,Bao gồm đưa đón hai chiều từ sân bay,Tiết kiệm 10%,price_attr
12,vinhomes-ocean-park-bunnys-homes-nature-room,2026-11-18,4,Studio Có Ban Công,729000.00,810000.00,10.00,0,1,2.0,be9de0a4,6649d313,285,2,7,665384706_409602035_2_0_0,665384706,409602035,2,0,,2.0,,False,,"Hủy miễn phí trước 13 tháng 11, 2026",Không cần thanh toán trước - thanh toán tại chỗ nghỉ | Không cần thẻ tín dụng,,Tiết kiệm 10%,price_attr
12,vinhomes-ocean-park-bunnys-homes-nature-room,2026-11-18,5,Studio Có Ban Công,1377000.00,1530000.00,10.00,0,1,2.0,be9de0a4,6649d313,285,2,8,665384706_409602035_0_0_0_1410366,665384706,409602035,0,0,1410366,2.0,,False,,"Hủy miễn phí trước 13 tháng 11, 2026",Không cần thanh toán trước - thanh toán tại chỗ nghỉ | Không cần thẻ tín dụng,Bao gồm đưa đón hai chiều từ sân bay,Tiết kiệm 10%,price_attr
12,vinhomes-ocean-park-bunnys-homes-nature-room,2026-11-18,6,Căn Hộ 1 Phòng Ngủ Có Ban Công,810000.00,900000.00,10.00,0,1,2.0,bedfae1f,6649d313,286,6,15,665384703_409602035_2_0_0,665384703,409602035,2,0,,2.0,,False,,"Hủy miễn phí trước 13 tháng 11, 2026",Không cần thanh toán trước - thanh toán tại chỗ nghỉ | Không cần thẻ tín dụng,,Tiết kiệm 10%,price_attr
12,vinhomes-ocean-park-bunnys-homes-nature-room,2026-11-18,7,Căn Hộ 1 Phòng Ngủ Có Ban Công,1458000.00,1620000.00,10.00,0,1,2.0,bedfae1f,6649d313,286,6,16,665384703_409602035_0_0_0_1410366,665384703,409602035,0,0,1410366,2.0,,False,,"Hủy miễn phí trước 13 tháng 11, 2026",Không cần thanh toán trước - thanh toán tại chỗ nghỉ | Không cần thẻ tín dụng,Bao gồm đưa đón hai chiều từ sân bay,Tiết kiệm 10%,price_attr
12,vinhomes-ocean-park-bunnys-homes-nature-room,2026-11-18,8,Căn Hộ 1 Phòng Ngủ Có Ban Công,1701000.00,1890000.00,10.00,0,1,2.0,bedfae1f,6649d313,286,6,17,665384702_409602035_0_0_0_1410366,665384702,409602035,0,0,1410366,2.0,,False,,"Hủy miễn phí trước 13 tháng 11, 2026",Không cần thanh toán trước - thanh toán tại chỗ nghỉ | Không cần thẻ tín dụng,Bao gồm đưa đón hai chiều từ sân bay,Tiết kiệm 10%,price_attr
12,vinhomes-ocean-park-bunnys-homes-nature-room,2026-11-18,9,Căn Hộ 1 Phòng Ngủ Có Ban Công,1053000.00,1170000.00,10.00,0,1,2.0,bedfae1f,6649d313,286,6,18,665384702_409602035_1_0_0,665384702,409602035,1,0,,1.0,Chỉ dành cho 1 khách,True,,"Hủy miễn phí trước 13 tháng 11, 2026",Không cần thanh toán trước - thanh toán tại chỗ nghỉ | Không cần thẻ tín dụng,,Tiết kiệm 10%,price_attr
12,vinhomes-ocean-park-bunnys-homes-nature-room,2026-11-18,10,Căn Hộ 2 Phòng Ngủ Có Ban Công,1053000.00,1170000.00,10.00,0,1,4.0,0e65e54f,6649d313,283,2,19,665384707_409602035_4_0_0,665384707,409602035,4,0,,4.0,,False,,"Hủy miễn phí trước 13 tháng 11, 2026",Không cần thanh toán trước - thanh toán tại chỗ nghỉ | Không cần thẻ tín dụng,,Tiết kiệm 10%,price_attr
12,vinhomes-ocean-park-bunnys-homes-nature-room,2026-11-18,11,Căn Hộ 2 Phòng Ngủ Có Ban Công,1701000.00,1890000.00,10.00,0,1,4.0,0e65e54f,6649d313,283,2,20,665384707_409602035_0_0_0_1410366,665384707,409602035,0,0,1410366,6.0,,False,,"Hủy miễn phí trước 13 tháng 11, 2026",Không cần thanh toán trước - thanh toán tại chỗ nghỉ | Không cần thẻ tín dụng,Bao gồm đưa đón hai chiều từ sân bay,Tiết kiệm 10%,price_attr
13,dusit-le-palais-tu-hoa-hanoi,2026-10-01,0,Phòng Superior Có 1 Giường Cỡ King,3178236.00,,,1,0,2.0,a5658c44,42ee661d,314,1,1,bbasic_0,bbasic,0,,,,2.0,,False,Bao bữa sáng - Tuyệt vời,Không hoàn tiền,• Thanh toán trước,,,price_text
13,dusit-le-palais-tu-hoa-hanoi,2026-10-01,1,Phòng Superior Có 1 Giường Cỡ King,3826683.00,,,0,0,2.0,448db3a6,1b6f0e44,292,1,2,1331064701_405638420_2_0_0,1331064701,405638420,2,0,,2.0,,False,,Không hoàn tiền | Linh động đổi ngày khi kế hoạch thay đổi,• Thanh toán cho chỗ nghỉ trước khi đến,– Có thể có giảm giá,,price_attr
13,dusit-le-palais-tu-hoa-hanoi,2026-10-01,2,Phòng Superior Có 1 Giường Cỡ King,4302963.00,,,1,0,2.0,448db3a6,42ee661d,293,2,3,1331064701_405638420_2_1_0,1331064701,405638420,2,1,,2.0,,False,Bao gồm bữa sáng tuyệt vời,Không hoàn tiền | Linh động đổi ngày khi kế hoạch thay đổi,• Thanh toán cho chỗ nghỉ trước khi đến,– Có thể có giảm giá,,price_attr
13,dusit-le-palais-tu-hoa-hanoi,2026-10-01,3,Phòng Superior Có 1 Giường Cỡ King,4501980.00,,,0,1,2.0,448db3a6,ee58c792,295,1,4,1331064701_416423956_2_2_0,1331064701,416423956,2,2,,2.0,,False,Bữa sáng Tuyệt vời - VND 544.320,"Hủy miễn phí trước 30 tháng 9, 2026",• Thanh toán cho chỗ nghỉ trước khi đến,– Có thể có giảm giá,,price_attr
13,dusit-le-palais-tu-hoa-hanoi,2026-10-01,4,Phòng Superior Có 1 Giường Cỡ King,4978260.00,,,1,1,2.0,448db3a6,88e299dc,294,2,5,1331064701_416423956_2_1_0,1331064701,416423956,2,1,,2.0,,False,Bao gồm bữa sáng tuyệt vời,"Hủy miễn phí trước 30 tháng 9, 2026",• Thanh toán cho chỗ nghỉ trước khi đến,– Có thể có giảm giá,,price_attr
13,dusit-le-palais-tu-hoa-hanoi,2026-10-01,5,Phòng Superior Có 1 Giường Cỡ King,4064823.00,,,1,0,2.0,448db3a6,42ee661d,293,2,6,1331064701_405638420_1_1_0,1331064701,405638420,1,1,,1.0,Chỉ dành cho 1 khách,True,Bao gồm bữa sáng tuyệt vời,Không hoàn tiền | Linh động đổi ngày khi kế hoạch thay đổi,• Thanh toán cho chỗ nghỉ trước khi đến,– Có thể có giảm giá,,price_attr
13,dusit-le-palais-tu-hoa-hanoi,2026-10-01,6,Phòng Superior Có 1 Giường Cỡ King,4740120.00,,,1,1,2.0,448db3a6,88e299dc,294,2,7,1331064701_416423956_1_1_0,1331064701,416423956,1,1,,1.0,Chỉ dành cho 1 khách,True,Bao gồm bữa sáng tuyệt vời,"Hủy miễn phí trước 30 tháng 9, 2026",• Thanh toán cho chỗ nghỉ trước khi đến,– Có thể có giảm giá,,price_attr
13,dusit-le-palais-tu-hoa-hanoi,2026-10-01,7,Superior 2 Doubles,3178236.00,,,1,0,2.0,c00ef53b,42ee661d,321,3,8,1331064702_bbasic_0,1331064702,bbasic,0,,,2.0,,False,Bao bữa sáng - Tuyệt vời,Không hoàn tiền,• Thanh toán trước,,,price_text
13,dusit-le-palais-tu-hoa-hanoi,2026-10-01,8,Superior 2 Doubles,3826683.00,,,0,0,2.0,c00ef53b,1b6f0e44,320,1,9,1331064702_405638420_2_0_0,1331064702,405638420,2,0,,2.0,,False,,Không hoàn tiền | Linh động đổi ngày khi kế hoạch thay đổi,• Thanh toán cho chỗ nghỉ trước khi đến,– Có thể có giảm giá,,price_attr
13,dusit-le-palais-tu-hoa-hanoi,2026-10-01,9,Superior 2 Doubles,4302963.00,,,1,0,2.0,c00ef53b,42ee661d,321,3,10,1331064702_405638420_2_1_0,1331064702,405638420,2,1,,2.0,,False,Bao gồm bữa sáng tuyệt vời,Không hoàn tiền | Linh động đổi ngày khi kế hoạch thay đổi,• Thanh toán cho chỗ nghỉ trước khi đến,– Có thể có giảm giá,,price_attr
13,dusit-le-palais-tu-hoa-hanoi,2026-10-01,10,Superior 2 Doubles,4501980.00,,,0,1,2.0,c00ef53b,ee58c792,323,1,11,1331064702_416423956_2_2_0,1331064702,416423956,2,2,,2.0,,False,Bữa sáng Tuyệt vời - VND 544.320,"Hủy miễn phí trước 30 tháng 9, 2026",• Thanh toán cho chỗ nghỉ trước khi đến,– Có thể có giảm giá,,price_attr
13,dusit-le-palais-tu-hoa-hanoi,2026-10-01,11,Superior 2 Doubles,4978260.00,,,1,1,2.0,c00ef53b,88e299dc,322,2,12,1331064702_416423956_2_1_0,1331064702,416423956,2,1,,2.0,,False,Bao gồm bữa sáng tuyệt vời,"Hủy miễn phí trước 30 tháng 9, 2026",• Thanh toán cho chỗ nghỉ trước khi đến,– Có thể có giảm giá,,price_attr
13,dusit-le-palais-tu-hoa-hanoi,2026-10-01,12,Superior 2 Doubles,4064823.00,,,1,0,2.0,c00ef53b,42ee661d,321,3,13,1331064702_405638420_1_1_0,1331064702,405638420,1,1,,1.0,Chỉ dành cho 1 khách,True,Bao gồm bữa sáng tuyệt vời,Không hoàn tiền | Linh động đổi ngày khi kế hoạch thay đổi,• Thanh toán cho chỗ nghỉ trước khi đến,– Có thể có giảm giá,,price_attr
13,dusit-le-palais-tu-hoa-hanoi,2026-10-01,13,Superior 2 Doubles,4740120.00,,,1,1,2.0,c00ef53b,88e299dc,322,2,14,1331064702_416423956_1_1_0,1331064702,416423956,1,1,,1.0,Chỉ dành cho 1 khách,True,Bao gồm bữa sáng tuyệt vời,"Hủy miễn phí trước 30 tháng 9, 2026",• Thanh toán cho chỗ nghỉ trước khi đến,– Có thể có giảm giá,,price_attr
13,dusit-le-palais-tu-hoa-hanoi,2026-10-01,14,Superior Balcony 1 King,4308633.00,,,0,0,2.0,60f67e18,1b6f0e44,301,1,15,1331064703_405638420_2_0_0,1331064703,405638420,2,0,,2.0,,False,,Không hoàn tiền | Linh động đổi ngày khi kế hoạch thay đổi,• Thanh toán cho chỗ nghỉ trước khi đến,– Có thể có giảm giá,,price_attr
13,dusit-le-palais-tu-hoa-hanoi,2026-10-01,15,Superior Balcony 1 King,4784913.00,,,1,0,2.0,60f67e18,42ee661d,302,2,16,1331064703_405638420_2_1_0,1331064703,405638420,2,1,,2.0,,False,Bao gồm bữa sáng tuyệt vời,Không hoàn tiền | Linh động đổi ngày khi kế hoạch thay đổi,• Thanh toán cho chỗ nghỉ trước khi đến,– Có thể có giảm giá,,price_attr
13,dusit-le-palais-tu-hoa-hanoi,2026-10-01,16,Superior Balcony 1 King,5068980.00,,,0,1,2.0,60f67e18,ee58c792,304,1,17,1331064703_416423956_2_2_0,1331064703,416423956,2,2,,2.0,,False,Bữa sáng Tuyệt vời - VND 544.320,"Hủy miễn phí trước 30 tháng 9, 2026",• Thanh toán cho chỗ nghỉ trước khi đến,– Có thể có giảm giá,,price_attr
13,dusit-le-palais-tu-hoa-hanoi,2026-10-01,17,Superior Balcony 1 King,5545260.00,,,1,1,2.0,60f67e18,88e299dc,303,2,18,1331064703_416423956_2_1_0,1331064703,416423956,2,1,,2.0,,False,Bao gồm bữa sáng tuyệt vời,"Hủy miễn phí trước 30 tháng 9, 2026",• Thanh toán cho chỗ nghỉ trước khi đến,– Có thể có giảm giá,,price_attr
13,dusit-le-palais-tu-hoa-hanoi,2026-10-01,18,Superior Balcony 1 King,4546773.00,,,1,0,2.0,60f67e18,42ee661d,302,2,19,1331064703_405638420_1_1_0,1331064703,405638420,1,1,,1.0,Chỉ dành cho 1 khách,True,Bao gồm bữa sáng tuyệt vời,Không hoàn tiền | Linh động đổi ngày khi kế hoạch thay đổi,• Thanh toán cho chỗ nghỉ trước khi đến,– Có thể có giảm giá,,price_attr
13,dusit-le-palais-tu-hoa-hanoi,2026-10-01,19,Superior Balcony 1 King,5307120.00,,,1,1,2.0,60f67e18,88e299dc,303,2,20,1331064703_416423956_1_1_0,1331064703,416423956,1,1,,1.0,Chỉ dành cho 1 khách,True,Bao gồm bữa sáng tuyệt vời,"Hủy miễn phí trước 30 tháng 9, 2026",• Thanh toán cho chỗ nghỉ trước khi đến,– Có thể có giảm giá,,price_attr
13,dusit-le-palais-tu-hoa-hanoi,2026-10-01,20,Phòng Deluxe với 1 Giường cỡ King,4597803.00,,,0,0,2.0,fe45d644,1b6f0e44,329,1,21,1331064704_405638420_2_0_0,1331064704,405638420,2,0,,2.0,,False,,Không hoàn tiền | Linh động đổi ngày khi kế hoạch thay đổi,• Thanh toán cho chỗ nghỉ trước khi đến,– Có thể có giảm giá,,price_attr
13,dusit-le-palais-tu-hoa-hanoi,2026-10-01,21,Phòng Deluxe với 1 Giường cỡ King,5074083.00,,,1,0,2.0,fe45d644,42ee661d,330,2,22,1331064704_405638420_2_1_0,1331064704,405638420,2,1,,2.0,,False,Bao gồm bữa sáng tuyệt vời,Không hoàn tiền | Linh động đổi ngày khi kế hoạch thay đổi,• Thanh toán cho chỗ nghỉ trước khi đến,– Có thể có giảm giá,,price_attr
13,dusit-le-palais-tu-hoa-hanoi,2026-10-01,22,Phòng Deluxe với 1 Giường cỡ King,5409180.00,,,0,1,2.0,fe45d644,ee58c792,332,1,23,1331064704_416423956_2_2_0,1331064704,416423956,2,2,,2.0,,False,Bữa sáng Tuyệt vời - VND 544.320,"Hủy miễn phí trước 30 tháng 9, 2026",• Thanh toán cho chỗ nghỉ trước khi đến,– Có thể có giảm giá,,price_attr
13,dusit-le-palais-tu-hoa-hanoi,2026-10-01,23,Phòng Deluxe với 1 Giường cỡ King,5885460.00,,,1,1,2.0,fe45d644,88e299dc,331,2,24,1331064704_416423956_2_1_0,1331064704,416423956,2,1,,2.0,,False,Bao gồm bữa sáng tuyệt vời,"Hủy miễn phí trước 30 tháng 9, 2026",• Thanh toán cho chỗ nghỉ trước khi đến,– Có thể có giảm giá,,price_attr
13,dusit-le-palais-tu-hoa-hanoi,2026-10-01,24,Phòng Deluxe với 1 Giường cỡ King,4835943.00,,,1,0,2.0,fe45d644,42ee661d,330,2,25,1331064704_405638420_1_1_0,1331064704,405638420,1,1,,1.0,Chỉ dành cho 1 khách,True,Bao gồm bữa sáng tuyệt vời,Không hoàn tiền | Linh động đổi ngày khi kế hoạch thay đổi,• Thanh toán cho chỗ nghỉ trước khi đến,– Có thể có giảm giá,,price_attr
13,dusit-le-palais-tu-hoa-hanoi,2026-10-01,25,Phòng Deluxe với 1 Giường cỡ King,5647320.00,,,1,1,2.0,fe45d644,88e299dc,331,2,26,1331064704_416423956_1_1_0,1331064704,416423956,1,1,,1.0,Chỉ dành cho 1 khách,True,Bao gồm bữa sáng tuyệt vời,"Hủy miễn phí trước 30 tháng 9, 2026",• Thanh toán cho chỗ nghỉ trước khi đến,– Có thể có giảm giá,,price_attr
13,dusit-le-palais-tu-hoa-hanoi,2026-10-01,26,Superior 1 King - Lakeside Onsen Retreat,4758264.00,,,0,1,2.0,2cb0ce0a,06df6899,291,2,27,1331064711_432042635_2_2_0,1331064711,432042635,2,2,,2.0,,False,Bữa sáng Tuyệt vời - VND 544.320,"Hủy miễn phí trước 29 tháng 9, 2026",• Thanh toán cho chỗ nghỉ trước khi đến,,,price_attr
13,dusit-le-palais-tu-hoa-hanoi,2026-10-01,27,Superior 1 King - Lakeside Onsen Retreat,4293324.00,,,0,1,2.0,2cb0ce0a,06df6899,291,2,28,1331064711_432042635_1_2_0,1331064711,432042635,1,2,,1.0,Chỉ dành cho 1 khách,True,Bữa sáng Tuyệt vời - VND 544.320,"Hủy miễn phí trước 29 tháng 9, 2026",• Thanh toán cho chỗ nghỉ trước khi đến,,,price_attr
13,dusit-le-palais-tu-hoa-hanoi,2026-10-01,28,Superior 2 Doubles - Lakeside Onsen Retreat,4758264.00,,,0,1,2.0,6907f4fb,06df6899,305,2,29,1331064712_432042635_2_2_0,1331064712,432042635,2,2,,2.0,,False,Bữa sáng Tuyệt vời - VND 544.320,"Hủy miễn phí trước 29 tháng 9, 2026",• Thanh toán cho chỗ nghỉ trước khi đến,,,price_attr
13,dusit-le-palais-tu-hoa-hanoi,2026-10-01,29,Superior 2 Doubles - Lakeside Onsen Retreat,4293324.00,,,0,1,2.0,6907f4fb,06df6899,305,2,30,1331064712_432042635_1_2_0,1331064712,432042635,1,2,,1.0,Chỉ dành cho 1 khách,True,Bữa sáng Tuyệt vời - VND 544.320,"Hủy miễn phí trước 29 tháng 9, 2026",• Thanh toán cho chỗ nghỉ trước khi đến,,,price_attr
13,dusit-le-palais-tu-hoa-hanoi,2026-10-01,30,Deluxe Balcony 1 King,5079753.00,,,0,0,2.0,208b2ae5,1b6f0e44,287,1,31,1331064705_405638420_2_0_0,1331064705,405638420,2,0,,2.0,,False,,Không hoàn tiền | Linh động đổi ngày khi kế hoạch thay đổi,• Thanh toán cho chỗ nghỉ trước khi đến,– Có thể có giảm giá,,price_attr
13,dusit-le-palais-tu-hoa-hanoi,2026-10-01,31,Deluxe Balcony 1 King,5556033.00,,,1,0,2.0,208b2ae5,42ee661d,288,2,32,1331064705_405638420_2_1_0,1331064705,405638420,2,1,,2.0,,False,Bao gồm bữa sáng tuyệt vời,Không hoàn tiền | Linh động đổi ngày khi kế hoạch thay đổi,• Thanh toán cho chỗ nghỉ trước khi đến,– Có thể có giảm giá,,price_attr
13,dusit-le-palais-tu-hoa-hanoi,2026-10-01,32,Deluxe Balcony 1 King,5976180.00,,,0,1,2.0,208b2ae5,ee58c792,290,1,33,1331064705_416423956_2_2_0,1331064705,416423956,2,2,,2.0,,False,Bữa sáng Tuyệt vời - VND 544.320,"Hủy miễn phí trước 30 tháng 9, 2026",• Thanh toán cho chỗ nghỉ trước khi đến,– Có thể có giảm giá,,price_attr
13,dusit-le-palais-tu-hoa-hanoi,2026-10-01,33,Deluxe Balcony 1 King,6452460.00,,,1,1,2.0,208b2ae5,88e299dc,289,2,34,1331064705_416423956_2_1_0,1331064705,416423956,2,1,,2.0,,False,Bao gồm bữa sáng tuyệt vời,"Hủy miễn phí trước 30 tháng 9, 2026",• Thanh toán cho chỗ nghỉ trước khi đến,– Có thể có giảm giá,,price_attr
13,dusit-le-palais-tu-hoa-hanoi,2026-10-01,34,Deluxe Balcony 1 King,5317893.00,,,1,0,2.0,208b2ae5,42ee661d,288,2,35,1331064705_405638420_1_1_0,1331064705,405638420,1,1,,1.0,Chỉ dành cho 1 khách,True,Bao gồm bữa sáng tuyệt vời,Không hoàn tiền | Linh động đổi ngày khi kế hoạch thay đổi,• Thanh toán cho chỗ nghỉ trước khi đến,– Có thể có giảm giá,,price_attr
13,dusit-le-palais-tu-hoa-hanoi,2026-10-01,35,Deluxe Balcony 1 King,6214320.00,,,1,1,2.0,208b2ae5,88e299dc,289,2,36,1331064705_416423956_1_1_0,1331064705,416423956,1,1,,1.0,Chỉ dành cho 1 khách,True,Bao gồm bữa sáng tuyệt vời,"Hủy miễn phí trước 30 tháng 9, 2026",• Thanh toán cho chỗ nghỉ trước khi đến,– Có thể có giảm giá,,price_attr
13,dusit-le-palais-tu-hoa-hanoi,2026-10-01,36,Superior Balcony 1 King - Lakeside Onsen Retreat,5211864.00,,,0,1,2.0,a798eedf,06df6899,319,2,37,1331064713_432042635_2_2_0,1331064713,432042635,2,2,,2.0,,False,Bữa sáng Tuyệt vời - VND 544.320,"Hủy miễn phí trước 29 tháng 9, 2026",• Thanh toán cho chỗ nghỉ trước khi đến,,,price_attr
13,dusit-le-palais-tu-hoa-hanoi,2026-10-01,37,Superior Balcony 1 King - Lakeside Onsen Retreat,4746924.00,,,0,1,2.0,a798eedf,06df6899,319,2,38,1331064713_432042635_1_2_0,1331064713,432042635,1,2,,1.0,Chỉ dành cho 1 khách,True,Bữa sáng Tuyệt vời - VND 544.320,"Hủy miễn phí trước 29 tháng 9, 2026",• Thanh toán cho chỗ nghỉ trước khi đến,,,price_attr
13,dusit-le-palais-tu-hoa-hanoi,2026-10-01,38,Deluxe Corner 1 King,5368923.00,,,0,0,2.0,e5ef07e3,1b6f0e44,325,1,39,1331064706_405638420_2_0_0,1331064706,405638420,2,0,,2.0,,False,,Không hoàn tiền | Linh động đổi ngày khi kế hoạch thay đổi,• Thanh toán cho chỗ nghỉ trước khi đến,– Có thể có giảm giá,,price_attr
13,dusit-le-palais-tu-hoa-hanoi,2026-10-01,39,Deluxe Corner 1 King,5845203.00,,,1,0,2.0,e5ef07e3,42ee661d,326,2,40,1331064706_405638420_2_1_0,1331064706,405638420,2,1,,2.0,,False,Bao gồm bữa sáng tuyệt vời,Không hoàn tiền | Linh động đổi ngày khi kế hoạch thay đổi,• Thanh toán cho chỗ nghỉ trước khi đến,– Có thể có giảm giá,,price_attr
13,dusit-le-palais-tu-hoa-hanoi,2026-10-01,40,Deluxe Corner 1 King,6316380.00,,,0,1,2.0,e5ef07e3,ee58c792,328,1,41,1331064706_416423956_2_2_0,1331064706,416423956,2,2,,2.0,,False,Bữa sáng Tuyệt vời - VND 544.320,"Hủy miễn phí trước 30 tháng 9, 2026",• Thanh toán cho chỗ nghỉ trước khi đến,– Có thể có giảm giá,,price_attr
13,dusit-le-palais-tu-hoa-hanoi,2026-10-01,41,Deluxe Corner 1 King,6792660.00,,,1,1,2.0,e5ef07e3,88e299dc,327,2,42,1331064706_416423956_2_1_0,1331064706,416423956,2,1,,2.0,,False,Bao gồm bữa sáng tuyệt vời,"Hủy miễn phí trước 30 tháng 9, 2026",• Thanh toán cho chỗ nghỉ trước khi đến,– Có thể có giảm giá,,price_attr
13,dusit-le-palais-tu-hoa-hanoi,2026-10-01,42,Deluxe Corner 1 King,5607063.00,,,1,0,2.0,e5ef07e3,42ee661d,326,2,43,1331064706_405638420_1_1_0,1331064706,405638420,1,1,,1.0,Chỉ dành cho 1 khách,True,Bao gồm bữa sáng tuyệt vời,Không hoàn tiền | Linh động đổi ngày khi kế hoạch thay đổi,• Thanh toán cho chỗ nghỉ trước khi đến,– Có thể có giảm giá,,price_attr
13,dusit-le-palais-tu-hoa-hanoi,2026-10-01,43,Deluxe Corner 1 King,6554520.00,,,1,1,2.0,e5ef07e3,88e299dc,327,2,44,1331064706_416423956_1_1_0,1331064706,416423956,1,1,,1.0,Chỉ dành cho 1 khách,True,Bao gồm bữa sáng tuyệt vời,"Hủy miễn phí trước 30 tháng 9, 2026",• Thanh toán cho chỗ nghỉ trước khi đến,– Có thể có giảm giá,,price_attr
13,dusit-le-palais-tu-hoa-hanoi,2026-10-01,44,Deluxe 1 King - Lakeside Onsen Retreat,5484024.00,,,0,1,2.0,84c828b1,06df6899,308,2,45,1331064714_432042635_2_2_0,1331064714,432042635,2,2,,2.0,,False,Bữa sáng Tuyệt vời - VND 544.320,"Hủy miễn phí trước 29 tháng 9, 2026",• Thanh toán cho chỗ nghỉ trước khi đến,,,price_attr
13,dusit-le-palais-tu-hoa-hanoi,2026-10-01,45,Deluxe 1 King - Lakeside Onsen Retreat,5019084.00,,,0,1,2.0,84c828b1,06df6899,308,2,46,1331064714_432042635_1_2_0,1331064714,432042635,1,2,,1.0,Chỉ dành cho 1 khách,True,Bữa sáng Tuyệt vời - VND 544.320,"Hủy miễn phí trước 29 tháng 9, 2026",• Thanh toán cho chỗ nghỉ trước khi đến,,,price_attr
13,dusit-le-palais-tu-hoa-hanoi,2026-10-01,46,Deluxe Balcony 1 King - Lakeside Onsen Retreat,5937624.00,,,0,1,2.0,7ecf3c13,06df6899,307,2,47,1331064715_432042635_2_2_0,1331064715,432042635,2,2,,2.0,,False,Bữa sáng Tuyệt vời - VND 544.320,"Hủy miễn phí trước 29 tháng 9, 2026",• Thanh toán cho chỗ nghỉ trước khi đến,,,price_attr
13,dusit-le-palais-tu-hoa-hanoi,2026-10-01,47,Deluxe Balcony 1 King - Lakeside Onsen Retreat,5472684.00,,,0,1,2.0,7ecf3c13,06df6899,307,2,48,1331064715_432042635_1_2_0,1331064715,432042635,1,2,,1.0,Chỉ dành cho 1 khách,True,Bữa sáng Tuyệt vời - VND 544.320,"Hủy miễn phí trước 29 tháng 9, 2026",• Thanh toán cho chỗ nghỉ trước khi đến,,,price_attr
13,dusit-le-palais-tu-hoa-hanoi,2026-10-01,48,Junior Suite 1 King,5947263.00,,,0,0,2.0,a64d48f2,1b6f0e44,315,1,49,1331064707_405638420_2_0_0,1331064707,405638420,2,0,,2.0,,False,,Không hoàn tiền | Linh động đổi ngày khi kế hoạch thay đổi,• Thanh toán cho chỗ nghỉ trước khi đến,– Có thể có giảm giá,,price_attr
13,dusit-le-palais-tu-hoa-hanoi,2026-10-01,49,Junior Suite 1 King,6423543.00,,,1,0,2.0,a64d48f2,42ee661d,316,2,50,1331064707_405638420_2_1_0,1331064707,405638420,2,1,,2.0,,False,Bao gồm bữa sáng tuyệt vời,Không hoàn tiền | Linh động đổi ngày khi kế hoạch thay đổi,• Thanh toán cho chỗ nghỉ trước khi đến,– Có thể có giảm giá,,price_attr
13,dusit-le-palais-tu-hoa-hanoi,2026-10-01,50,Junior Suite 1 King,6996780.00,,,0,1,2.0,a64d48f2,ee58c792,318,1,51,1331064707_416423956_2_2_0,1331064707,416423956,2,2,,2.0,,False,Bữa sáng Tuyệt vời - VND 544.320,"Hủy miễn phí trước 30 tháng 9, 2026",• Thanh toán cho chỗ nghỉ trước khi đến,– Có thể có giảm giá,,price_attr
13,dusit-le-palais-tu-hoa-hanoi,2026-10-01,51,Junior Suite 1 King,7473060.00,,,1,1,2.0,a64d48f2,88e299dc,317,2,52,1331064707_416423956_2_1_0,1331064707,416423956,2,1,,2.0,,False,Bao gồm bữa sáng tuyệt vời,"Hủy miễn phí trước 30 tháng 9, 2026",• Thanh toán cho chỗ nghỉ trước khi đến,– Có thể có giảm giá,,price_attr
13,dusit-le-palais-tu-hoa-hanoi,2026-10-01,52,Junior Suite 1 King,6185403.00,,,1,0,2.0,a64d48f2,42ee661d,316,2,53,1331064707_405638420_1_1_0,1331064707,405638420,1,1,,1.0,Chỉ dành cho 1 khách,True,Bao gồm bữa sáng tuyệt vời,Không hoàn tiền | Linh động đổi ngày khi kế hoạch thay đổi,• Thanh toán cho chỗ nghỉ trước khi đến,– Có thể có giảm giá,,price_attr
13,dusit-le-palais-tu-hoa-hanoi,2026-10-01,53,Junior Suite 1 King,7234920.00,,,1,1,2.0,a64d48f2,88e299dc,317,2,54,1331064707_416423956_1_1_0,1331064707,416423956,1,1,,1.0,Chỉ dành cho 1 khách,True,Bao gồm bữa sáng tuyệt vời,"Hủy miễn phí trước 30 tháng 9, 2026",• Thanh toán cho chỗ nghỉ trước khi đến,– Có thể có giảm giá,,price_attr
13,dusit-le-palais-tu-hoa-hanoi,2026-10-01,54,Deluxe Corner 1 King - Lakeside Onsen Retreat,6209784.00,,,0,1,2.0,9291fbaa,06df6899,309,2,55,1331064716_432042635_2_2_0,1331064716,432042635,2,2,,2.0,,False,Bữa sáng Tuyệt vời - VND 544.320,"Hủy miễn phí trước 29 tháng 9, 2026",• Thanh toán cho chỗ nghỉ trước khi đến,,,price_attr
13,dusit-le-palais-tu-hoa-hanoi,2026-10-01,55,Deluxe Corner 1 King - Lakeside Onsen Retreat,5744844.00,,,0,1,2.0,9291fbaa,06df6899,309,2,56,1331064716_432042635_1_2_0,1331064716,432042635,1,2,,1.0,Chỉ dành cho 1 khách,True,Bữa sáng Tuyệt vời - VND 544.320,"Hủy miễn phí trước 29 tháng 9, 2026",• Thanh toán cho chỗ nghỉ trước khi đến,,,price_attr
13,dusit-le-palais-tu-hoa-hanoi,2026-10-01,56,Junior Balcony Suite 1 King,6429213.00,,,0,0,2.0,9cb81700,1b6f0e44,310,1,57,1331064708_405638420_2_0_0,1331064708,405638420,2,0,,2.0,,False,,Không hoàn tiền | Linh động đổi ngày khi kế hoạch thay đổi,• Thanh toán cho chỗ nghỉ trước khi đến,– Có thể có giảm giá,,price_attr
13,dusit-le-palais-tu-hoa-hanoi,2026-10-01,57,Junior Balcony Suite 1 King,6905493.00,,,1,0,2.0,9cb81700,42ee661d,311,2,58,1331064708_405638420_2_1_0,1331064708,405638420,2,1,,2.0,,False,Bao gồm bữa sáng tuyệt vời,Không hoàn tiền | Linh động đổi ngày khi kế hoạch thay đổi,• Thanh toán cho chỗ nghỉ trước khi đến,– Có thể có giảm giá,,price_attr
13,dusit-le-palais-tu-hoa-hanoi,2026-10-01,58,Junior Balcony Suite 1 King,7563780.00,,,0,1,2.0,9cb81700,ee58c792,313,1,59,1331064708_416423956_2_2_0,1331064708,416423956,2,2,,2.0,,False,Bữa sáng Tuyệt vời - VND 544.320,"Hủy miễn phí trước 30 tháng 9, 2026",• Thanh toán cho chỗ nghỉ trước khi đến,– Có thể có giảm giá,,price_attr
13,dusit-le-palais-tu-hoa-hanoi,2026-10-01,59,Junior Balcony Suite 1 King,8040060.00,,,1,1,2.0,9cb81700,88e299dc,312,2,60,1331064708_416423956_2_1_0,1331064708,416423956,2,1,,2.0,,False,Bao gồm bữa sáng tuyệt vời,"Hủy miễn phí trước 30 tháng 9, 2026",• Thanh toán cho chỗ nghỉ trước khi đến,– Có thể có giảm giá,,price_attr
13,dusit-le-palais-tu-hoa-hanoi,2026-10-01,60,Junior Balcony Suite 1 King,6667353.00,,,1,0,2.0,9cb81700,42ee661d,311,2,61,1331064708_405638420_1_1_0,1331064708,405638420,1,1,,1.0,Chỉ dành cho 1 khách,True,Bao gồm bữa sáng tuyệt vời,Không hoàn tiền | Linh động đổi ngày khi kế hoạch thay đổi,• Thanh toán cho chỗ nghỉ trước khi đến,– Có thể có giảm giá,,price_attr
13,dusit-le-palais-tu-hoa-hanoi,2026-10-01,61,Junior Balcony Suite 1 King,7801920.00,,,1,1,2.0,9cb81700,88e299dc,312,2,62,1331064708_416423956_1_1_0,1331064708,416423956,1,1,,1.0,Chỉ dành cho 1 khách,True,Bao gồm bữa sáng tuyệt vời,"Hủy miễn phí trước 30 tháng 9, 2026",• Thanh toán cho chỗ nghỉ trước khi đến,– Có thể có giảm giá,,price_attr
13,dusit-le-palais-tu-hoa-hanoi,2026-10-01,62,Junior Suite 1 King - Lakeside Onsen Retreat,6754104.00,,,0,1,2.0,4c827c96,06df6899,296,2,63,1331064717_432042635_2_2_0,1331064717,432042635,2,2,,2.0,,False,Bữa sáng Tuyệt vời - VND 544.320,"Hủy miễn phí trước 29 tháng 9, 2026",• Thanh toán cho chỗ nghỉ trước khi đến,,,price_attr
13,dusit-le-palais-tu-hoa-hanoi,2026-10-01,63,Junior Suite 1 King - Lakeside Onsen Retreat,6289164.00,,,0,1,2.0,4c827c96,06df6899,296,2,64,1331064717_432042635_1_2_0,1331064717,432042635,1,2,,1.0,Chỉ dành cho 1 khách,True,Bữa sáng Tuyệt vời - VND 544.320,"Hủy miễn phí trước 29 tháng 9, 2026",• Thanh toán cho chỗ nghỉ trước khi đến,,,price_attr
13,dusit-le-palais-tu-hoa-hanoi,2026-10-01,64,1 Bedroom Suite 1 King,6911163.00,,,0,0,2.0,4fdd23de,1b6f0e44,297,1,65,1331064709_405638420_2_0_0,1331064709,405638420,2,0,,2.0,,False,,Không hoàn tiền | Linh động đổi ngày khi kế hoạch thay đổi,• Thanh toán cho chỗ nghỉ trước khi đến,– Có thể có giảm giá,,price_attr
13,dusit-le-palais-tu-hoa-hanoi,2026-10-01,65,1 Bedroom Suite 1 King,7387443.00,,,1,0,2.0,4fdd23de,42ee661d,298,2,66,1331064709_405638420_2_1_0,1331064709,405638420,2,1,,2.0,,False,Bao gồm bữa sáng tuyệt vời,Không hoàn tiền | Linh động đổi ngày khi kế hoạch thay đổi,• Thanh toán cho chỗ nghỉ trước khi đến,– Có thể có giảm giá,,price_attr
13,dusit-le-palais-tu-hoa-hanoi,2026-10-01,66,1 Bedroom Suite 1 King,8130780.00,,,0,1,2.0,4fdd23de,ee58c792,300,1,67,1331064709_416423956_2_2_0,1331064709,416423956,2,2,,2.0,,False,Bữa sáng Tuyệt vời - VND 544.320,"Hủy miễn phí trước 30 tháng 9, 2026",• Thanh toán cho chỗ nghỉ trước khi đến,– Có thể có giảm giá,,price_attr
13,dusit-le-palais-tu-hoa-hanoi,2026-10-01,67,1 Bedroom Suite 1 King,8607060.00,,,1,1,2.0,4fdd23de,88e299dc,299,2,68,1331064709_416423956_2_1_0,1331064709,416423956,2,1,,2.0,,False,Bao gồm bữa sáng tuyệt vời,"Hủy miễn phí trước 30 tháng 9, 2026",• Thanh toán cho chỗ nghỉ trước khi đến,– Có thể có giảm giá,,price_attr
13,dusit-le-palais-tu-hoa-hanoi,2026-10-01,68,1 Bedroom Suite 1 King,7149303.00,,,1,0,2.0,4fdd23de,42ee661d,298,2,69,1331064709_405638420_1_1_0,1331064709,405638420,1,1,,1.0,Chỉ dành cho 1 khách,True,Bao gồm bữa sáng tuyệt vời,Không hoàn tiền | Linh động đổi ngày khi kế hoạch thay đổi,• Thanh toán cho chỗ nghỉ trước khi đến,– Có thể có giảm giá,,price_attr
13,dusit-le-palais-tu-hoa-hanoi,2026-10-01,69,1 Bedroom Suite 1 King,8368920.00,,,1,1,2.0,4fdd23de,88e299dc,299,2,70,1331064709_416423956_1_1_0,1331064709,416423956,1,1,,1.0,Chỉ dành cho 1 khách,True,Bao gồm bữa sáng tuyệt vời,"Hủy miễn phí trước 30 tháng 9, 2026",• Thanh toán cho chỗ nghỉ trước khi đến,– Có thể có giảm giá,,price_attr
13,dusit-le-palais-tu-hoa-hanoi,2026-10-01,70,Suite Junior Có Ban Công,7207704.00,,,0,1,2.0,e125ed67,06df6899,324,2,71,1331064718_432042635_2_2_0,1331064718,432042635,2,2,,2.0,,False,Bữa sáng Tuyệt vời - VND 544.320,"Hủy miễn phí trước 29 tháng 9, 2026",• Thanh toán cho chỗ nghỉ trước khi đến,,,price_attr
13,dusit-le-palais-tu-hoa-hanoi,2026-10-01,71,Suite Junior Có Ban Công,6742764.00,,,0,1,2.0,e125ed67,06df6899,324,2,72,1331064718_432042635_1_2_0,1331064718,432042635,1,2,,1.0,Chỉ dành cho 1 khách,True,Bữa sáng Tuyệt vời - VND 544.320,"Hủy miễn phí trước 29 tháng 9, 2026",• Thanh toán cho chỗ nghỉ trước khi đến,,,price_attr
13,dusit-le-palais-tu-hoa-hanoi,2026-10-01,72,1 Bedroom Suite 1 King - Lakeside Onsen Retreat,7661304.00,,,0,1,2.0,6d64061b,06df6899,306,2,73,1331064719_432042635_2_2_0,1331064719,432042635,2,2,,2.0,,False,Bữa sáng Tuyệt vời - VND 544.320,"Hủy miễn phí trước 29 tháng 9, 2026",• Thanh toán cho chỗ nghỉ trước khi đến,,,price_attr
13,dusit-le-palais-tu-hoa-hanoi,2026-10-01,73,1 Bedroom Suite 1 King - Lakeside Onsen Retreat,7196364.00,,,0,1,2.0,6d64061b,06df6899,306,2,74,1331064719_432042635_1_2_0,1331064719,432042635,1,2,,1.0,Chỉ dành cho 1 khách,True,Bữa sáng Tuyệt vời - VND 544.320,"Hủy miễn phí trước 29 tháng 9, 2026",• Thanh toán cho chỗ nghỉ trước khi đến,,,price_attr
14,dusit-le-palais-tu-hoa-hanoi,2026-10-11,0,Superior 2 Doubles,3633903.00,,,0,0,2.0,c00ef53b,1b6f0e44,365,1,1,1331064702_405638420_2_0_0,1331064702,405638420,2,0,,2.0,,False,,Không hoàn tiền | Linh động đổi ngày khi kế hoạch thay đổi,• Thanh toán cho chỗ nghỉ trước khi đến,– Có thể có giảm giá,,price_attr
14,dusit-le-palais-tu-hoa-hanoi,2026-10-11,1,Superior 2 Doubles,4110183.00,,,1,0,2.0,c00ef53b,42ee661d,367,2,2,1331064702_405638420_2_1_0,1331064702,405638420,2,1,,2.0,,False,Bao gồm bữa sáng tuyệt vời,Không hoàn tiền | Linh động đổi ngày khi kế hoạch thay đổi,• Thanh toán cho chỗ nghỉ trước khi đến,– Có thể có giảm giá,,price_attr
14,dusit-le-palais-tu-hoa-hanoi,2026-10-11,2,Superior 2 Doubles,4275180.00,,,0,1,2.0,c00ef53b,30e09dcf,366,1,3,1331064702_416423956_2_2_0,1331064702,416423956,2,2,,2.0,,False,Bữa sáng Tuyệt vời - VND 544.320,"Hủy miễn phí trước 10 tháng 10, 2026",• Thanh toán cho chỗ nghỉ trước khi đến,– Có thể có giảm giá,,price_attr
14,dusit-le-palais-tu-hoa-hanoi,2026-10-11,3,Superior 2 Doubles,4751460.00,,,1,1,2.0,c00ef53b,d16e3bf7,368,2,4,1331064702_416423956_2_1_0,1331064702,416423956,2,1,,2.0,,False,Bao gồm bữa sáng tuyệt vời,"Hủy miễn phí trước 10 tháng 10, 2026",• Thanh toán cho chỗ nghỉ trước khi đến,– Có thể có giảm giá,,price_attr
14,dusit-le-palais-tu-hoa-hanoi,2026-10-11,4,Superior 2 Doubles,3872043.00,,,1,0,2.0,c00ef53b,42ee661d,367,2,5,1331064702_405638420_1_1_0,1331064702,405638420,1,1,,1.0,Chỉ dành cho 1 khách,True,Bao gồm bữa sáng tuyệt vời,Không hoàn tiền | Linh động đổi ngày khi kế hoạch thay đổi,• Thanh toán cho chỗ nghỉ trước khi đến,– Có thể có giảm giá,,price_attr
14,dusit-le-palais-tu-hoa-hanoi,2026-10-11,5,Superior 2 Doubles,4513320.00,,,1,1,2.0,c00ef53b,d16e3bf7,368,2,6,1331064702_416423956_1_1_0,1331064702,416423956,1,1,,1.0,Chỉ dành cho 1 khách,True,Bao gồm bữa sáng tuyệt vời,"Hủy miễn phí trước 10 tháng 10, 2026",• Thanh toán cho chỗ nghỉ trước khi đến,– Có thể có giảm giá,,price_attr
14,dusit-le-palais-tu-hoa-hanoi,2026-10-11,6,Phòng Superior Có 1 Giường Cỡ King,3633903.00,,,0,0,2.0,448db3a6,1b6f0e44,338,1,7,1331064701_405638420_2_0_0,1331064701,405638420,2,0,,2.0,,False,,Không hoàn tiền | Linh động đổi ngày khi kế hoạch thay đổi,• Thanh toán cho chỗ nghỉ trước khi đến,– Có thể có giảm giá,,price_attr
14,dusit-le-palais-tu-hoa-hanoi,2026-10-11,7,Phòng Superior Có 1 Giường Cỡ King,4110183.00,,,1,0,2.0,448db3a6,42ee661d,340,2,8,1331064701_405638420_2_1_0,1331064701,405638420,2,1,,2.0,,False,Bao gồm bữa sáng tuyệt vời,Không hoàn tiền | Linh động đổi ngày khi kế hoạch thay đổi,• Thanh toán cho chỗ nghỉ trước khi đến,– Có thể có giảm giá,,price_attr
14,dusit-le-palais-tu-hoa-hanoi,2026-10-11,8,Phòng Superior Có 1 Giường Cỡ King,4275180.00,,,0,1,2.0,448db3a6,30e09dcf,339,1,9,1331064701_416423956_2_2_0,1331064701,416423956,2,2,,2.0,,False,Bữa sáng Tuyệt vời - VND 544.320,"Hủy miễn phí trước 10 tháng 10, 2026",• Thanh toán cho chỗ nghỉ trước khi đến,– Có thể có giảm giá,,price_attr
14,dusit-le-palais-tu-hoa-hanoi,2026-10-11,9,Phòng Superior Có 1 Giường Cỡ King,4751460.00,,,1,1,2.0,448db3a6,d16e3bf7,341,2,10,1331064701_416423956_2_1_0,1331064701,416423956,2,1,,2.0,,False,Bao gồm bữa sáng tuyệt vời,"Hủy miễn phí trước 10 tháng 10, 2026",• Thanh toán cho chỗ nghỉ trước khi đến,– Có thể có giảm giá,,price_attr
14,dusit-le-palais-tu-hoa-hanoi,2026-10-11,10,Phòng Superior Có 1 Giường Cỡ King,3872043.00,,,1,0,2.0,448db3a6,42ee661d,340,2,11,1331064701_405638420_1_1_0,1331064701,405638420,1,1,,1.0,Chỉ dành cho 1 khách,True,Bao gồm bữa sáng tuyệt vời,Không hoàn tiền | Linh động đổi ngày khi kế hoạch thay đổi,• Thanh toán cho chỗ nghỉ trước khi đến,– Có thể có giảm giá,,price_attr
14,dusit-le-palais-tu-hoa-hanoi,2026-10-11,11,Phòng Superior Có 1 Giường Cỡ King,4513320.00,,,1,1,2.0,448db3a6,d16e3bf7,341,2,12,1331064701_416423956_1_1_0,1331064701,416423956,1,1,,1.0,Chỉ dành cho 1 khách,True,Bao gồm bữa sáng tuyệt vời,"Hủy miễn phí trước 10 tháng 10, 2026",• Thanh toán cho chỗ nghỉ trước khi đến,– Có thể có giảm giá,,price_attr
14,dusit-le-palais-tu-hoa-hanoi,2026-10-11,12,Superior Balcony 1 King,4115853.00,,,0,0,2.0,60f67e18,1b6f0e44,347,1,13,1331064703_405638420_2_0_0,1331064703,405638420,2,0,,2.0,,False,,Không hoàn tiền | Linh động đổi ngày khi kế hoạch thay đổi,• Thanh toán cho chỗ nghỉ trước khi đến,– Có thể có giảm giá,,price_attr
14,dusit-le-palais-tu-hoa-hanoi,2026-10-11,13,Superior Balcony 1 King,4592133.00,,,1,0,2.0,60f67e18,42ee661d,349,2,14,1331064703_405638420_2_1_0,1331064703,405638420,2,1,,2.0,,False,Bao gồm bữa sáng tuyệt vời,Không hoàn tiền | Linh động đổi ngày khi kế hoạch thay đổi,• Thanh toán cho chỗ nghỉ trước khi đến,– Có thể có giảm giá,,price_attr
14,dusit-le-palais-tu-hoa-hanoi,2026-10-11,14,Superior Balcony 1 King,4842180.00,,,0,1,2.0,60f67e18,30e09dcf,348,1,15,1331064703_416423956_2_2_0,1331064703,416423956,2,2,,2.0,,False,Bữa sáng Tuyệt vời - VND 544.320,"Hủy miễn phí trước 10 tháng 10, 2026",• Thanh toán cho chỗ nghỉ trước khi đến,– Có thể có giảm giá,,price_attr
14,dusit-le-palais-tu-hoa-hanoi,2026-10-11,15,Superior Balcony 1 King,5318460.00,,,1,1,2.0,60f67e18,d16e3bf7,350,2,16,1331064703_416423956_2_1_0,1331064703,416423956,2,1,,2.0,,False,Bao gồm bữa sáng tuyệt vời,"Hủy miễn phí trước 10 tháng 10, 2026",• Thanh toán cho chỗ nghỉ trước khi đến,– Có thể có giảm giá,,price_attr
14,dusit-le-palais-tu-hoa-hanoi,2026-10-11,16,Superior Balcony 1 King,4353993.00,,,1,0,2.0,60f67e18,42ee661d,349,2,17,1331064703_405638420_1_1_0,1331064703,405638420,1,1,,1.0,Chỉ dành cho 1 khách,True,Bao gồm bữa sáng tuyệt vời,Không hoàn tiền | Linh động đổi ngày khi kế hoạch thay đổi,• Thanh toán cho chỗ nghỉ trước khi đến,– Có thể có giảm giá,,price_attr
14,dusit-le-palais-tu-hoa-hanoi,2026-10-11,17,Superior Balcony 1 King,5080320.00,,,1,1,2.0,60f67e18,d16e3bf7,350,2,18,1331064703_416423956_1_1_0,1331064703,416423956,1,1,,1.0,Chỉ dành cho 1 khách,True,Bao gồm bữa sáng tuyệt vời,"Hủy miễn phí trước 10 tháng 10, 2026",• Thanh toán cho chỗ nghỉ trước khi đến,– Có thể có giảm giá,,price_attr
14,dusit-le-palais-tu-hoa-hanoi,2026-10-11,18,Phòng Deluxe với 1 Giường cỡ King,4405023.00,,,0,0,2.0,fe45d644,1b6f0e44,374,1,19,1331064704_405638420_2_0_0,1331064704,405638420,2,0,,2.0,,False,,Không hoàn tiền | Linh động đổi ngày khi kế hoạch thay đổi,• Thanh toán cho chỗ nghỉ trước khi đến,– Có thể có giảm giá,,price_attr
14,dusit-le-palais-tu-hoa-hanoi,2026-10-11,19,Phòng Deluxe với 1 Giường cỡ King,4881303.00,,,1,0,2.0,fe45d644,42ee661d,376,2,20,1331064704_405638420_2_1_0,1331064704,405638420,2,1,,2.0,,False,Bao gồm bữa sáng tuyệt vời,Không hoàn tiền | Linh động đổi ngày khi kế hoạch thay đổi,• Thanh toán cho chỗ nghỉ trước khi đến,– Có thể có giảm giá,,price_attr
14,dusit-le-palais-tu-hoa-hanoi,2026-10-11,20,Phòng Deluxe với 1 Giường cỡ King,5182380.00,,,0,1,2.0,fe45d644,30e09dcf,375,1,21,1331064704_416423956_2_2_0,1331064704,416423956,2,2,,2.0,,False,Bữa sáng Tuyệt vời - VND 544.320,"Hủy miễn phí trước 10 tháng 10, 2026",• Thanh toán cho chỗ nghỉ trước khi đến,– Có thể có giảm giá,,price_attr
14,dusit-le-palais-tu-hoa-hanoi,2026-10-11,21,Phòng Deluxe với 1 Giường cỡ King,5658660.00,,,1,1,2.0,fe45d644,d16e3bf7,377,2,22,1331064704_416423956_2_1_0,1331064704,416423956,2,1,,2.0,,False,Bao gồm bữa sáng tuyệt vời,"Hủy miễn phí trước 10 tháng 10, 2026",• Thanh toán cho chỗ nghỉ trước khi đến,– Có thể có giảm giá,,price_attr
14,dusit-le-palais-tu-hoa-hanoi,2026-10-11,22,Phòng Deluxe với 1 Giường cỡ King,4643163.00,,,1,0,2.0,fe45d644,42ee661d,376,2,23,1331064704_405638420_1_1_0,1331064704,405638420,1,1,,1.0,Chỉ dành cho 1 khách,True,Bao gồm bữa sáng tuyệt vời,Không hoàn tiền | Linh động đổi ngày khi kế hoạch thay đổi,• Thanh toán cho chỗ nghỉ trước khi đến,– Có thể có giảm giá,,price_attr
14,dusit-le-palais-tu-hoa-hanoi,2026-10-11,23,Phòng Deluxe với 1 Giường cỡ King,5420520.00,,,1,1,2.0,fe45d644,d16e3bf7,377,2,24,1331064704_416423956_1_1_0,1331064704,416423956,1,1,,1.0,Chỉ dành cho 1 khách,True,Bao gồm bữa sáng tuyệt vời,"Hủy miễn phí trước 10 tháng 10, 2026",• Thanh toán cho chỗ nghỉ trước khi đến,– Có thể có giảm giá,,price_attr
14,dusit-le-palais-tu-hoa-hanoi,2026-10-11,24,Superior 1 King - Lakeside Onsen Retreat,4576824.00,,,0,1,2.0,2cb0ce0a,89f16b23,337,2,25,1331064711_432042635_2_2_0,1331064711,432042635,2,2,,2.0,,False,Bữa sáng Tuyệt vời - VND 544.320,"Hủy miễn phí trước 9 tháng 10, 2026",• Thanh toán cho chỗ nghỉ trước khi đến,,,price_attr
14,dusit-le-palais-tu-hoa-hanoi,2026-10-11,25,Superior 1 King - Lakeside Onsen Retreat,4111884.00,,,0,1,2.0,2cb0ce0a,89f16b23,337,2,26,1331064711_432042635_1_2_0,1331064711,432042635,1,2,,1.0,Chỉ dành cho 1 khách,True,Bữa sáng Tuyệt vời - VND 544.320,"Hủy miễn phí trước 9 tháng 10, 2026",• Thanh toán cho chỗ nghỉ trước khi đến,,,price_attr
14,dusit-le-palais-tu-hoa-hanoi,2026-10-11,26,Superior 2 Doubles - Lakeside Onsen Retreat,4576824.00,,,0,1,2.0,6907f4fb,89f16b23,351,2,27,1331064712_432042635_2_2_0,1331064712,432042635,2,2,,2.0,,False,Bữa sáng Tuyệt vời - VND 544.320,"Hủy miễn phí trước 9 tháng 10, 2026",• Thanh toán cho chỗ nghỉ trước khi đến,,,price_attr
14,dusit-le-palais-tu-hoa-hanoi,2026-10-11,27,Superior 2 Doubles - Lakeside Onsen Retreat,4111884.00,,,0,1,2.0,6907f4fb,89f16b23,351,2,28,1331064712_432042635_1_2_0,1331064712,432042635,1,2,,1.0,Chỉ dành cho 1 khách,True,Bữa sáng Tuyệt vời - VND 544.320,"Hủy miễn phí trước 9 tháng 10, 2026",• Thanh toán cho chỗ nghỉ trước khi đến,,,price_attr
14,dusit-le-palais-tu-hoa-hanoi,2026-10-11,28,Deluxe Balcony 1 King,4886973.00,,,0,0,2.0,208b2ae5,1b6f0e44,333,1,29,1331064705_405638420_2_0_0,1331064705,405638420,2,0,,2.0,,False,,Không hoàn tiền | Linh động đổi ngày khi kế hoạch thay đổi,• Thanh toán cho chỗ nghỉ trước khi đến,– Có thể có giảm giá,,price_attr
14,dusit-le-palais-tu-hoa-hanoi,2026-10-11,29,Deluxe Balcony 1 King,5363253.00,,,1,0,2.0,208b2ae5,42ee661d,335,2,30,1331064705_405638420_2_1_0,1331064705,405638420,2,1,,2.0,,False,Bao gồm bữa sáng tuyệt vời,Không hoàn tiền | Linh động đổi ngày khi kế hoạch thay đổi,• Thanh toán cho chỗ nghỉ trước khi đến,– Có thể có giảm giá,,price_attr
14,dusit-le-palais-tu-hoa-hanoi,2026-10-11,30,Deluxe Balcony 1 King,5749380.00,,,0,1,2.0,208b2ae5,30e09dcf,334,1,31,1331064705_416423956_2_2_0,1331064705,416423956,2,2,,2.0,,False,Bữa sáng Tuyệt vời - VND 544.320,"Hủy miễn phí trước 10 tháng 10, 2026",• Thanh toán cho chỗ nghỉ trước khi đến,– Có thể có giảm giá,,price_attr
14,dusit-le-palais-tu-hoa-hanoi,2026-10-11,31,Deluxe Balcony 1 King,6225660.00,,,1,1,2.0,208b2ae5,d16e3bf7,336,2,32,1331064705_416423956_2_1_0,1331064705,416423956,2,1,,2.0,,False,Bao gồm bữa sáng tuyệt vời,"Hủy miễn phí trước 10 tháng 10, 2026",• Thanh toán cho chỗ nghỉ trước khi đến,– Có thể có giảm giá,,price_attr
14,dusit-le-palais-tu-hoa-hanoi,2026-10-11,32,Deluxe Balcony 1 King,5125113.00,,,1,0,2.0,208b2ae5,42ee661d,335,2,33,1331064705_405638420_1_1_0,1331064705,405638420,1,1,,1.0,Chỉ dành cho 1 khách,True,Bao gồm bữa sáng tuyệt vời,Không hoàn tiền | Linh động đổi ngày khi kế hoạch thay đổi,• Thanh toán cho chỗ nghỉ trước khi đến,– Có thể có giảm giá,,price_attr
14,dusit-le-palais-tu-hoa-hanoi,2026-10-11,33,Deluxe Balcony 1 King,5987520.00,,,1,1,2.0,208b2ae5,d16e3bf7,336,2,34,1331064705_416423956_1_1_0,1331064705,416423956,1,1,,1.0,Chỉ dành cho 1 khách,True,Bao gồm bữa sáng tuyệt vời,"Hủy miễn phí trước 10 tháng 10, 2026",• Thanh toán cho chỗ nghỉ trước khi đến,– Có thể có giảm giá,,price_attr
14,dusit-le-palais-tu-hoa-hanoi,2026-10-11,34,Superior Balcony 1 King - Lakeside Onsen Retreat,5030424.00,,,0,1,2.0,a798eedf,89f16b23,364,2,35,1331064713_432042635_2_2_0,1331064713,432042635,2,2,,2.0,,False,Bữa sáng Tuyệt vời - VND 544.320,"Hủy miễn phí trước 9 tháng 10, 2026",• Thanh toán cho chỗ nghỉ trước khi đến,,,price_attr
14,dusit-le-palais-tu-hoa-hanoi,2026-10-11,35,Superior Balcony 1 King - Lakeside Onsen Retreat,4565484.00,,,0,1,2.0,a798eedf,89f16b23,364,2,36,1331064713_432042635_1_2_0,1331064713,432042635,1,2,,1.0,Chỉ dành cho 1 khách,True,Bữa sáng Tuyệt vời - VND 544.320,"Hủy miễn phí trước 9 tháng 10, 2026",• Thanh toán cho chỗ nghỉ trước khi đến,,,price_attr
14,dusit-le-palais-tu-hoa-hanoi,2026-10-11,36,Deluxe Corner 1 King,5176143.00,,,0,0,2.0,e5ef07e3,1b6f0e44,370,1,37,1331064706_405638420_2_0_0,1331064706,405638420,2,0,,2.0,,False,,Không hoàn tiền | Linh động đổi ngày khi kế hoạch thay đổi,• Thanh toán cho chỗ nghỉ trước khi đến,– Có thể có giảm giá,,price_attr
14,dusit-le-palais-tu-hoa-hanoi,2026-10-11,37,Deluxe Corner 1 King,5652423.00,,,1,0,2.0,e5ef07e3,42ee661d,372,2,38,1331064706_405638420_2_1_0,1331064706,405638420,2,1,,2.0,,False,Bao gồm bữa sáng tuyệt vời,Không hoàn tiền | Linh động đổi ngày khi kế hoạch thay đổi,• Thanh toán cho chỗ nghỉ trước khi đến,– Có thể có giảm giá,,price_attr
14,dusit-le-palais-tu-hoa-hanoi,2026-10-11,38,Deluxe Corner 1 King,6089580.00,,,0,1,2.0,e5ef07e3,30e09dcf,371,1,39,1331064706_416423956_2_2_0,1331064706,416423956,2,2,,2.0,,False,Bữa sáng Tuyệt vời - VND 544.320,"Hủy miễn phí trước 10 tháng 10, 2026",• Thanh toán cho chỗ nghỉ trước khi đến,– Có thể có giảm giá,,price_attr
14,dusit-le-palais-tu-hoa-hanoi,2026-10-11,39,Deluxe Corner 1 King,6565860.00,,,1,1,2.0,e5ef07e3,d16e3bf7,373,2,40,1331064706_416423956_2_1_0,1331064706,416423956,2,1,,2.0,,False,Bao gồm bữa sáng tuyệt vời,"Hủy miễn phí trước 10 tháng 10, 2026",• Thanh toán cho chỗ nghỉ trước khi đến,– Có thể có giảm giá,,price_attr
14,dusit-le-palais-tu-hoa-hanoi,2026-10-11,40,Deluxe Corner 1 King,5414283.00,,,1,0,2.0,e5ef07e3,42ee661d,372,2,41,1331064706_405638420_1_1_0,1331064706,405638420,1,1,,1.0,Chỉ dành cho 1 khách,True,Bao gồm bữa sáng tuyệt vời,Không hoàn tiền | Linh động đổi ngày khi kế hoạch thay đổi,• Thanh toán cho chỗ nghỉ trước khi đến,– Có thể có giảm giá,,price_attr
14,dusit-le-palais-tu-hoa-hanoi,2026-10-11,41,Deluxe Corner 1 King,6327720.00,,,1,1,2.0,e5ef07e3,d16e3bf7,373,2,42,1331064706_416423956_1_1_0,1331064706,416423956,1,1,,1.0,Chỉ dành cho 1 khách,True,Bao gồm bữa sáng tuyệt vời,"Hủy miễn phí trước 10 tháng 10, 2026",• Thanh toán cho chỗ nghỉ trước khi đến,– Có thể có giảm giá,,price_attr
14,dusit-le-palais-tu-hoa-hanoi,2026-10-11,42,Deluxe 1 King - Lakeside Onsen Retreat,5302584.00,,,0,1,2.0,84c828b1,89f16b23,354,2,43,1331064714_432042635_2_2_0,1331064714,432042635,2,2,,2.0,,False,Bữa sáng Tuyệt vời - VND 544.320,"Hủy miễn phí trước 9 tháng 10, 2026",• Thanh toán cho chỗ nghỉ trước khi đến,,,price_attr
14,dusit-le-palais-tu-hoa-hanoi,2026-10-11,43,Deluxe 1 King - Lakeside Onsen Retreat,4837644.00,,,0,1,2.0,84c828b1,89f16b23,354,2,44,1331064714_432042635_1_2_0,1331064714,432042635,1,2,,1.0,Chỉ dành cho 1 khách,True,Bữa sáng Tuyệt vời - VND 544.320,"Hủy miễn phí trước 9 tháng 10, 2026",• Thanh toán cho chỗ nghỉ trước khi đến,,,price_attr
14,dusit-le-palais-tu-hoa-hanoi,2026-10-11,44,Junior Suite 1 King,5754483.00,,,0,0,2.0,a64d48f2,1b6f0e44,360,1,45,1331064707_405638420_2_0_0,1331064707,405638420,2,0,,2.0,,False,,Không hoàn tiền | Linh động đổi ngày khi kế hoạch thay đổi,• Thanh toán cho chỗ nghỉ trước khi đến,– Có thể có giảm giá,,price_attr
14,dusit-le-palais-tu-hoa-hanoi,2026-10-11,45,Junior Suite 1 King,6230763.00,,,1,0,2.0,a64d48f2,42ee661d,362,2,46,1331064707_405638420_2_1_0,1331064707,405638420,2,1,,2.0,,False,Bao gồm bữa sáng tuyệt vời,Không hoàn tiền | Linh động đổi ngày khi kế hoạch thay đổi,• Thanh toán cho chỗ nghỉ trước khi đến,– Có thể có giảm giá,,price_attr
14,dusit-le-palais-tu-hoa-hanoi,2026-10-11,46,Junior Suite 1 King,6769980.00,,,0,1,2.0,a64d48f2,30e09dcf,361,1,47,1331064707_416423956_2_2_0,1331064707,416423956,2,2,,2.0,,False,Bữa sáng Tuyệt vời - VND 544.320,"Hủy miễn phí trước 10 tháng 10, 2026",• Thanh toán cho chỗ nghỉ trước khi đến,– Có thể có giảm giá,,price_attr
14,dusit-le-palais-tu-hoa-hanoi,2026-10-11,47,Junior Suite 1 King,7246260.00,,,1,1,2.0,a64d48f2,d16e3bf7,363,2,48,1331064707_416423956_2_1_0,1331064707,416423956,2,1,,2.0,,False,Bao gồm bữa sáng tuyệt vời,"Hủy miễn phí trước 10 tháng 10, 2026",• Thanh toán cho chỗ nghỉ trước khi đến,– Có thể có giảm giá,,price_attr
14,dusit-le-palais-tu-hoa-hanoi,2026-10-11,48,Junior Suite 1 King,5992623.00,,,1,0,2.0,a64d48f2,42ee661d,362,2,49,1331064707_405638420_1_1_0,1331064707,405638420,1,1,,1.0,Chỉ dành cho 1 khách,True,Bao gồm bữa sáng tuyệt vời,Không hoàn tiền | Linh động đổi ngày khi kế hoạch thay đổi,• Thanh toán cho chỗ nghỉ trước khi đến,– Có thể có giảm giá,,price_attr
14,dusit-le-palais-tu-hoa-hanoi,2026-10-11,49,Junior Suite 1 King,7008120.00,,,1,1,2.0,a64d48f2,d16e3bf7,363,2,50,1331064707_416423956_1_1_0,1331064707,416423956,1,1,,1.0,Chỉ dành cho 1 khách,True,Bao gồm bữa sáng tuyệt vời,"Hủy miễn phí trước 10 tháng 10, 2026",• Thanh toán cho chỗ nghỉ trước khi đến,– Có thể có giảm giá,,price_attr
14,dusit-le-palais-tu-hoa-hanoi,2026-10-11,50,Deluxe Balcony 1 King - Lakeside Onsen Retreat,5756184.00,,,0,1,2.0,7ecf3c13,89f16b23,353,2,51,1331064715_432042635_2_2_0,1331064715,432042635,2,2,,2.0,,False,Bữa sáng Tuyệt vời - VND 544.320,"Hủy miễn phí trước 9 tháng 10, 2026",• Thanh toán cho chỗ nghỉ trước khi đến,,,price_attr
14,dusit-le-palais-tu-hoa-hanoi,2026-10-11,51,Deluxe Balcony 1 King - Lakeside Onsen Retreat,5291244.00,,,0,1,2.0,7ecf3c13,89f16b23,353,2,52,1331064715_432042635_1_2_0,1331064715,432042635,1,2,,1.0,Chỉ dành cho 1 khách,True,Bữa sáng Tuyệt vời - VND 544.320,"Hủy miễn phí trước 9 tháng 10, 2026",• Thanh toán cho chỗ nghỉ trước khi đến,,,price_attr
14,dusit-le-palais-tu-hoa-hanoi,2026-10-11,52,Deluxe Corner 1 King - Lakeside Onsen Retreat,6028344.00,,,0,1,2.0,9291fbaa,89f16b23,355,2,53,1331064716_432042635_2_2_0,1331064716,432042635,2,2,,2.0,,False,Bữa sáng Tuyệt vời - VND 544.320,"Hủy miễn phí trước 9 tháng 10, 2026",• Thanh toán cho chỗ nghỉ trước khi đến,,,price_attr
14,dusit-le-palais-tu-hoa-hanoi,2026-10-11,53,Deluxe Corner 1 King - Lakeside Onsen Retreat,5563404.00,,,0,1,2.0,9291fbaa,89f16b23,355,2,54,1331064716_432042635_1_2_0,1331064716,432042635,1,2,,1.0,Chỉ dành cho 1 khách,True,Bữa sáng Tuyệt vời - VND 544.320,"Hủy miễn phí trước 9 tháng 10, 2026",• Thanh toán cho chỗ nghỉ trước khi đến,,,price_attr
14,dusit-le-palais-tu-hoa-hanoi,2026-10-11,54,Junior Balcony Suite 1 King,6236433.00,,,0,0,2.0,9cb81700,1b6f0e44,356,1,55,1331064708_405638420_2_0_0,1331064708,405638420,2,0,,2.0,,False,,Không hoàn tiền | Linh động đổi ngày khi kế hoạch thay đổi,• Thanh toán cho chỗ nghỉ trước khi đến,– Có thể có giảm giá,,price_attr
14,dusit-le-palais-tu-hoa-hanoi,2026-10-11,55,Junior Balcony Suite 1 King,6712713.00,,,1,0,2.0,9cb81700,42ee661d,358,2,56,1331064708_405638420_2_1_0,1331064708,405638420,2,1,,2.0,,False,Bao gồm bữa sáng tuyệt vời,Không hoàn tiền | Linh động đổi ngày khi kế hoạch thay đổi,• Thanh toán cho chỗ nghỉ trước khi đến,– Có thể có giảm giá,,price_attr
14,dusit-le-palais-tu-hoa-hanoi,2026-10-11,56,Junior Balcony Suite 1 King,7336980.00,,,0,1,2.0,9cb81700,30e09dcf,357,1,57,1331064708_416423956_2_2_0,1331064708,416423956,2,2,,2.0,,False,Bữa sáng Tuyệt vời - VND 544.320,"Hủy miễn phí trước 10 tháng 10, 2026",• Thanh toán cho chỗ nghỉ trước khi đến,– Có thể có giảm giá,,price_attr
14,dusit-le-palais-tu-hoa-hanoi,2026-10-11,57,Junior Balcony Suite 1 King,7813260.00,,,1,1,2.0,9cb81700,d16e3bf7,359,2,58,1331064708_416423956_2_1_0,1331064708,416423956,2,1,,2.0,,False,Bao gồm bữa sáng tuyệt vời,"Hủy miễn phí trước 10 tháng 10, 2026",• Thanh toán cho chỗ nghỉ trước khi đến,– Có thể có giảm giá,,price_attr
14,dusit-le-palais-tu-hoa-hanoi,2026-10-11,58,Junior Balcony Suite 1 King,6474573.00,,,1,0,2.0,9cb81700,42ee661d,358,2,59,1331064708_405638420_1_1_0,1331064708,405638420,1,1,,1.0,Chỉ dành cho 1 khách,True,Bao gồm bữa sáng tuyệt vời,Không hoàn tiền | Linh động đổi ngày khi kế hoạch thay đổi,• Thanh toán cho chỗ nghỉ trước khi đến,– Có thể có giảm giá,,price_attr
14,dusit-le-palais-tu-hoa-hanoi,2026-10-11,59,Junior Balcony Suite 1 King,7575120.00,,,1,1,2.0,9cb81700,d16e3bf7,359,2,60,1331064708_416423956_1_1_0,1331064708,416423956,1,1,,1.0,Chỉ dành cho 1 khách,True,Bao gồm bữa sáng tuyệt vời,"Hủy miễn phí trước 10 tháng 10, 2026",• Thanh toán cho chỗ nghỉ trước khi đến,– Có thể có giảm giá,,price_attr
14,dusit-le-palais-tu-hoa-hanoi,2026-10-11,60,Junior Suite 1 King - Lakeside Onsen Retreat,6572664.00,,,0,1,2.0,4c827c96,89f16b23,342,2,61,1331064717_432042635_2_2_0,1331064717,432042635,2,2,,2.0,,False,Bữa sáng Tuyệt vời - VND 544.320,"Hủy miễn phí trước 9 tháng 10, 2026",• Thanh toán cho chỗ nghỉ trước khi đến,,,price_attr
14,dusit-le-palais-tu-hoa-hanoi,2026-10-11,61,Junior Suite 1 King - Lakeside Onsen Retreat,6107724.00,,,0,1,2.0,4c827c96,89f16b23,342,2,62,1331064717_432042635_1_2_0,1331064717,432042635,1,2,,1.0,Chỉ dành cho 1 khách,True,Bữa sáng Tuyệt vời - VND 544.320,"Hủy miễn phí trước 9 tháng 10, 2026",• Thanh toán cho chỗ nghỉ trước khi đến,,,price_attr
14,dusit-le-palais-tu-hoa-hanoi,2026-10-11,62,1 Bedroom Suite 1 King,6718383.00,,,0,0,2.0,4fdd23de,1b6f0e44,343,1,63,1331064709_405638420_2_0_0,1331064709,405638420,2,0,,2.0,,False,,Không hoàn tiền | Linh động đổi ngày khi kế hoạch thay đổi,• Thanh toán cho chỗ nghỉ trước khi đến,– Có thể có giảm giá,,price_attr
14,dusit-le-palais-tu-hoa-hanoi,2026-10-11,63,1 Bedroom Suite 1 King,7194663.00,,,1,0,2.0,4fdd23de,42ee661d,345,2,64,1331064709_405638420_2_1_0,1331064709,405638420,2,1,,2.0,,False,Bao gồm bữa sáng tuyệt vời,Không hoàn tiền | Linh động đổi ngày khi kế hoạch thay đổi,• Thanh toán cho chỗ nghỉ trước khi đến,– Có thể có giảm giá,,price_attr
14,dusit-le-palais-tu-hoa-hanoi,2026-10-11,64,1 Bedroom Suite 1 King,7903980.00,,,0,1,2.0,4fdd23de,30e09dcf,344,1,65,1331064709_416423956_2_2_0,1331064709,416423956,2,2,,2.0,,False,Bữa sáng Tuyệt vời - VND 544.320,"Hủy miễn phí trước 10 tháng 10, 2026",• Thanh toán cho chỗ nghỉ trước khi đến,– Có thể có giảm giá,,price_attr
14,dusit-le-palais-tu-hoa-hanoi,2026-10-11,65,1 Bedroom Suite 1 King,8380260.00,,,1,1,2.0,4fdd23de,d16e3bf7,346,2,66,1331064709_416423956_2_1_0,1331064709,416423956,2,1,,2.0,,False,Bao gồm bữa sáng tuyệt vời,"Hủy miễn phí trước 10 tháng 10, 2026",• Thanh toán cho chỗ nghỉ trước khi đến,– Có thể có giảm giá,,price_attr
14,dusit-le-palais-tu-hoa-hanoi,2026-10-11,66,1 Bedroom Suite 1 King,6956523.00,,,1,0,2.0,4fdd23de,42ee661d,345,2,67,1331064709_405638420_1_1_0,1331064709,405638420,1,1,,1.0,Chỉ dành cho 1 khách,True,Bao gồm bữa sáng tuyệt vời,Không hoàn tiền | Linh động đổi ngày khi kế hoạch thay đổi,• Thanh toán cho chỗ nghỉ trước khi đến,– Có thể có giảm giá,,price_attr
14,dusit-le-palais-tu-hoa-hanoi,2026-10-11,67,1 Bedroom Suite 1 King,8142120.00,,,1,1,2.0,4fdd23de,d16e3bf7,346,2,68,1331064709_416423956_1_1_0,1331064709,416423956,1,1,,1.0,Chỉ dành cho 1 khách,True,Bao gồm bữa sáng tuyệt vời,"Hủy miễn phí trước 10 tháng 10, 2026",• Thanh toán cho chỗ nghỉ trước khi đến,– Có thể có giảm giá,,price_attr
14,dusit-le-palais-tu-hoa-hanoi,2026-10-11,68,Suite Junior Có Ban Công,7026264.00,,,0,1,2.0,e125ed67,89f16b23,369,2,69,1331064718_432042635_2_2_0,1331064718,432042635,2,2,,2.0,,False,Bữa sáng Tuyệt vời - VND 544.320,"Hủy miễn phí trước 9 tháng 10, 2026",• Thanh toán cho chỗ nghỉ trước khi đến,,,price_attr
14,dusit-le-palais-tu-hoa-hanoi,2026-10-11,69,Suite Junior Có Ban Công,6561324.00,,,0,1,2.0,e125ed67,89f16b23,369,2,70,1331064718_432042635_1_2_0,1331064718,432042635,1,2,,1.0,Chỉ dành cho 1 khách,True,Bữa sáng Tuyệt vời - VND 544.320,"Hủy miễn phí trước 9 tháng 10, 2026",• Thanh toán cho chỗ nghỉ trước khi đến,,,price_attr
14,dusit-le-palais-tu-hoa-hanoi,2026-10-11,70,1 Bedroom Suite 1 King - Lakeside Onsen Retreat,7479864.00,,,0,1,2.0,6d64061b,89f16b23,352,2,71,1331064719_432042635_2_2_0,1331064719,432042635,2,2,,2.0,,False,Bữa sáng Tuyệt vời - VND 544.320,"Hủy miễn phí trước 9 tháng 10, 2026",• Thanh toán cho chỗ nghỉ trước khi đến,,,price_attr
14,dusit-le-palais-tu-hoa-hanoi,2026-10-11,71,1 Bedroom Suite 1 King - Lakeside Onsen Retreat,7014924.00,,,0,1,2.0,6d64061b,89f16b23,352,2,72,1331064719_432042635_1_2_0,1331064719,432042635,1,2,,1.0,Chỉ dành cho 1 khách,True,Bữa sáng Tuyệt vời - VND 544.320,"Hủy miễn phí trước 9 tháng 10, 2026",• Thanh toán cho chỗ nghỉ trước khi đến,,,price_attr
15,dusit-le-palais-tu-hoa-hanoi,2026-11-18,0,Superior 2 Doubles,3704950.00,,,0,0,2.0,b66d0f21,1b6f0e44,410,1,1,bbasic_0,bbasic,0,,,,2.0,,False,Bữa sáng Tuyệt vời - VND 544.320,Không hoàn tiền,• Thanh toán trước,,,price_text
15,dusit-le-palais-tu-hoa-hanoi,2026-11-18,1,Phòng Superior Có 1 Giường Cỡ King,3704950.00,,,0,0,2.0,448db3a6,1b6f0e44,383,2,2,1331064701_bbasic_0,1331064701,bbasic,0,,,2.0,,False,Bữa sáng Tuyệt vời - VND 544.320,Không hoàn tiền,• Thanh toán trước,,,price_text
15,dusit-le-palais-tu-hoa-hanoi,2026-11-18,2,Phòng Superior Có 1 Giường Cỡ King,4068140.00,,,0,0,2.0,448db3a6,1b6f0e44,383,2,3,1331064701_405638420_2_0_0,1331064701,405638420,2,0,,2.0,,False,,Không hoàn tiền | Linh động đổi ngày khi kế hoạch thay đổi,• Thanh toán cho chỗ nghỉ trước khi đến,– Có thể có giảm giá,,price_attr
15,dusit-le-palais-tu-hoa-hanoi,2026-11-18,3,Phòng Superior Có 1 Giường Cỡ King,4544420.00,,,1,0,2.0,448db3a6,42ee661d,384,2,4,1331064701_405638420_2_1_0,1331064701,405638420,2,1,,2.0,,False,Bao gồm bữa sáng tuyệt vời,Không hoàn tiền | Linh động đổi ngày khi kế hoạch thay đổi,• Thanh toán cho chỗ nghỉ trước khi đến,– Có thể có giảm giá,,price_attr
15,dusit-le-palais-tu-hoa-hanoi,2026-11-18,4,Phòng Superior Có 1 Giường Cỡ King,4786047.00,,,0,1,2.0,448db3a6,a14185a3,385,1,5,1331064701_416423956_2_2_0,1331064701,416423956,2,2,,2.0,,False,Bữa sáng Tuyệt vời - VND 544.320,"Hủy miễn phí trước 17 tháng 11, 2026",• Thanh toán cho chỗ nghỉ trước khi đến,– Có thể có giảm giá,,price_attr
15,dusit-le-palais-tu-hoa-hanoi,2026-11-18,5,Phòng Superior Có 1 Giường Cỡ King,5262327.00,,,1,1,2.0,448db3a6,e981aa55,386,2,6,1331064701_416423956_2_1_0,1331064701,416423956,2,1,,2.0,,False,Bao gồm bữa sáng tuyệt vời,"Hủy miễn phí trước 17 tháng 11, 2026",• Thanh toán cho chỗ nghỉ trước khi đến,– Có thể có giảm giá,,price_attr
15,dusit-le-palais-tu-hoa-hanoi,2026-11-18,6,Phòng Superior Có 1 Giường Cỡ King,4306280.00,,,1,0,2.0,448db3a6,42ee661d,384,2,7,1331064701_405638420_1_1_0,1331064701,405638420,1,1,,1.0,Chỉ dành cho 1 khách,True,Bao gồm bữa sáng tuyệt vời,Không hoàn tiền | Linh động đổi ngày khi kế hoạch thay đổi,• Thanh toán cho chỗ nghỉ trước khi đến,– Có thể có giảm giá,,price_attr
15,dusit-le-palais-tu-hoa-hanoi,2026-11-18,7,Phòng Superior Có 1 Giường Cỡ King,5024187.00,,,1,1,2.0,448db3a6,e981aa55,386,2,8,1331064701_416423956_1_1_0,1331064701,416423956,1,1,,1.0,Chỉ dành cho 1 khách,True,Bao gồm bữa sáng tuyệt vời,"Hủy miễn phí trước 17 tháng 11, 2026",• Thanh toán cho chỗ nghỉ trước khi đến,– Có thể có giảm giá,,price_attr
15,dusit-le-palais-tu-hoa-hanoi,2026-11-18,8,Superior 2 Doubles,4068140.00,,,0,0,2.0,c00ef53b,1b6f0e44,411,1,9,1331064702_405638420_2_0_0,1331064702,405638420,2,0,,2.0,,False,,Không hoàn tiền | Linh động đổi ngày khi kế hoạch thay đổi,• Thanh toán cho chỗ nghỉ trước khi đến,– Có thể có giảm giá,,price_attr
15,dusit-le-palais-tu-hoa-hanoi,2026-11-18,9,Superior 2 Doubles,4544420.00,,,1,0,2.0,c00ef53b,42ee661d,412,2,10,1331064702_405638420_2_1_0,1331064702,405638420,2,1,,2.0,,False,Bao gồm bữa sáng tuyệt vời,Không hoàn tiền | Linh động đổi ngày khi kế hoạch thay đổi,• Thanh toán cho chỗ nghỉ trước khi đến,– Có thể có giảm giá,,price_attr
15,dusit-le-palais-tu-hoa-hanoi,2026-11-18,10,Superior 2 Doubles,4786047.00,,,0,1,2.0,c00ef53b,a14185a3,413,1,11,1331064702_416423956_2_2_0,1331064702,416423956,2,2,,2.0,,False,Bữa sáng Tuyệt vời - VND 544.320,"Hủy miễn phí trước 17 tháng 11, 2026",• Thanh toán cho chỗ nghỉ trước khi đến,– Có thể có giảm giá,,price_attr
15,dusit-le-palais-tu-hoa-hanoi,2026-11-18,11,Superior 2 Doubles,5262327.00,,,1,1,2.0,c00ef53b,e981aa55,414,2,12,1331064702_416423956_2_1_0,1331064702,416423956,2,1,,2.0,,False,Bao gồm bữa sáng tuyệt vời,"Hủy miễn phí trước 17 tháng 11, 2026",• Thanh toán cho chỗ nghỉ trước khi đến,– Có thể có giảm giá,,price_attr
15,dusit-le-palais-tu-hoa-hanoi,2026-11-18,12,Superior 2 Doubles,4306280.00,,,1,0,2.0,c00ef53b,42ee661d,412,2,13,1331064702_405638420_1_1_0,1331064702,405638420,1,1,,1.0,Chỉ dành cho 1 khách,True,Bao gồm bữa sáng tuyệt vời,Không hoàn tiền | Linh động đổi ngày khi kế hoạch thay đổi,• Thanh toán cho chỗ nghỉ trước khi đến,– Có thể có giảm giá,,price_attr
15,dusit-le-palais-tu-hoa-hanoi,2026-11-18,13,Superior 2 Doubles,5024187.00,,,1,1,2.0,c00ef53b,e981aa55,414,2,14,1331064702_416423956_1_1_0,1331064702,416423956,1,1,,1.0,Chỉ dành cho 1 khách,True,Bao gồm bữa sáng tuyệt vời,"Hủy miễn phí trước 17 tháng 11, 2026",• Thanh toán cho chỗ nghỉ trước khi đến,– Có thể có giảm giá,,price_attr
15,dusit-le-palais-tu-hoa-hanoi,2026-11-18,14,Superior Balcony 1 King,4550090.00,,,0,0,2.0,60f67e18,1b6f0e44,392,1,15,1331064703_405638420_2_0_0,1331064703,405638420,2,0,,2.0,,False,,Không hoàn tiền | Linh động đổi ngày khi kế hoạch thay đổi,• Thanh toán cho chỗ nghỉ trước khi đến,– Có thể có giảm giá,,price_attr
15,dusit-le-palais-tu-hoa-hanoi,2026-11-18,15,Superior Balcony 1 King,5026370.00,,,1,0,2.0,60f67e18,42ee661d,393,2,16,1331064703_405638420_2_1_0,1331064703,405638420,2,1,,2.0,,False,Bao gồm bữa sáng tuyệt vời,Không hoàn tiền | Linh động đổi ngày khi kế hoạch thay đổi,• Thanh toán cho chỗ nghỉ trước khi đến,– Có thể có giảm giá,,price_attr
15,dusit-le-palais-tu-hoa-hanoi,2026-11-18,16,Superior Balcony 1 King,5353047.00,,,0,1,2.0,60f67e18,a14185a3,394,1,17,1331064703_416423956_2_2_0,1331064703,416423956,2,2,,2.0,,False,Bữa sáng Tuyệt vời - VND 544.320,"Hủy miễn phí trước 17 tháng 11, 2026",• Thanh toán cho chỗ nghỉ trước khi đến,– Có thể có giảm giá,,price_attr
15,dusit-le-palais-tu-hoa-hanoi,2026-11-18,17,Superior Balcony 1 King,5829327.00,,,1,1,2.0,60f67e18,e981aa55,395,2,18,1331064703_416423956_2_1_0,1331064703,416423956,2,1,,2.0,,False,Bao gồm bữa sáng tuyệt vời,"Hủy miễn phí trước 17 tháng 11, 2026",• Thanh toán cho chỗ nghỉ trước khi đến,– Có thể có giảm giá,,price_attr
15,dusit-le-palais-tu-hoa-hanoi,2026-11-18,18,Superior Balcony 1 King,4788230.00,,,1,0,2.0,60f67e18,42ee661d,393,2,19,1331064703_405638420_1_1_0,1331064703,405638420,1,1,,1.0,Chỉ dành cho 1 khách,True,Bao gồm bữa sáng tuyệt vời,Không hoàn tiền | Linh động đổi ngày khi kế hoạch thay đổi,• Thanh toán cho chỗ nghỉ trước khi đến,– Có thể có giảm giá,,price_attr
15,dusit-le-palais-tu-hoa-hanoi,2026-11-18,19,Superior Balcony 1 King,5591187.00,,,1,1,2.0,60f67e18,e981aa55,395,2,20,1331064703_416423956_1_1_0,1331064703,416423956,1,1,,1.0,Chỉ dành cho 1 khách,True,Bao gồm bữa sáng tuyệt vời,"Hủy miễn phí trước 17 tháng 11, 2026",• Thanh toán cho chỗ nghỉ trước khi đến,– Có thể có giảm giá,,price_attr
15,dusit-le-palais-tu-hoa-hanoi,2026-11-18,20,Phòng Deluxe với 1 Giường cỡ King,4839260.00,,,0,0,2.0,fe45d644,1b6f0e44,420,1,21,1331064704_405638420_2_0_0,1331064704,405638420,2,0,,2.0,,False,,Không hoàn tiền | Linh động đổi ngày khi kế hoạch thay đổi,• Thanh toán cho chỗ nghỉ trước khi đến,– Có thể có giảm giá,,price_attr
15,dusit-le-palais-tu-hoa-hanoi,2026-11-18,21,Phòng Deluxe với 1 Giường cỡ King,5315540.00,,,1,0,2.0,fe45d644,42ee661d,421,2,22,1331064704_405638420_2_1_0,1331064704,405638420,2,1,,2.0,,False,Bao gồm bữa sáng tuyệt vời,Không hoàn tiền | Linh động đổi ngày khi kế hoạch thay đổi,• Thanh toán cho chỗ nghỉ trước khi đến,– Có thể có giảm giá,,price_attr
15,dusit-le-palais-tu-hoa-hanoi,2026-11-18,22,Phòng Deluxe với 1 Giường cỡ King,5693247.00,,,0,1,2.0,fe45d644,a14185a3,422,1,23,1331064704_416423956_2_2_0,1331064704,416423956,2,2,,2.0,,False,Bữa sáng Tuyệt vời - VND 544.320,"Hủy miễn phí trước 17 tháng 11, 2026",• Thanh toán cho chỗ nghỉ trước khi đến,– Có thể có giảm giá,,price_attr
15,dusit-le-palais-tu-hoa-hanoi,2026-11-18,23,Phòng Deluxe với 1 Giường cỡ King,6169527.00,,,1,1,2.0,fe45d644,e981aa55,423,2,24,1331064704_416423956_2_1_0,1331064704,416423956,2,1,,2.0,,False,Bao gồm bữa sáng tuyệt vời,"Hủy miễn phí trước 17 tháng 11, 2026",• Thanh toán cho chỗ nghỉ trước khi đến,– Có thể có giảm giá,,price_attr
15,dusit-le-palais-tu-hoa-hanoi,2026-11-18,24,Phòng Deluxe với 1 Giường cỡ King,5077400.00,,,1,0,2.0,fe45d644,42ee661d,421,2,25,1331064704_405638420_1_1_0,1331064704,405638420,1,1,,1.0,Chỉ dành cho 1 khách,True,Bao gồm bữa sáng tuyệt vời,Không hoàn tiền | Linh động đổi ngày khi kế hoạch thay đổi,• Thanh toán cho chỗ nghỉ trước khi đến,– Có thể có giảm giá,,price_attr
15,dusit-le-palais-tu-hoa-hanoi,2026-11-18,25,Phòng Deluxe với 1 Giường cỡ King,5931387.00,,,1,1,2.0,fe45d644,e981aa55,423,2,26,1331064704_416423956_1_1_0,1331064704,416423956,1,1,,1.0,Chỉ dành cho 1 khách,True,Bao gồm bữa sáng tuyệt vời,"Hủy miễn phí trước 17 tháng 11, 2026",• Thanh toán cho chỗ nghỉ trước khi đến,– Có thể có giảm giá,,price_attr
15,dusit-le-palais-tu-hoa-hanoi,2026-11-18,26,Superior 1 King - Lakeside Onsen Retreat,4985518.00,,,0,1,2.0,2cb0ce0a,1f95ca16,382,2,27,1331064711_432042635_2_2_0,1331064711,432042635,2,2,,2.0,,False,Bữa sáng Tuyệt vời - VND 544.320,"Hủy miễn phí trước 16 tháng 11, 2026",• Thanh toán cho chỗ nghỉ trước khi đến,,,price_attr
15,dusit-le-palais-tu-hoa-hanoi,2026-11-18,27,Superior 1 King - Lakeside Onsen Retreat,4520578.00,,,0,1,2.0,2cb0ce0a,1f95ca16,382,2,28,1331064711_432042635_1_2_0,1331064711,432042635,1,2,,1.0,Chỉ dành cho 1 khách,True,Bữa sáng Tuyệt vời - VND 544.320,"Hủy miễn phí trước 16 tháng 11, 2026",• Thanh toán cho chỗ nghỉ trước khi đến,,,price_attr
15,dusit-le-palais-tu-hoa-hanoi,2026-11-18,28,Superior 2 Doubles - Lakeside Onsen Retreat,4985518.00,,,0,1,2.0,6907f4fb,1f95ca16,396,2,29,1331064712_432042635_2_2_0,1331064712,432042635,2,2,,2.0,,False,Bữa sáng Tuyệt vời - VND 544.320,"Hủy miễn phí trước 16 tháng 11, 2026",• Thanh toán cho chỗ nghỉ trước khi đến,,,price_attr
15,dusit-le-palais-tu-hoa-hanoi,2026-11-18,29,Superior 2 Doubles - Lakeside Onsen Retreat,4520578.00,,,0,1,2.0,6907f4fb,1f95ca16,396,2,30,1331064712_432042635_1_2_0,1331064712,432042635,1,2,,1.0,Chỉ dành cho 1 khách,True,Bữa sáng Tuyệt vời - VND 544.320,"Hủy miễn phí trước 16 tháng 11, 2026",• Thanh toán cho chỗ nghỉ trước khi đến,,,price_attr
15,dusit-le-palais-tu-hoa-hanoi,2026-11-18,30,Deluxe Balcony 1 King,5321210.00,,,0,0,2.0,208b2ae5,1b6f0e44,378,1,31,1331064705_405638420_2_0_0,1331064705,405638420,2,0,,2.0,,False,,Không hoàn tiền | Linh động đổi ngày khi kế hoạch thay đổi,• Thanh toán cho chỗ nghỉ trước khi đến,– Có thể có giảm giá,,price_attr
15,dusit-le-palais-tu-hoa-hanoi,2026-11-18,31,Deluxe Balcony 1 King,5797490.00,,,1,0,2.0,208b2ae5,42ee661d,379,2,32,1331064705_405638420_2_1_0,1331064705,405638420,2,1,,2.0,,False,Bao gồm bữa sáng tuyệt vời,Không hoàn tiền | Linh động đổi ngày khi kế hoạch thay đổi,• Thanh toán cho chỗ nghỉ trước khi đến,– Có thể có giảm giá,,price_attr
15,dusit-le-palais-tu-hoa-hanoi,2026-11-18,32,Deluxe Balcony 1 King,6260247.00,,,0,1,2.0,208b2ae5,a14185a3,380,1,33,1331064705_416423956_2_2_0,1331064705,416423956,2,2,,2.0,,False,Bữa sáng Tuyệt vời - VND 544.320,"Hủy miễn phí trước 17 tháng 11, 2026",• Thanh toán cho chỗ nghỉ trước khi đến,– Có thể có giảm giá,,price_attr
15,dusit-le-palais-tu-hoa-hanoi,2026-11-18,33,Deluxe Balcony 1 King,6736527.00,,,1,1,2.0,208b2ae5,e981aa55,381,2,34,1331064705_416423956_2_1_0,1331064705,416423956,2,1,,2.0,,False,Bao gồm bữa sáng tuyệt vời,"Hủy miễn phí trước 17 tháng 11, 2026",• Thanh toán cho chỗ nghỉ trước khi đến,– Có thể có giảm giá,,price_attr
15,dusit-le-palais-tu-hoa-hanoi,2026-11-18,34,Deluxe Balcony 1 King,5559350.00,,,1,0,2.0,208b2ae5,42ee661d,379,2,35,1331064705_405638420_1_1_0,1331064705,405638420,1,1,,1.0,Chỉ dành cho 1 khách,True,Bao gồm bữa sáng tuyệt vời,Không hoàn tiền | Linh động đổi ngày khi kế hoạch thay đổi,• Thanh toán cho chỗ nghỉ trước khi đến,– Có thể có giảm giá,,price_attr
15,dusit-le-palais-tu-hoa-hanoi,2026-11-18,35,Deluxe Balcony 1 King,6498387.00,,,1,1,2.0,208b2ae5,e981aa55,381,2,36,1331064705_416423956_1_1_0,1331064705,416423956,1,1,,1.0,Chỉ dành cho 1 khách,True,Bao gồm bữa sáng tuyệt vời,"Hủy miễn phí trước 17 tháng 11, 2026",• Thanh toán cho chỗ nghỉ trước khi đến,– Có thể có giảm giá,,price_attr
15,dusit-le-palais-tu-hoa-hanoi,2026-11-18,36,Superior Balcony 1 King - Lakeside Onsen Retreat,5439118.00,,,0,1,2.0,a798eedf,1f95ca16,409,2,37,1331064713_432042635_2_2_0,1331064713,432042635,2,2,,2.0,,False,Bữa sáng Tuyệt vời - VND 544.320,"Hủy miễn phí trước 16 tháng 11, 2026",• Thanh toán cho chỗ nghỉ trước khi đến,,,price_attr
15,dusit-le-palais-tu-hoa-hanoi,2026-11-18,37,Superior Balcony 1 King - Lakeside Onsen Retreat,4974178.00,,,0,1,2.0,a798eedf,1f95ca16,409,2,38,1331064713_432042635_1_2_0,1331064713,432042635,1,2,,1.0,Chỉ dành cho 1 khách,True,Bữa sáng Tuyệt vời - VND 544.320,"Hủy miễn phí trước 16 tháng 11, 2026",• Thanh toán cho chỗ nghỉ trước khi đến,,,price_attr
15,dusit-le-palais-tu-hoa-hanoi,2026-11-18,38,Deluxe Corner 1 King,5610380.00,,,0,0,2.0,e5ef07e3,1b6f0e44,416,1,39,1331064706_405638420_2_0_0,1331064706,405638420,2,0,,2.0,,False,,Không hoàn tiền | Linh động đổi ngày khi kế hoạch thay đổi,• Thanh toán cho chỗ nghỉ trước khi đến,– Có thể có giảm giá,,price_attr
15,dusit-le-palais-tu-hoa-hanoi,2026-11-18,39,Deluxe Corner 1 King,6086660.00,,,1,0,2.0,e5ef07e3,42ee661d,417,2,40,1331064706_405638420_2_1_0,1331064706,405638420,2,1,,2.0,,False,Bao gồm bữa sáng tuyệt vời,Không hoàn tiền | Linh động đổi ngày khi kế hoạch thay đổi,• Thanh toán cho chỗ nghỉ trước khi đến,– Có thể có giảm giá,,price_attr
15,dusit-le-palais-tu-hoa-hanoi,2026-11-18,40,Deluxe Corner 1 King,6600447.00,,,0,1,2.0,e5ef07e3,a14185a3,418,1,41,1331064706_416423956_2_2_0,1331064706,416423956,2,2,,2.0,,False,Bữa sáng Tuyệt vời - VND 544.320,"Hủy miễn phí trước 17 tháng 11, 2026",• Thanh toán cho chỗ nghỉ trước khi đến,– Có thể có giảm giá,,price_attr
15,dusit-le-palais-tu-hoa-hanoi,2026-11-18,41,Deluxe Corner 1 King,7076727.00,,,1,1,2.0,e5ef07e3,e981aa55,419,2,42,1331064706_416423956_2_1_0,1331064706,416423956,2,1,,2.0,,False,Bao gồm bữa sáng tuyệt vời,"Hủy miễn phí trước 17 tháng 11, 2026",• Thanh toán cho chỗ nghỉ trước khi đến,– Có thể có giảm giá,,price_attr
15,dusit-le-palais-tu-hoa-hanoi,2026-11-18,42,Deluxe Corner 1 King,5848520.00,,,1,0,2.0,e5ef07e3,42ee661d,417,2,43,1331064706_405638420_1_1_0,1331064706,405638420,1,1,,1.0,Chỉ dành cho 1 khách,True,Bao gồm bữa sáng tuyệt vời,Không hoàn tiền | Linh động đổi ngày khi kế hoạch thay đổi,• Thanh toán cho chỗ nghỉ trước khi đến,– Có thể có giảm giá,,price_attr
15,dusit-le-palais-tu-hoa-hanoi,2026-11-18,43,Deluxe Corner 1 King,6838587.00,,,1,1,2.0,e5ef07e3,e981aa55,419,2,44,1331064706_416423956_1_1_0,1331064706,416423956,1,1,,1.0,Chỉ dành cho 1 khách,True,Bao gồm bữa sáng tuyệt vời,"Hủy miễn phí trước 17 tháng 11, 2026",• Thanh toán cho chỗ nghỉ trước khi đến,– Có thể có giảm giá,,price_attr
15,dusit-le-palais-tu-hoa-hanoi,2026-11-18,44,Deluxe 1 King - Lakeside Onsen Retreat,5711278.00,,,0,1,2.0,84c828b1,1f95ca16,399,2,45,1331064714_432042635_2_2_0,1331064714,432042635,2,2,,2.0,,False,Bữa sáng Tuyệt vời - VND 544.320,"Hủy miễn phí trước 16 tháng 11, 2026",• Thanh toán cho chỗ nghỉ trước khi đến,,,price_attr
15,dusit-le-palais-tu-hoa-hanoi,2026-11-18,45,Deluxe 1 King - Lakeside Onsen Retreat,5246338.00,,,0,1,2.0,84c828b1,1f95ca16,399,2,46,1331064714_432042635_1_2_0,1331064714,432042635,1,2,,1.0,Chỉ dành cho 1 khách,True,Bữa sáng Tuyệt vời - VND 544.320,"Hủy miễn phí trước 16 tháng 11, 2026",• Thanh toán cho chỗ nghỉ trước khi đến,,,price_attr
15,dusit-le-palais-tu-hoa-hanoi,2026-11-18,46,Deluxe Balcony 1 King - Lakeside Onsen Retreat,6164878.00,,,0,1,2.0,7ecf3c13,1f95ca16,398,2,47,1331064715_432042635_2_2_0,1331064715,432042635,2,2,,2.0,,False,Bữa sáng Tuyệt vời - VND 544.320,"Hủy miễn phí trước 16 tháng 11, 2026",• Thanh toán cho chỗ nghỉ trước khi đến,,,price_attr
15,dusit-le-palais-tu-hoa-hanoi,2026-11-18,47,Deluxe Balcony 1 King - Lakeside Onsen Retreat,5699938.00,,,0,1,2.0,7ecf3c13,1f95ca16,398,2,48,1331064715_432042635_1_2_0,1331064715,432042635,1,2,,1.0,Chỉ dành cho 1 khách,True,Bữa sáng Tuyệt vời - VND 544.320,"Hủy miễn phí trước 16 tháng 11, 2026",• Thanh toán cho chỗ nghỉ trước khi đến,,,price_attr
15,dusit-le-palais-tu-hoa-hanoi,2026-11-18,48,Junior Suite 1 King,6188720.00,,,0,0,2.0,a64d48f2,1b6f0e44,405,1,49,1331064707_405638420_2_0_0,1331064707,405638420,2,0,,2.0,,False,,Không hoàn tiền | Linh động đổi ngày khi kế hoạch thay đổi,• Thanh toán cho chỗ nghỉ trước khi đến,– Có thể có giảm giá,,price_attr
15,dusit-le-palais-tu-hoa-hanoi,2026-11-18,49,Junior Suite 1 King,6665000.00,,,1,0,2.0,a64d48f2,42ee661d,406,2,50,1331064707_405638420_2_1_0,1331064707,405638420,2,1,,2.0,,False,Bao gồm bữa sáng tuyệt vời,Không hoàn tiền | Linh động đổi ngày khi kế hoạch thay đổi,• Thanh toán cho chỗ nghỉ trước khi đến,– Có thể có giảm giá,,price_attr
15,dusit-le-palais-tu-hoa-hanoi,2026-11-18,50,Junior Suite 1 King,7280847.00,,,0,1,2.0,a64d48f2,a14185a3,407,1,51,1331064707_416423956_2_2_0,1331064707,416423956,2,2,,2.0,,False,Bữa sáng Tuyệt vời - VND 544.320,"Hủy miễn phí trước 17 tháng 11, 2026",• Thanh toán cho chỗ nghỉ trước khi đến,– Có thể có giảm giá,,price_attr
15,dusit-le-palais-tu-hoa-hanoi,2026-11-18,51,Junior Suite 1 King,7757127.00,,,1,1,2.0,a64d48f2,e981aa55,408,2,52,1331064707_416423956_2_1_0,1331064707,416423956,2,1,,2.0,,False,Bao gồm bữa sáng tuyệt vời,"Hủy miễn phí trước 17 tháng 11, 2026",• Thanh toán cho chỗ nghỉ trước khi đến,– Có thể có giảm giá,,price_attr
15,dusit-le-palais-tu-hoa-hanoi,2026-11-18,52,Junior Suite 1 King,6426860.00,,,1,0,2.0,a64d48f2,42ee661d,406,2,53,1331064707_405638420_1_1_0,1331064707,405638420,1,1,,1.0,Chỉ dành cho 1 khách,True,Bao gồm bữa sáng tuyệt vời,Không hoàn tiền | Linh động đổi ngày khi kế hoạch thay đổi,• Thanh toán cho chỗ nghỉ trước khi đến,– Có thể có giảm giá,,price_attr
15,dusit-le-palais-tu-hoa-hanoi,2026-11-18,53,Junior Suite 1 King,7518987.00,,,1,1,2.0,a64d48f2,e981aa55,408,2,54,1331064707_416423956_1_1_0,1331064707,416423956,1,1,,1.0,Chỉ dành cho 1 khách,True,Bao gồm bữa sáng tuyệt vời,"Hủy miễn phí trước 17 tháng 11, 2026",• Thanh toán cho chỗ nghỉ trước khi đến,– Có thể có giảm giá,,price_attr
15,dusit-le-palais-tu-hoa-hanoi,2026-11-18,54,Deluxe Corner 1 King - Lakeside Onsen Retreat,6437038.00,,,0,1,2.0,9291fbaa,1f95ca16,400,2,55,1331064716_432042635_2_2_0,1331064716,432042635,2,2,,2.0,,False,Bữa sáng Tuyệt vời - VND 544.320,"Hủy miễn phí trước 16 tháng 11, 2026",• Thanh toán cho chỗ nghỉ trước khi đến,,,price_attr
15,dusit-le-palais-tu-hoa-hanoi,2026-11-18,55,Deluxe Corner 1 King - Lakeside Onsen Retreat,5972098.00,,,0,1,2.0,9291fbaa,1f95ca16,400,2,56,1331064716_432042635_1_2_0,1331064716,432042635,1,2,,1.0,Chỉ dành cho 1 khách,True,Bữa sáng Tuyệt vời - VND 544.320,"Hủy miễn phí trước 16 tháng 11, 2026",• Thanh toán cho chỗ nghỉ trước khi đến,,,price_attr
15,dusit-le-palais-tu-hoa-hanoi,2026-11-18,56,Junior Balcony Suite 1 King,6670670.00,,,0,0,2.0,9cb81700,1b6f0e44,401,1,57,1331064708_405638420_2_0_0,1331064708,405638420,2,0,,2.0,,False,,Không hoàn tiền | Linh động đổi ngày khi kế hoạch thay đổi,• Thanh toán cho chỗ nghỉ trước khi đến,– Có thể có giảm giá,,price_attr
15,dusit-le-palais-tu-hoa-hanoi,2026-11-18,57,Junior Balcony Suite 1 King,7146950.00,,,1,0,2.0,9cb81700,42ee661d,402,2,58,1331064708_405638420_2_1_0,1331064708,405638420,2,1,,2.0,,False,Bao gồm bữa sáng tuyệt vời,Không hoàn tiền | Linh động đổi ngày khi kế hoạch thay đổi,• Thanh toán cho chỗ nghỉ trước khi đến,– Có thể có giảm giá,,price_attr
15,dusit-le-palais-tu-hoa-hanoi,2026-11-18,58,Junior Balcony Suite 1 King,7847847.00,,,0,1,2.0,9cb81700,a14185a3,403,1,59,1331064708_416423956_2_2_0,1331064708,416423956,2,2,,2.0,,False,Bữa sáng Tuyệt vời - VND 544.320,"Hủy miễn phí trước 17 tháng 11, 2026",• Thanh toán cho chỗ nghỉ trước khi đến,– Có thể có giảm giá,,price_attr
15,dusit-le-palais-tu-hoa-hanoi,2026-11-18,59,Junior Balcony Suite 1 King,8324127.00,,,1,1,2.0,9cb81700,e981aa55,404,2,60,1331064708_416423956_2_1_0,1331064708,416423956,2,1,,2.0,,False,Bao gồm bữa sáng tuyệt vời,"Hủy miễn phí trước 17 tháng 11, 2026",• Thanh toán cho chỗ nghỉ trước khi đến,– Có thể có giảm giá,,price_attr
15,dusit-le-palais-tu-hoa-hanoi,2026-11-18,60,Junior Balcony Suite 1 King,6908810.00,,,1,0,2.0,9cb81700,42ee661d,402,2,61,1331064708_405638420_1_1_0,1331064708,405638420,1,1,,1.0,Chỉ dành cho 1 khách,True,Bao gồm bữa sáng tuyệt vời,Không hoàn tiền | Linh động đổi ngày khi kế hoạch thay đổi,• Thanh toán cho chỗ nghỉ trước khi đến,– Có thể có giảm giá,,price_attr
15,dusit-le-palais-tu-hoa-hanoi,2026-11-18,61,Junior Balcony Suite 1 King,8085987.00,,,1,1,2.0,9cb81700,e981aa55,404,2,62,1331064708_416423956_1_1_0,1331064708,416423956,1,1,,1.0,Chỉ dành cho 1 khách,True,Bao gồm bữa sáng tuyệt vời,"Hủy miễn phí trước 17 tháng 11, 2026",• Thanh toán cho chỗ nghỉ trước khi đến,– Có thể có giảm giá,,price_attr
15,dusit-le-palais-tu-hoa-hanoi,2026-11-18,62,Junior Suite 1 King - Lakeside Onsen Retreat,6981358.00,,,0,1,2.0,4c827c96,1f95ca16,387,2,63,1331064717_432042635_2_2_0,1331064717,432042635,2,2,,2.0,,False,Bữa sáng Tuyệt vời - VND 544.320,"Hủy miễn phí trước 16 tháng 11, 2026",• Thanh toán cho chỗ nghỉ trước khi đến,,,price_attr
15,dusit-le-palais-tu-hoa-hanoi,2026-11-18,63,Junior Suite 1 King - Lakeside Onsen Retreat,6516418.00,,,0,1,2.0,4c827c96,1f95ca16,387,2,64,1331064717_432042635_1_2_0,1331064717,432042635,1,2,,1.0,Chỉ dành cho 1 khách,True,Bữa sáng Tuyệt vời - VND 544.320,"Hủy miễn phí trước 16 tháng 11, 2026",• Thanh toán cho chỗ nghỉ trước khi đến,,,price_attr
15,dusit-le-palais-tu-hoa-hanoi,2026-11-18,64,1 Bedroom Suite 1 King,7152620.00,,,0,0,2.0,4fdd23de,1b6f0e44,388,1,65,1331064709_405638420_2_0_0,1331064709,405638420,2,0,,2.0,,False,,Không hoàn tiền | Linh động đổi ngày khi kế hoạch thay đổi,• Thanh toán cho chỗ nghỉ trước khi đến,– Có thể có giảm giá,,price_attr
15,dusit-le-palais-tu-hoa-hanoi,2026-11-18,65,1 Bedroom Suite 1 King,7628900.00,,,1,0,2.0,4fdd23de,42ee661d,389,2,66,1331064709_405638420_2_1_0,1331064709,405638420,2,1,,2.0,,False,Bao gồm bữa sáng tuyệt vời,Không hoàn tiền | Linh động đổi ngày khi kế hoạch thay đổi,• Thanh toán cho chỗ nghỉ trước khi đến,– Có thể có giảm giá,,price_attr
15,dusit-le-palais-tu-hoa-hanoi,2026-11-18,66,1 Bedroom Suite 1 King,8414847.00,,,0,1,2.0,4fdd23de,a14185a3,390,1,67,1331064709_416423956_2_2_0,1331064709,416423956,2,2,,2.0,,False,Bữa sáng Tuyệt vời - VND 544.320,"Hủy miễn phí trước 17 tháng 11, 2026",• Thanh toán cho chỗ nghỉ trước khi đến,– Có thể có giảm giá,,price_attr
15,dusit-le-palais-tu-hoa-hanoi,2026-11-18,67,1 Bedroom Suite 1 King,8891127.00,,,1,1,2.0,4fdd23de,e981aa55,391,2,68,1331064709_416423956_2_1_0,1331064709,416423956,2,1,,2.0,,False,Bao gồm bữa sáng tuyệt vời,"Hủy miễn phí trước 17 tháng 11, 2026",• Thanh toán cho chỗ nghỉ trước khi đến,– Có thể có giảm giá,,price_attr
15,dusit-le-palais-tu-hoa-hanoi,2026-11-18,68,1 Bedroom Suite 1 King,7390760.00,,,1,0,2.0,4fdd23de,42ee661d,389,2,69,1331064709_405638420_1_1_0,1331064709,405638420,1,1,,1.0,Chỉ dành cho 1 khách,True,Bao gồm bữa sáng tuyệt vời,Không hoàn tiền | Linh động đổi ngày khi kế hoạch thay đổi,• Thanh toán cho chỗ nghỉ trước khi đến,– Có thể có giảm giá,,price_attr
15,dusit-le-palais-tu-hoa-hanoi,2026-11-18,69,1 Bedroom Suite 1 King,8652987.00,,,1,1,2.0,4fdd23de,e981aa55,391,2,70,1331064709_416423956_1_1_0,1331064709,416423956,1,1,,1.0,Chỉ dành cho 1 khách,True,Bao gồm bữa sáng tuyệt vời,"Hủy miễn phí trước 17 tháng 11, 2026",• Thanh toán cho chỗ nghỉ trước khi đến,– Có thể có giảm giá,,price_attr
15,dusit-le-palais-tu-hoa-hanoi,2026-11-18,70,Suite Junior Có Ban Công,7434958.00,,,0,1,2.0,e125ed67,1f95ca16,415,2,71,1331064718_432042635_2_2_0,1331064718,432042635,2,2,,2.0,,False,Bữa sáng Tuyệt vời - VND 544.320,"Hủy miễn phí trước 16 tháng 11, 2026",• Thanh toán cho chỗ nghỉ trước khi đến,,,price_attr
15,dusit-le-palais-tu-hoa-hanoi,2026-11-18,71,Suite Junior Có Ban Công,6970018.00,,,0,1,2.0,e125ed67,1f95ca16,415,2,72,1331064718_432042635_1_2_0,1331064718,432042635,1,2,,1.0,Chỉ dành cho 1 khách,True,Bữa sáng Tuyệt vời - VND 544.320,"Hủy miễn phí trước 16 tháng 11, 2026",• Thanh toán cho chỗ nghỉ trước khi đến,,,price_attr
15,dusit-le-palais-tu-hoa-hanoi,2026-11-18,72,1 Bedroom Suite 1 King - Lakeside Onsen Retreat,7888558.00,,,0,1,2.0,6d64061b,1f95ca16,397,2,73,1331064719_432042635_2_2_0,1331064719,432042635,2,2,,2.0,,False,Bữa sáng Tuyệt vời - VND 544.320,"Hủy miễn phí trước 16 tháng 11, 2026",• Thanh toán cho chỗ nghỉ trước khi đến,,,price_attr
15,dusit-le-palais-tu-hoa-hanoi,2026-11-18,73,1 Bedroom Suite 1 King - Lakeside Onsen Retreat,7423618.00,,,0,1,2.0,6d64061b,1f95ca16,397,2,74,1331064719_432042635_1_2_0,1331064719,432042635,1,2,,1.0,Chỉ dành cho 1 khách,True,Bữa sáng Tuyệt vời - VND 544.320,"Hủy miễn phí trước 16 tháng 11, 2026",• Thanh toán cho chỗ nghỉ trước khi đến,,,price_attr
16,intercontinental-westlake,2026-10-01,0,Classic Twin Room with Overwater City View,4660913.00,,,0,0,2.0,74be94fa,1b6f0e44,448,1,0,7118165_125380250_2_34_0,7118165,125380250,2,34,,,,False,Bữa sáng Rất tốt - VND 635.040,Không hoàn tiền,• Thanh toán cho chỗ nghỉ trước khi đến,,,price_attr
16,intercontinental-westlake,2026-10-01,1,Classic Twin Room with Overwater City View,5133065.00,,,0,1,2.0,74be94fa,ee58c792,451,1,1,7118165_242444141_2_34_0,7118165,242444141,2,34,,,,False,Bữa sáng Rất tốt - VND 635.040,"Hủy miễn phí trước 30 tháng 9, 2026",Không cần thanh toán trước - thanh toán tại chỗ nghỉ,,,price_attr
16,intercontinental-westlake,2026-10-01,2,Classic Twin Room with Overwater City View,5250908.00,,,1,0,2.0,74be94fa,42ee661d,449,1,2,7118165_125380250_2_33_0,7118165,125380250,2,33,,,,False,Bao gồm bữa sáng rất ngon,Không hoàn tiền,• Thanh toán cho chỗ nghỉ trước khi đến,,,price_attr
16,intercontinental-westlake,2026-10-01,3,Classic Twin Room with Overwater City View,5723061.00,,,1,1,2.0,74be94fa,88e299dc,450,2,3,7118165_242444141_2_33_0,7118165,242444141,2,33,,,,False,Bao gồm bữa sáng rất ngon,"Hủy miễn phí trước 30 tháng 9, 2026",Không cần thanh toán trước - thanh toán tại chỗ nghỉ,,,price_attr
16,intercontinental-westlake,2026-10-01,4,Classic Twin Room with Overwater City View,7493047.00,,,1,1,2.0,74be94fa,88e299dc,450,2,4,7118165_242444141_2_17_0,7118165,242444141,2,17,,,,False,Bao bữa sáng & bữa tối,"Hủy miễn phí trước 30 tháng 9, 2026",Không cần thanh toán trước - thanh toán tại chỗ nghỉ,,,price_attr
16,intercontinental-westlake,2026-10-01,5,Classic Twin Room with Overwater Lake View,5664009.00,,,0,0,2.0,0e9c9256,1b6f0e44,424,1,5,7118169_125380250_2_34_0,7118169,125380250,2,34,,,,False,Bữa sáng Rất tốt - VND 635.040,Không hoàn tiền,• Thanh toán cho chỗ nghỉ trước khi đến,,,price_attr
16,intercontinental-westlake,2026-10-01,6,Classic Twin Room with Overwater Lake View,6135902.00,,,0,1,2.0,0e9c9256,ee58c792,427,1,6,7118169_242444141_2_34_0,7118169,242444141,2,34,,,,False,Bữa sáng Rất tốt - VND 635.040,"Hủy miễn phí trước 30 tháng 9, 2026",Không cần thanh toán trước - thanh toán tại chỗ nghỉ,,,price_attr
16,intercontinental-westlake,2026-10-01,7,Classic Twin Room with Overwater Lake View,6254005.00,,,1,0,2.0,0e9c9256,42ee661d,425,1,7,7118169_125380250_2_33_0,7118169,125380250,2,33,,,,False,Bao gồm bữa sáng rất ngon,Không hoàn tiền,• Thanh toán cho chỗ nghỉ trước khi đến,,,price_attr
16,intercontinental-westlake,2026-10-01,8,Classic Twin Room with Overwater Lake View,6725897.00,,,1,1,2.0,0e9c9256,88e299dc,426,2,8,7118169_242444141_2_33_0,7118169,242444141,2,33,,,,False,Bao gồm bữa sáng rất ngon,"Hủy miễn phí trước 30 tháng 9, 2026",Không cần thanh toán trước - thanh toán tại chỗ nghỉ,,,price_attr
16,intercontinental-westlake,2026-10-01,9,Classic Twin Room with Overwater Lake View,8495884.00,,,1,1,2.0,0e9c9256,88e299dc,426,2,9,7118169_242444141_2_17_0,7118169,242444141,2,17,,,,False,Bao bữa sáng & bữa tối,"Hủy miễn phí trước 30 tháng 9, 2026",Không cần thanh toán trước - thanh toán tại chỗ nghỉ,,,price_attr
16,intercontinental-westlake,2026-10-01,10,Classic King Room with Overwater Lake View,5929351.00,,,0,0,2.0,2070a76b,1b6f0e44,432,1,10,7118168_125380250_2_34_0,7118168,125380250,2,34,,,,False,Bữa sáng Rất tốt - VND 635.040,Không hoàn tiền,• Thanh toán cho chỗ nghỉ trước khi đến,,,price_attr
16,intercontinental-westlake,2026-10-01,11,Classic King Room with Overwater Lake View,6401504.00,,,0,1,2.0,2070a76b,ee58c792,435,1,11,7118168_242444141_2_34_0,7118168,242444141,2,34,,,,False,Bữa sáng Rất tốt - VND 635.040,"Hủy miễn phí trước 30 tháng 9, 2026",Không cần thanh toán trước - thanh toán tại chỗ nghỉ,,,price_attr
16,intercontinental-westlake,2026-10-01,12,Classic King Room with Overwater Lake View,6519347.00,,,1,0,2.0,2070a76b,42ee661d,433,1,12,7118168_125380250_2_33_0,7118168,125380250,2,33,,,,False,Bao gồm bữa sáng rất ngon,Không hoàn tiền,• Thanh toán cho chỗ nghỉ trước khi đến,,,price_attr
16,intercontinental-westlake,2026-10-01,13,Classic King Room with Overwater Lake View,6991499.00,,,1,1,2.0,2070a76b,88e299dc,434,2,13,7118168_242444141_2_33_0,7118168,242444141,2,33,,,,False,Bao gồm bữa sáng rất ngon,"Hủy miễn phí trước 30 tháng 9, 2026",Không cần thanh toán trước - thanh toán tại chỗ nghỉ,,,price_attr
16,intercontinental-westlake,2026-10-01,14,Classic King Room with Overwater Lake View,8761486.00,,,1,1,2.0,2070a76b,88e299dc,434,2,14,7118168_242444141_2_17_0,7118168,242444141,2,17,,,,False,Bao bữa sáng & bữa tối,"Hủy miễn phí trước 30 tháng 9, 2026",Không cần thanh toán trước - thanh toán tại chỗ nghỉ,,,price_attr
16,intercontinental-westlake,2026-10-01,15,Upgraded Classic Room,6784949.00,,,0,0,2.0,a06a97e6,1b6f0e44,456,1,15,7118170_125380250_2_34_0,7118170,125380250,2,34,,,,False,Bữa sáng Rất tốt - VND 635.040,Không hoàn tiền,• Thanh toán cho chỗ nghỉ trước khi đến,,,price_attr
16,intercontinental-westlake,2026-10-01,16,Upgraded Classic Room,7256841.00,,,0,1,2.0,a06a97e6,ee58c792,459,1,16,7118170_242444141_2_34_0,7118170,242444141,2,34,,,,False,Bữa sáng Rất tốt - VND 635.040,"Hủy miễn phí trước 30 tháng 9, 2026",Không cần thanh toán trước - thanh toán tại chỗ nghỉ,,,price_attr
16,intercontinental-westlake,2026-10-01,17,Upgraded Classic Room,7374944.00,,,1,0,2.0,a06a97e6,42ee661d,457,1,17,7118170_125380250_2_33_0,7118170,125380250,2,33,,,,False,Bao gồm bữa sáng rất ngon,Không hoàn tiền,• Thanh toán cho chỗ nghỉ trước khi đến,,,price_attr
16,intercontinental-westlake,2026-10-01,18,Upgraded Classic Room,7846837.00,,,1,1,2.0,a06a97e6,88e299dc,458,1,18,7118170_242444141_2_33_0,7118170,242444141,2,33,,,,False,Bao gồm bữa sáng rất ngon,"Hủy miễn phí trước 30 tháng 9, 2026",Không cần thanh toán trước - thanh toán tại chỗ nghỉ,,,price_attr
16,intercontinental-westlake,2026-10-01,19,Phòng Club Cổ Điển Có Giường Cỡ King Nhìn Ra Thành Phố,6784949.00,,,0,0,2.0,4c31e569,1b6f0e44,440,1,19,7118171_125380250_2_34_0,7118171,125380250,2,34,,,,False,Bữa sáng Rất tốt - VND 635.040,Không hoàn tiền,• Thanh toán cho chỗ nghỉ trước khi đến,,,price_attr
16,intercontinental-westlake,2026-10-01,20,Phòng Club Cổ Điển Có Giường Cỡ King Nhìn Ra Thành Phố,7256841.00,,,0,1,2.0,4c31e569,ee58c792,443,1,20,7118171_242444141_2_34_0,7118171,242444141,2,34,,,,False,Bữa sáng Rất tốt - VND 635.040,"Hủy miễn phí trước 30 tháng 9, 2026",Không cần thanh toán trước - thanh toán tại chỗ nghỉ,,,price_attr
16,intercontinental-westlake,2026-10-01,21,Phòng Club Cổ Điển Có Giường Cỡ King Nhìn Ra Thành Phố,7374944.00,,,1,0,2.0,4c31e569,42ee661d,441,1,21,7118171_125380250_2_33_0,7118171,125380250,2,33,,,,False,Bao gồm bữa sáng rất ngon,Không hoàn tiền,• Thanh toán cho chỗ nghỉ trước khi đến,,,price_attr
16,intercontinental-westlake,2026-10-01,22,Phòng Club Cổ Điển Có Giường Cỡ King Nhìn Ra Thành Phố,7846837.00,,,1,1,2.0,4c31e569,88e299dc,442,1,22,7118171_242444141_2_33_0,7118171,242444141,2,33,,,,False,Bao gồm bữa sáng rất ngon,"Hủy miễn phí trước 30 tháng 9, 2026",Không cần thanh toán trước - thanh toán tại chỗ nghỉ,,,price_attr
16,intercontinental-westlake,2026-10-01,23,Phòng Club Cổ Điển 2 Giường Đơn Nhìn Ra Thành Phố,6784949.00,,,0,0,2.0,1b318771,1b6f0e44,428,1,23,7118173_125380250_2_34_0,7118173,125380250,2,34,,,,False,Bữa sáng Rất tốt - VND 635.040,Không hoàn tiền,• Thanh toán cho chỗ nghỉ trước khi đến,,,price_attr
16,intercontinental-westlake,2026-10-01,24,Phòng Club Cổ Điển 2 Giường Đơn Nhìn Ra Thành Phố,7256841.00,,,0,1,2.0,1b318771,ee58c792,431,1,24,7118173_242444141_2_34_0,7118173,242444141,2,34,,,,False,Bữa sáng Rất tốt - VND 635.040,"Hủy miễn phí trước 30 tháng 9, 2026",Không cần thanh toán trước - thanh toán tại chỗ nghỉ,,,price_attr
16,intercontinental-westlake,2026-10-01,25,Phòng Club Cổ Điển 2 Giường Đơn Nhìn Ra Thành Phố,7374944.00,,,1,0,2.0,1b318771,42ee661d,429,1,25,7118173_125380250_2_33_0,7118173,125380250,2,33,,,,False,Bao gồm bữa sáng rất ngon,Không hoàn tiền,• Thanh toán cho chỗ nghỉ trước khi đến,,,price_attr
16,intercontinental-westlake,2026-10-01,26,Phòng Club Cổ Điển 2 Giường Đơn Nhìn Ra Thành Phố,7846837.00,,,1,1,2.0,1b318771,88e299dc,430,1,26,7118173_242444141_2_33_0,7118173,242444141,2,33,,,,False,Bao gồm bữa sáng rất ngon,"Hủy miễn phí trước 30 tháng 9, 2026",Không cần thanh toán trước - thanh toán tại chỗ nghỉ,,,price_attr
16,intercontinental-westlake,2026-10-01,27,Phòng Club Cổ Điển Có Giường Cỡ King Nhìn Ra Hồ Nước,7345548.00,,,0,0,2.0,6d11435c,1b6f0e44,444,1,27,7118172_125380250_2_34_0,7118172,125380250,2,34,,,,False,Bữa sáng Rất tốt - VND 635.040,Không hoàn tiền,• Thanh toán cho chỗ nghỉ trước khi đến,,,price_attr
16,intercontinental-westlake,2026-10-01,28,Phòng Club Cổ Điển Có Giường Cỡ King Nhìn Ra Hồ Nước,7817441.00,,,0,1,2.0,6d11435c,ee58c792,447,1,28,7118172_242444141_2_34_0,7118172,242444141,2,34,,,,False,Bữa sáng Rất tốt - VND 635.040,"Hủy miễn phí trước 30 tháng 9, 2026",Không cần thanh toán trước - thanh toán tại chỗ nghỉ,,,price_attr
16,intercontinental-westlake,2026-10-01,29,Phòng Club Cổ Điển Có Giường Cỡ King Nhìn Ra Hồ Nước,7935544.00,,,1,0,2.0,6d11435c,42ee661d,445,1,29,7118172_125380250_2_33_0,7118172,125380250,2,33,,,,False,Bao gồm bữa sáng rất ngon,Không hoàn tiền,• Thanh toán cho chỗ nghỉ trước khi đến,,,price_attr
16,intercontinental-westlake,2026-10-01,30,Phòng Club Cổ Điển Có Giường Cỡ King Nhìn Ra Hồ Nước,8407436.00,,,1,1,2.0,6d11435c,88e299dc,446,1,30,7118172_242444141_2_33_0,7118172,242444141,2,33,,,,False,Bao gồm bữa sáng rất ngon,"Hủy miễn phí trước 30 tháng 9, 2026",Không cần thanh toán trước - thanh toán tại chỗ nghỉ,,,price_attr
16,intercontinental-westlake,2026-10-01,31,Phòng Club Cổ Điển 2 Giường Đơn Nhìn Ra Hồ Nước,7345548.00,,,0,0,2.0,8cda766a,1b6f0e44,452,1,31,7118174_125380250_2_34_0,7118174,125380250,2,34,,,,False,Bữa sáng Rất tốt - VND 635.040,Không hoàn tiền,• Thanh toán cho chỗ nghỉ trước khi đến,,,price_attr
16,intercontinental-westlake,2026-10-01,32,Phòng Club Cổ Điển 2 Giường Đơn Nhìn Ra Hồ Nước,7817441.00,,,0,1,2.0,8cda766a,ee58c792,455,1,32,7118174_242444141_2_34_0,7118174,242444141,2,34,,,,False,Bữa sáng Rất tốt - VND 635.040,"Hủy miễn phí trước 30 tháng 9, 2026",Không cần thanh toán trước - thanh toán tại chỗ nghỉ,,,price_attr
16,intercontinental-westlake,2026-10-01,33,Phòng Club Cổ Điển 2 Giường Đơn Nhìn Ra Hồ Nước,7935544.00,,,1,0,2.0,8cda766a,42ee661d,453,1,33,7118174_125380250_2_33_0,7118174,125380250,2,33,,,,False,Bao gồm bữa sáng rất ngon,Không hoàn tiền,• Thanh toán cho chỗ nghỉ trước khi đến,,,price_attr
16,intercontinental-westlake,2026-10-01,34,Phòng Club Cổ Điển 2 Giường Đơn Nhìn Ra Hồ Nước,8407436.00,,,1,1,2.0,8cda766a,88e299dc,454,1,34,7118174_242444141_2_33_0,7118174,242444141,2,33,,,,False,Bao gồm bữa sáng rất ngon,"Hủy miễn phí trước 30 tháng 9, 2026",Không cần thanh toán trước - thanh toán tại chỗ nghỉ,,,price_attr
16,intercontinental-westlake,2026-10-01,35,Junior Suite có giường cỡ King Nhìn ra quang cảnh Thành phố,7905888.00,,,0,0,2.0,313c5924,1b6f0e44,436,1,35,7118175_125380250_2_34_0,7118175,125380250,2,34,,,,False,Bữa sáng Rất tốt - VND 635.040,Không hoàn tiền,• Thanh toán cho chỗ nghỉ trước khi đến,,,price_attr
16,intercontinental-westlake,2026-10-01,36,Junior Suite có giường cỡ King Nhìn ra quang cảnh Thành phố,8378041.00,,,0,1,2.0,313c5924,ee58c792,439,1,36,7118175_242444141_2_34_0,7118175,242444141,2,34,,,,False,Bữa sáng Rất tốt - VND 635.040,"Hủy miễn phí trước 30 tháng 9, 2026",Không cần thanh toán trước - thanh toán tại chỗ nghỉ,,,price_attr
16,intercontinental-westlake,2026-10-01,37,Junior Suite có giường cỡ King Nhìn ra quang cảnh Thành phố,8495884.00,,,1,0,2.0,313c5924,42ee661d,437,1,37,7118175_125380250_2_33_0,7118175,125380250,2,33,,,,False,Bao gồm bữa sáng rất ngon,Không hoàn tiền,• Thanh toán cho chỗ nghỉ trước khi đến,,,price_attr
16,intercontinental-westlake,2026-10-01,38,Junior Suite có giường cỡ King Nhìn ra quang cảnh Thành phố,8968036.00,,,1,1,2.0,313c5924,88e299dc,438,1,38,7118175_242444141_2_33_0,7118175,242444141,2,33,,,,False,Bao gồm bữa sáng rất ngon,"Hủy miễn phí trước 30 tháng 9, 2026",Không cần thanh toán trước - thanh toán tại chỗ nghỉ,,,price_attr
17,intercontinental-westlake,2026-10-11,0,Phòng Cổ Điển,4393481.00,,,0,0,2.0,d2931b2d,1b6f0e44,512,1,0,7118161_125380250_2_34_0,7118161,125380250,2,34,,,,False,Bữa sáng Rất tốt - VND 635.040,Không hoàn tiền,• Thanh toán cho chỗ nghỉ trước khi đến,,,price_attr
17,intercontinental-westlake,2026-10-11,1,Phòng Cổ Điển,4717720.00,,,0,1,2.0,d2931b2d,30e09dcf,513,1,1,7118161_242444141_2_34_0,7118161,242444141,2,34,,,,False,Bữa sáng Rất tốt - VND 635.040,"Hủy miễn phí trước 10 tháng 10, 2026",Không cần thanh toán trước - thanh toán tại chỗ nghỉ,,,price_attr
17,intercontinental-westlake,2026-10-11,2,Phòng Cổ Điển,4983196.00,,,1,0,2.0,d2931b2d,42ee661d,514,1,2,7118161_125380250_2_33_0,7118161,125380250,2,33,,,,False,Bao gồm bữa sáng rất ngon,Không hoàn tiền,• Thanh toán cho chỗ nghỉ trước khi đến,,,price_attr
17,intercontinental-westlake,2026-10-11,3,Phòng Cổ Điển,5307435.00,,,1,1,2.0,d2931b2d,d16e3bf7,515,2,3,7118161_242444141_2_33_0,7118161,242444141,2,33,,,,False,Bao gồm bữa sáng rất ngon,"Hủy miễn phí trước 10 tháng 10, 2026",Không cần thanh toán trước - thanh toán tại chỗ nghỉ,,,price_attr
17,intercontinental-westlake,2026-10-11,4,Phòng Cổ Điển,7076581.00,,,1,1,2.0,d2931b2d,d16e3bf7,515,2,4,7118161_242444141_2_17_0,7118161,242444141,2,17,,,,False,Bao bữa sáng & bữa tối,"Hủy miễn phí trước 10 tháng 10, 2026",Không cần thanh toán trước - thanh toán tại chỗ nghỉ,,,price_attr
17,intercontinental-westlake,2026-10-11,5,Phòng Cổ Điển 2 Giường Đơn Hướng Hồ,5278054.00,,,0,0,2.0,a366aaf6,1b6f0e44,504,1,5,7118167_125380250_2_34_0,7118167,125380250,2,34,,,,False,Bữa sáng Rất tốt - VND 635.040,Không hoàn tiền,• Thanh toán cho chỗ nghỉ trước khi đến,,,price_attr
17,intercontinental-westlake,2026-10-11,6,Phòng Cổ Điển 2 Giường Đơn Hướng Hồ,5602293.00,,,0,1,2.0,a366aaf6,30e09dcf,505,1,6,7118167_242444141_2_34_0,7118167,242444141,2,34,,,,False,Bữa sáng Rất tốt - VND 635.040,"Hủy miễn phí trước 10 tháng 10, 2026",Không cần thanh toán trước - thanh toán tại chỗ nghỉ,,,price_attr
17,intercontinental-westlake,2026-10-11,7,Phòng Cổ Điển 2 Giường Đơn Hướng Hồ,5867769.00,,,1,0,2.0,a366aaf6,42ee661d,506,1,7,7118167_125380250_2_33_0,7118167,125380250,2,33,,,,False,Bao gồm bữa sáng rất ngon,Không hoàn tiền,• Thanh toán cho chỗ nghỉ trước khi đến,,,price_attr
17,intercontinental-westlake,2026-10-11,8,Phòng Cổ Điển 2 Giường Đơn Hướng Hồ,6192008.00,,,1,1,2.0,a366aaf6,d16e3bf7,507,2,8,7118167_242444141_2_33_0,7118167,242444141,2,33,,,,False,Bao gồm bữa sáng rất ngon,"Hủy miễn phí trước 10 tháng 10, 2026",Không cần thanh toán trước - thanh toán tại chỗ nghỉ,,,price_attr
17,intercontinental-westlake,2026-10-11,9,Phòng Cổ Điển 2 Giường Đơn Hướng Hồ,7961153.00,,,1,1,2.0,a366aaf6,d16e3bf7,507,2,9,7118167_242444141_2_17_0,7118167,242444141,2,17,,,,False,Bao bữa sáng & bữa tối,"Hủy miễn phí trước 10 tháng 10, 2026",Không cần thanh toán trước - thanh toán tại chỗ nghỉ,,,price_attr
17,intercontinental-westlake,2026-10-11,10,Phòng Cổ Điển Có Giường Cỡ King Nhìn Ra Hồ Nước,5572911.00,,,0,0,2.0,f20aadb6,1b6f0e44,516,1,10,7118166_125380250_2_34_0,7118166,125380250,2,34,,,,False,Bữa sáng Rất tốt - VND 635.040,Không hoàn tiền,• Thanh toán cho chỗ nghỉ trước khi đến,,,price_attr
17,intercontinental-westlake,2026-10-11,11,Phòng Cổ Điển Có Giường Cỡ King Nhìn Ra Hồ Nước,5897151.00,,,0,1,2.0,f20aadb6,30e09dcf,517,1,11,7118166_242444141_2_34_0,7118166,242444141,2,34,,,,False,Bữa sáng Rất tốt - VND 635.040,"Hủy miễn phí trước 10 tháng 10, 2026",Không cần thanh toán trước - thanh toán tại chỗ nghỉ,,,price_attr
17,intercontinental-westlake,2026-10-11,12,Phòng Cổ Điển Có Giường Cỡ King Nhìn Ra Hồ Nước,6162626.00,,,1,0,2.0,f20aadb6,42ee661d,518,1,12,7118166_125380250_2_33_0,7118166,125380250,2,33,,,,False,Bao gồm bữa sáng rất ngon,Không hoàn tiền,• Thanh toán cho chỗ nghỉ trước khi đến,,,price_attr
17,intercontinental-westlake,2026-10-11,13,Phòng Cổ Điển Có Giường Cỡ King Nhìn Ra Hồ Nước,6486866.00,,,1,1,2.0,f20aadb6,d16e3bf7,519,2,13,7118166_242444141_2_33_0,7118166,242444141,2,33,,,,False,Bao gồm bữa sáng rất ngon,"Hủy miễn phí trước 10 tháng 10, 2026",Không cần thanh toán trước - thanh toán tại chỗ nghỉ,,,price_attr
17,intercontinental-westlake,2026-10-11,14,Phòng Cổ Điển Có Giường Cỡ King Nhìn Ra Hồ Nước,8256011.00,,,1,1,2.0,f20aadb6,d16e3bf7,519,2,14,7118166_242444141_2_17_0,7118166,242444141,2,17,,,,False,Bao bữa sáng & bữa tối,"Hủy miễn phí trước 10 tháng 10, 2026",Không cần thanh toán trước - thanh toán tại chỗ nghỉ,,,price_attr
17,intercontinental-westlake,2026-10-11,15,Classic King Room with Overwater City View,4835767.00,,,0,0,2.0,9fabc27f,1b6f0e44,496,1,15,7118164_125380250_2_34_0,7118164,125380250,2,34,,,,False,Bữa sáng Rất tốt - VND 635.040,Không hoàn tiền,• Thanh toán cho chỗ nghỉ trước khi đến,,,price_attr
17,intercontinental-westlake,2026-10-11,16,Classic King Room with Overwater City View,5160007.00,,,0,1,2.0,9fabc27f,30e09dcf,497,1,16,7118164_242444141_2_34_0,7118164,242444141,2,34,,,,False,Bữa sáng Rất tốt - VND 635.040,"Hủy miễn phí trước 10 tháng 10, 2026",Không cần thanh toán trước - thanh toán tại chỗ nghỉ,,,price_attr
17,intercontinental-westlake,2026-10-11,17,Classic King Room with Overwater City View,5425482.00,,,1,0,2.0,9fabc27f,42ee661d,498,1,17,7118164_125380250_2_33_0,7118164,125380250,2,33,,,,False,Bao gồm bữa sáng rất ngon,Không hoàn tiền,• Thanh toán cho chỗ nghỉ trước khi đến,,,price_attr
17,intercontinental-westlake,2026-10-11,18,Classic King Room with Overwater City View,5749722.00,,,1,1,2.0,9fabc27f,d16e3bf7,499,2,18,7118164_242444141_2_33_0,7118164,242444141,2,33,,,,False,Bao gồm bữa sáng rất ngon,"Hủy miễn phí trước 10 tháng 10, 2026",Không cần thanh toán trước - thanh toán tại chỗ nghỉ,,,price_attr
17,intercontinental-westlake,2026-10-11,19,Classic King Room with Overwater City View,7518867.00,,,1,1,2.0,9fabc27f,d16e3bf7,499,2,19,7118164_242444141_2_17_0,7118164,242444141,2,17,,,,False,Bao bữa sáng & bữa tối,"Hủy miễn phí trước 10 tháng 10, 2026",Không cần thanh toán trước - thanh toán tại chỗ nghỉ,,,price_attr
17,intercontinental-westlake,2026-10-11,20,Phòng Cổ điển có Giường cỡ King Nhìn ra Thành phố,4393481.00,,,0,0,2.0,4c95fcba,1b6f0e44,480,1,20,7118162_125380250_2_34_0,7118162,125380250,2,34,,,,False,Bữa sáng Rất tốt - VND 635.040,Không hoàn tiền,• Thanh toán cho chỗ nghỉ trước khi đến,,,price_attr
17,intercontinental-westlake,2026-10-11,21,Phòng Cổ điển có Giường cỡ King Nhìn ra Thành phố,4717720.00,,,0,1,2.0,4c95fcba,30e09dcf,481,1,21,7118162_242444141_2_34_0,7118162,242444141,2,34,,,,False,Bữa sáng Rất tốt - VND 635.040,"Hủy miễn phí trước 10 tháng 10, 2026",Không cần thanh toán trước - thanh toán tại chỗ nghỉ,,,price_attr
17,intercontinental-westlake,2026-10-11,22,Phòng Cổ điển có Giường cỡ King Nhìn ra Thành phố,4983196.00,,,1,0,2.0,4c95fcba,42ee661d,482,1,22,7118162_125380250_2_33_0,7118162,125380250,2,33,,,,False,Bao gồm bữa sáng rất ngon,Không hoàn tiền,• Thanh toán cho chỗ nghỉ trước khi đến,,,price_attr
17,intercontinental-westlake,2026-10-11,23,Phòng Cổ điển có Giường cỡ King Nhìn ra Thành phố,5307435.00,,,1,1,2.0,4c95fcba,d16e3bf7,483,2,23,7118162_242444141_2_33_0,7118162,242444141,2,33,,,,False,Bao gồm bữa sáng rất ngon,"Hủy miễn phí trước 10 tháng 10, 2026",Không cần thanh toán trước - thanh toán tại chỗ nghỉ,,,price_attr
17,intercontinental-westlake,2026-10-11,24,Phòng Cổ điển có Giường cỡ King Nhìn ra Thành phố,7076581.00,,,1,1,2.0,4c95fcba,d16e3bf7,483,2,24,7118162_242444141_2_17_0,7118162,242444141,2,17,,,,False,Bao bữa sáng & bữa tối,"Hủy miễn phí trước 10 tháng 10, 2026",Không cần thanh toán trước - thanh toán tại chỗ nghỉ,,,price_attr
17,intercontinental-westlake,2026-10-11,25,Phòng Cổ điển có 2 Giường đơn Nhìn ra Thành phố,4393481.00,,,0,0,2.0,cdda24f2,1b6f0e44,508,1,25,7118163_125380250_2_34_0,7118163,125380250,2,34,,,,False,Bữa sáng Rất tốt - VND 635.040,Không hoàn tiền,• Thanh toán cho chỗ nghỉ trước khi đến,,,price_attr
17,intercontinental-westlake,2026-10-11,26,Phòng Cổ điển có 2 Giường đơn Nhìn ra Thành phố,4717720.00,,,0,1,2.0,cdda24f2,30e09dcf,509,1,26,7118163_242444141_2_34_0,7118163,242444141,2,34,,,,False,Bữa sáng Rất tốt - VND 635.040,"Hủy miễn phí trước 10 tháng 10, 2026",Không cần thanh toán trước - thanh toán tại chỗ nghỉ,,,price_attr
17,intercontinental-westlake,2026-10-11,27,Phòng Cổ điển có 2 Giường đơn Nhìn ra Thành phố,4983196.00,,,1,0,2.0,cdda24f2,42ee661d,510,1,27,7118163_125380250_2_33_0,7118163,125380250,2,33,,,,False,Bao gồm bữa sáng rất ngon,Không hoàn tiền,• Thanh toán cho chỗ nghỉ trước khi đến,,,price_attr
17,intercontinental-westlake,2026-10-11,28,Phòng Cổ điển có 2 Giường đơn Nhìn ra Thành phố,5307435.00,,,1,1,2.0,cdda24f2,d16e3bf7,511,2,28,7118163_242444141_2_33_0,7118163,242444141,2,33,,,,False,Bao gồm bữa sáng rất ngon,"Hủy miễn phí trước 10 tháng 10, 2026",Không cần thanh toán trước - thanh toán tại chỗ nghỉ,,,price_attr
17,intercontinental-westlake,2026-10-11,29,Phòng Cổ điển có 2 Giường đơn Nhìn ra Thành phố,7076581.00,,,1,1,2.0,cdda24f2,d16e3bf7,511,2,29,7118163_242444141_2_17_0,7118163,242444141,2,17,,,,False,Bao bữa sáng & bữa tối,"Hủy miễn phí trước 10 tháng 10, 2026",Không cần thanh toán trước - thanh toán tại chỗ nghỉ,,,price_attr
17,intercontinental-westlake,2026-10-11,30,Classic Twin Room with Overwater City View,4835767.00,,,0,0,2.0,74be94fa,1b6f0e44,488,1,30,7118165_125380250_2_34_0,7118165,125380250,2,34,,,,False,Bữa sáng Rất tốt - VND 635.040,Không hoàn tiền,• Thanh toán cho chỗ nghỉ trước khi đến,,,price_attr
17,intercontinental-westlake,2026-10-11,31,Classic Twin Room with Overwater City View,5160007.00,,,0,1,2.0,74be94fa,30e09dcf,489,1,31,7118165_242444141_2_34_0,7118165,242444141,2,34,,,,False,Bữa sáng Rất tốt - VND 635.040,"Hủy miễn phí trước 10 tháng 10, 2026",Không cần thanh toán trước - thanh toán tại chỗ nghỉ,,,price_attr
17,intercontinental-westlake,2026-10-11,32,Classic Twin Room with Overwater City View,5425482.00,,,1,0,2.0,74be94fa,42ee661d,490,1,32,7118165_125380250_2_33_0,7118165,125380250,2,33,,,,False,Bao gồm bữa sáng rất ngon,Không hoàn tiền,• Thanh toán cho chỗ nghỉ trước khi đến,,,price_attr
17,intercontinental-westlake,2026-10-11,33,Classic Twin Room with Overwater City View,5749722.00,,,1,1,2.0,74be94fa,d16e3bf7,491,2,33,7118165_242444141_2_33_0,7118165,242444141,2,33,,,,False,Bao gồm bữa sáng rất ngon,"Hủy miễn phí trước 10 tháng 10, 2026",Không cần thanh toán trước - thanh toán tại chỗ nghỉ,,,price_attr
17,intercontinental-westlake,2026-10-11,34,Classic Twin Room with Overwater City View,7518867.00,,,1,1,2.0,74be94fa,d16e3bf7,491,2,34,7118165_242444141_2_17_0,7118165,242444141,2,17,,,,False,Bao bữa sáng & bữa tối,"Hủy miễn phí trước 10 tháng 10, 2026",Không cần thanh toán trước - thanh toán tại chỗ nghỉ,,,price_attr
17,intercontinental-westlake,2026-10-11,35,Classic Twin Room with Overwater Lake View,5867769.00,,,0,0,2.0,0e9c9256,1b6f0e44,460,1,35,7118169_125380250_2_34_0,7118169,125380250,2,34,,,,False,Bữa sáng Rất tốt - VND 635.040,Không hoàn tiền,• Thanh toán cho chỗ nghỉ trước khi đến,,,price_attr
17,intercontinental-westlake,2026-10-11,36,Classic Twin Room with Overwater Lake View,6192008.00,,,0,1,2.0,0e9c9256,30e09dcf,461,1,36,7118169_242444141_2_34_0,7118169,242444141,2,34,,,,False,Bữa sáng Rất tốt - VND 635.040,"Hủy miễn phí trước 10 tháng 10, 2026",Không cần thanh toán trước - thanh toán tại chỗ nghỉ,,,price_attr
17,intercontinental-westlake,2026-10-11,37,Classic Twin Room with Overwater Lake View,6457484.00,,,1,0,2.0,0e9c9256,42ee661d,462,1,37,7118169_125380250_2_33_0,7118169,125380250,2,33,,,,False,Bao gồm bữa sáng rất ngon,Không hoàn tiền,• Thanh toán cho chỗ nghỉ trước khi đến,,,price_attr
17,intercontinental-westlake,2026-10-11,38,Classic Twin Room with Overwater Lake View,6781723.00,,,1,1,2.0,0e9c9256,d16e3bf7,463,2,38,7118169_242444141_2_33_0,7118169,242444141,2,33,,,,False,Bao gồm bữa sáng rất ngon,"Hủy miễn phí trước 10 tháng 10, 2026",Không cần thanh toán trước - thanh toán tại chỗ nghỉ,,,price_attr
17,intercontinental-westlake,2026-10-11,39,Classic Twin Room with Overwater Lake View,8550868.00,,,1,1,2.0,0e9c9256,d16e3bf7,463,2,39,7118169_242444141_2_17_0,7118169,242444141,2,17,,,,False,Bao bữa sáng & bữa tối,"Hủy miễn phí trước 10 tháng 10, 2026",Không cần thanh toán trước - thanh toán tại chỗ nghỉ,,,price_attr
17,intercontinental-westlake,2026-10-11,40,Classic King Room with Overwater Lake View,6162626.00,,,0,0,2.0,2070a76b,1b6f0e44,468,1,40,7118168_125380250_2_34_0,7118168,125380250,2,34,,,,False,Bữa sáng Rất tốt - VND 635.040,Không hoàn tiền,• Thanh toán cho chỗ nghỉ trước khi đến,,,price_attr
17,intercontinental-westlake,2026-10-11,41,Classic King Room with Overwater Lake View,6486866.00,,,0,1,2.0,2070a76b,30e09dcf,469,1,41,7118168_242444141_2_34_0,7118168,242444141,2,34,,,,False,Bữa sáng Rất tốt - VND 635.040,"Hủy miễn phí trước 10 tháng 10, 2026",Không cần thanh toán trước - thanh toán tại chỗ nghỉ,,,price_attr
17,intercontinental-westlake,2026-10-11,42,Classic King Room with Overwater Lake View,6752341.00,,,1,0,2.0,2070a76b,42ee661d,470,1,42,7118168_125380250_2_33_0,7118168,125380250,2,33,,,,False,Bao gồm bữa sáng rất ngon,Không hoàn tiền,• Thanh toán cho chỗ nghỉ trước khi đến,,,price_attr
17,intercontinental-westlake,2026-10-11,43,Classic King Room with Overwater Lake View,7076581.00,,,1,1,2.0,2070a76b,d16e3bf7,471,2,43,7118168_242444141_2_33_0,7118168,242444141,2,33,,,,False,Bao gồm bữa sáng rất ngon,"Hủy miễn phí trước 10 tháng 10, 2026",Không cần thanh toán trước - thanh toán tại chỗ nghỉ,,,price_attr
17,intercontinental-westlake,2026-10-11,44,Classic King Room with Overwater Lake View,8845726.00,,,1,1,2.0,2070a76b,d16e3bf7,471,2,44,7118168_242444141_2_17_0,7118168,242444141,2,17,,,,False,Bao bữa sáng & bữa tối,"Hủy miễn phí trước 10 tháng 10, 2026",Không cần thanh toán trước - thanh toán tại chỗ nghỉ,,,price_attr
17,intercontinental-westlake,2026-10-11,45,Upgraded Classic Room,7047199.00,,,0,0,2.0,a06a97e6,1b6f0e44,500,1,45,7118170_125380250_2_34_0,7118170,125380250,2,34,,,,False,Bữa sáng Rất tốt - VND 635.040,Không hoàn tiền,• Thanh toán cho chỗ nghỉ trước khi đến,,,price_attr
17,intercontinental-westlake,2026-10-11,46,Upgraded Classic Room,7371438.00,,,0,1,2.0,a06a97e6,30e09dcf,501,1,46,7118170_242444141_2_34_0,7118170,242444141,2,34,,,,False,Bữa sáng Rất tốt - VND 635.040,"Hủy miễn phí trước 10 tháng 10, 2026",Không cần thanh toán trước - thanh toán tại chỗ nghỉ,,,price_attr
17,intercontinental-westlake,2026-10-11,47,Upgraded Classic Room,7636914.00,,,1,0,2.0,a06a97e6,42ee661d,502,1,47,7118170_125380250_2_33_0,7118170,125380250,2,33,,,,False,Bao gồm bữa sáng rất ngon,Không hoàn tiền,• Thanh toán cho chỗ nghỉ trước khi đến,,,price_attr
17,intercontinental-westlake,2026-10-11,48,Upgraded Classic Room,7961153.00,,,1,1,2.0,a06a97e6,d16e3bf7,503,1,48,7118170_242444141_2_33_0,7118170,242444141,2,33,,,,False,Bao gồm bữa sáng rất ngon,"Hủy miễn phí trước 10 tháng 10, 2026",Không cần thanh toán trước - thanh toán tại chỗ nghỉ,,,price_attr
17,intercontinental-westlake,2026-10-11,49,Phòng Club Cổ Điển Có Giường Cỡ King Nhìn Ra Thành Phố,7047199.00,,,0,0,2.0,4c31e569,1b6f0e44,476,1,49,7118171_125380250_2_34_0,7118171,125380250,2,34,,,,False,Bữa sáng Rất tốt - VND 635.040,Không hoàn tiền,• Thanh toán cho chỗ nghỉ trước khi đến,,,price_attr
17,intercontinental-westlake,2026-10-11,50,Phòng Club Cổ Điển Có Giường Cỡ King Nhìn Ra Thành Phố,7371438.00,,,0,1,2.0,4c31e569,30e09dcf,477,1,50,7118171_242444141_2_34_0,7118171,242444141,2,34,,,,False,Bữa sáng Rất tốt - VND 635.040,"Hủy miễn phí trước 10 tháng 10, 2026",Không cần thanh toán trước - thanh toán tại chỗ nghỉ,,,price_attr
17,intercontinental-westlake,2026-10-11,51,Phòng Club Cổ Điển Có Giường Cỡ King Nhìn Ra Thành Phố,7636914.00,,,1,0,2.0,4c31e569,42ee661d,478,1,51,7118171_125380250_2_33_0,7118171,125380250,2,33,,,,False,Bao gồm bữa sáng rất ngon,Không hoàn tiền,• Thanh toán cho chỗ nghỉ trước khi đến,,,price_attr
17,intercontinental-westlake,2026-10-11,52,Phòng Club Cổ Điển Có Giường Cỡ King Nhìn Ra Thành Phố,7961153.00,,,1,1,2.0,4c31e569,d16e3bf7,479,1,52,7118171_242444141_2_33_0,7118171,242444141,2,33,,,,False,Bao gồm bữa sáng rất ngon,"Hủy miễn phí trước 10 tháng 10, 2026",Không cần thanh toán trước - thanh toán tại chỗ nghỉ,,,price_attr
17,intercontinental-westlake,2026-10-11,53,Phòng Club Cổ Điển 2 Giường Đơn Nhìn Ra Thành Phố,7047199.00,,,0,0,2.0,1b318771,1b6f0e44,464,1,53,7118173_125380250_2_34_0,7118173,125380250,2,34,,,,False,Bữa sáng Rất tốt - VND 635.040,Không hoàn tiền,• Thanh toán cho chỗ nghỉ trước khi đến,,,price_attr
17,intercontinental-westlake,2026-10-11,54,Phòng Club Cổ Điển 2 Giường Đơn Nhìn Ra Thành Phố,7371438.00,,,0,1,2.0,1b318771,30e09dcf,465,1,54,7118173_242444141_2_34_0,7118173,242444141,2,34,,,,False,Bữa sáng Rất tốt - VND 635.040,"Hủy miễn phí trước 10 tháng 10, 2026",Không cần thanh toán trước - thanh toán tại chỗ nghỉ,,,price_attr
17,intercontinental-westlake,2026-10-11,55,Phòng Club Cổ Điển 2 Giường Đơn Nhìn Ra Thành Phố,7636914.00,,,1,0,2.0,1b318771,42ee661d,466,1,55,7118173_125380250_2_33_0,7118173,125380250,2,33,,,,False,Bao gồm bữa sáng rất ngon,Không hoàn tiền,• Thanh toán cho chỗ nghỉ trước khi đến,,,price_attr
17,intercontinental-westlake,2026-10-11,56,Phòng Club Cổ Điển 2 Giường Đơn Nhìn Ra Thành Phố,7961153.00,,,1,1,2.0,1b318771,d16e3bf7,467,1,56,7118173_242444141_2_33_0,7118173,242444141,2,33,,,,False,Bao gồm bữa sáng rất ngon,"Hủy miễn phí trước 10 tháng 10, 2026",Không cần thanh toán trước - thanh toán tại chỗ nghỉ,,,price_attr
17,intercontinental-westlake,2026-10-11,57,Phòng Club Cổ Điển Có Giường Cỡ King Nhìn Ra Hồ Nước,7636914.00,,,0,0,2.0,6d11435c,1b6f0e44,484,1,57,7118172_125380250_2_34_0,7118172,125380250,2,34,,,,False,Bữa sáng Rất tốt - VND 635.040,Không hoàn tiền,• Thanh toán cho chỗ nghỉ trước khi đến,,,price_attr
17,intercontinental-westlake,2026-10-11,58,Phòng Club Cổ Điển Có Giường Cỡ King Nhìn Ra Hồ Nước,7961153.00,,,0,1,2.0,6d11435c,30e09dcf,485,1,58,7118172_242444141_2_34_0,7118172,242444141,2,34,,,,False,Bữa sáng Rất tốt - VND 635.040,"Hủy miễn phí trước 10 tháng 10, 2026",Không cần thanh toán trước - thanh toán tại chỗ nghỉ,,,price_attr
17,intercontinental-westlake,2026-10-11,59,Phòng Club Cổ Điển Có Giường Cỡ King Nhìn Ra Hồ Nước,8226629.00,,,1,0,2.0,6d11435c,42ee661d,486,1,59,7118172_125380250_2_33_0,7118172,125380250,2,33,,,,False,Bao gồm bữa sáng rất ngon,Không hoàn tiền,• Thanh toán cho chỗ nghỉ trước khi đến,,,price_attr
17,intercontinental-westlake,2026-10-11,60,Phòng Club Cổ Điển Có Giường Cỡ King Nhìn Ra Hồ Nước,8550868.00,,,1,1,2.0,6d11435c,d16e3bf7,487,1,60,7118172_242444141_2_33_0,7118172,242444141,2,33,,,,False,Bao gồm bữa sáng rất ngon,"Hủy miễn phí trước 10 tháng 10, 2026",Không cần thanh toán trước - thanh toán tại chỗ nghỉ,,,price_attr
17,intercontinental-westlake,2026-10-11,61,Phòng Club Cổ Điển 2 Giường Đơn Nhìn Ra Hồ Nước,7636914.00,,,0,0,2.0,8cda766a,1b6f0e44,492,1,61,7118174_125380250_2_34_0,7118174,125380250,2,34,,,,False,Bữa sáng Rất tốt - VND 635.040,Không hoàn tiền,• Thanh toán cho chỗ nghỉ trước khi đến,,,price_attr
17,intercontinental-westlake,2026-10-11,62,Phòng Club Cổ Điển 2 Giường Đơn Nhìn Ra Hồ Nước,7961153.00,,,0,1,2.0,8cda766a,30e09dcf,493,1,62,7118174_242444141_2_34_0,7118174,242444141,2,34,,,,False,Bữa sáng Rất tốt - VND 635.040,"Hủy miễn phí trước 10 tháng 10, 2026",Không cần thanh toán trước - thanh toán tại chỗ nghỉ,,,price_attr
17,intercontinental-westlake,2026-10-11,63,Phòng Club Cổ Điển 2 Giường Đơn Nhìn Ra Hồ Nước,8226629.00,,,1,0,2.0,8cda766a,42ee661d,494,1,63,7118174_125380250_2_33_0,7118174,125380250,2,33,,,,False,Bao gồm bữa sáng rất ngon,Không hoàn tiền,• Thanh toán cho chỗ nghỉ trước khi đến,,,price_attr
17,intercontinental-westlake,2026-10-11,64,Phòng Club Cổ Điển 2 Giường Đơn Nhìn Ra Hồ Nước,8550868.00,,,1,1,2.0,8cda766a,d16e3bf7,495,1,64,7118174_242444141_2_33_0,7118174,242444141,2,33,,,,False,Bao gồm bữa sáng rất ngon,"Hủy miễn phí trước 10 tháng 10, 2026",Không cần thanh toán trước - thanh toán tại chỗ nghỉ,,,price_attr
17,intercontinental-westlake,2026-10-11,65,Junior Suite có giường cỡ King Nhìn ra quang cảnh Thành phố,8226629.00,,,0,0,2.0,313c5924,1b6f0e44,472,1,65,7118175_125380250_2_34_0,7118175,125380250,2,34,,,,False,Bữa sáng Rất tốt - VND 635.040,Không hoàn tiền,• Thanh toán cho chỗ nghỉ trước khi đến,,,price_attr
17,intercontinental-westlake,2026-10-11,66,Junior Suite có giường cỡ King Nhìn ra quang cảnh Thành phố,8550868.00,,,0,1,2.0,313c5924,30e09dcf,473,1,66,7118175_242444141_2_34_0,7118175,242444141,2,34,,,,False,Bữa sáng Rất tốt - VND 635.040,"Hủy miễn phí trước 10 tháng 10, 2026",Không cần thanh toán trước - thanh toán tại chỗ nghỉ,,,price_attr
17,intercontinental-westlake,2026-10-11,67,Junior Suite có giường cỡ King Nhìn ra quang cảnh Thành phố,8816344.00,,,1,0,2.0,313c5924,42ee661d,474,1,67,7118175_125380250_2_33_0,7118175,125380250,2,33,,,,False,Bao gồm bữa sáng rất ngon,Không hoàn tiền,• Thanh toán cho chỗ nghỉ trước khi đến,,,price_attr
17,intercontinental-westlake,2026-10-11,68,Junior Suite có giường cỡ King Nhìn ra quang cảnh Thành phố,9140583.00,,,1,1,2.0,313c5924,d16e3bf7,475,1,68,7118175_242444141_2_33_0,7118175,242444141,2,33,,,,False,Bao gồm bữa sáng rất ngon,"Hủy miễn phí trước 10 tháng 10, 2026",Không cần thanh toán trước - thanh toán tại chỗ nghỉ,,,price_attr
18,intercontinental-westlake,2026-11-18,0,Phòng Cổ Điển,5484246.00,,,0,1,2.0,d2931b2d,e4e46315,564,1,0,7118161_411987300_2_34_0,7118161,411987300,2,34,,,,False,Bữa sáng Rất tốt - VND 635.040,"Hủy miễn phí trước 19 tháng 10, 2026",Không cần thanh toán trước - thanh toán tại chỗ nghỉ,,,price_attr
18,intercontinental-westlake,2026-11-18,1,Phòng Cổ Điển,5897151.00,,,0,1,2.0,d2931b2d,a14185a3,562,1,1,7118161_242444141_2_34_0,7118161,242444141,2,34,,,,False,Bữa sáng Rất tốt - VND 635.040,"Hủy miễn phí trước 17 tháng 11, 2026",Không cần thanh toán trước - thanh toán tại chỗ nghỉ,,,price_attr
18,intercontinental-westlake,2026-11-18,2,Phòng Cổ Điển,6073961.00,,,1,1,2.0,d2931b2d,bfed044c,563,1,2,7118161_411987300_2_33_0,7118161,411987300,2,33,,,,False,Bao gồm bữa sáng rất ngon,"Hủy miễn phí trước 19 tháng 10, 2026",Không cần thanh toán trước - thanh toán tại chỗ nghỉ,,,price_attr
18,intercontinental-westlake,2026-11-18,3,Phòng Cổ Điển,6486866.00,,,1,1,2.0,d2931b2d,e981aa55,565,2,3,7118161_242444141_2_33_0,7118161,242444141,2,33,,,,False,Bao gồm bữa sáng rất ngon,"Hủy miễn phí trước 17 tháng 11, 2026",Không cần thanh toán trước - thanh toán tại chỗ nghỉ,,,price_attr
18,intercontinental-westlake,2026-11-18,4,Phòng Cổ Điển,8256011.00,,,1,1,2.0,d2931b2d,e981aa55,565,2,4,7118161_242444141_2_17_0,7118161,242444141,2,17,,,,False,Bao bữa sáng & bữa tối,"Hủy miễn phí trước 17 tháng 11, 2026",Không cần thanh toán trước - thanh toán tại chỗ nghỉ,,,price_attr
18,intercontinental-westlake,2026-11-18,5,Phòng Cổ điển có Giường cỡ King Nhìn ra Thành phố,5484246.00,,,0,1,2.0,4c95fcba,e4e46315,542,1,5,7118162_411987300_2_34_0,7118162,411987300,2,34,,,,False,Bữa sáng Rất tốt - VND 635.040,"Hủy miễn phí trước 19 tháng 10, 2026",Không cần thanh toán trước - thanh toán tại chỗ nghỉ,,,price_attr
18,intercontinental-westlake,2026-11-18,6,Phòng Cổ điển có Giường cỡ King Nhìn ra Thành phố,5897151.00,,,0,1,2.0,4c95fcba,a14185a3,540,1,6,7118162_242444141_2_34_0,7118162,242444141,2,34,,,,False,Bữa sáng Rất tốt - VND 635.040,"Hủy miễn phí trước 17 tháng 11, 2026",Không cần thanh toán trước - thanh toán tại chỗ nghỉ,,,price_attr
18,intercontinental-westlake,2026-11-18,7,Phòng Cổ điển có Giường cỡ King Nhìn ra Thành phố,6073961.00,,,1,1,2.0,4c95fcba,bfed044c,541,1,7,7118162_411987300_2_33_0,7118162,411987300,2,33,,,,False,Bao gồm bữa sáng rất ngon,"Hủy miễn phí trước 19 tháng 10, 2026",Không cần thanh toán trước - thanh toán tại chỗ nghỉ,,,price_attr
18,intercontinental-westlake,2026-11-18,8,Phòng Cổ điển có Giường cỡ King Nhìn ra Thành phố,6486866.00,,,1,1,2.0,4c95fcba,e981aa55,543,2,8,7118162_242444141_2_33_0,7118162,242444141,2,33,,,,False,Bao gồm bữa sáng rất ngon,"Hủy miễn phí trước 17 tháng 11, 2026",Không cần thanh toán trước - thanh toán tại chỗ nghỉ,,,price_attr
18,intercontinental-westlake,2026-11-18,9,Phòng Cổ điển có Giường cỡ King Nhìn ra Thành phố,8256011.00,,,1,1,2.0,4c95fcba,e981aa55,543,2,9,7118162_242444141_2_17_0,7118162,242444141,2,17,,,,False,Bao bữa sáng & bữa tối,"Hủy miễn phí trước 17 tháng 11, 2026",Không cần thanh toán trước - thanh toán tại chỗ nghỉ,,,price_attr
18,intercontinental-westlake,2026-11-18,10,Phòng Cổ Điển 2 Giường Đơn Hướng Hồ,6368819.00,,,0,1,2.0,a366aaf6,e4e46315,560,1,10,7118167_411987300_2_34_0,7118167,411987300,2,34,,,,False,Bữa sáng Rất tốt - VND 635.040,"Hủy miễn phí trước 19 tháng 10, 2026",Không cần thanh toán trước - thanh toán tại chỗ nghỉ,,,price_attr
18,intercontinental-westlake,2026-11-18,11,Phòng Cổ Điển 2 Giường Đơn Hướng Hồ,6781723.00,,,0,1,2.0,a366aaf6,a14185a3,558,1,11,7118167_242444141_2_34_0,7118167,242444141,2,34,,,,False,Bữa sáng Rất tốt - VND 635.040,"Hủy miễn phí trước 17 tháng 11, 2026",Không cần thanh toán trước - thanh toán tại chỗ nghỉ,,,price_attr
18,intercontinental-westlake,2026-11-18,12,Phòng Cổ Điển 2 Giường Đơn Hướng Hồ,6958534.00,,,1,1,2.0,a366aaf6,bfed044c,559,1,12,7118167_411987300_2_33_0,7118167,411987300,2,33,,,,False,Bao gồm bữa sáng rất ngon,"Hủy miễn phí trước 19 tháng 10, 2026",Không cần thanh toán trước - thanh toán tại chỗ nghỉ,,,price_attr
18,intercontinental-westlake,2026-11-18,13,Phòng Cổ Điển 2 Giường Đơn Hướng Hồ,7371438.00,,,1,1,2.0,a366aaf6,e981aa55,561,2,13,7118167_242444141_2_33_0,7118167,242444141,2,33,,,,False,Bao gồm bữa sáng rất ngon,"Hủy miễn phí trước 17 tháng 11, 2026",Không cần thanh toán trước - thanh toán tại chỗ nghỉ,,,price_attr
18,intercontinental-westlake,2026-11-18,14,Phòng Cổ Điển 2 Giường Đơn Hướng Hồ,9140583.00,,,1,1,2.0,a366aaf6,e981aa55,561,2,14,7118167_242444141_2_17_0,7118167,242444141,2,17,,,,False,Bao bữa sáng & bữa tối,"Hủy miễn phí trước 17 tháng 11, 2026",Không cần thanh toán trước - thanh toán tại chỗ nghỉ,,,price_attr
18,intercontinental-westlake,2026-11-18,15,Phòng Cổ Điển Có Giường Cỡ King Nhìn Ra Hồ Nước,6663676.00,,,0,1,2.0,f20aadb6,e4e46315,568,1,15,7118166_411987300_2_34_0,7118166,411987300,2,34,,,,False,Bữa sáng Rất tốt - VND 635.040,"Hủy miễn phí trước 19 tháng 10, 2026",Không cần thanh toán trước - thanh toán tại chỗ nghỉ,,,price_attr
18,intercontinental-westlake,2026-11-18,16,Phòng Cổ Điển Có Giường Cỡ King Nhìn Ra Hồ Nước,7076581.00,,,0,1,2.0,f20aadb6,a14185a3,566,1,16,7118166_242444141_2_34_0,7118166,242444141,2,34,,,,False,Bữa sáng Rất tốt - VND 635.040,"Hủy miễn phí trước 17 tháng 11, 2026",Không cần thanh toán trước - thanh toán tại chỗ nghỉ,,,price_attr
18,intercontinental-westlake,2026-11-18,17,Phòng Cổ Điển Có Giường Cỡ King Nhìn Ra Hồ Nước,7253391.00,,,1,1,2.0,f20aadb6,bfed044c,567,1,17,7118166_411987300_2_33_0,7118166,411987300,2,33,,,,False,Bao gồm bữa sáng rất ngon,"Hủy miễn phí trước 19 tháng 10, 2026",Không cần thanh toán trước - thanh toán tại chỗ nghỉ,,,price_attr
18,intercontinental-westlake,2026-11-18,18,Phòng Cổ Điển Có Giường Cỡ King Nhìn Ra Hồ Nước,7666296.00,,,1,1,2.0,f20aadb6,e981aa55,569,2,18,7118166_242444141_2_33_0,7118166,242444141,2,33,,,,False,Bao gồm bữa sáng rất ngon,"Hủy miễn phí trước 17 tháng 11, 2026",Không cần thanh toán trước - thanh toán tại chỗ nghỉ,,,price_attr
18,intercontinental-westlake,2026-11-18,19,Phòng Cổ Điển Có Giường Cỡ King Nhìn Ra Hồ Nước,9435441.00,,,1,1,2.0,f20aadb6,e981aa55,569,2,19,7118166_242444141_2_17_0,7118166,242444141,2,17,,,,False,Bao bữa sáng & bữa tối,"Hủy miễn phí trước 17 tháng 11, 2026",Không cần thanh toán trước - thanh toán tại chỗ nghỉ,,,price_attr
18,intercontinental-westlake,2026-11-18,20,Classic King Room with Overwater City View,6929152.00,,,1,1,2.0,9fabc27f,e981aa55,553,2,20,7118164_242444141_2_33_0,7118164,242444141,2,33,,,,False,Bao gồm bữa sáng rất ngon,"Hủy miễn phí trước 17 tháng 11, 2026",Không cần thanh toán trước - thanh toán tại chỗ nghỉ,,,price_attr
18,intercontinental-westlake,2026-11-18,21,Classic King Room with Overwater City View,8698297.00,,,1,1,2.0,9fabc27f,e981aa55,553,2,21,7118164_242444141_2_17_0,7118164,242444141,2,17,,,,False,Bao bữa sáng & bữa tối,"Hủy miễn phí trước 17 tháng 11, 2026",Không cần thanh toán trước - thanh toán tại chỗ nghỉ,,,price_attr
18,intercontinental-westlake,2026-11-18,22,Classic Twin Room with Overwater City View,6929152.00,,,1,1,2.0,74be94fa,e981aa55,548,2,22,7118165_242444141_2_33_0,7118165,242444141,2,33,,,,False,Bao gồm bữa sáng rất ngon,"Hủy miễn phí trước 17 tháng 11, 2026",Không cần thanh toán trước - thanh toán tại chỗ nghỉ,,,price_attr
18,intercontinental-westlake,2026-11-18,23,Classic Twin Room with Overwater City View,8698297.00,,,1,1,2.0,74be94fa,e981aa55,548,2,23,7118165_242444141_2_17_0,7118165,242444141,2,17,,,,False,Bao bữa sáng & bữa tối,"Hủy miễn phí trước 17 tháng 11, 2026",Không cần thanh toán trước - thanh toán tại chỗ nghỉ,,,price_attr
18,intercontinental-westlake,2026-11-18,24,Classic Twin Room with Overwater Lake View,6958534.00,,,0,1,2.0,0e9c9256,e4e46315,522,1,24,7118169_411987300_2_34_0,7118169,411987300,2,34,,,,False,Bữa sáng Rất tốt - VND 635.040,"Hủy miễn phí trước 19 tháng 10, 2026",Không cần thanh toán trước - thanh toán tại chỗ nghỉ,,,price_attr
18,intercontinental-westlake,2026-11-18,25,Classic Twin Room with Overwater Lake View,7371438.00,,,0,1,2.0,0e9c9256,a14185a3,520,1,25,7118169_242444141_2_34_0,7118169,242444141,2,34,,,,False,Bữa sáng Rất tốt - VND 635.040,"Hủy miễn phí trước 17 tháng 11, 2026",Không cần thanh toán trước - thanh toán tại chỗ nghỉ,,,price_attr
18,intercontinental-westlake,2026-11-18,26,Classic Twin Room with Overwater Lake View,7548249.00,,,1,1,2.0,0e9c9256,bfed044c,521,1,26,7118169_411987300_2_33_0,7118169,411987300,2,33,,,,False,Bao gồm bữa sáng rất ngon,"Hủy miễn phí trước 19 tháng 10, 2026",Không cần thanh toán trước - thanh toán tại chỗ nghỉ,,,price_attr
18,intercontinental-westlake,2026-11-18,27,Classic Twin Room with Overwater Lake View,7961153.00,,,1,1,2.0,0e9c9256,e981aa55,523,2,27,7118169_242444141_2_33_0,7118169,242444141,2,33,,,,False,Bao gồm bữa sáng rất ngon,"Hủy miễn phí trước 17 tháng 11, 2026",Không cần thanh toán trước - thanh toán tại chỗ nghỉ,,,price_attr
18,intercontinental-westlake,2026-11-18,28,Classic Twin Room with Overwater Lake View,9730298.00,,,1,1,2.0,0e9c9256,e981aa55,523,2,28,7118169_242444141_2_17_0,7118169,242444141,2,17,,,,False,Bao bữa sáng & bữa tối,"Hủy miễn phí trước 17 tháng 11, 2026",Không cần thanh toán trước - thanh toán tại chỗ nghỉ,,,price_attr
18,intercontinental-westlake,2026-11-18,29,Classic King Room with Overwater Lake View,7253391.00,,,0,1,2.0,2070a76b,e4e46315,530,1,29,7118168_411987300_2_34_0,7118168,411987300,2,34,,,,False,Bữa sáng Rất tốt - VND 635.040,"Hủy miễn phí trước 19 tháng 10, 2026",Không cần thanh toán trước - thanh toán tại chỗ nghỉ,,,price_attr
18,intercontinental-westlake,2026-11-18,30,Classic King Room with Overwater Lake View,7666296.00,,,0,1,2.0,2070a76b,a14185a3,528,1,30,7118168_242444141_2_34_0,7118168,242444141,2,34,,,,False,Bữa sáng Rất tốt - VND 635.040,"Hủy miễn phí trước 17 tháng 11, 2026",Không cần thanh toán trước - thanh toán tại chỗ nghỉ,,,price_attr
18,intercontinental-westlake,2026-11-18,31,Classic King Room with Overwater Lake View,7843106.00,,,1,1,2.0,2070a76b,bfed044c,529,1,31,7118168_411987300_2_33_0,7118168,411987300,2,33,,,,False,Bao gồm bữa sáng rất ngon,"Hủy miễn phí trước 19 tháng 10, 2026",Không cần thanh toán trước - thanh toán tại chỗ nghỉ,,,price_attr
18,intercontinental-westlake,2026-11-18,32,Classic King Room with Overwater Lake View,8256011.00,,,1,1,2.0,2070a76b,e981aa55,531,2,32,7118168_242444141_2_33_0,7118168,242444141,2,33,,,,False,Bao gồm bữa sáng rất ngon,"Hủy miễn phí trước 17 tháng 11, 2026",Không cần thanh toán trước - thanh toán tại chỗ nghỉ,,,price_attr
18,intercontinental-westlake,2026-11-18,33,Classic King Room with Overwater Lake View,10025156.00,,,1,1,2.0,2070a76b,e981aa55,531,2,33,7118168_242444141_2_17_0,7118168,242444141,2,17,,,,False,Bao bữa sáng & bữa tối,"Hủy miễn phí trước 17 tháng 11, 2026",Không cần thanh toán trước - thanh toán tại chỗ nghỉ,,,price_attr
18,intercontinental-westlake,2026-11-18,34,Upgraded Classic Room,8137964.00,,,0,1,2.0,a06a97e6,e4e46315,556,1,34,7118170_411987300_2_34_0,7118170,411987300,2,34,,,,False,Bữa sáng Rất tốt - VND 635.040,"Hủy miễn phí trước 19 tháng 10, 2026",Không cần thanh toán trước - thanh toán tại chỗ nghỉ,,,price_attr
18,intercontinental-westlake,2026-11-18,35,Upgraded Classic Room,8550868.00,,,0,1,2.0,a06a97e6,a14185a3,554,1,35,7118170_242444141_2_34_0,7118170,242444141,2,34,,,,False,Bữa sáng Rất tốt - VND 635.040,"Hủy miễn phí trước 17 tháng 11, 2026",Không cần thanh toán trước - thanh toán tại chỗ nghỉ,,,price_attr
18,intercontinental-westlake,2026-11-18,36,Upgraded Classic Room,8727679.00,,,1,1,2.0,a06a97e6,bfed044c,555,1,36,7118170_411987300_2_33_0,7118170,411987300,2,33,,,,False,Bao gồm bữa sáng rất ngon,"Hủy miễn phí trước 19 tháng 10, 2026",Không cần thanh toán trước - thanh toán tại chỗ nghỉ,,,price_attr
18,intercontinental-westlake,2026-11-18,37,Upgraded Classic Room,9140583.00,,,1,1,2.0,a06a97e6,e981aa55,557,1,37,7118170_242444141_2_33_0,7118170,242444141,2,33,,,,False,Bao gồm bữa sáng rất ngon,"Hủy miễn phí trước 17 tháng 11, 2026",Không cần thanh toán trước - thanh toán tại chỗ nghỉ,,,price_attr
18,intercontinental-westlake,2026-11-18,38,Phòng Club Cổ Điển Có Giường Cỡ King Nhìn Ra Thành Phố,8137964.00,,,0,1,2.0,4c31e569,e4e46315,538,1,38,7118171_411987300_2_34_0,7118171,411987300,2,34,,,,False,Bữa sáng Rất tốt - VND 635.040,"Hủy miễn phí trước 19 tháng 10, 2026",Không cần thanh toán trước - thanh toán tại chỗ nghỉ,,,price_attr
18,intercontinental-westlake,2026-11-18,39,Phòng Club Cổ Điển Có Giường Cỡ King Nhìn Ra Thành Phố,8550868.00,,,0,1,2.0,4c31e569,a14185a3,536,1,39,7118171_242444141_2_34_0,7118171,242444141,2,34,,,,False,Bữa sáng Rất tốt - VND 635.040,"Hủy miễn phí trước 17 tháng 11, 2026",Không cần thanh toán trước - thanh toán tại chỗ nghỉ,,,price_attr
18,intercontinental-westlake,2026-11-18,40,Phòng Club Cổ Điển Có Giường Cỡ King Nhìn Ra Thành Phố,8727679.00,,,1,1,2.0,4c31e569,bfed044c,537,1,40,7118171_411987300_2_33_0,7118171,411987300,2,33,,,,False,Bao gồm bữa sáng rất ngon,"Hủy miễn phí trước 19 tháng 10, 2026",Không cần thanh toán trước - thanh toán tại chỗ nghỉ,,,price_attr
18,intercontinental-westlake,2026-11-18,41,Phòng Club Cổ Điển Có Giường Cỡ King Nhìn Ra Thành Phố,9140583.00,,,1,1,2.0,4c31e569,e981aa55,539,1,41,7118171_242444141_2_33_0,7118171,242444141,2,33,,,,False,Bao gồm bữa sáng rất ngon,"Hủy miễn phí trước 17 tháng 11, 2026",Không cần thanh toán trước - thanh toán tại chỗ nghỉ,,,price_attr
18,intercontinental-westlake,2026-11-18,42,Phòng Club Cổ Điển 2 Giường Đơn Nhìn Ra Thành Phố,8137964.00,,,0,1,2.0,1b318771,e4e46315,526,1,42,7118173_411987300_2_34_0,7118173,411987300,2,34,,,,False,Bữa sáng Rất tốt - VND 635.040,"Hủy miễn phí trước 19 tháng 10, 2026",Không cần thanh toán trước - thanh toán tại chỗ nghỉ,,,price_attr
18,intercontinental-westlake,2026-11-18,43,Phòng Club Cổ Điển 2 Giường Đơn Nhìn Ra Thành Phố,8550868.00,,,0,1,2.0,1b318771,a14185a3,524,1,43,7118173_242444141_2_34_0,7118173,242444141,2,34,,,,False,Bữa sáng Rất tốt - VND 635.040,"Hủy miễn phí trước 17 tháng 11, 2026",Không cần thanh toán trước - thanh toán tại chỗ nghỉ,,,price_attr
18,intercontinental-westlake,2026-11-18,44,Phòng Club Cổ Điển 2 Giường Đơn Nhìn Ra Thành Phố,8727679.00,,,1,1,2.0,1b318771,bfed044c,525,1,44,7118173_411987300_2_33_0,7118173,411987300,2,33,,,,False,Bao gồm bữa sáng rất ngon,"Hủy miễn phí trước 19 tháng 10, 2026",Không cần thanh toán trước - thanh toán tại chỗ nghỉ,,,price_attr
18,intercontinental-westlake,2026-11-18,45,Phòng Club Cổ Điển 2 Giường Đơn Nhìn Ra Thành Phố,9140583.00,,,1,1,2.0,1b318771,e981aa55,527,1,45,7118173_242444141_2_33_0,7118173,242444141,2,33,,,,False,Bao gồm bữa sáng rất ngon,"Hủy miễn phí trước 17 tháng 11, 2026",Không cần thanh toán trước - thanh toán tại chỗ nghỉ,,,price_attr
18,intercontinental-westlake,2026-11-18,46,Phòng Club Cổ Điển Có Giường Cỡ King Nhìn Ra Hồ Nước,8727679.00,,,0,1,2.0,6d11435c,e4e46315,546,1,46,7118172_411987300_2_34_0,7118172,411987300,2,34,,,,False,Bữa sáng Rất tốt - VND 635.040,"Hủy miễn phí trước 19 tháng 10, 2026",Không cần thanh toán trước - thanh toán tại chỗ nghỉ,,,price_attr
18,intercontinental-westlake,2026-11-18,47,Phòng Club Cổ Điển Có Giường Cỡ King Nhìn Ra Hồ Nước,9140583.00,,,0,1,2.0,6d11435c,a14185a3,544,1,47,7118172_242444141_2_34_0,7118172,242444141,2,34,,,,False,Bữa sáng Rất tốt - VND 635.040,"Hủy miễn phí trước 17 tháng 11, 2026",Không cần thanh toán trước - thanh toán tại chỗ nghỉ,,,price_attr
18,intercontinental-westlake,2026-11-18,48,Phòng Club Cổ Điển Có Giường Cỡ King Nhìn Ra Hồ Nước,9317394.00,,,1,1,2.0,6d11435c,bfed044c,545,1,48,7118172_411987300_2_33_0,7118172,411987300,2,33,,,,False,Bao gồm bữa sáng rất ngon,"Hủy miễn phí trước 19 tháng 10, 2026",Không cần thanh toán trước - thanh toán tại chỗ nghỉ,,,price_attr
18,intercontinental-westlake,2026-11-18,49,Phòng Club Cổ Điển Có Giường Cỡ King Nhìn Ra Hồ Nước,9730298.00,,,1,1,2.0,6d11435c,e981aa55,547,1,49,7118172_242444141_2_33_0,7118172,242444141,2,33,,,,False,Bao gồm bữa sáng rất ngon,"Hủy miễn phí trước 17 tháng 11, 2026",Không cần thanh toán trước - thanh toán tại chỗ nghỉ,,,price_attr
18,intercontinental-westlake,2026-11-18,50,Phòng Club Cổ Điển 2 Giường Đơn Nhìn Ra Hồ Nước,8727679.00,,,0,1,2.0,8cda766a,e4e46315,551,1,50,7118174_411987300_2_34_0,7118174,411987300,2,34,,,,False,Bữa sáng Rất tốt - VND 635.040,"Hủy miễn phí trước 19 tháng 10, 2026",Không cần thanh toán trước - thanh toán tại chỗ nghỉ,,,price_attr
18,intercontinental-westlake,2026-11-18,51,Phòng Club Cổ Điển 2 Giường Đơn Nhìn Ra Hồ Nước,9140583.00,,,0,1,2.0,8cda766a,a14185a3,549,1,51,7118174_242444141_2_34_0,7118174,242444141,2,34,,,,False,Bữa sáng Rất tốt - VND 635.040,"Hủy miễn phí trước 17 tháng 11, 2026",Không cần thanh toán trước - thanh toán tại chỗ nghỉ,,,price_attr
18,intercontinental-westlake,2026-11-18,52,Phòng Club Cổ Điển 2 Giường Đơn Nhìn Ra Hồ Nước,9317394.00,,,1,1,2.0,8cda766a,bfed044c,550,1,52,7118174_411987300_2_33_0,7118174,411987300,2,33,,,,False,Bao gồm bữa sáng rất ngon,"Hủy miễn phí trước 19 tháng 10, 2026",Không cần thanh toán trước - thanh toán tại chỗ nghỉ,,,price_attr
18,intercontinental-westlake,2026-11-18,53,Phòng Club Cổ Điển 2 Giường Đơn Nhìn Ra Hồ Nước,9730298.00,,,1,1,2.0,8cda766a,e981aa55,552,1,53,7118174_242444141_2_33_0,7118174,242444141,2,33,,,,False,Bao gồm bữa sáng rất ngon,"Hủy miễn phí trước 17 tháng 11, 2026",Không cần thanh toán trước - thanh toán tại chỗ nghỉ,,,price_attr
18,intercontinental-westlake,2026-11-18,54,Junior Suite có giường cỡ King Nhìn ra quang cảnh Thành phố,9317394.00,,,0,1,2.0,313c5924,e4e46315,534,1,54,7118175_411987300_2_34_0,7118175,411987300,2,34,,,,False,Bữa sáng Rất tốt - VND 635.040,"Hủy miễn phí trước 19 tháng 10, 2026",Không cần thanh toán trước - thanh toán tại chỗ nghỉ,,,price_attr
18,intercontinental-westlake,2026-11-18,55,Junior Suite có giường cỡ King Nhìn ra quang cảnh Thành phố,9730298.00,,,0,1,2.0,313c5924,a14185a3,532,1,55,7118175_242444141_2_34_0,7118175,242444141,2,34,,,,False,Bữa sáng Rất tốt - VND 635.040,"Hủy miễn phí trước 17 tháng 11, 2026",Không cần thanh toán trước - thanh toán tại chỗ nghỉ,,,price_attr
18,intercontinental-westlake,2026-11-18,56,Junior Suite có giường cỡ King Nhìn ra quang cảnh Thành phố,9907109.00,,,1,1,2.0,313c5924,bfed044c,533,1,56,7118175_411987300_2_33_0,7118175,411987300,2,33,,,,False,Bao gồm bữa sáng rất ngon,"Hủy miễn phí trước 19 tháng 10, 2026",Không cần thanh toán trước - thanh toán tại chỗ nghỉ,,,price_attr
18,intercontinental-westlake,2026-11-18,57,Junior Suite có giường cỡ King Nhìn ra quang cảnh Thành phố,10320013.00,,,1,1,2.0,313c5924,e981aa55,535,1,57,7118175_242444141_2_33_0,7118175,242444141,2,33,,,,False,Bao gồm bữa sáng rất ngon,"Hủy miễn phí trước 17 tháng 11, 2026",Không cần thanh toán trước - thanh toán tại chỗ nghỉ,,,price_attr
19,22land-residence-2,2026-10-01,0,Phòng Tiêu Chuẩn Có Giường Cỡ King,905169.00,,,1,1,,19e084e4,88e299dc,570,1,1,bbasic_0,bbasic,0,,,,,,False,Bao bữa sáng - Tốt,"Hủy miễn phí trước 30 tháng 9, 2026",• Thanh toán trước,,,price_text
19,22land-residence-2,2026-10-01,1,Phòng Tiêu Chuẩn Có Giường Cỡ King,958968.00,1331900.00,28.00,1,0,2.0,9f8b0dbc,42ee661d,578,1,2,1552871001_427146946_0_1_0,1552871001,427146946,0,1,,,,False,Bao gồm bữa sáng ngon,Không hoàn tiền | Linh động đổi ngày khi kế hoạch thay đổi,Không cần thẻ tín dụng | • Thanh toán cho chỗ nghỉ trước khi đến,– Có thể có giảm giá,Tiết kiệm 28% | Ưu Đãi Cuối Năm,price_attr
19,22land-residence-2,2026-10-01,2,Phòng Tiêu Chuẩn Có Giường Cỡ King,1009440.00,1402000.00,28.00,1,1,2.0,9f8b0dbc,5f013ac2,579,1,3,1552871001_437413543_2_1_0_1335003,1552871001,437413543,2,1,1335003,,,False,Bao gồm bữa sáng ngon,"Hủy miễn phí trước 14:00, 1 tháng 10, 2026",Không cần thanh toán trước - thanh toán tại chỗ nghỉ | Không cần thẻ tín dụng,Bao gồm 1 chỗ đậu xe + trả phòng trễ + internet tốc độ cao | – Có thể có giảm giá,Tiết kiệm 28% | Ưu Đãi Cuối Năm,price_attr
19,22land-residence-2,2026-10-01,3,Phòng Tiêu Chuẩn 2 Giường Đơn,929359.00,,,1,1,2.0,fec05c8b,88e299dc,589,1,4,1552871002_bbasic_0,1552871002,bbasic,0,,,,,False,Bao bữa sáng - Tốt,"Hủy miễn phí trước 30 tháng 9, 2026",• Thanh toán trước,,,price_text
19,22land-residence-2,2026-10-01,4,Phòng Tiêu Chuẩn 2 Giường Đơn,984960.00,1368000.00,28.00,1,0,2.0,fec05c8b,42ee661d,587,1,5,1552871002_427146946_2_1_0,1552871002,427146946,2,1,,,,False,Bao gồm bữa sáng ngon,Không hoàn tiền | Linh động đổi ngày khi kế hoạch thay đổi,Không cần thẻ tín dụng | • Thanh toán cho chỗ nghỉ trước khi đến,– Có thể có giảm giá,Tiết kiệm 28% | Ưu Đãi Cuối Năm,price_attr
19,22land-residence-2,2026-10-01,5,Phòng Tiêu Chuẩn 2 Giường Đơn,1036800.00,1440000.00,28.00,1,1,2.0,fec05c8b,5f013ac2,588,1,6,1552871002_437413543_2_1_0_1335003,1552871002,437413543,2,1,1335003,,,False,Bao gồm bữa sáng ngon,"Hủy miễn phí trước 14:00, 1 tháng 10, 2026",Không cần thanh toán trước - thanh toán tại chỗ nghỉ | Không cần thẻ tín dụng,Bao gồm 1 chỗ đậu xe + trả phòng trễ + internet tốc độ cao | – Có thể có giảm giá,Tiết kiệm 28% | Ưu Đãi Cuối Năm,price_attr
19,22land-residence-2,2026-10-01,6,Phòng Superior Giường Đôi,989443.00,,,1,1,2.0,80dbdb62,88e299dc,577,1,7,1552871003_bbasic_0,1552871003,bbasic,0,,,,,False,Bao bữa sáng - Tốt,"Hủy miễn phí trước 30 tháng 9, 2026",• Thanh toán trước,,,price_text
19,22land-residence-2,2026-10-01,7,Phòng Superior Giường Đôi,1048572.00,1456350.00,28.00,1,0,2.0,80dbdb62,42ee661d,575,1,8,1552871003_427146946_0_1_0,1552871003,427146946,0,1,,,,False,Bao gồm bữa sáng ngon,Không hoàn tiền | Linh động đổi ngày khi kế hoạch thay đổi,Không cần thẻ tín dụng | • Thanh toán cho chỗ nghỉ trước khi đến,– Có thể có giảm giá,Tiết kiệm 28% | Ưu Đãi Cuối Năm,price_attr
19,22land-residence-2,2026-10-01,8,Phòng Superior Giường Đôi,1103760.00,1533000.00,28.00,1,1,2.0,80dbdb62,5f013ac2,576,1,9,1552871003_437413543_2_1_0_1335003,1552871003,437413543,2,1,1335003,,,False,Bao gồm bữa sáng ngon,"Hủy miễn phí trước 14:00, 1 tháng 10, 2026",Không cần thanh toán trước - thanh toán tại chỗ nghỉ | Không cần thẻ tín dụng,Bao gồm 1 chỗ đậu xe + trả phòng trễ + internet tốc độ cao | – Có thể có giảm giá,Tiết kiệm 28% | Ưu Đãi Cuối Năm,price_attr
19,22land-residence-2,2026-10-01,9,Phòng Deluxe Giường Đôi,1050048.00,,,1,1,2.0,a9419885,88e299dc,582,1,10,1552871004_bbasic_0,1552871004,bbasic,0,,,,,False,Bao bữa sáng - Tốt,"Hủy miễn phí trước 30 tháng 9, 2026",• Thanh toán trước,,,price_text
19,22land-residence-2,2026-10-01,10,Phòng Deluxe Giường Đôi,1114920.00,1548500.00,28.00,1,0,2.0,a9419885,42ee661d,580,1,11,1552871004_427146946_0_1_0,1552871004,427146946,0,1,,,,False,Bao gồm bữa sáng ngon,Không hoàn tiền | Linh động đổi ngày khi kế hoạch thay đổi,Không cần thẻ tín dụng | • Thanh toán cho chỗ nghỉ trước khi đến,– Có thể có giảm giá,Tiết kiệm 28% | Ưu Đãi Cuối Năm,price_attr
19,22land-residence-2,2026-10-01,11,Phòng Deluxe Giường Đôi,1173600.00,1630000.00,28.00,1,1,2.0,a9419885,5f013ac2,581,1,12,1552871004_437413543_2_1_0_1335003,1552871004,437413543,2,1,1335003,,,False,Bao gồm bữa sáng ngon,"Hủy miễn phí trước 14:00, 1 tháng 10, 2026",Không cần thanh toán trước - thanh toán tại chỗ nghỉ | Không cần thẻ tín dụng,Bao gồm 1 chỗ đậu xe + trả phòng trễ + internet tốc độ cao | – Có thể có giảm giá,Tiết kiệm 28% | Ưu Đãi Cuối Năm,price_attr
19,22land-residence-2,2026-10-01,12,Suite Nhìn Ra Thành Phố,1176480.00,1634000.00,28.00,1,0,2.0,3cb1dbad,42ee661d,571,1,13,1552871005_427146946_0_1_0,1552871005,427146946,0,1,,,,False,Bao gồm bữa sáng ngon,Không hoàn tiền | Linh động đổi ngày khi kế hoạch thay đổi,Không cần thẻ tín dụng | • Thanh toán cho chỗ nghỉ trước khi đến,– Có thể có giảm giá,Tiết kiệm 28% | Ưu Đãi Cuối Năm,price_attr
19,22land-residence-2,2026-10-01,13,Suite Nhìn Ra Thành Phố,1238400.00,1720000.00,28.00,1,1,2.0,3cb1dbad,5f013ac2,572,1,14,1552871005_437413543_2_1_0_1335003,1552871005,437413543,2,1,1335003,,,False,Bao gồm bữa sáng ngon,"Hủy miễn phí trước 14:00, 1 tháng 10, 2026",Không cần thanh toán trước - thanh toán tại chỗ nghỉ | Không cần thẻ tín dụng,Bao gồm 1 chỗ đậu xe + trả phòng trễ + internet tốc độ cao | – Có thể có giảm giá,Tiết kiệm 28% | Ưu Đãi Cuối Năm,price_attr
19,22land-residence-2,2026-10-01,14,Suite có Ban công.,1176480.00,1634000.00,28.00,1,0,2.0,af9a21c4,42ee661d,583,1,15,1552871006_427146946_0_1_0,1552871006,427146946,0,1,,,,False,Bao gồm bữa sáng ngon,Không hoàn tiền | Linh động đổi ngày khi kế hoạch thay đổi,Không cần thẻ tín dụng | • Thanh toán cho chỗ nghỉ trước khi đến,– Có thể có giảm giá,Tiết kiệm 28% | Ưu Đãi Cuối Năm,price_attr
19,22land-residence-2,2026-10-01,15,Suite có Ban công.,1238400.00,1720000.00,28.00,1,1,2.0,af9a21c4,5f013ac2,584,1,16,1552871006_437413543_2_1_0_1335003,1552871006,437413543,2,1,1335003,,,False,Bao gồm bữa sáng ngon,"Hủy miễn phí trước 14:00, 1 tháng 10, 2026",Không cần thanh toán trước - thanh toán tại chỗ nghỉ | Không cần thẻ tín dụng,Bao gồm 1 chỗ đậu xe + trả phòng trễ + internet tốc độ cao | – Có thể có giảm giá,Tiết kiệm 28% | Ưu Đãi Cuối Năm,price_attr
19,22land-residence-2,2026-10-01,16,Phòng 2 giường đơn có ban công,1244880.00,1729000.00,28.00,1,0,2.0,b76cce3c,42ee661d,585,1,17,1552871007_427146946_0_1_0,1552871007,427146946,0,1,,,,False,Bao gồm bữa sáng ngon,Không hoàn tiền | Linh động đổi ngày khi kế hoạch thay đổi,Không cần thẻ tín dụng | • Thanh toán cho chỗ nghỉ trước khi đến,– Có thể có giảm giá,Tiết kiệm 28% | Ưu Đãi Cuối Năm,price_attr
19,22land-residence-2,2026-10-01,17,Phòng 2 giường đơn có ban công,1310400.00,1820000.00,28.00,1,1,2.0,b76cce3c,5f013ac2,586,1,18,1552871007_437413543_2_1_0_1335003,1552871007,437413543,2,1,1335003,,,False,Bao gồm bữa sáng ngon,"Hủy miễn phí trước 14:00, 1 tháng 10, 2026",Không cần thanh toán trước - thanh toán tại chỗ nghỉ | Không cần thẻ tín dụng,Bao gồm 1 chỗ đậu xe + trả phòng trễ + internet tốc độ cao | – Có thể có giảm giá,Tiết kiệm 28% | Ưu Đãi Cuối Năm,price_attr
19,22land-residence-2,2026-10-01,18,Phòng Deluxe Gia đình,1928880.00,2679000.00,28.00,1,0,2.0,656d93f8,42ee661d,573,1,19,1552871008_427146946_0_1_0,1552871008,427146946,0,1,,,,False,Bao gồm bữa sáng ngon,Không hoàn tiền | Linh động đổi ngày khi kế hoạch thay đổi,Không cần thẻ tín dụng | • Thanh toán cho chỗ nghỉ trước khi đến,– Có thể có giảm giá,Tiết kiệm 28% | Ưu Đãi Cuối Năm,price_attr
19,22land-residence-2,2026-10-01,19,Phòng Deluxe Gia đình,2030400.00,2820000.00,28.00,1,1,2.0,656d93f8,5f013ac2,574,1,20,1552871008_437413543_4_1_0_1335003,1552871008,437413543,4,1,1335003,,,False,Bao gồm bữa sáng ngon,"Hủy miễn phí trước 14:00, 1 tháng 10, 2026",Không cần thanh toán trước - thanh toán tại chỗ nghỉ | Không cần thẻ tín dụng,Bao gồm 1 chỗ đậu xe + trả phòng trễ + internet tốc độ cao | – Có thể có giảm giá,Tiết kiệm 28% | Ưu Đãi Cuối Năm,price_attr
20,22land-residence-2,2026-10-11,0,Phòng Superior Giường Đôi,989443.00,,,1,1,,182e971c,d16e3bf7,590,1,1,bbasic_0,bbasic,0,,,,,,False,Bao bữa sáng - Tốt,"Hủy miễn phí trước 10 tháng 10, 2026",• Thanh toán trước,,,price_text
20,22land-residence-2,2026-10-11,1,Phòng Superior Giường Đôi,1048572.00,1456350.00,28.00,1,0,2.0,80dbdb62,42ee661d,594,1,2,1552871003_427146946_0_1_0,1552871003,427146946,0,1,,,,False,Bao gồm bữa sáng ngon,Không hoàn tiền | Linh động đổi ngày khi kế hoạch thay đổi,Không cần thẻ tín dụng | • Thanh toán cho chỗ nghỉ trước khi đến,– Có thể có giảm giá,Tiết kiệm 28% | Ưu Đãi Cuối Năm,price_attr
20,22land-residence-2,2026-10-11,2,Phòng Superior Giường Đôi,1103760.00,1533000.00,28.00,1,1,2.0,80dbdb62,f886b18f,595,1,3,1552871003_437413543_2_1_0_1335003,1552871003,437413543,2,1,1335003,,,False,Bao gồm bữa sáng ngon,"Hủy miễn phí trước 14:00, 11 tháng 10, 2026",Không cần thanh toán trước - thanh toán tại chỗ nghỉ | Không cần thẻ tín dụng,Bao gồm 1 chỗ đậu xe + trả phòng trễ + internet tốc độ cao | – Có thể có giảm giá,Tiết kiệm 28% | Ưu Đãi Cuối Năm,price_attr
20,22land-residence-2,2026-10-11,3,Phòng Deluxe Giường Đôi,1049788.00,,,1,1,2.0,a9419885,d16e3bf7,597,1,4,1552871004_bbasic_0,1552871004,bbasic,0,,,,,False,Bao bữa sáng - Tốt,"Hủy miễn phí trước 10 tháng 10, 2026",• Thanh toán trước,,,price_text
20,22land-residence-2,2026-10-11,4,Phòng Deluxe Giường Đôi,1114920.00,1548500.00,28.00,1,0,2.0,a9419885,42ee661d,596,1,5,1552871004_427146946_0_1_0,1552871004,427146946,0,1,,,,False,Bao gồm bữa sáng ngon,Không hoàn tiền | Linh động đổi ngày khi kế hoạch thay đổi,Không cần thẻ tín dụng | • Thanh toán cho chỗ nghỉ trước khi đến,– Có thể có giảm giá,Tiết kiệm 28% | Ưu Đãi Cuối Năm,price_attr
20,22land-residence-2,2026-10-11,5,Phòng Deluxe Giường Đôi,1173600.00,1630000.00,28.00,1,1,2.0,a9419885,f886b18f,598,1,6,1552871004_437413543_2_1_0_1335003,1552871004,437413543,2,1,1335003,,,False,Bao gồm bữa sáng ngon,"Hủy miễn phí trước 14:00, 11 tháng 10, 2026",Không cần thanh toán trước - thanh toán tại chỗ nghỉ | Không cần thẻ tín dụng,Bao gồm 1 chỗ đậu xe + trả phòng trễ + internet tốc độ cao | – Có thể có giảm giá,Tiết kiệm 28% | Ưu Đãi Cuối Năm,price_attr
20,22land-residence-2,2026-10-11,6,Suite Nhìn Ra Thành Phố,1110133.00,,,1,1,2.0,3cb1dbad,d16e3bf7,592,1,7,1552871005_bbasic_0,1552871005,bbasic,0,,,,,False,Bao bữa sáng - Tốt,"Hủy miễn phí trước 10 tháng 10, 2026",• Thanh toán trước,,,price_text
20,22land-residence-2,2026-10-11,7,Suite Nhìn Ra Thành Phố,1176480.00,1634000.00,28.00,1,0,2.0,3cb1dbad,42ee661d,591,1,8,1552871005_427146946_0_1_0,1552871005,427146946,0,1,,,,False,Bao gồm bữa sáng ngon,Không hoàn tiền | Linh động đổi ngày khi kế hoạch thay đổi,Không cần thẻ tín dụng | • Thanh toán cho chỗ nghỉ trước khi đến,– Có thể có giảm giá,Tiết kiệm 28% | Ưu Đãi Cuối Năm,price_attr
20,22land-residence-2,2026-10-11,8,Suite Nhìn Ra Thành Phố,1238400.00,1720000.00,28.00,1,1,2.0,3cb1dbad,f886b18f,593,1,9,1552871005_437413543_2_1_0_1335003,1552871005,437413543,2,1,1335003,,,False,Bao gồm bữa sáng ngon,"Hủy miễn phí trước 14:00, 11 tháng 10, 2026",Không cần thanh toán trước - thanh toán tại chỗ nghỉ | Không cần thẻ tín dụng,Bao gồm 1 chỗ đậu xe + trả phòng trễ + internet tốc độ cao | – Có thể có giảm giá,Tiết kiệm 28% | Ưu Đãi Cuối Năm,price_attr
21,22land-residence-2,2026-11-18,0,Phòng Tiêu Chuẩn Có Giường Cỡ King,909851.00,,,1,1,,19e084e4,e981aa55,599,1,1,bbasic_0,bbasic,0,,,,,,False,Bao bữa sáng - Tốt,"Hủy miễn phí trước 17 tháng 11, 2026",• Thanh toán trước,,,price_text
21,22land-residence-2,2026-11-18,1,Phòng Tiêu Chuẩn Có Giường Cỡ King,958968.00,1331900.00,28.00,1,0,2.0,9f8b0dbc,42ee661d,607,1,2,1552871001_427146946_0_1_0,1552871001,427146946,0,1,,,,False,Bao gồm bữa sáng ngon,Không hoàn tiền | Linh động đổi ngày khi kế hoạch thay đổi,Không cần thẻ tín dụng | • Thanh toán cho chỗ nghỉ trước khi đến,– Có thể có giảm giá,Tiết kiệm 28% | Ưu Đãi Cuối Năm,price_attr
21,22land-residence-2,2026-11-18,2,Phòng Tiêu Chuẩn Có Giường Cỡ King,1009440.00,1402000.00,28.00,1,1,2.0,9f8b0dbc,64642234,608,1,3,1552871001_437413543_2_1_0_1335003,1552871001,437413543,2,1,1335003,,,False,Bao gồm bữa sáng ngon,"Hủy miễn phí trước 14:00, 18 tháng 11, 2026",Không cần thanh toán trước - thanh toán tại chỗ nghỉ | Không cần thẻ tín dụng,Bao gồm 1 chỗ đậu xe + trả phòng trễ + internet tốc độ cao | – Có thể có giảm giá,Tiết kiệm 28% | Ưu Đãi Cuối Năm,price_attr
21,22land-residence-2,2026-11-18,3,Phòng Tiêu Chuẩn 2 Giường Đơn,934041.00,,,1,1,2.0,fec05c8b,e981aa55,618,1,4,1552871002_bbasic_0,1552871002,bbasic,0,,,,,False,Bao bữa sáng - Tốt,"Hủy miễn phí trước 17 tháng 11, 2026",• Thanh toán trước,,,price_text
21,22land-residence-2,2026-11-18,4,Phòng Tiêu Chuẩn 2 Giường Đơn,984960.00,1368000.00,28.00,1,0,2.0,fec05c8b,42ee661d,616,1,5,1552871002_427146946_2_1_0,1552871002,427146946,2,1,,,,False,Bao gồm bữa sáng ngon,Không hoàn tiền | Linh động đổi ngày khi kế hoạch thay đổi,Không cần thẻ tín dụng | • Thanh toán cho chỗ nghỉ trước khi đến,– Có thể có giảm giá,Tiết kiệm 28% | Ưu Đãi Cuối Năm,price_attr
21,22land-residence-2,2026-11-18,5,Phòng Tiêu Chuẩn 2 Giường Đơn,1036800.00,1440000.00,28.00,1,1,2.0,fec05c8b,64642234,617,1,6,1552871002_437413543_2_1_0_1335003,1552871002,437413543,2,1,1335003,,,False,Bao gồm bữa sáng ngon,"Hủy miễn phí trước 14:00, 18 tháng 11, 2026",Không cần thanh toán trước - thanh toán tại chỗ nghỉ | Không cần thẻ tín dụng,Bao gồm 1 chỗ đậu xe + trả phòng trễ + internet tốc độ cao | – Có thể có giảm giá,Tiết kiệm 28% | Ưu Đãi Cuối Năm,price_attr
21,22land-residence-2,2026-11-18,6,Phòng Superior Giường Đôi,994385.00,,,1,1,2.0,80dbdb62,e981aa55,606,1,7,1552871003_bbasic_0,1552871003,bbasic,0,,,,,False,Bao bữa sáng - Tốt,"Hủy miễn phí trước 17 tháng 11, 2026",• Thanh toán trước,,,price_text
21,22land-residence-2,2026-11-18,7,Phòng Superior Giường Đôi,1048572.00,1456350.00,28.00,1,0,2.0,80dbdb62,42ee661d,604,1,8,1552871003_427146946_0_1_0,1552871003,427146946,0,1,,,,False,Bao gồm bữa sáng ngon,Không hoàn tiền | Linh động đổi ngày khi kế hoạch thay đổi,Không cần thẻ tín dụng | • Thanh toán cho chỗ nghỉ trước khi đến,– Có thể có giảm giá,Tiết kiệm 28% | Ưu Đãi Cuối Năm,price_attr
21,22land-residence-2,2026-11-18,8,Phòng Superior Giường Đôi,1103760.00,1533000.00,28.00,1,1,2.0,80dbdb62,64642234,605,1,9,1552871003_437413543_2_1_0_1335003,1552871003,437413543,2,1,1335003,,,False,Bao gồm bữa sáng ngon,"Hủy miễn phí trước 14:00, 18 tháng 11, 2026",Không cần thanh toán trước - thanh toán tại chỗ nghỉ | Không cần thẻ tín dụng,Bao gồm 1 chỗ đậu xe + trả phòng trễ + internet tốc độ cao | – Có thể có giảm giá,Tiết kiệm 28% | Ưu Đãi Cuối Năm,price_attr
21,22land-residence-2,2026-11-18,9,Phòng Deluxe Giường Đôi,1055510.00,,,1,1,2.0,a9419885,e981aa55,611,1,10,1552871004_bbasic_0,1552871004,bbasic,0,,,,,False,Bao bữa sáng - Tốt,"Hủy miễn phí trước 17 tháng 11, 2026",• Thanh toán trước,,,price_text
21,22land-residence-2,2026-11-18,10,Phòng Deluxe Giường Đôi,1114920.00,1548500.00,28.00,1,0,2.0,a9419885,42ee661d,609,1,11,1552871004_427146946_0_1_0,1552871004,427146946,0,1,,,,False,Bao gồm bữa sáng ngon,Không hoàn tiền | Linh động đổi ngày khi kế hoạch thay đổi,Không cần thẻ tín dụng | • Thanh toán cho chỗ nghỉ trước khi đến,– Có thể có giảm giá,Tiết kiệm 28% | Ưu Đãi Cuối Năm,price_attr
21,22land-residence-2,2026-11-18,11,Phòng Deluxe Giường Đôi,1173600.00,1630000.00,28.00,1,1,2.0,a9419885,64642234,610,1,12,1552871004_437413543_2_1_0_1335003,1552871004,437413543,2,1,1335003,,,False,Bao gồm bữa sáng ngon,"Hủy miễn phí trước 14:00, 18 tháng 11, 2026",Không cần thanh toán trước - thanh toán tại chỗ nghỉ | Không cần thẻ tín dụng,Bao gồm 1 chỗ đậu xe + trả phòng trễ + internet tốc độ cao | – Có thể có giảm giá,Tiết kiệm 28% | Ưu Đãi Cuối Năm,price_attr
21,22land-residence-2,2026-11-18,12,Suite Nhìn Ra Thành Phố,1176480.00,1634000.00,28.00,1,0,2.0,3cb1dbad,42ee661d,600,1,13,1552871005_427146946_0_1_0,1552871005,427146946,0,1,,,,False,Bao gồm bữa sáng ngon,Không hoàn tiền | Linh động đổi ngày khi kế hoạch thay đổi,Không cần thẻ tín dụng | • Thanh toán cho chỗ nghỉ trước khi đến,– Có thể có giảm giá,Tiết kiệm 28% | Ưu Đãi Cuối Năm,price_attr
21,22land-residence-2,2026-11-18,13,Suite Nhìn Ra Thành Phố,1238400.00,1720000.00,28.00,1,1,2.0,3cb1dbad,64642234,601,1,14,1552871005_437413543_2_1_0_1335003,1552871005,437413543,2,1,1335003,,,False,Bao gồm bữa sáng ngon,"Hủy miễn phí trước 14:00, 18 tháng 11, 2026",Không cần thanh toán trước - thanh toán tại chỗ nghỉ | Không cần thẻ tín dụng,Bao gồm 1 chỗ đậu xe + trả phòng trễ + internet tốc độ cao | – Có thể có giảm giá,Tiết kiệm 28% | Ưu Đãi Cuối Năm,price_attr
21,22land-residence-2,2026-11-18,14,Suite có Ban công.,1176480.00,1634000.00,28.00,1,0,2.0,af9a21c4,42ee661d,612,1,15,1552871006_427146946_0_1_0,1552871006,427146946,0,1,,,,False,Bao gồm bữa sáng ngon,Không hoàn tiền | Linh động đổi ngày khi kế hoạch thay đổi,Không cần thẻ tín dụng | • Thanh toán cho chỗ nghỉ trước khi đến,– Có thể có giảm giá,Tiết kiệm 28% | Ưu Đãi Cuối Năm,price_attr
21,22land-residence-2,2026-11-18,15,Suite có Ban công.,1238400.00,1720000.00,28.00,1,1,2.0,af9a21c4,64642234,613,1,16,1552871006_437413543_2_1_0_1335003,1552871006,437413543,2,1,1335003,,,False,Bao gồm bữa sáng ngon,"Hủy miễn phí trước 14:00, 18 tháng 11, 2026",Không cần thanh toán trước - thanh toán tại chỗ nghỉ | Không cần thẻ tín dụng,Bao gồm 1 chỗ đậu xe + trả phòng trễ + internet tốc độ cao | – Có thể có giảm giá,Tiết kiệm 28% | Ưu Đãi Cuối Năm,price_attr
21,22land-residence-2,2026-11-18,16,Phòng 2 giường đơn có ban công,1244880.00,1729000.00,28.00,1,0,2.0,b76cce3c,42ee661d,614,1,17,1552871007_427146946_0_1_0,1552871007,427146946,0,1,,,,False,Bao gồm bữa sáng ngon,Không hoàn tiền | Linh động đổi ngày khi kế hoạch thay đổi,Không cần thẻ tín dụng | • Thanh toán cho chỗ nghỉ trước khi đến,– Có thể có giảm giá,Tiết kiệm 28% | Ưu Đãi Cuối Năm,price_attr
21,22land-residence-2,2026-11-18,17,Phòng 2 giường đơn có ban công,1310400.00,1820000.00,28.00,1,1,2.0,b76cce3c,64642234,615,1,18,1552871007_437413543_2_1_0_1335003,1552871007,437413543,2,1,1335003,,,False,Bao gồm bữa sáng ngon,"Hủy miễn phí trước 14:00, 18 tháng 11, 2026",Không cần thanh toán trước - thanh toán tại chỗ nghỉ | Không cần thẻ tín dụng,Bao gồm 1 chỗ đậu xe + trả phòng trễ + internet tốc độ cao | – Có thể có giảm giá,Tiết kiệm 28% | Ưu Đãi Cuối Năm,price_attr
21,22land-residence-2,2026-11-18,18,Phòng Deluxe Gia đình,1928880.00,2679000.00,28.00,1,0,2.0,656d93f8,42ee661d,602,1,19,1552871008_427146946_0_1_0,1552871008,427146946,0,1,,,,False,Bao gồm bữa sáng ngon,Không hoàn tiền | Linh động đổi ngày khi kế hoạch thay đổi,Không cần thẻ tín dụng | • Thanh toán cho chỗ nghỉ trước khi đến,– Có thể có giảm giá,Tiết kiệm 28% | Ưu Đãi Cuối Năm,price_attr
21,22land-residence-2,2026-11-18,19,Phòng Deluxe Gia đình,2030400.00,2820000.00,28.00,1,1,2.0,656d93f8,64642234,603,1,20,1552871008_437413543_4_1_0_1335003,1552871008,437413543,4,1,1335003,,,False,Bao gồm bữa sáng ngon,"Hủy miễn phí trước 14:00, 18 tháng 11, 2026",Không cần thanh toán trước - thanh toán tại chỗ nghỉ | Không cần thẻ tín dụng,Bao gồm 1 chỗ đậu xe + trả phòng trễ + internet tốc độ cao | – Có thể có giảm giá,Tiết kiệm 28% | Ưu Đãi Cuối Năm,price_attr
22,ibis-styles-vung-tau,2026-10-01,0,Phòng Superior có giường cỡ king nhìn ra biển,1632000.00,,,1,1,2.0,080bd8e3,2d43c993,619,2,0,572853901_390832052_2_1_0_1123186,572853901,390832052,2,1,1123186,2.0,,False,Bao gồm bữa sáng rất ngon,"Hủy miễn phí trước 28 tháng 9, 2026",Không cần thanh toán trước - thanh toán tại chỗ nghỉ,Bao gồm nhận phòng sớm,,price_attr
22,ibis-styles-vung-tau,2026-10-01,1,Phòng Superior có giường cỡ king nhìn ra biển,1700000.00,,,1,1,2.0,080bd8e3,88e299dc,620,4,1,572853901_405605382_2_1_0_1235884,572853901,405605382,2,1,1235884,2.0,,False,Bao gồm bữa sáng rất ngon,"Hủy miễn phí trước 30 tháng 9, 2026",Không cần thanh toán trước - thanh toán tại chỗ nghỉ,Bao gồm 100000.00 VND tín dụng ăn/uống + nhận phòng sớm,,price_attr
22,ibis-styles-vung-tau,2026-10-01,2,Phòng Superior có giường cỡ king nhìn ra biển,1700000.00,,,1,1,2.0,080bd8e3,88e299dc,620,4,2,572853901_406373902_2_1_0,572853901,406373902,2,1,,2.0,,False,Bao gồm bữa sáng rất ngon,"Hủy miễn phí trước 30 tháng 9, 2026",• Thanh toán cho chỗ nghỉ trước khi đến,,,price_attr
22,ibis-styles-vung-tau,2026-10-01,3,Phòng Superior có giường cỡ king nhìn ra biển,1395500.00,,,1,1,2.0,080bd8e3,2d43c993,619,2,3,572853901_390832052_1_1_0_1123186,572853901,390832052,1,1,1123186,1.0,Chỉ dành cho 1 khách,True,Bao gồm bữa sáng rất ngon,"Hủy miễn phí trước 28 tháng 9, 2026",Không cần thanh toán trước - thanh toán tại chỗ nghỉ,Bao gồm nhận phòng sớm,,price_attr
22,ibis-styles-vung-tau,2026-10-01,4,Phòng Superior có giường cỡ king nhìn ra biển,1460000.00,,,1,1,2.0,080bd8e3,88e299dc,620,4,4,572853901_406373902_1_1_0,572853901,406373902,1,1,,1.0,Chỉ dành cho 1 khách,True,Bao gồm bữa sáng rất ngon,"Hủy miễn phí trước 30 tháng 9, 2026",• Thanh toán cho chỗ nghỉ trước khi đến,,,price_attr
22,ibis-styles-vung-tau,2026-10-01,5,Phòng Superior có giường cỡ king nhìn ra biển,1460000.00,,,1,1,2.0,080bd8e3,88e299dc,620,4,5,572853901_405605382_1_1_0_1235884,572853901,405605382,1,1,1235884,1.0,Chỉ dành cho 1 khách,True,Bao gồm bữa sáng rất ngon,"Hủy miễn phí trước 30 tháng 9, 2026",Không cần thanh toán trước - thanh toán tại chỗ nghỉ,Bao gồm 100000.00 VND tín dụng ăn/uống + nhận phòng sớm,,price_attr
22,ibis-styles-vung-tau,2026-10-01,6,Phòng Tiêu Chuẩn 2 Giường Đơn,1489500.00,,,1,1,2.0,712e8f70,2d43c993,625,2,6,572853906_390832052_2_1_0_1123186,572853906,390832052,2,1,1123186,2.0,,False,Bao gồm bữa sáng rất ngon,"Hủy miễn phí trước 28 tháng 9, 2026",Không cần thanh toán trước - thanh toán tại chỗ nghỉ,Bao gồm nhận phòng sớm,,price_attr
22,ibis-styles-vung-tau,2026-10-01,7,Phòng Tiêu Chuẩn 2 Giường Đơn,1550000.00,,,1,1,2.0,712e8f70,88e299dc,626,4,7,572853906_405605382_2_1_0_1235884,572853906,405605382,2,1,1235884,2.0,,False,Bao gồm bữa sáng rất ngon,"Hủy miễn phí trước 30 tháng 9, 2026",Không cần thanh toán trước - thanh toán tại chỗ nghỉ,Bao gồm 100000.00 VND tín dụng ăn/uống + nhận phòng sớm,,price_attr
22,ibis-styles-vung-tau,2026-10-01,8,Phòng Tiêu Chuẩn 2 Giường Đơn,1550000.00,,,1,1,2.0,712e8f70,88e299dc,626,4,8,572853906_406373902_2_1_0,572853906,406373902,2,1,,2.0,,False,Bao gồm bữa sáng rất ngon,"Hủy miễn phí trước 30 tháng 9, 2026",• Thanh toán cho chỗ nghỉ trước khi đến,,,price_attr
22,ibis-styles-vung-tau,2026-10-01,9,Phòng Tiêu Chuẩn 2 Giường Đơn,1253000.00,,,1,1,2.0,712e8f70,2d43c993,625,2,9,572853906_390832052_1_1_0_1123186,572853906,390832052,1,1,1123186,1.0,Chỉ dành cho 1 khách,True,Bao gồm bữa sáng rất ngon,"Hủy miễn phí trước 28 tháng 9, 2026",Không cần thanh toán trước - thanh toán tại chỗ nghỉ,Bao gồm nhận phòng sớm,,price_attr
22,ibis-styles-vung-tau,2026-10-01,10,Phòng Tiêu Chuẩn 2 Giường Đơn,1310000.00,,,1,1,2.0,712e8f70,88e299dc,626,4,10,572853906_406373902_1_1_0,572853906,406373902,1,1,,1.0,Chỉ dành cho 1 khách,True,Bao gồm bữa sáng rất ngon,"Hủy miễn phí trước 30 tháng 9, 2026",• Thanh toán cho chỗ nghỉ trước khi đến,,,price_attr
22,ibis-styles-vung-tau,2026-10-01,11,Phòng Tiêu Chuẩn 2 Giường Đơn,1310000.00,,,1,1,2.0,712e8f70,88e299dc,626,4,11,572853906_405605382_1_1_0_1235884,572853906,405605382,1,1,1235884,1.0,Chỉ dành cho 1 khách,True,Bao gồm bữa sáng rất ngon,"Hủy miễn phí trước 30 tháng 9, 2026",Không cần thanh toán trước - thanh toán tại chỗ nghỉ,Bao gồm 100000.00 VND tín dụng ăn/uống + nhận phòng sớm,,price_attr
22,ibis-styles-vung-tau,2026-10-01,12,Phòng Superior 2 Giường Đơn Nhìn Ra Biển,1632000.00,,,1,1,2.0,7f62cf9e,2d43c993,627,2,12,572853905_390832052_2_1_0_1123186,572853905,390832052,2,1,1123186,2.0,,False,Bao gồm bữa sáng rất ngon,"Hủy miễn phí trước 28 tháng 9, 2026",Không cần thanh toán trước - thanh toán tại chỗ nghỉ,Bao gồm nhận phòng sớm,,price_attr
22,ibis-styles-vung-tau,2026-10-01,13,Phòng Superior 2 Giường Đơn Nhìn Ra Biển,1700000.00,,,1,1,2.0,7f62cf9e,88e299dc,628,4,13,572853905_405605382_2_1_0_1235884,572853905,405605382,2,1,1235884,2.0,,False,Bao gồm bữa sáng rất ngon,"Hủy miễn phí trước 30 tháng 9, 2026",Không cần thanh toán trước - thanh toán tại chỗ nghỉ,Bao gồm 100000.00 VND tín dụng ăn/uống + nhận phòng sớm,,price_attr
22,ibis-styles-vung-tau,2026-10-01,14,Phòng Superior 2 Giường Đơn Nhìn Ra Biển,1700000.00,,,1,1,2.0,7f62cf9e,88e299dc,628,4,14,572853905_406373902_2_1_0,572853905,406373902,2,1,,2.0,,False,Bao gồm bữa sáng rất ngon,"Hủy miễn phí trước 30 tháng 9, 2026",• Thanh toán cho chỗ nghỉ trước khi đến,,,price_attr
22,ibis-styles-vung-tau,2026-10-01,15,Phòng Superior 2 Giường Đơn Nhìn Ra Biển,1395500.00,,,1,1,2.0,7f62cf9e,2d43c993,627,2,15,572853905_390832052_1_1_0_1123186,572853905,390832052,1,1,1123186,1.0,Chỉ dành cho 1 khách,True,Bao gồm bữa sáng rất ngon,"Hủy miễn phí trước 28 tháng 9, 2026",Không cần thanh toán trước - thanh toán tại chỗ nghỉ,Bao gồm nhận phòng sớm,,price_attr
22,ibis-styles-vung-tau,2026-10-01,16,Phòng Superior 2 Giường Đơn Nhìn Ra Biển,1460000.00,,,1,1,2.0,7f62cf9e,88e299dc,628,4,16,572853905_406373902_1_1_0,572853905,406373902,1,1,,1.0,Chỉ dành cho 1 khách,True,Bao gồm bữa sáng rất ngon,"Hủy miễn phí trước 30 tháng 9, 2026",• Thanh toán cho chỗ nghỉ trước khi đến,,,price_attr
22,ibis-styles-vung-tau,2026-10-01,17,Phòng Superior 2 Giường Đơn Nhìn Ra Biển,1460000.00,,,1,1,2.0,7f62cf9e,88e299dc,628,4,17,572853905_405605382_1_1_0_1235884,572853905,405605382,1,1,1235884,1.0,Chỉ dành cho 1 khách,True,Bao gồm bữa sáng rất ngon,"Hủy miễn phí trước 30 tháng 9, 2026",Không cần thanh toán trước - thanh toán tại chỗ nghỉ,Bao gồm 100000.00 VND tín dụng ăn/uống + nhận phòng sớm,,price_attr
22,ibis-styles-vung-tau,2026-10-01,18,Phòng Premium Có Giường Cỡ Queen Có Ban Công Và Tầm Nhìn Ra Biển,2059500.00,,,1,1,2.0,0a2c125d,2d43c993,621,2,18,572853903_390832052_2_1_0_1123186,572853903,390832052,2,1,1123186,2.0,,False,Bao gồm bữa sáng rất ngon,"Hủy miễn phí trước 28 tháng 9, 2026",Không cần thanh toán trước - thanh toán tại chỗ nghỉ,Bao gồm nhận phòng sớm,,price_attr
22,ibis-styles-vung-tau,2026-10-01,19,Phòng Premium Có Giường Cỡ Queen Có Ban Công Và Tầm Nhìn Ra Biển,2150000.00,,,1,1,2.0,0a2c125d,88e299dc,622,4,19,572853903_405605382_2_1_0_1235884,572853903,405605382,2,1,1235884,2.0,,False,Bao gồm bữa sáng rất ngon,"Hủy miễn phí trước 30 tháng 9, 2026",Không cần thanh toán trước - thanh toán tại chỗ nghỉ,Bao gồm 100000.00 VND tín dụng ăn/uống + nhận phòng sớm,,price_attr
22,ibis-styles-vung-tau,2026-10-01,20,Phòng Premium Có Giường Cỡ Queen Có Ban Công Và Tầm Nhìn Ra Biển,2150000.00,,,1,1,2.0,0a2c125d,88e299dc,622,4,20,572853903_406373902_2_1_0,572853903,406373902,2,1,,2.0,,False,Bao gồm bữa sáng rất ngon,"Hủy miễn phí trước 30 tháng 9, 2026",• Thanh toán cho chỗ nghỉ trước khi đến,,,price_attr
22,ibis-styles-vung-tau,2026-10-01,21,Phòng Premium Có Giường Cỡ Queen Có Ban Công Và Tầm Nhìn Ra Biển,1823000.00,,,1,1,2.0,0a2c125d,2d43c993,621,2,21,572853903_390832052_1_1_0_1123186,572853903,390832052,1,1,1123186,1.0,Chỉ dành cho 1 khách,True,Bao gồm bữa sáng rất ngon,"Hủy miễn phí trước 28 tháng 9, 2026",Không cần thanh toán trước - thanh toán tại chỗ nghỉ,Bao gồm nhận phòng sớm,,price_attr
22,ibis-styles-vung-tau,2026-10-01,22,Phòng Premium Có Giường Cỡ Queen Có Ban Công Và Tầm Nhìn Ra Biển,1910000.00,,,1,1,2.0,0a2c125d,88e299dc,622,4,22,572853903_405605382_1_1_0_1235884,572853903,405605382,1,1,1235884,1.0,Chỉ dành cho 1 khách,True,Bao gồm bữa sáng rất ngon,"Hủy miễn phí trước 30 tháng 9, 2026",Không cần thanh toán trước - thanh toán tại chỗ nghỉ,Bao gồm 100000.00 VND tín dụng ăn/uống + nhận phòng sớm,,price_attr
22,ibis-styles-vung-tau,2026-10-01,23,Phòng Premium Có Giường Cỡ Queen Có Ban Công Và Tầm Nhìn Ra Biển,1910000.00,,,1,1,2.0,0a2c125d,88e299dc,622,4,23,572853903_406373902_1_1_0,572853903,406373902,1,1,,1.0,Chỉ dành cho 1 khách,True,Bao gồm bữa sáng rất ngon,"Hủy miễn phí trước 30 tháng 9, 2026",• Thanh toán cho chỗ nghỉ trước khi đến,,,price_attr
22,ibis-styles-vung-tau,2026-10-01,24,Phòng Premium 2 Giường Đơn có Ban công,1774500.00,,,1,1,2.0,94dc1bcf,2d43c993,629,2,24,572853907_390832052_2_1_0_1123186,572853907,390832052,2,1,1123186,2.0,,False,Bao gồm bữa sáng rất ngon,"Hủy miễn phí trước 28 tháng 9, 2026",Không cần thanh toán trước - thanh toán tại chỗ nghỉ,Bao gồm nhận phòng sớm,,price_attr
22,ibis-styles-vung-tau,2026-10-01,25,Phòng Premium 2 Giường Đơn có Ban công,1850000.00,,,1,1,2.0,94dc1bcf,88e299dc,630,4,25,572853907_405605382_2_1_0_1235884,572853907,405605382,2,1,1235884,2.0,,False,Bao gồm bữa sáng rất ngon,"Hủy miễn phí trước 30 tháng 9, 2026",Không cần thanh toán trước - thanh toán tại chỗ nghỉ,Bao gồm 100000.00 VND tín dụng ăn/uống + nhận phòng sớm,,price_attr
22,ibis-styles-vung-tau,2026-10-01,26,Phòng Premium 2 Giường Đơn có Ban công,1850000.00,,,1,1,2.0,94dc1bcf,88e299dc,630,4,26,572853907_406373902_2_1_0,572853907,406373902,2,1,,2.0,,False,Bao gồm bữa sáng rất ngon,"Hủy miễn phí trước 30 tháng 9, 2026",• Thanh toán cho chỗ nghỉ trước khi đến,,,price_attr
22,ibis-styles-vung-tau,2026-10-01,27,Phòng Premium 2 Giường Đơn có Ban công,1538000.00,,,1,1,2.0,94dc1bcf,2d43c993,629,2,27,572853907_390832052_1_1_0_1123186,572853907,390832052,1,1,1123186,1.0,Chỉ dành cho 1 khách,True,Bao gồm bữa sáng rất ngon,"Hủy miễn phí trước 28 tháng 9, 2026",Không cần thanh toán trước - thanh toán tại chỗ nghỉ,Bao gồm nhận phòng sớm,,price_attr
22,ibis-styles-vung-tau,2026-10-01,28,Phòng Premium 2 Giường Đơn có Ban công,1610000.00,,,1,1,2.0,94dc1bcf,88e299dc,630,4,28,572853907_405605382_1_1_0_1235884,572853907,405605382,1,1,1235884,1.0,Chỉ dành cho 1 khách,True,Bao gồm bữa sáng rất ngon,"Hủy miễn phí trước 30 tháng 9, 2026",Không cần thanh toán trước - thanh toán tại chỗ nghỉ,Bao gồm 100000.00 VND tín dụng ăn/uống + nhận phòng sớm,,price_attr
22,ibis-styles-vung-tau,2026-10-01,29,Phòng Premium 2 Giường Đơn có Ban công,1610000.00,,,1,1,2.0,94dc1bcf,88e299dc,630,4,29,572853907_406373902_1_1_0,572853907,406373902,1,1,,1.0,Chỉ dành cho 1 khách,True,Bao gồm bữa sáng rất ngon,"Hủy miễn phí trước 30 tháng 9, 2026",• Thanh toán cho chỗ nghỉ trước khi đến,,,price_attr
22,ibis-styles-vung-tau,2026-10-01,30,Phòng Cao Cấp 2 Giường Đơn Với Ban Công Và Tầm Nhìn Ra Biển,2059500.00,,,1,1,2.0,a7114780,2d43c993,631,2,30,572853904_390832052_2_1_0_1123186,572853904,390832052,2,1,1123186,2.0,,False,Bao gồm bữa sáng rất ngon,"Hủy miễn phí trước 28 tháng 9, 2026",Không cần thanh toán trước - thanh toán tại chỗ nghỉ,Bao gồm nhận phòng sớm,,price_attr
22,ibis-styles-vung-tau,2026-10-01,31,Phòng Cao Cấp 2 Giường Đơn Với Ban Công Và Tầm Nhìn Ra Biển,2150000.00,,,1,1,2.0,a7114780,88e299dc,632,4,31,572853904_406373902_2_1_0,572853904,406373902,2,1,,2.0,,False,Bao gồm bữa sáng rất ngon,"Hủy miễn phí trước 30 tháng 9, 2026",• Thanh toán cho chỗ nghỉ trước khi đến,,,price_attr
22,ibis-styles-vung-tau,2026-10-01,32,Phòng Cao Cấp 2 Giường Đơn Với Ban Công Và Tầm Nhìn Ra Biển,2150000.00,,,1,1,2.0,a7114780,88e299dc,632,4,32,572853904_405605382_2_1_0_1235884,572853904,405605382,2,1,1235884,2.0,,False,Bao gồm bữa sáng rất ngon,"Hủy miễn phí trước 30 tháng 9, 2026",Không cần thanh toán trước - thanh toán tại chỗ nghỉ,Bao gồm 100000.00 VND tín dụng ăn/uống + nhận phòng sớm,,price_attr
22,ibis-styles-vung-tau,2026-10-01,33,Phòng Cao Cấp 2 Giường Đơn Với Ban Công Và Tầm Nhìn Ra Biển,1823000.00,,,1,1,2.0,a7114780,2d43c993,631,2,33,572853904_390832052_1_1_0_1123186,572853904,390832052,1,1,1123186,1.0,Chỉ dành cho 1 khách,True,Bao gồm bữa sáng rất ngon,"Hủy miễn phí trước 28 tháng 9, 2026",Không cần thanh toán trước - thanh toán tại chỗ nghỉ,Bao gồm nhận phòng sớm,,price_attr
22,ibis-styles-vung-tau,2026-10-01,34,Phòng Cao Cấp 2 Giường Đơn Với Ban Công Và Tầm Nhìn Ra Biển,1910000.00,,,1,1,2.0,a7114780,88e299dc,632,4,34,572853904_406373902_1_1_0,572853904,406373902,1,1,,1.0,Chỉ dành cho 1 khách,True,Bao gồm bữa sáng rất ngon,"Hủy miễn phí trước 30 tháng 9, 2026",• Thanh toán cho chỗ nghỉ trước khi đến,,,price_attr
22,ibis-styles-vung-tau,2026-10-01,35,Phòng Cao Cấp 2 Giường Đơn Với Ban Công Và Tầm Nhìn Ra Biển,1910000.00,,,1,1,2.0,a7114780,88e299dc,632,4,35,572853904_405605382_1_1_0_1235884,572853904,405605382,1,1,1235884,1.0,Chỉ dành cho 1 khách,True,Bao gồm bữa sáng rất ngon,"Hủy miễn phí trước 30 tháng 9, 2026",Không cần thanh toán trước - thanh toán tại chỗ nghỉ,Bao gồm 100000.00 VND tín dụng ăn/uống + nhận phòng sớm,,price_attr
22,ibis-styles-vung-tau,2026-10-01,36,Phòng Premium Gia đình với Ban công,2439500.00,,,1,1,2.0,11043752,2d43c993,623,2,36,572853902_390832052_2_1_0_1123186,572853902,390832052,2,1,1123186,2.0,,False,Bao gồm bữa sáng rất ngon,"Hủy miễn phí trước 28 tháng 9, 2026",Không cần thanh toán trước - thanh toán tại chỗ nghỉ,Bao gồm nhận phòng sớm,,price_attr
22,ibis-styles-vung-tau,2026-10-01,37,Phòng Premium Gia đình với Ban công,2550000.00,,,1,1,2.0,11043752,88e299dc,624,4,37,572853902_406373902_2_1_0,572853902,406373902,2,1,,2.0,,False,Bao gồm bữa sáng rất ngon,"Hủy miễn phí trước 30 tháng 9, 2026",• Thanh toán cho chỗ nghỉ trước khi đến,,,price_attr
22,ibis-styles-vung-tau,2026-10-01,38,Phòng Premium Gia đình với Ban công,2550000.00,,,1,1,2.0,11043752,88e299dc,624,4,38,572853902_405605382_2_1_0_1235884,572853902,405605382,2,1,1235884,2.0,,False,Bao gồm bữa sáng rất ngon,"Hủy miễn phí trước 30 tháng 9, 2026",Không cần thanh toán trước - thanh toán tại chỗ nghỉ,Bao gồm 100000.00 VND tín dụng ăn/uống + nhận phòng sớm,,price_attr
22,ibis-styles-vung-tau,2026-10-01,39,Phòng Premium Gia đình với Ban công,2203000.00,,,1,1,2.0,11043752,2d43c993,623,2,39,572853902_390832052_1_1_0_1123186,572853902,390832052,1,1,1123186,1.0,Chỉ dành cho 1 khách,True,Bao gồm bữa sáng rất ngon,"Hủy miễn phí trước 28 tháng 9, 2026",Không cần thanh toán trước - thanh toán tại chỗ nghỉ,Bao gồm nhận phòng sớm,,price_attr
22,ibis-styles-vung-tau,2026-10-01,40,Phòng Premium Gia đình với Ban công,2310000.00,,,1,1,2.0,11043752,88e299dc,624,4,40,572853902_405605382_1_1_0_1235884,572853902,405605382,1,1,1235884,1.0,Chỉ dành cho 1 khách,True,Bao gồm bữa sáng rất ngon,"Hủy miễn phí trước 30 tháng 9, 2026",Không cần thanh toán trước - thanh toán tại chỗ nghỉ,Bao gồm 100000.00 VND tín dụng ăn/uống + nhận phòng sớm,,price_attr
22,ibis-styles-vung-tau,2026-10-01,41,Phòng Premium Gia đình với Ban công,2310000.00,,,1,1,2.0,11043752,88e299dc,624,4,41,572853902_406373902_1_1_0,572853902,406373902,1,1,,1.0,Chỉ dành cho 1 khách,True,Bao gồm bữa sáng rất ngon,"Hủy miễn phí trước 30 tháng 9, 2026",• Thanh toán cho chỗ nghỉ trước khi đến,,,price_attr
23,ibis-styles-vung-tau,2026-10-11,0,Phòng Superior có giường cỡ king nhìn ra biển,1530000.00,,,1,0,2.0,080bd8e3,42ee661d,633,2,0,572853901_220434595_2_1_0,572853901,220434595,2,1,,2.0,,False,Bao gồm bữa sáng rất ngon,Không hoàn tiền,• Thanh toán cho chỗ nghỉ trước khi đến,,,price_attr
23,ibis-styles-vung-tau,2026-10-11,1,Phòng Superior có giường cỡ king nhìn ra biển,1740000.00,,,1,1,2.0,080bd8e3,d16e3bf7,634,4,1,572853901_406373902_2_1_0,572853901,406373902,2,1,,2.0,,False,Bao gồm bữa sáng rất ngon,"Hủy miễn phí trước 10 tháng 10, 2026",• Thanh toán cho chỗ nghỉ trước khi đến,,,price_attr
23,ibis-styles-vung-tau,2026-10-11,2,Phòng Superior có giường cỡ king nhìn ra biển,1740000.00,,,1,1,2.0,080bd8e3,d16e3bf7,634,4,2,572853901_405605382_2_1_0_1235884,572853901,405605382,2,1,1235884,2.0,,False,Bao gồm bữa sáng rất ngon,"Hủy miễn phí trước 10 tháng 10, 2026",Không cần thanh toán trước - thanh toán tại chỗ nghỉ,Bao gồm 100000.00 VND tín dụng ăn/uống + nhận phòng sớm,,price_attr
23,ibis-styles-vung-tau,2026-10-11,3,Phòng Superior có giường cỡ king nhìn ra biển,1300500.00,,,1,0,2.0,080bd8e3,42ee661d,633,2,3,572853901_220434595_1_1_0,572853901,220434595,1,1,,1.0,Chỉ dành cho 1 khách,True,Bao gồm bữa sáng rất ngon,Không hoàn tiền,• Thanh toán cho chỗ nghỉ trước khi đến,,,price_attr
23,ibis-styles-vung-tau,2026-10-11,4,Phòng Superior có giường cỡ king nhìn ra biển,1500000.00,,,1,1,2.0,080bd8e3,d16e3bf7,634,4,4,572853901_406373902_1_1_0,572853901,406373902,1,1,,1.0,Chỉ dành cho 1 khách,True,Bao gồm bữa sáng rất ngon,"Hủy miễn phí trước 10 tháng 10, 2026",• Thanh toán cho chỗ nghỉ trước khi đến,,,price_attr
23,ibis-styles-vung-tau,2026-10-11,5,Phòng Superior có giường cỡ king nhìn ra biển,1500000.00,,,1,1,2.0,080bd8e3,d16e3bf7,634,4,5,572853901_405605382_1_1_0_1235884,572853901,405605382,1,1,1235884,1.0,Chỉ dành cho 1 khách,True,Bao gồm bữa sáng rất ngon,"Hủy miễn phí trước 10 tháng 10, 2026",Không cần thanh toán trước - thanh toán tại chỗ nghỉ,Bao gồm 100000.00 VND tín dụng ăn/uống + nhận phòng sớm,,price_attr
23,ibis-styles-vung-tau,2026-10-11,6,Phòng Tiêu Chuẩn 2 Giường Đơn,1402500.00,,,1,0,2.0,712e8f70,42ee661d,639,2,6,572853906_220434595_2_1_0,572853906,220434595,2,1,,2.0,,False,Bao gồm bữa sáng rất ngon,Không hoàn tiền,• Thanh toán cho chỗ nghỉ trước khi đến,,,price_attr
23,ibis-styles-vung-tau,2026-10-11,7,Phòng Tiêu Chuẩn 2 Giường Đơn,1590000.00,,,1,1,2.0,712e8f70,d16e3bf7,640,4,7,572853906_406373902_2_1_0,572853906,406373902,2,1,,2.0,,False,Bao gồm bữa sáng rất ngon,"Hủy miễn phí trước 10 tháng 10, 2026",• Thanh toán cho chỗ nghỉ trước khi đến,,,price_attr
23,ibis-styles-vung-tau,2026-10-11,8,Phòng Tiêu Chuẩn 2 Giường Đơn,1590000.00,,,1,1,2.0,712e8f70,d16e3bf7,640,4,8,572853906_405605382_2_1_0_1235884,572853906,405605382,2,1,1235884,2.0,,False,Bao gồm bữa sáng rất ngon,"Hủy miễn phí trước 10 tháng 10, 2026",Không cần thanh toán trước - thanh toán tại chỗ nghỉ,Bao gồm 100000.00 VND tín dụng ăn/uống + nhận phòng sớm,,price_attr
23,ibis-styles-vung-tau,2026-10-11,9,Phòng Tiêu Chuẩn 2 Giường Đơn,1173000.00,,,1,0,2.0,712e8f70,42ee661d,639,2,9,572853906_220434595_1_1_0,572853906,220434595,1,1,,1.0,Chỉ dành cho 1 khách,True,Bao gồm bữa sáng rất ngon,Không hoàn tiền,• Thanh toán cho chỗ nghỉ trước khi đến,,,price_attr
23,ibis-styles-vung-tau,2026-10-11,10,Phòng Tiêu Chuẩn 2 Giường Đơn,1350000.00,,,1,1,2.0,712e8f70,d16e3bf7,640,4,10,572853906_406373902_1_1_0,572853906,406373902,1,1,,1.0,Chỉ dành cho 1 khách,True,Bao gồm bữa sáng rất ngon,"Hủy miễn phí trước 10 tháng 10, 2026",• Thanh toán cho chỗ nghỉ trước khi đến,,,price_attr
23,ibis-styles-vung-tau,2026-10-11,11,Phòng Tiêu Chuẩn 2 Giường Đơn,1350000.00,,,1,1,2.0,712e8f70,d16e3bf7,640,4,11,572853906_405605382_1_1_0_1235884,572853906,405605382,1,1,1235884,1.0,Chỉ dành cho 1 khách,True,Bao gồm bữa sáng rất ngon,"Hủy miễn phí trước 10 tháng 10, 2026",Không cần thanh toán trước - thanh toán tại chỗ nghỉ,Bao gồm 100000.00 VND tín dụng ăn/uống + nhận phòng sớm,,price_attr
23,ibis-styles-vung-tau,2026-10-11,12,Phòng Superior 2 Giường Đơn Nhìn Ra Biển,1530000.00,,,1,0,2.0,7f62cf9e,42ee661d,641,2,12,572853905_220434595_2_1_0,572853905,220434595,2,1,,2.0,,False,Bao gồm bữa sáng rất ngon,Không hoàn tiền,• Thanh toán cho chỗ nghỉ trước khi đến,,,price_attr
23,ibis-styles-vung-tau,2026-10-11,13,Phòng Superior 2 Giường Đơn Nhìn Ra Biển,1740000.00,,,1,1,2.0,7f62cf9e,d16e3bf7,642,4,13,572853905_406373902_2_1_0,572853905,406373902,2,1,,2.0,,False,Bao gồm bữa sáng rất ngon,"Hủy miễn phí trước 10 tháng 10, 2026",• Thanh toán cho chỗ nghỉ trước khi đến,,,price_attr
23,ibis-styles-vung-tau,2026-10-11,14,Phòng Superior 2 Giường Đơn Nhìn Ra Biển,1740000.00,,,1,1,2.0,7f62cf9e,d16e3bf7,642,4,14,572853905_405605382_2_1_0_1235884,572853905,405605382,2,1,1235884,2.0,,False,Bao gồm bữa sáng rất ngon,"Hủy miễn phí trước 10 tháng 10, 2026",Không cần thanh toán trước - thanh toán tại chỗ nghỉ,Bao gồm 100000.00 VND tín dụng ăn/uống + nhận phòng sớm,,price_attr
23,ibis-styles-vung-tau,2026-10-11,15,Phòng Superior 2 Giường Đơn Nhìn Ra Biển,1300500.00,,,1,0,2.0,7f62cf9e,42ee661d,641,2,15,572853905_220434595_1_1_0,572853905,220434595,1,1,,1.0,Chỉ dành cho 1 khách,True,Bao gồm bữa sáng rất ngon,Không hoàn tiền,• Thanh toán cho chỗ nghỉ trước khi đến,,,price_attr
23,ibis-styles-vung-tau,2026-10-11,16,Phòng Superior 2 Giường Đơn Nhìn Ra Biển,1500000.00,,,1,1,2.0,7f62cf9e,d16e3bf7,642,4,16,572853905_405605382_1_1_0_1235884,572853905,405605382,1,1,1235884,1.0,Chỉ dành cho 1 khách,True,Bao gồm bữa sáng rất ngon,"Hủy miễn phí trước 10 tháng 10, 2026",Không cần thanh toán trước - thanh toán tại chỗ nghỉ,Bao gồm 100000.00 VND tín dụng ăn/uống + nhận phòng sớm,,price_attr
23,ibis-styles-vung-tau,2026-10-11,17,Phòng Superior 2 Giường Đơn Nhìn Ra Biển,1500000.00,,,1,1,2.0,7f62cf9e,d16e3bf7,642,4,17,572853905_406373902_1_1_0,572853905,406373902,1,1,,1.0,Chỉ dành cho 1 khách,True,Bao gồm bữa sáng rất ngon,"Hủy miễn phí trước 10 tháng 10, 2026",• Thanh toán cho chỗ nghỉ trước khi đến,,,price_attr
23,ibis-styles-vung-tau,2026-10-11,18,Phòng Premium 2 Giường Đơn có Ban công,1657500.00,,,1,0,2.0,94dc1bcf,42ee661d,643,2,18,572853907_220434595_2_1_0,572853907,220434595,2,1,,2.0,,False,Bao gồm bữa sáng rất ngon,Không hoàn tiền,• Thanh toán cho chỗ nghỉ trước khi đến,,,price_attr
23,ibis-styles-vung-tau,2026-10-11,19,Phòng Premium 2 Giường Đơn có Ban công,1890000.00,,,1,1,2.0,94dc1bcf,d16e3bf7,644,4,19,572853907_406373902_2_1_0,572853907,406373902,2,1,,2.0,,False,Bao gồm bữa sáng rất ngon,"Hủy miễn phí trước 10 tháng 10, 2026",• Thanh toán cho chỗ nghỉ trước khi đến,,,price_attr
23,ibis-styles-vung-tau,2026-10-11,20,Phòng Premium 2 Giường Đơn có Ban công,1890000.00,,,1,1,2.0,94dc1bcf,d16e3bf7,644,4,20,572853907_405605382_2_1_0_1235884,572853907,405605382,2,1,1235884,2.0,,False,Bao gồm bữa sáng rất ngon,"Hủy miễn phí trước 10 tháng 10, 2026",Không cần thanh toán trước - thanh toán tại chỗ nghỉ,Bao gồm 100000.00 VND tín dụng ăn/uống + nhận phòng sớm,,price_attr
23,ibis-styles-vung-tau,2026-10-11,21,Phòng Premium 2 Giường Đơn có Ban công,1428000.00,,,1,0,2.0,94dc1bcf,42ee661d,643,2,21,572853907_220434595_1_1_0,572853907,220434595,1,1,,1.0,Chỉ dành cho 1 khách,True,Bao gồm bữa sáng rất ngon,Không hoàn tiền,• Thanh toán cho chỗ nghỉ trước khi đến,,,price_attr
23,ibis-styles-vung-tau,2026-10-11,22,Phòng Premium 2 Giường Đơn có Ban công,1650000.00,,,1,1,2.0,94dc1bcf,d16e3bf7,644,4,22,572853907_406373902_1_1_0,572853907,406373902,1,1,,1.0,Chỉ dành cho 1 khách,True,Bao gồm bữa sáng rất ngon,"Hủy miễn phí trước 10 tháng 10, 2026",• Thanh toán cho chỗ nghỉ trước khi đến,,,price_attr
23,ibis-styles-vung-tau,2026-10-11,23,Phòng Premium 2 Giường Đơn có Ban công,1650000.00,,,1,1,2.0,94dc1bcf,d16e3bf7,644,4,23,572853907_405605382_1_1_0_1235884,572853907,405605382,1,1,1235884,1.0,Chỉ dành cho 1 khách,True,Bao gồm bữa sáng rất ngon,"Hủy miễn phí trước 10 tháng 10, 2026",Không cần thanh toán trước - thanh toán tại chỗ nghỉ,Bao gồm 100000.00 VND tín dụng ăn/uống + nhận phòng sớm,,price_attr
23,ibis-styles-vung-tau,2026-10-11,24,Phòng Premium Có Giường Cỡ Queen Có Ban Công Và Tầm Nhìn Ra Biển,1912500.00,,,1,0,2.0,0a2c125d,42ee661d,635,2,24,572853903_220434595_2_1_0,572853903,220434595,2,1,,2.0,,False,Bao gồm bữa sáng rất ngon,Không hoàn tiền,• Thanh toán cho chỗ nghỉ trước khi đến,,,price_attr
23,ibis-styles-vung-tau,2026-10-11,25,Phòng Premium Có Giường Cỡ Queen Có Ban Công Và Tầm Nhìn Ra Biển,2190000.00,,,1,1,2.0,0a2c125d,d16e3bf7,636,4,25,572853903_406373902_2_1_0,572853903,406373902,2,1,,2.0,,False,Bao gồm bữa sáng rất ngon,"Hủy miễn phí trước 10 tháng 10, 2026",• Thanh toán cho chỗ nghỉ trước khi đến,,,price_attr
23,ibis-styles-vung-tau,2026-10-11,26,Phòng Premium Có Giường Cỡ Queen Có Ban Công Và Tầm Nhìn Ra Biển,2190000.00,,,1,1,2.0,0a2c125d,d16e3bf7,636,4,26,572853903_405605382_2_1_0_1235884,572853903,405605382,2,1,1235884,2.0,,False,Bao gồm bữa sáng rất ngon,"Hủy miễn phí trước 10 tháng 10, 2026",Không cần thanh toán trước - thanh toán tại chỗ nghỉ,Bao gồm 100000.00 VND tín dụng ăn/uống + nhận phòng sớm,,price_attr
23,ibis-styles-vung-tau,2026-10-11,27,Phòng Premium Có Giường Cỡ Queen Có Ban Công Và Tầm Nhìn Ra Biển,1683000.00,,,1,0,2.0,0a2c125d,42ee661d,635,2,27,572853903_220434595_1_1_0,572853903,220434595,1,1,,1.0,Chỉ dành cho 1 khách,True,Bao gồm bữa sáng rất ngon,Không hoàn tiền,• Thanh toán cho chỗ nghỉ trước khi đến,,,price_attr
23,ibis-styles-vung-tau,2026-10-11,28,Phòng Premium Có Giường Cỡ Queen Có Ban Công Và Tầm Nhìn Ra Biển,1950000.00,,,1,1,2.0,0a2c125d,d16e3bf7,636,4,28,572853903_405605382_1_1_0_1235884,572853903,405605382,1,1,1235884,1.0,Chỉ dành cho 1 khách,True,Bao gồm bữa sáng rất ngon,"Hủy miễn phí trước 10 tháng 10, 2026",Không cần thanh toán trước - thanh toán tại chỗ nghỉ,Bao gồm 100000.00 VND tín dụng ăn/uống + nhận phòng sớm,,price_attr
23,ibis-styles-vung-tau,2026-10-11,29,Phòng Premium Có Giường Cỡ Queen Có Ban Công Và Tầm Nhìn Ra Biển,1950000.00,,,1,1,2.0,0a2c125d,d16e3bf7,636,4,29,572853903_406373902_1_1_0,572853903,406373902,1,1,,1.0,Chỉ dành cho 1 khách,True,Bao gồm bữa sáng rất ngon,"Hủy miễn phí trước 10 tháng 10, 2026",• Thanh toán cho chỗ nghỉ trước khi đến,,,price_attr
23,ibis-styles-vung-tau,2026-10-11,30,Phòng Cao Cấp 2 Giường Đơn Với Ban Công Và Tầm Nhìn Ra Biển,1912500.00,,,1,0,2.0,a7114780,42ee661d,645,2,30,572853904_220434595_2_1_0,572853904,220434595,2,1,,2.0,,False,Bao gồm bữa sáng rất ngon,Không hoàn tiền,• Thanh toán cho chỗ nghỉ trước khi đến,,,price_attr
23,ibis-styles-vung-tau,2026-10-11,31,Phòng Cao Cấp 2 Giường Đơn Với Ban Công Và Tầm Nhìn Ra Biển,2190000.00,,,1,1,2.0,a7114780,d16e3bf7,646,4,31,572853904_405605382_2_1_0_1235884,572853904,405605382,2,1,1235884,2.0,,False,Bao gồm bữa sáng rất ngon,"Hủy miễn phí trước 10 tháng 10, 2026",Không cần thanh toán trước - thanh toán tại chỗ nghỉ,Bao gồm 100000.00 VND tín dụng ăn/uống + nhận phòng sớm,,price_attr
23,ibis-styles-vung-tau,2026-10-11,32,Phòng Cao Cấp 2 Giường Đơn Với Ban Công Và Tầm Nhìn Ra Biển,2190000.00,,,1,1,2.0,a7114780,d16e3bf7,646,4,32,572853904_406373902_2_1_0,572853904,406373902,2,1,,2.0,,False,Bao gồm bữa sáng rất ngon,"Hủy miễn phí trước 10 tháng 10, 2026",• Thanh toán cho chỗ nghỉ trước khi đến,,,price_attr
23,ibis-styles-vung-tau,2026-10-11,33,Phòng Cao Cấp 2 Giường Đơn Với Ban Công Và Tầm Nhìn Ra Biển,1683000.00,,,1,0,2.0,a7114780,42ee661d,645,2,33,572853904_220434595_1_1_0,572853904,220434595,1,1,,1.0,Chỉ dành cho 1 khách,True,Bao gồm bữa sáng rất ngon,Không hoàn tiền,• Thanh toán cho chỗ nghỉ trước khi đến,,,price_attr
23,ibis-styles-vung-tau,2026-10-11,34,Phòng Cao Cấp 2 Giường Đơn Với Ban Công Và Tầm Nhìn Ra Biển,1950000.00,,,1,1,2.0,a7114780,d16e3bf7,646,4,34,572853904_405605382_1_1_0_1235884,572853904,405605382,1,1,1235884,1.0,Chỉ dành cho 1 khách,True,Bao gồm bữa sáng rất ngon,"Hủy miễn phí trước 10 tháng 10, 2026",Không cần thanh toán trước - thanh toán tại chỗ nghỉ,Bao gồm 100000.00 VND tín dụng ăn/uống + nhận phòng sớm,,price_attr
23,ibis-styles-vung-tau,2026-10-11,35,Phòng Cao Cấp 2 Giường Đơn Với Ban Công Và Tầm Nhìn Ra Biển,1950000.00,,,1,1,2.0,a7114780,d16e3bf7,646,4,35,572853904_406373902_1_1_0,572853904,406373902,1,1,,1.0,Chỉ dành cho 1 khách,True,Bao gồm bữa sáng rất ngon,"Hủy miễn phí trước 10 tháng 10, 2026",• Thanh toán cho chỗ nghỉ trước khi đến,,,price_attr
23,ibis-styles-vung-tau,2026-10-11,36,Phòng Premium Gia đình với Ban công,2252500.00,,,1,0,2.0,11043752,42ee661d,637,2,36,572853902_220434595_2_1_0,572853902,220434595,2,1,,2.0,,False,Bao gồm bữa sáng rất ngon,Không hoàn tiền,• Thanh toán cho chỗ nghỉ trước khi đến,,,price_attr
23,ibis-styles-vung-tau,2026-10-11,37,Phòng Premium Gia đình với Ban công,2590000.00,,,1,1,2.0,11043752,d16e3bf7,638,4,37,572853902_405605382_2_1_0_1235884,572853902,405605382,2,1,1235884,2.0,,False,Bao gồm bữa sáng rất ngon,"Hủy miễn phí trước 10 tháng 10, 2026",Không cần thanh toán trước - thanh toán tại chỗ nghỉ,Bao gồm 100000.00 VND tín dụng ăn/uống + nhận phòng sớm,,price_attr
23,ibis-styles-vung-tau,2026-10-11,38,Phòng Premium Gia đình với Ban công,2590000.00,,,1,1,2.0,11043752,d16e3bf7,638,4,38,572853902_406373902_2_1_0,572853902,406373902,2,1,,2.0,,False,Bao gồm bữa sáng rất ngon,"Hủy miễn phí trước 10 tháng 10, 2026",• Thanh toán cho chỗ nghỉ trước khi đến,,,price_attr
23,ibis-styles-vung-tau,2026-10-11,39,Phòng Premium Gia đình với Ban công,2023000.00,,,1,0,2.0,11043752,42ee661d,637,2,39,572853902_220434595_1_1_0,572853902,220434595,1,1,,1.0,Chỉ dành cho 1 khách,True,Bao gồm bữa sáng rất ngon,Không hoàn tiền,• Thanh toán cho chỗ nghỉ trước khi đến,,,price_attr
23,ibis-styles-vung-tau,2026-10-11,40,Phòng Premium Gia đình với Ban công,2350000.00,,,1,1,2.0,11043752,d16e3bf7,638,4,40,572853902_406373902_1_1_0,572853902,406373902,1,1,,1.0,Chỉ dành cho 1 khách,True,Bao gồm bữa sáng rất ngon,"Hủy miễn phí trước 10 tháng 10, 2026",• Thanh toán cho chỗ nghỉ trước khi đến,,,price_attr
23,ibis-styles-vung-tau,2026-10-11,41,Phòng Premium Gia đình với Ban công,2350000.00,,,1,1,2.0,11043752,d16e3bf7,638,4,41,572853902_405605382_1_1_0_1235884,572853902,405605382,1,1,1235884,1.0,Chỉ dành cho 1 khách,True,Bao gồm bữa sáng rất ngon,"Hủy miễn phí trước 10 tháng 10, 2026",Không cần thanh toán trước - thanh toán tại chỗ nghỉ,Bao gồm 100000.00 VND tín dụng ăn/uống + nhận phòng sớm,,price_attr
24,ibis-styles-vung-tau,2026-11-18,0,Phòng Tiêu Chuẩn 2 Giường Đơn,1615000.00,,,1,0,2.0,712e8f70,42ee661d,656,2,0,572853906_220434595_2_1_0,572853906,220434595,2,1,,2.0,,False,Bao gồm bữa sáng rất ngon,Không hoàn tiền,• Thanh toán cho chỗ nghỉ trước khi đến,,,price_attr
24,ibis-styles-vung-tau,2026-11-18,1,Phòng Tiêu Chuẩn 2 Giường Đơn,1765000.00,,,1,1,2.0,712e8f70,804a1dd8,657,2,1,572853906_390832052_2_1_0_1123186,572853906,390832052,2,1,1123186,2.0,,False,Bao gồm bữa sáng rất ngon,"Hủy miễn phí trước 15 tháng 11, 2026",Không cần thanh toán trước - thanh toán tại chỗ nghỉ,Bao gồm nhận phòng sớm,,price_attr
24,ibis-styles-vung-tau,2026-11-18,2,Phòng Tiêu Chuẩn 2 Giường Đơn,1840000.00,,,1,1,2.0,712e8f70,e981aa55,658,4,2,572853906_406373902_2_1_0,572853906,406373902,2,1,,2.0,,False,Bao gồm bữa sáng rất ngon,"Hủy miễn phí trước 17 tháng 11, 2026",• Thanh toán cho chỗ nghỉ trước khi đến,,,price_attr
24,ibis-styles-vung-tau,2026-11-18,3,Phòng Tiêu Chuẩn 2 Giường Đơn,1840000.00,,,1,1,2.0,712e8f70,e981aa55,658,4,3,572853906_405605382_2_1_0_1235884,572853906,405605382,2,1,1235884,2.0,,False,Bao gồm bữa sáng rất ngon,"Hủy miễn phí trước 17 tháng 11, 2026",Không cần thanh toán trước - thanh toán tại chỗ nghỉ,Bao gồm 100000.00 VND tín dụng ăn/uống + nhận phòng sớm,,price_attr
24,ibis-styles-vung-tau,2026-11-18,4,Phòng Tiêu Chuẩn 2 Giường Đơn,1385500.00,,,1,0,2.0,712e8f70,42ee661d,656,2,4,572853906_220434595_1_1_0,572853906,220434595,1,1,,1.0,Chỉ dành cho 1 khách,True,Bao gồm bữa sáng rất ngon,Không hoàn tiền,• Thanh toán cho chỗ nghỉ trước khi đến,,,price_attr
24,ibis-styles-vung-tau,2026-11-18,5,Phòng Tiêu Chuẩn 2 Giường Đơn,1528500.00,,,1,1,2.0,712e8f70,804a1dd8,657,2,5,572853906_390832052_1_1_0_1123186,572853906,390832052,1,1,1123186,1.0,Chỉ dành cho 1 khách,True,Bao gồm bữa sáng rất ngon,"Hủy miễn phí trước 15 tháng 11, 2026",Không cần thanh toán trước - thanh toán tại chỗ nghỉ,Bao gồm nhận phòng sớm,,price_attr
24,ibis-styles-vung-tau,2026-11-18,6,Phòng Tiêu Chuẩn 2 Giường Đơn,1600000.00,,,1,1,2.0,712e8f70,e981aa55,658,4,6,572853906_405605382_1_1_0_1235884,572853906,405605382,1,1,1235884,1.0,Chỉ dành cho 1 khách,True,Bao gồm bữa sáng rất ngon,"Hủy miễn phí trước 17 tháng 11, 2026",Không cần thanh toán trước - thanh toán tại chỗ nghỉ,Bao gồm 100000.00 VND tín dụng ăn/uống + nhận phòng sớm,,price_attr
24,ibis-styles-vung-tau,2026-11-18,7,Phòng Tiêu Chuẩn 2 Giường Đơn,1600000.00,,,1,1,2.0,712e8f70,e981aa55,658,4,7,572853906_406373902_1_1_0,572853906,406373902,1,1,,1.0,Chỉ dành cho 1 khách,True,Bao gồm bữa sáng rất ngon,"Hủy miễn phí trước 17 tháng 11, 2026",• Thanh toán cho chỗ nghỉ trước khi đến,,,price_attr
24,ibis-styles-vung-tau,2026-11-18,8,Phòng Superior có giường cỡ king nhìn ra biển,1742500.00,,,1,0,2.0,080bd8e3,42ee661d,647,2,8,572853901_220434595_2_1_0,572853901,220434595,2,1,,2.0,,False,Bao gồm bữa sáng rất ngon,Không hoàn tiền,• Thanh toán cho chỗ nghỉ trước khi đến,,,price_attr
24,ibis-styles-vung-tau,2026-11-18,9,Phòng Superior có giường cỡ king nhìn ra biển,1907500.00,,,1,1,2.0,080bd8e3,804a1dd8,648,2,9,572853901_390832052_2_1_0_1123186,572853901,390832052,2,1,1123186,2.0,,False,Bao gồm bữa sáng rất ngon,"Hủy miễn phí trước 15 tháng 11, 2026",Không cần thanh toán trước - thanh toán tại chỗ nghỉ,Bao gồm nhận phòng sớm,,price_attr
24,ibis-styles-vung-tau,2026-11-18,10,Phòng Superior có giường cỡ king nhìn ra biển,1990000.00,,,1,1,2.0,080bd8e3,e981aa55,649,4,10,572853901_405605382_2_1_0_1235884,572853901,405605382,2,1,1235884,2.0,,False,Bao gồm bữa sáng rất ngon,"Hủy miễn phí trước 17 tháng 11, 2026",Không cần thanh toán trước - thanh toán tại chỗ nghỉ,Bao gồm 100000.00 VND tín dụng ăn/uống + nhận phòng sớm,,price_attr
24,ibis-styles-vung-tau,2026-11-18,11,Phòng Superior có giường cỡ king nhìn ra biển,1990000.00,,,1,1,2.0,080bd8e3,e981aa55,649,4,11,572853901_406373902_2_1_0,572853901,406373902,2,1,,2.0,,False,Bao gồm bữa sáng rất ngon,"Hủy miễn phí trước 17 tháng 11, 2026",• Thanh toán cho chỗ nghỉ trước khi đến,,,price_attr
24,ibis-styles-vung-tau,2026-11-18,12,Phòng Superior có giường cỡ king nhìn ra biển,1513000.00,,,1,0,2.0,080bd8e3,42ee661d,647,2,12,572853901_220434595_1_1_0,572853901,220434595,1,1,,1.0,Chỉ dành cho 1 khách,True,Bao gồm bữa sáng rất ngon,Không hoàn tiền,• Thanh toán cho chỗ nghỉ trước khi đến,,,price_attr
24,ibis-styles-vung-tau,2026-11-18,13,Phòng Superior có giường cỡ king nhìn ra biển,1671000.00,,,1,1,2.0,080bd8e3,804a1dd8,648,2,13,572853901_390832052_1_1_0_1123186,572853901,390832052,1,1,1123186,1.0,Chỉ dành cho 1 khách,True,Bao gồm bữa sáng rất ngon,"Hủy miễn phí trước 15 tháng 11, 2026",Không cần thanh toán trước - thanh toán tại chỗ nghỉ,Bao gồm nhận phòng sớm,,price_attr
24,ibis-styles-vung-tau,2026-11-18,14,Phòng Superior có giường cỡ king nhìn ra biển,1750000.00,,,1,1,2.0,080bd8e3,e981aa55,649,4,14,572853901_406373902_1_1_0,572853901,406373902,1,1,,1.0,Chỉ dành cho 1 khách,True,Bao gồm bữa sáng rất ngon,"Hủy miễn phí trước 17 tháng 11, 2026",• Thanh toán cho chỗ nghỉ trước khi đến,,,price_attr
24,ibis-styles-vung-tau,2026-11-18,15,Phòng Superior có giường cỡ king nhìn ra biển,1750000.00,,,1,1,2.0,080bd8e3,e981aa55,649,4,15,572853901_405605382_1_1_0_1235884,572853901,405605382,1,1,1235884,1.0,Chỉ dành cho 1 khách,True,Bao gồm bữa sáng rất ngon,"Hủy miễn phí trước 17 tháng 11, 2026",Không cần thanh toán trước - thanh toán tại chỗ nghỉ,Bao gồm 100000.00 VND tín dụng ăn/uống + nhận phòng sớm,,price_attr
24,ibis-styles-vung-tau,2026-11-18,16,Phòng Superior 2 Giường Đơn Nhìn Ra Biển,1742500.00,,,1,0,2.0,7f62cf9e,42ee661d,659,2,16,572853905_220434595_2_1_0,572853905,220434595,2,1,,2.0,,False,Bao gồm bữa sáng rất ngon,Không hoàn tiền,• Thanh toán cho chỗ nghỉ trước khi đến,,,price_attr
24,ibis-styles-vung-tau,2026-11-18,17,Phòng Superior 2 Giường Đơn Nhìn Ra Biển,1907500.00,,,1,1,2.0,7f62cf9e,804a1dd8,660,2,17,572853905_390832052_2_1_0_1123186,572853905,390832052,2,1,1123186,2.0,,False,Bao gồm bữa sáng rất ngon,"Hủy miễn phí trước 15 tháng 11, 2026",Không cần thanh toán trước - thanh toán tại chỗ nghỉ,Bao gồm nhận phòng sớm,,price_attr
24,ibis-styles-vung-tau,2026-11-18,18,Phòng Superior 2 Giường Đơn Nhìn Ra Biển,1990000.00,,,1,1,2.0,7f62cf9e,e981aa55,661,4,18,572853905_406373902_2_1_0,572853905,406373902,2,1,,2.0,,False,Bao gồm bữa sáng rất ngon,"Hủy miễn phí trước 17 tháng 11, 2026",• Thanh toán cho chỗ nghỉ trước khi đến,,,price_attr
24,ibis-styles-vung-tau,2026-11-18,19,Phòng Superior 2 Giường Đơn Nhìn Ra Biển,1990000.00,,,1,1,2.0,7f62cf9e,e981aa55,661,4,19,572853905_405605382_2_1_0_1235884,572853905,405605382,2,1,1235884,2.0,,False,Bao gồm bữa sáng rất ngon,"Hủy miễn phí trước 17 tháng 11, 2026",Không cần thanh toán trước - thanh toán tại chỗ nghỉ,Bao gồm 100000.00 VND tín dụng ăn/uống + nhận phòng sớm,,price_attr
24,ibis-styles-vung-tau,2026-11-18,20,Phòng Superior 2 Giường Đơn Nhìn Ra Biển,1513000.00,,,1,0,2.0,7f62cf9e,42ee661d,659,2,20,572853905_220434595_1_1_0,572853905,220434595,1,1,,1.0,Chỉ dành cho 1 khách,True,Bao gồm bữa sáng rất ngon,Không hoàn tiền,• Thanh toán cho chỗ nghỉ trước khi đến,,,price_attr
24,ibis-styles-vung-tau,2026-11-18,21,Phòng Superior 2 Giường Đơn Nhìn Ra Biển,1671000.00,,,1,1,2.0,7f62cf9e,804a1dd8,660,2,21,572853905_390832052_1_1_0_1123186,572853905,390832052,1,1,1123186,1.0,Chỉ dành cho 1 khách,True,Bao gồm bữa sáng rất ngon,"Hủy miễn phí trước 15 tháng 11, 2026",Không cần thanh toán trước - thanh toán tại chỗ nghỉ,Bao gồm nhận phòng sớm,,price_attr
24,ibis-styles-vung-tau,2026-11-18,22,Phòng Superior 2 Giường Đơn Nhìn Ra Biển,1750000.00,,,1,1,2.0,7f62cf9e,e981aa55,661,4,22,572853905_405605382_1_1_0_1235884,572853905,405605382,1,1,1235884,1.0,Chỉ dành cho 1 khách,True,Bao gồm bữa sáng rất ngon,"Hủy miễn phí trước 17 tháng 11, 2026",Không cần thanh toán trước - thanh toán tại chỗ nghỉ,Bao gồm 100000.00 VND tín dụng ăn/uống + nhận phòng sớm,,price_attr
24,ibis-styles-vung-tau,2026-11-18,23,Phòng Superior 2 Giường Đơn Nhìn Ra Biển,1750000.00,,,1,1,2.0,7f62cf9e,e981aa55,661,4,23,572853905_406373902_1_1_0,572853905,406373902,1,1,,1.0,Chỉ dành cho 1 khách,True,Bao gồm bữa sáng rất ngon,"Hủy miễn phí trước 17 tháng 11, 2026",• Thanh toán cho chỗ nghỉ trước khi đến,,,price_attr
24,ibis-styles-vung-tau,2026-11-18,24,Phòng Premium 2 Giường Đơn có Ban công,1870000.00,,,1,0,2.0,94dc1bcf,42ee661d,662,2,24,572853907_220434595_2_1_0,572853907,220434595,2,1,,2.0,,False,Bao gồm bữa sáng rất ngon,Không hoàn tiền,• Thanh toán cho chỗ nghỉ trước khi đến,,,price_attr
24,ibis-styles-vung-tau,2026-11-18,25,Phòng Premium 2 Giường Đơn có Ban công,2050000.00,,,1,1,2.0,94dc1bcf,804a1dd8,663,2,25,572853907_390832052_2_1_0_1123186,572853907,390832052,2,1,1123186,2.0,,False,Bao gồm bữa sáng rất ngon,"Hủy miễn phí trước 15 tháng 11, 2026",Không cần thanh toán trước - thanh toán tại chỗ nghỉ,Bao gồm nhận phòng sớm,,price_attr
24,ibis-styles-vung-tau,2026-11-18,26,Phòng Premium 2 Giường Đơn có Ban công,2140000.00,,,1,1,2.0,94dc1bcf,e981aa55,664,4,26,572853907_405605382_2_1_0_1235884,572853907,405605382,2,1,1235884,2.0,,False,Bao gồm bữa sáng rất ngon,"Hủy miễn phí trước 17 tháng 11, 2026",Không cần thanh toán trước - thanh toán tại chỗ nghỉ,Bao gồm 100000.00 VND tín dụng ăn/uống + nhận phòng sớm,,price_attr
24,ibis-styles-vung-tau,2026-11-18,27,Phòng Premium 2 Giường Đơn có Ban công,2140000.00,,,1,1,2.0,94dc1bcf,e981aa55,664,4,27,572853907_406373902_2_1_0,572853907,406373902,2,1,,2.0,,False,Bao gồm bữa sáng rất ngon,"Hủy miễn phí trước 17 tháng 11, 2026",• Thanh toán cho chỗ nghỉ trước khi đến,,,price_attr
24,ibis-styles-vung-tau,2026-11-18,28,Phòng Premium 2 Giường Đơn có Ban công,1640500.00,,,1,0,2.0,94dc1bcf,42ee661d,662,2,28,572853907_220434595_1_1_0,572853907,220434595,1,1,,1.0,Chỉ dành cho 1 khách,True,Bao gồm bữa sáng rất ngon,Không hoàn tiền,• Thanh toán cho chỗ nghỉ trước khi đến,,,price_attr
24,ibis-styles-vung-tau,2026-11-18,29,Phòng Premium 2 Giường Đơn có Ban công,1813500.00,,,1,1,2.0,94dc1bcf,804a1dd8,663,2,29,572853907_390832052_1_1_0_1123186,572853907,390832052,1,1,1123186,1.0,Chỉ dành cho 1 khách,True,Bao gồm bữa sáng rất ngon,"Hủy miễn phí trước 15 tháng 11, 2026",Không cần thanh toán trước - thanh toán tại chỗ nghỉ,Bao gồm nhận phòng sớm,,price_attr
24,ibis-styles-vung-tau,2026-11-18,30,Phòng Premium 2 Giường Đơn có Ban công,1900000.00,,,1,1,2.0,94dc1bcf,e981aa55,664,4,30,572853907_406373902_1_1_0,572853907,406373902,1,1,,1.0,Chỉ dành cho 1 khách,True,Bao gồm bữa sáng rất ngon,"Hủy miễn phí trước 17 tháng 11, 2026",• Thanh toán cho chỗ nghỉ trước khi đến,,,price_attr
24,ibis-styles-vung-tau,2026-11-18,31,Phòng Premium 2 Giường Đơn có Ban công,1900000.00,,,1,1,2.0,94dc1bcf,e981aa55,664,4,31,572853907_405605382_1_1_0_1235884,572853907,405605382,1,1,1235884,1.0,Chỉ dành cho 1 khách,True,Bao gồm bữa sáng rất ngon,"Hủy miễn phí trước 17 tháng 11, 2026",Không cần thanh toán trước - thanh toán tại chỗ nghỉ,Bao gồm 100000.00 VND tín dụng ăn/uống + nhận phòng sớm,,price_attr
24,ibis-styles-vung-tau,2026-11-18,32,Phòng Premium Có Giường Cỡ Queen Có Ban Công Và Tầm Nhìn Ra Biển,2125000.00,,,1,0,2.0,0a2c125d,42ee661d,650,2,32,572853903_220434595_2_1_0,572853903,220434595,2,1,,2.0,,False,Bao gồm bữa sáng rất ngon,Không hoàn tiền,• Thanh toán cho chỗ nghỉ trước khi đến,,,price_attr
24,ibis-styles-vung-tau,2026-11-18,33,Phòng Premium Có Giường Cỡ Queen Có Ban Công Và Tầm Nhìn Ra Biển,2335000.00,,,1,1,2.0,0a2c125d,804a1dd8,651,2,33,572853903_390832052_2_1_0_1123186,572853903,390832052,2,1,1123186,2.0,,False,Bao gồm bữa sáng rất ngon,"Hủy miễn phí trước 15 tháng 11, 2026",Không cần thanh toán trước - thanh toán tại chỗ nghỉ,Bao gồm nhận phòng sớm,,price_attr
24,ibis-styles-vung-tau,2026-11-18,34,Phòng Premium Có Giường Cỡ Queen Có Ban Công Và Tầm Nhìn Ra Biển,2440000.00,,,1,1,2.0,0a2c125d,e981aa55,652,4,34,572853903_405605382_2_1_0_1235884,572853903,405605382,2,1,1235884,2.0,,False,Bao gồm bữa sáng rất ngon,"Hủy miễn phí trước 17 tháng 11, 2026",Không cần thanh toán trước - thanh toán tại chỗ nghỉ,Bao gồm 100000.00 VND tín dụng ăn/uống + nhận phòng sớm,,price_attr
24,ibis-styles-vung-tau,2026-11-18,35,Phòng Premium Có Giường Cỡ Queen Có Ban Công Và Tầm Nhìn Ra Biển,2440000.00,,,1,1,2.0,0a2c125d,e981aa55,652,4,35,572853903_406373902_2_1_0,572853903,406373902,2,1,,2.0,,False,Bao gồm bữa sáng rất ngon,"Hủy miễn phí trước 17 tháng 11, 2026",• Thanh toán cho chỗ nghỉ trước khi đến,,,price_attr
24,ibis-styles-vung-tau,2026-11-18,36,Phòng Premium Có Giường Cỡ Queen Có Ban Công Và Tầm Nhìn Ra Biển,1895500.00,,,1,0,2.0,0a2c125d,42ee661d,650,2,36,572853903_220434595_1_1_0,572853903,220434595,1,1,,1.0,Chỉ dành cho 1 khách,True,Bao gồm bữa sáng rất ngon,Không hoàn tiền,• Thanh toán cho chỗ nghỉ trước khi đến,,,price_attr
24,ibis-styles-vung-tau,2026-11-18,37,Phòng Premium Có Giường Cỡ Queen Có Ban Công Và Tầm Nhìn Ra Biển,2098500.00,,,1,1,2.0,0a2c125d,804a1dd8,651,2,37,572853903_390832052_1_1_0_1123186,572853903,390832052,1,1,1123186,1.0,Chỉ dành cho 1 khách,True,Bao gồm bữa sáng rất ngon,"Hủy miễn phí trước 15 tháng 11, 2026",Không cần thanh toán trước - thanh toán tại chỗ nghỉ,Bao gồm nhận phòng sớm,,price_attr
24,ibis-styles-vung-tau,2026-11-18,38,Phòng Premium Có Giường Cỡ Queen Có Ban Công Và Tầm Nhìn Ra Biển,2200000.00,,,1,1,2.0,0a2c125d,e981aa55,652,4,38,572853903_406373902_1_1_0,572853903,406373902,1,1,,1.0,Chỉ dành cho 1 khách,True,Bao gồm bữa sáng rất ngon,"Hủy miễn phí trước 17 tháng 11, 2026",• Thanh toán cho chỗ nghỉ trước khi đến,,,price_attr
24,ibis-styles-vung-tau,2026-11-18,39,Phòng Premium Có Giường Cỡ Queen Có Ban Công Và Tầm Nhìn Ra Biển,2200000.00,,,1,1,2.0,0a2c125d,e981aa55,652,4,39,572853903_405605382_1_1_0_1235884,572853903,405605382,1,1,1235884,1.0,Chỉ dành cho 1 khách,True,Bao gồm bữa sáng rất ngon,"Hủy miễn phí trước 17 tháng 11, 2026",Không cần thanh toán trước - thanh toán tại chỗ nghỉ,Bao gồm 100000.00 VND tín dụng ăn/uống + nhận phòng sớm,,price_attr
24,ibis-styles-vung-tau,2026-11-18,40,Phòng Cao Cấp 2 Giường Đơn Với Ban Công Và Tầm Nhìn Ra Biển,2125000.00,,,1,0,2.0,a7114780,42ee661d,665,2,40,572853904_220434595_2_1_0,572853904,220434595,2,1,,2.0,,False,Bao gồm bữa sáng rất ngon,Không hoàn tiền,• Thanh toán cho chỗ nghỉ trước khi đến,,,price_attr
24,ibis-styles-vung-tau,2026-11-18,41,Phòng Cao Cấp 2 Giường Đơn Với Ban Công Và Tầm Nhìn Ra Biển,2335000.00,,,1,1,2.0,a7114780,804a1dd8,666,2,41,572853904_390832052_2_1_0_1123186,572853904,390832052,2,1,1123186,2.0,,False,Bao gồm bữa sáng rất ngon,"Hủy miễn phí trước 15 tháng 11, 2026",Không cần thanh toán trước - thanh toán tại chỗ nghỉ,Bao gồm nhận phòng sớm,,price_attr
24,ibis-styles-vung-tau,2026-11-18,42,Phòng Cao Cấp 2 Giường Đơn Với Ban Công Và Tầm Nhìn Ra Biển,2440000.00,,,1,1,2.0,a7114780,e981aa55,667,4,42,572853904_405605382_2_1_0_1235884,572853904,405605382,2,1,1235884,2.0,,False,Bao gồm bữa sáng rất ngon,"Hủy miễn phí trước 17 tháng 11, 2026",Không cần thanh toán trước - thanh toán tại chỗ nghỉ,Bao gồm 100000.00 VND tín dụng ăn/uống + nhận phòng sớm,,price_attr
24,ibis-styles-vung-tau,2026-11-18,43,Phòng Cao Cấp 2 Giường Đơn Với Ban Công Và Tầm Nhìn Ra Biển,2440000.00,,,1,1,2.0,a7114780,e981aa55,667,4,43,572853904_406373902_2_1_0,572853904,406373902,2,1,,2.0,,False,Bao gồm bữa sáng rất ngon,"Hủy miễn phí trước 17 tháng 11, 2026",• Thanh toán cho chỗ nghỉ trước khi đến,,,price_attr
24,ibis-styles-vung-tau,2026-11-18,44,Phòng Cao Cấp 2 Giường Đơn Với Ban Công Và Tầm Nhìn Ra Biển,1895500.00,,,1,0,2.0,a7114780,42ee661d,665,2,44,572853904_220434595_1_1_0,572853904,220434595,1,1,,1.0,Chỉ dành cho 1 khách,True,Bao gồm bữa sáng rất ngon,Không hoàn tiền,• Thanh toán cho chỗ nghỉ trước khi đến,,,price_attr
24,ibis-styles-vung-tau,2026-11-18,45,Phòng Cao Cấp 2 Giường Đơn Với Ban Công Và Tầm Nhìn Ra Biển,2098500.00,,,1,1,2.0,a7114780,804a1dd8,666,2,45,572853904_390832052_1_1_0_1123186,572853904,390832052,1,1,1123186,1.0,Chỉ dành cho 1 khách,True,Bao gồm bữa sáng rất ngon,"Hủy miễn phí trước 15 tháng 11, 2026",Không cần thanh toán trước - thanh toán tại chỗ nghỉ,Bao gồm nhận phòng sớm,,price_attr
24,ibis-styles-vung-tau,2026-11-18,46,Phòng Cao Cấp 2 Giường Đơn Với Ban Công Và Tầm Nhìn Ra Biển,2200000.00,,,1,1,2.0,a7114780,e981aa55,667,4,46,572853904_406373902_1_1_0,572853904,406373902,1,1,,1.0,Chỉ dành cho 1 khách,True,Bao gồm bữa sáng rất ngon,"Hủy miễn phí trước 17 tháng 11, 2026",• Thanh toán cho chỗ nghỉ trước khi đến,,,price_attr
24,ibis-styles-vung-tau,2026-11-18,47,Phòng Cao Cấp 2 Giường Đơn Với Ban Công Và Tầm Nhìn Ra Biển,2200000.00,,,1,1,2.0,a7114780,e981aa55,667,4,47,572853904_405605382_1_1_0_1235884,572853904,405605382,1,1,1235884,1.0,Chỉ dành cho 1 khách,True,Bao gồm bữa sáng rất ngon,"Hủy miễn phí trước 17 tháng 11, 2026",Không cần thanh toán trước - thanh toán tại chỗ nghỉ,Bao gồm 100000.00 VND tín dụng ăn/uống + nhận phòng sớm,,price_attr
24,ibis-styles-vung-tau,2026-11-18,48,Phòng Premium Gia đình với Ban công,2465000.00,,,1,0,2.0,11043752,42ee661d,653,2,48,572853902_220434595_2_1_0,572853902,220434595,2,1,,2.0,,False,Bao gồm bữa sáng rất ngon,Không hoàn tiền,• Thanh toán cho chỗ nghỉ trước khi đến,,,price_attr
24,ibis-styles-vung-tau,2026-11-18,49,Phòng Premium Gia đình với Ban công,2715000.00,,,1,1,2.0,11043752,804a1dd8,654,2,49,572853902_390832052_2_1_0_1123186,572853902,390832052,2,1,1123186,2.0,,False,Bao gồm bữa sáng rất ngon,"Hủy miễn phí trước 15 tháng 11, 2026",Không cần thanh toán trước - thanh toán tại chỗ nghỉ,Bao gồm nhận phòng sớm,,price_attr
24,ibis-styles-vung-tau,2026-11-18,50,Phòng Premium Gia đình với Ban công,2840000.00,,,1,1,2.0,11043752,e981aa55,655,4,50,572853902_405605382_2_1_0_1235884,572853902,405605382,2,1,1235884,2.0,,False,Bao gồm bữa sáng rất ngon,"Hủy miễn phí trước 17 tháng 11, 2026",Không cần thanh toán trước - thanh toán tại chỗ nghỉ,Bao gồm 100000.00 VND tín dụng ăn/uống + nhận phòng sớm,,price_attr
24,ibis-styles-vung-tau,2026-11-18,51,Phòng Premium Gia đình với Ban công,2840000.00,,,1,1,2.0,11043752,e981aa55,655,4,51,572853902_406373902_2_1_0,572853902,406373902,2,1,,2.0,,False,Bao gồm bữa sáng rất ngon,"Hủy miễn phí trước 17 tháng 11, 2026",• Thanh toán cho chỗ nghỉ trước khi đến,,,price_attr
24,ibis-styles-vung-tau,2026-11-18,52,Phòng Premium Gia đình với Ban công,2235500.00,,,1,0,2.0,11043752,42ee661d,653,2,52,572853902_220434595_1_1_0,572853902,220434595,1,1,,1.0,Chỉ dành cho 1 khách,True,Bao gồm bữa sáng rất ngon,Không hoàn tiền,• Thanh toán cho chỗ nghỉ trước khi đến,,,price_attr
24,ibis-styles-vung-tau,2026-11-18,53,Phòng Premium Gia đình với Ban công,2478500.00,,,1,1,2.0,11043752,804a1dd8,654,2,53,572853902_390832052_1_1_0_1123186,572853902,390832052,1,1,1123186,1.0,Chỉ dành cho 1 khách,True,Bao gồm bữa sáng rất ngon,"Hủy miễn phí trước 15 tháng 11, 2026",Không cần thanh toán trước - thanh toán tại chỗ nghỉ,Bao gồm nhận phòng sớm,,price_attr
24,ibis-styles-vung-tau,2026-11-18,54,Phòng Premium Gia đình với Ban công,2600000.00,,,1,1,2.0,11043752,e981aa55,655,4,54,572853902_406373902_1_1_0,572853902,406373902,1,1,,1.0,Chỉ dành cho 1 khách,True,Bao gồm bữa sáng rất ngon,"Hủy miễn phí trước 17 tháng 11, 2026",• Thanh toán cho chỗ nghỉ trước khi đến,,,price_attr
24,ibis-styles-vung-tau,2026-11-18,55,Phòng Premium Gia đình với Ban công,2600000.00,,,1,1,2.0,11043752,e981aa55,655,4,55,572853902_405605382_1_1_0_1235884,572853902,405605382,1,1,1235884,1.0,Chỉ dành cho 1 khách,True,Bao gồm bữa sáng rất ngon,"Hủy miễn phí trước 17 tháng 11, 2026",Không cần thanh toán trước - thanh toán tại chỗ nghỉ,Bao gồm 100000.00 VND tín dụng ăn/uống + nhận phòng sớm,,price_attr
25,mercure-vung-tau-vietnam,2026-10-01,0,Phòng Tiêu Chuẩn Có Giường Cỡ Queen Sườn Đồi - Bên Kia Đường,2033773.00,,,1,1,2.0,6481dccb,2d43c993,683,2,0,26670529_269095466_2_41_0_1123187,26670529,269095466,2,41,1123187,2.0,,False,Bao gồm bữa sáng rất ngon,"Hủy miễn phí trước 28 tháng 9, 2026",• Thanh toán cho chỗ nghỉ trước khi đến,Bao gồm nhận phòng sớm,,price_attr
25,mercure-vung-tau-vietnam,2026-10-01,1,Phòng Tiêu Chuẩn Có Giường Cỡ Queen Sườn Đồi - Bên Kia Đường,2118708.00,,,1,1,2.0,6481dccb,7a7e0c5d,685,2,1,26670529_424685104_2_41_0_1235885,26670529,424685104,2,41,1235885,2.0,,False,Bao gồm bữa sáng rất ngon,"Hủy miễn phí trước 18:00, 30 tháng 9, 2026",Không cần thanh toán trước - thanh toán tại chỗ nghỉ,Bao gồm 100000.00 VND tín dụng ăn/uống + nhận phòng sớm,,price_attr
25,mercure-vung-tau-vietnam,2026-10-01,2,Phòng Tiêu Chuẩn Có Giường Cỡ Queen Sườn Đồi - Bên Kia Đường,2118708.00,,,1,0,2.0,6481dccb,42ee661d,684,2,2,26670529_119446954_2_41_0,26670529,119446954,2,41,,2.0,,False,Bao gồm bữa sáng rất ngon,Không hoàn tiền,• Thanh toán cho chỗ nghỉ trước khi đến,,,price_attr
25,mercure-vung-tau-vietnam,2026-10-01,3,Phòng Tiêu Chuẩn Có Giường Cỡ Queen Sườn Đồi - Bên Kia Đường,1823773.00,,,1,1,2.0,6481dccb,2d43c993,683,2,3,26670529_269095466_1_41_0_1123187,26670529,269095466,1,41,1123187,1.0,Chỉ dành cho 1 khách,True,Bao gồm bữa sáng rất ngon,"Hủy miễn phí trước 28 tháng 9, 2026",• Thanh toán cho chỗ nghỉ trước khi đến,Bao gồm nhận phòng sớm,,price_attr
25,mercure-vung-tau-vietnam,2026-10-01,4,Phòng Tiêu Chuẩn Có Giường Cỡ Queen Sườn Đồi - Bên Kia Đường,1908708.00,,,1,1,2.0,6481dccb,7a7e0c5d,685,2,4,26670529_424685104_1_41_0_1235885,26670529,424685104,1,41,1235885,1.0,Chỉ dành cho 1 khách,True,Bao gồm bữa sáng rất ngon,"Hủy miễn phí trước 18:00, 30 tháng 9, 2026",Không cần thanh toán trước - thanh toán tại chỗ nghỉ,Bao gồm 100000.00 VND tín dụng ăn/uống + nhận phòng sớm,,price_attr
25,mercure-vung-tau-vietnam,2026-10-01,5,Phòng Tiêu Chuẩn Có Giường Cỡ Queen Sườn Đồi - Bên Kia Đường,1908708.00,,,1,0,2.0,6481dccb,42ee661d,684,2,5,26670529_119446954_1_41_0,26670529,119446954,1,41,,1.0,Chỉ dành cho 1 khách,True,Bao gồm bữa sáng rất ngon,Không hoàn tiền,• Thanh toán cho chỗ nghỉ trước khi đến,,,price_attr
25,mercure-vung-tau-vietnam,2026-10-01,6,Phòng Deluxe Có Giường Cỡ King Nhìn Ra Biển,3553773.00,,,1,1,2.0,7fc4cb3e,2d43c993,686,2,6,26670523_269095466_2_41_0_1123187,26670523,269095466,2,41,1123187,2.0,,False,Bao gồm bữa sáng rất ngon,"Hủy miễn phí trước 28 tháng 9, 2026",• Thanh toán cho chỗ nghỉ trước khi đến,Bao gồm nhận phòng sớm,,price_attr
25,mercure-vung-tau-vietnam,2026-10-01,7,Phòng Deluxe Có Giường Cỡ King Nhìn Ra Biển,3718708.00,,,1,1,2.0,7fc4cb3e,7a7e0c5d,688,2,7,26670523_424685104_2_41_0_1235885,26670523,424685104,2,41,1235885,2.0,,False,Bao gồm bữa sáng rất ngon,"Hủy miễn phí trước 18:00, 30 tháng 9, 2026",Không cần thanh toán trước - thanh toán tại chỗ nghỉ,Bao gồm 100000.00 VND tín dụng ăn/uống + nhận phòng sớm,,price_attr
25,mercure-vung-tau-vietnam,2026-10-01,8,Phòng Deluxe Có Giường Cỡ King Nhìn Ra Biển,3718708.00,,,1,0,2.0,7fc4cb3e,42ee661d,687,2,8,26670523_119446954_2_41_0,26670523,119446954,2,41,,2.0,,False,Bao gồm bữa sáng rất ngon,Không hoàn tiền,• Thanh toán cho chỗ nghỉ trước khi đến,,,price_attr
25,mercure-vung-tau-vietnam,2026-10-01,9,Phòng Deluxe Có Giường Cỡ King Nhìn Ra Biển,3343773.00,,,1,1,2.0,7fc4cb3e,2d43c993,686,2,9,26670523_269095466_1_41_0_1123187,26670523,269095466,1,41,1123187,1.0,Chỉ dành cho 1 khách,True,Bao gồm bữa sáng rất ngon,"Hủy miễn phí trước 28 tháng 9, 2026",• Thanh toán cho chỗ nghỉ trước khi đến,Bao gồm nhận phòng sớm,,price_attr
25,mercure-vung-tau-vietnam,2026-10-01,10,Phòng Deluxe Có Giường Cỡ King Nhìn Ra Biển,3508708.00,,,1,1,2.0,7fc4cb3e,7a7e0c5d,688,2,10,26670523_424685104_1_41_0_1235885,26670523,424685104,1,41,1235885,1.0,Chỉ dành cho 1 khách,True,Bao gồm bữa sáng rất ngon,"Hủy miễn phí trước 18:00, 30 tháng 9, 2026",Không cần thanh toán trước - thanh toán tại chỗ nghỉ,Bao gồm 100000.00 VND tín dụng ăn/uống + nhận phòng sớm,,price_attr
25,mercure-vung-tau-vietnam,2026-10-01,11,Phòng Deluxe Có Giường Cỡ King Nhìn Ra Biển,3508708.00,,,1,0,2.0,7fc4cb3e,42ee661d,687,2,11,26670523_119446954_1_41_0,26670523,119446954,1,41,,1.0,Chỉ dành cho 1 khách,True,Bao gồm bữa sáng rất ngon,Không hoàn tiền,• Thanh toán cho chỗ nghỉ trước khi đến,,,price_attr
25,mercure-vung-tau-vietnam,2026-10-01,12,Phòng Superior 2 Giường Đơn Sườn Đồi - Bên Kia Đường,2318773.00,,,1,1,2.0,4e80e899,2d43c993,674,2,12,26670536_269095466_2_41_0_1123187,26670536,269095466,2,41,1123187,2.0,,False,Bao gồm bữa sáng rất ngon,"Hủy miễn phí trước 28 tháng 9, 2026",• Thanh toán cho chỗ nghỉ trước khi đến,Bao gồm nhận phòng sớm,,price_attr
25,mercure-vung-tau-vietnam,2026-10-01,13,Phòng Superior 2 Giường Đơn Sườn Đồi - Bên Kia Đường,2418708.00,,,1,1,2.0,4e80e899,7a7e0c5d,676,2,13,26670536_424685104_2_41_0_1235885,26670536,424685104,2,41,1235885,2.0,,False,Bao gồm bữa sáng rất ngon,"Hủy miễn phí trước 18:00, 30 tháng 9, 2026",Không cần thanh toán trước - thanh toán tại chỗ nghỉ,Bao gồm 100000.00 VND tín dụng ăn/uống + nhận phòng sớm,,price_attr
25,mercure-vung-tau-vietnam,2026-10-01,14,Phòng Superior 2 Giường Đơn Sườn Đồi - Bên Kia Đường,2418708.00,,,1,0,2.0,4e80e899,42ee661d,675,2,14,26670536_119446954_2_41_0,26670536,119446954,2,41,,2.0,,False,Bao gồm bữa sáng rất ngon,Không hoàn tiền,• Thanh toán cho chỗ nghỉ trước khi đến,,,price_attr
25,mercure-vung-tau-vietnam,2026-10-01,15,Phòng Superior 2 Giường Đơn Sườn Đồi - Bên Kia Đường,2108773.00,,,1,1,2.0,4e80e899,2d43c993,674,2,15,26670536_269095466_1_41_0_1123187,26670536,269095466,1,41,1123187,1.0,Chỉ dành cho 1 khách,True,Bao gồm bữa sáng rất ngon,"Hủy miễn phí trước 28 tháng 9, 2026",• Thanh toán cho chỗ nghỉ trước khi đến,Bao gồm nhận phòng sớm,,price_attr
25,mercure-vung-tau-vietnam,2026-10-01,16,Phòng Superior 2 Giường Đơn Sườn Đồi - Bên Kia Đường,2208708.00,,,1,1,2.0,4e80e899,7a7e0c5d,676,2,16,26670536_424685104_1_41_0_1235885,26670536,424685104,1,41,1235885,1.0,Chỉ dành cho 1 khách,True,Bao gồm bữa sáng rất ngon,"Hủy miễn phí trước 18:00, 30 tháng 9, 2026",Không cần thanh toán trước - thanh toán tại chỗ nghỉ,Bao gồm 100000.00 VND tín dụng ăn/uống + nhận phòng sớm,,price_attr
25,mercure-vung-tau-vietnam,2026-10-01,17,Phòng Superior 2 Giường Đơn Sườn Đồi - Bên Kia Đường,2208708.00,,,1,0,2.0,4e80e899,42ee661d,675,2,17,26670536_119446954_1_41_0,26670536,119446954,1,41,,1.0,Chỉ dành cho 1 khách,True,Bao gồm bữa sáng rất ngon,Không hoàn tiền,• Thanh toán cho chỗ nghỉ trước khi đến,,,price_attr
25,mercure-vung-tau-vietnam,2026-10-01,18,Phòng Superior Có Giường Cỡ King Sườn Đồi - Bên Kia Đường,2318773.00,,,1,1,2.0,5c02200e,2d43c993,680,2,18,26670524_269095466_2_41_0_1123187,26670524,269095466,2,41,1123187,2.0,,False,Bao gồm bữa sáng rất ngon,"Hủy miễn phí trước 28 tháng 9, 2026",• Thanh toán cho chỗ nghỉ trước khi đến,Bao gồm nhận phòng sớm,,price_attr
25,mercure-vung-tau-vietnam,2026-10-01,19,Phòng Superior Có Giường Cỡ King Sườn Đồi - Bên Kia Đường,2418708.00,,,1,1,2.0,5c02200e,7a7e0c5d,682,2,19,26670524_424685104_2_41_0_1235885,26670524,424685104,2,41,1235885,2.0,,False,Bao gồm bữa sáng rất ngon,"Hủy miễn phí trước 18:00, 30 tháng 9, 2026",Không cần thanh toán trước - thanh toán tại chỗ nghỉ,Bao gồm 100000.00 VND tín dụng ăn/uống + nhận phòng sớm,,price_attr
25,mercure-vung-tau-vietnam,2026-10-01,20,Phòng Superior Có Giường Cỡ King Sườn Đồi - Bên Kia Đường,2418708.00,,,1,0,2.0,5c02200e,42ee661d,681,2,20,26670524_119446954_2_41_0,26670524,119446954,2,41,,2.0,,False,Bao gồm bữa sáng rất ngon,Không hoàn tiền,• Thanh toán cho chỗ nghỉ trước khi đến,,,price_attr
25,mercure-vung-tau-vietnam,2026-10-01,21,Phòng Superior Có Giường Cỡ King Sườn Đồi - Bên Kia Đường,2108773.00,,,1,1,2.0,5c02200e,2d43c993,680,2,21,26670524_269095466_1_41_0_1123187,26670524,269095466,1,41,1123187,1.0,Chỉ dành cho 1 khách,True,Bao gồm bữa sáng rất ngon,"Hủy miễn phí trước 28 tháng 9, 2026",• Thanh toán cho chỗ nghỉ trước khi đến,Bao gồm nhận phòng sớm,,price_attr
25,mercure-vung-tau-vietnam,2026-10-01,22,Phòng Superior Có Giường Cỡ King Sườn Đồi - Bên Kia Đường,2208708.00,,,1,1,2.0,5c02200e,7a7e0c5d,682,2,22,26670524_424685104_1_41_0_1235885,26670524,424685104,1,41,1235885,1.0,Chỉ dành cho 1 khách,True,Bao gồm bữa sáng rất ngon,"Hủy miễn phí trước 18:00, 30 tháng 9, 2026",Không cần thanh toán trước - thanh toán tại chỗ nghỉ,Bao gồm 100000.00 VND tín dụng ăn/uống + nhận phòng sớm,,price_attr
25,mercure-vung-tau-vietnam,2026-10-01,23,Phòng Superior Có Giường Cỡ King Sườn Đồi - Bên Kia Đường,2208708.00,,,1,0,2.0,5c02200e,42ee661d,681,2,23,26670524_119446954_1_41_0,26670524,119446954,1,41,,1.0,Chỉ dành cho 1 khách,True,Bao gồm bữa sáng rất ngon,Không hoàn tiền,• Thanh toán cho chỗ nghỉ trước khi đến,,,price_attr
25,mercure-vung-tau-vietnam,2026-10-01,24,Phòng Executive có giường cỡ King Nhìn ra Biển,3933773.00,,,1,1,2.0,eec69a1a,2d43c993,692,2,24,26670533_269095466_2_41_0_1123187,26670533,269095466,2,41,1123187,2.0,,False,Bao gồm bữa sáng rất ngon,"Hủy miễn phí trước 28 tháng 9, 2026",• Thanh toán cho chỗ nghỉ trước khi đến,Bao gồm nhận phòng sớm,,price_attr
25,mercure-vung-tau-vietnam,2026-10-01,25,Phòng Executive có giường cỡ King Nhìn ra Biển,4118708.00,,,1,1,2.0,eec69a1a,7a7e0c5d,694,2,25,26670533_424685104_2_41_0_1235885,26670533,424685104,2,41,1235885,2.0,,False,Bao gồm bữa sáng rất ngon,"Hủy miễn phí trước 18:00, 30 tháng 9, 2026",Không cần thanh toán trước - thanh toán tại chỗ nghỉ,Bao gồm 100000.00 VND tín dụng ăn/uống + nhận phòng sớm,,price_attr
25,mercure-vung-tau-vietnam,2026-10-01,26,Phòng Executive có giường cỡ King Nhìn ra Biển,4118708.00,,,1,0,2.0,eec69a1a,42ee661d,693,2,26,26670533_119446954_2_41_0,26670533,119446954,2,41,,2.0,,False,Bao gồm bữa sáng rất ngon,Không hoàn tiền,• Thanh toán cho chỗ nghỉ trước khi đến,,,price_attr
25,mercure-vung-tau-vietnam,2026-10-01,27,Phòng Executive có giường cỡ King Nhìn ra Biển,3723773.00,,,1,1,2.0,eec69a1a,2d43c993,692,2,27,26670533_269095466_1_41_0_1123187,26670533,269095466,1,41,1123187,1.0,Chỉ dành cho 1 khách,True,Bao gồm bữa sáng rất ngon,"Hủy miễn phí trước 28 tháng 9, 2026",• Thanh toán cho chỗ nghỉ trước khi đến,Bao gồm nhận phòng sớm,,price_attr
25,mercure-vung-tau-vietnam,2026-10-01,28,Phòng Executive có giường cỡ King Nhìn ra Biển,3908708.00,,,1,1,2.0,eec69a1a,7a7e0c5d,694,2,28,26670533_424685104_1_41_0_1235885,26670533,424685104,1,41,1235885,1.0,Chỉ dành cho 1 khách,True,Bao gồm bữa sáng rất ngon,"Hủy miễn phí trước 18:00, 30 tháng 9, 2026",Không cần thanh toán trước - thanh toán tại chỗ nghỉ,Bao gồm 100000.00 VND tín dụng ăn/uống + nhận phòng sớm,,price_attr
25,mercure-vung-tau-vietnam,2026-10-01,29,Phòng Executive có giường cỡ King Nhìn ra Biển,3908708.00,,,1,0,2.0,eec69a1a,42ee661d,693,2,29,26670533_119446954_1_41_0,26670533,119446954,1,41,,1.0,Chỉ dành cho 1 khách,True,Bao gồm bữa sáng rất ngon,Không hoàn tiền,• Thanh toán cho chỗ nghỉ trước khi đến,,,price_attr
25,mercure-vung-tau-vietnam,2026-10-01,30,Phòng executive 2 giường đơn nhìn ra biển,3933773.00,,,1,1,2.0,21bb2119,2d43c993,671,2,30,26670537_269095466_2_41_0_1123187,26670537,269095466,2,41,1123187,2.0,,False,Bao gồm bữa sáng rất ngon,"Hủy miễn phí trước 28 tháng 9, 2026",• Thanh toán cho chỗ nghỉ trước khi đến,Bao gồm nhận phòng sớm,,price_attr
25,mercure-vung-tau-vietnam,2026-10-01,31,Phòng executive 2 giường đơn nhìn ra biển,4118708.00,,,1,1,2.0,21bb2119,7a7e0c5d,673,2,31,26670537_424685104_2_41_0_1235885,26670537,424685104,2,41,1235885,2.0,,False,Bao gồm bữa sáng rất ngon,"Hủy miễn phí trước 18:00, 30 tháng 9, 2026",Không cần thanh toán trước - thanh toán tại chỗ nghỉ,Bao gồm 100000.00 VND tín dụng ăn/uống + nhận phòng sớm,,price_attr
25,mercure-vung-tau-vietnam,2026-10-01,32,Phòng executive 2 giường đơn nhìn ra biển,4118708.00,,,1,0,2.0,21bb2119,42ee661d,672,2,32,26670537_119446954_2_41_0,26670537,119446954,2,41,,2.0,,False,Bao gồm bữa sáng rất ngon,Không hoàn tiền,• Thanh toán cho chỗ nghỉ trước khi đến,,,price_attr
25,mercure-vung-tau-vietnam,2026-10-01,33,Phòng executive 2 giường đơn nhìn ra biển,3723773.00,,,1,1,2.0,21bb2119,2d43c993,671,2,33,26670537_269095466_1_41_0_1123187,26670537,269095466,1,41,1123187,1.0,Chỉ dành cho 1 khách,True,Bao gồm bữa sáng rất ngon,"Hủy miễn phí trước 28 tháng 9, 2026",• Thanh toán cho chỗ nghỉ trước khi đến,Bao gồm nhận phòng sớm,,price_attr
25,mercure-vung-tau-vietnam,2026-10-01,34,Phòng executive 2 giường đơn nhìn ra biển,3908708.00,,,1,1,2.0,21bb2119,7a7e0c5d,673,2,34,26670537_424685104_1_41_0_1235885,26670537,424685104,1,41,1235885,1.0,Chỉ dành cho 1 khách,True,Bao gồm bữa sáng rất ngon,"Hủy miễn phí trước 18:00, 30 tháng 9, 2026",Không cần thanh toán trước - thanh toán tại chỗ nghỉ,Bao gồm 100000.00 VND tín dụng ăn/uống + nhận phòng sớm,,price_attr
25,mercure-vung-tau-vietnam,2026-10-01,35,Phòng executive 2 giường đơn nhìn ra biển,3908708.00,,,1,0,2.0,21bb2119,42ee661d,672,2,35,26670537_119446954_1_41_0,26670537,119446954,1,41,,1.0,Chỉ dành cho 1 khách,True,Bao gồm bữa sáng rất ngon,Không hoàn tiền,• Thanh toán cho chỗ nghỉ trước khi đến,,,price_attr
25,mercure-vung-tau-vietnam,2026-10-01,36,Phòng Superior có giường cỡ King và nhìn ra Vườn,2936273.00,,,1,1,2.0,1130c1eb,2d43c993,668,2,36,26670539_269095466_2_41_0_1123187,26670539,269095466,2,41,1123187,2.0,,False,Bao gồm bữa sáng rất ngon,"Hủy miễn phí trước 28 tháng 9, 2026",• Thanh toán cho chỗ nghỉ trước khi đến,Bao gồm nhận phòng sớm,,price_attr
25,mercure-vung-tau-vietnam,2026-10-01,37,Phòng Superior có giường cỡ King và nhìn ra Vườn,3068708.00,,,1,1,2.0,1130c1eb,7a7e0c5d,670,2,37,26670539_424685104_2_41_0_1235885,26670539,424685104,2,41,1235885,2.0,,False,Bao gồm bữa sáng rất ngon,"Hủy miễn phí trước 18:00, 30 tháng 9, 2026",Không cần thanh toán trước - thanh toán tại chỗ nghỉ,Bao gồm 100000.00 VND tín dụng ăn/uống + nhận phòng sớm,,price_attr
25,mercure-vung-tau-vietnam,2026-10-01,38,Phòng Superior có giường cỡ King và nhìn ra Vườn,3068708.00,,,1,0,2.0,1130c1eb,42ee661d,669,2,38,26670539_119446954_2_41_0,26670539,119446954,2,41,,2.0,,False,Bao gồm bữa sáng rất ngon,Không hoàn tiền,• Thanh toán cho chỗ nghỉ trước khi đến,,,price_attr
25,mercure-vung-tau-vietnam,2026-10-01,39,Phòng Superior có giường cỡ King và nhìn ra Vườn,2726273.00,,,1,1,2.0,1130c1eb,2d43c993,668,2,39,26670539_269095466_1_41_0_1123187,26670539,269095466,1,41,1123187,1.0,Chỉ dành cho 1 khách,True,Bao gồm bữa sáng rất ngon,"Hủy miễn phí trước 28 tháng 9, 2026",• Thanh toán cho chỗ nghỉ trước khi đến,Bao gồm nhận phòng sớm,,price_attr
25,mercure-vung-tau-vietnam,2026-10-01,40,Phòng Superior có giường cỡ King và nhìn ra Vườn,2858708.00,,,1,1,2.0,1130c1eb,7a7e0c5d,670,2,40,26670539_424685104_1_41_0_1235885,26670539,424685104,1,41,1235885,1.0,Chỉ dành cho 1 khách,True,Bao gồm bữa sáng rất ngon,"Hủy miễn phí trước 18:00, 30 tháng 9, 2026",Không cần thanh toán trước - thanh toán tại chỗ nghỉ,Bao gồm 100000.00 VND tín dụng ăn/uống + nhận phòng sớm,,price_attr
25,mercure-vung-tau-vietnam,2026-10-01,41,Phòng Superior có giường cỡ King và nhìn ra Vườn,2858708.00,,,1,0,2.0,1130c1eb,42ee661d,669,2,41,26670539_119446954_1_41_0,26670539,119446954,1,41,,1.0,Chỉ dành cho 1 khách,True,Bao gồm bữa sáng rất ngon,Không hoàn tiền,• Thanh toán cho chỗ nghỉ trước khi đến,,,price_attr
25,mercure-vung-tau-vietnam,2026-10-01,42,Phòng Deluxe 2 Giường Đơn Nhìn Ra Biển,3553773.00,,,1,1,2.0,5794754b,2d43c993,677,2,42,26670535_269095466_2_41_0_1123187,26670535,269095466,2,41,1123187,2.0,,False,Bao gồm bữa sáng rất ngon,"Hủy miễn phí trước 28 tháng 9, 2026",• Thanh toán cho chỗ nghỉ trước khi đến,Bao gồm nhận phòng sớm,,price_attr
25,mercure-vung-tau-vietnam,2026-10-01,43,Phòng Deluxe 2 Giường Đơn Nhìn Ra Biển,3718708.00,,,1,1,2.0,5794754b,7a7e0c5d,679,2,43,26670535_424685104_2_41_0_1235885,26670535,424685104,2,41,1235885,2.0,,False,Bao gồm bữa sáng rất ngon,"Hủy miễn phí trước 18:00, 30 tháng 9, 2026",Không cần thanh toán trước - thanh toán tại chỗ nghỉ,Bao gồm 100000.00 VND tín dụng ăn/uống + nhận phòng sớm,,price_attr
25,mercure-vung-tau-vietnam,2026-10-01,44,Phòng Deluxe 2 Giường Đơn Nhìn Ra Biển,3718708.00,,,1,0,2.0,5794754b,42ee661d,678,2,44,26670535_119446954_2_41_0,26670535,119446954,2,41,,2.0,,False,Bao gồm bữa sáng rất ngon,Không hoàn tiền,• Thanh toán cho chỗ nghỉ trước khi đến,,,price_attr
25,mercure-vung-tau-vietnam,2026-10-01,45,Phòng Deluxe 2 Giường Đơn Nhìn Ra Biển,3343773.00,,,1,1,2.0,5794754b,2d43c993,677,2,45,26670535_269095466_1_41_0_1123187,26670535,269095466,1,41,1123187,1.0,Chỉ dành cho 1 khách,True,Bao gồm bữa sáng rất ngon,"Hủy miễn phí trước 28 tháng 9, 2026",• Thanh toán cho chỗ nghỉ trước khi đến,Bao gồm nhận phòng sớm,,price_attr
25,mercure-vung-tau-vietnam,2026-10-01,46,Phòng Deluxe 2 Giường Đơn Nhìn Ra Biển,3508708.00,,,1,1,2.0,5794754b,7a7e0c5d,679,2,46,26670535_424685104_1_41_0_1235885,26670535,424685104,1,41,1235885,1.0,Chỉ dành cho 1 khách,True,Bao gồm bữa sáng rất ngon,"Hủy miễn phí trước 18:00, 30 tháng 9, 2026",Không cần thanh toán trước - thanh toán tại chỗ nghỉ,Bao gồm 100000.00 VND tín dụng ăn/uống + nhận phòng sớm,,price_attr
25,mercure-vung-tau-vietnam,2026-10-01,47,Phòng Deluxe 2 Giường Đơn Nhìn Ra Biển,3508708.00,,,1,0,2.0,5794754b,42ee661d,678,2,47,26670535_119446954_1_41_0,26670535,119446954,1,41,,1.0,Chỉ dành cho 1 khách,True,Bao gồm bữa sáng rất ngon,Không hoàn tiền,• Thanh toán cho chỗ nghỉ trước khi đến,,,price_attr
25,mercure-vung-tau-vietnam,2026-10-01,48,Family Room with One King Bed and Bunk Bed and Sea View,4266273.00,,,1,1,2.0,ae618ac8,2d43c993,689,2,48,26670534_269095466_2_41_0_1123187,26670534,269095466,2,41,1123187,2.0,,False,Bao gồm bữa sáng rất ngon,"Hủy miễn phí trước 28 tháng 9, 2026",• Thanh toán cho chỗ nghỉ trước khi đến,Bao gồm nhận phòng sớm,,price_attr
25,mercure-vung-tau-vietnam,2026-10-01,49,Family Room with One King Bed and Bunk Bed and Sea View,4468708.00,,,1,1,2.0,ae618ac8,7a7e0c5d,691,2,49,26670534_424685104_2_41_0_1235885,26670534,424685104,2,41,1235885,2.0,,False,Bao gồm bữa sáng rất ngon,"Hủy miễn phí trước 18:00, 30 tháng 9, 2026",Không cần thanh toán trước - thanh toán tại chỗ nghỉ,Bao gồm 100000.00 VND tín dụng ăn/uống + nhận phòng sớm,,price_attr
25,mercure-vung-tau-vietnam,2026-10-01,50,Family Room with One King Bed and Bunk Bed and Sea View,4468708.00,,,1,0,2.0,ae618ac8,42ee661d,690,2,50,26670534_119446954_2_41_0,26670534,119446954,2,41,,2.0,,False,Bao gồm bữa sáng rất ngon,Không hoàn tiền,• Thanh toán cho chỗ nghỉ trước khi đến,,,price_attr
25,mercure-vung-tau-vietnam,2026-10-01,51,Family Room with One King Bed and Bunk Bed and Sea View,4056273.00,,,1,1,2.0,ae618ac8,2d43c993,689,2,51,26670534_269095466_1_41_0_1123187,26670534,269095466,1,41,1123187,1.0,Chỉ dành cho 1 khách,True,Bao gồm bữa sáng rất ngon,"Hủy miễn phí trước 28 tháng 9, 2026",• Thanh toán cho chỗ nghỉ trước khi đến,Bao gồm nhận phòng sớm,,price_attr
25,mercure-vung-tau-vietnam,2026-10-01,52,Family Room with One King Bed and Bunk Bed and Sea View,4258708.00,,,1,1,2.0,ae618ac8,7a7e0c5d,691,2,52,26670534_424685104_1_41_0_1235885,26670534,424685104,1,41,1235885,1.0,Chỉ dành cho 1 khách,True,Bao gồm bữa sáng rất ngon,"Hủy miễn phí trước 18:00, 30 tháng 9, 2026",Không cần thanh toán trước - thanh toán tại chỗ nghỉ,Bao gồm 100000.00 VND tín dụng ăn/uống + nhận phòng sớm,,price_attr
25,mercure-vung-tau-vietnam,2026-10-01,53,Family Room with One King Bed and Bunk Bed and Sea View,4258708.00,,,1,0,2.0,ae618ac8,42ee661d,690,2,53,26670534_119446954_1_41_0,26670534,119446954,1,41,,1.0,Chỉ dành cho 1 khách,True,Bao gồm bữa sáng rất ngon,Không hoàn tiền,• Thanh toán cho chỗ nghỉ trước khi đến,,,price_attr
26,mercure-vung-tau-vietnam,2026-10-11,0,Phòng Tiêu Chuẩn Có Giường Cỡ Queen Sườn Đồi - Bên Kia Đường,2189784.00,,,1,0,2.0,6481dccb,42ee661d,711,2,0,26670529_119446954_2_41_0,26670529,119446954,2,41,,2.0,,False,Bao gồm bữa sáng rất ngon,Không hoàn tiền,• Thanh toán cho chỗ nghỉ trước khi đến,,,price_attr
26,mercure-vung-tau-vietnam,2026-10-11,1,Phòng Tiêu Chuẩn Có Giường Cỡ Queen Sườn Đồi - Bên Kia Đường,2397994.00,,,1,1,2.0,6481dccb,6a4fdf03,712,2,1,26670529_269095466_2_41_0_1123187,26670529,269095466,2,41,1123187,2.0,,False,Bao gồm bữa sáng rất ngon,"Hủy miễn phí trước 8 tháng 10, 2026",• Thanh toán cho chỗ nghỉ trước khi đến,Bao gồm nhận phòng sớm,,price_attr
26,mercure-vung-tau-vietnam,2026-10-11,2,Phòng Tiêu Chuẩn Có Giường Cỡ Queen Sườn Đồi - Bên Kia Đường,2502099.00,,,1,1,2.0,6481dccb,32d6ae0f,710,2,2,26670529_424685104_2_41_0_1235885,26670529,424685104,2,41,1235885,2.0,,False,Bao gồm bữa sáng rất ngon,"Hủy miễn phí trước 18:00, 10 tháng 10, 2026",Không cần thanh toán trước - thanh toán tại chỗ nghỉ,Bao gồm 100000.00 VND tín dụng ăn/uống + nhận phòng sớm,,price_attr
26,mercure-vung-tau-vietnam,2026-10-11,3,Phòng Tiêu Chuẩn Có Giường Cỡ Queen Sườn Đồi - Bên Kia Đường,1979784.00,,,1,0,2.0,6481dccb,42ee661d,711,2,3,26670529_119446954_1_41_0,26670529,119446954,1,41,,1.0,Chỉ dành cho 1 khách,True,Bao gồm bữa sáng rất ngon,Không hoàn tiền,• Thanh toán cho chỗ nghỉ trước khi đến,,,price_attr
26,mercure-vung-tau-vietnam,2026-10-11,4,Phòng Tiêu Chuẩn Có Giường Cỡ Queen Sườn Đồi - Bên Kia Đường,2187994.00,,,1,1,2.0,6481dccb,6a4fdf03,712,2,4,26670529_269095466_1_41_0_1123187,26670529,269095466,1,41,1123187,1.0,Chỉ dành cho 1 khách,True,Bao gồm bữa sáng rất ngon,"Hủy miễn phí trước 8 tháng 10, 2026",• Thanh toán cho chỗ nghỉ trước khi đến,Bao gồm nhận phòng sớm,,price_attr
26,mercure-vung-tau-vietnam,2026-10-11,5,Phòng Tiêu Chuẩn Có Giường Cỡ Queen Sườn Đồi - Bên Kia Đường,2292099.00,,,1,1,2.0,6481dccb,32d6ae0f,710,2,5,26670529_424685104_1_41_0_1235885,26670529,424685104,1,41,1235885,1.0,Chỉ dành cho 1 khách,True,Bao gồm bữa sáng rất ngon,"Hủy miễn phí trước 18:00, 10 tháng 10, 2026",Không cần thanh toán trước - thanh toán tại chỗ nghỉ,Bao gồm 100000.00 VND tín dụng ăn/uống + nhận phòng sớm,,price_attr
26,mercure-vung-tau-vietnam,2026-10-11,6,Phòng Deluxe Có Giường Cỡ King Nhìn Ra Biển,3549784.00,,,1,0,2.0,7fc4cb3e,42ee661d,714,2,6,26670523_119446954_2_41_0,26670523,119446954,2,41,,2.0,,False,Bao gồm bữa sáng rất ngon,Không hoàn tiền,• Thanh toán cho chỗ nghỉ trước khi đến,,,price_attr
26,mercure-vung-tau-vietnam,2026-10-11,7,Phòng Deluxe Có Giường Cỡ King Nhìn Ra Biển,3917994.00,,,1,1,2.0,7fc4cb3e,6a4fdf03,715,2,7,26670523_269095466_2_41_0_1123187,26670523,269095466,2,41,1123187,2.0,,False,Bao gồm bữa sáng rất ngon,"Hủy miễn phí trước 8 tháng 10, 2026",• Thanh toán cho chỗ nghỉ trước khi đến,Bao gồm nhận phòng sớm,,price_attr
26,mercure-vung-tau-vietnam,2026-10-11,8,Phòng Deluxe Có Giường Cỡ King Nhìn Ra Biển,4102099.00,,,1,1,2.0,7fc4cb3e,32d6ae0f,713,2,8,26670523_424685104_2_41_0_1235885,26670523,424685104,2,41,1235885,2.0,,False,Bao gồm bữa sáng rất ngon,"Hủy miễn phí trước 18:00, 10 tháng 10, 2026",Không cần thanh toán trước - thanh toán tại chỗ nghỉ,Bao gồm 100000.00 VND tín dụng ăn/uống + nhận phòng sớm,,price_attr
26,mercure-vung-tau-vietnam,2026-10-11,9,Phòng Deluxe Có Giường Cỡ King Nhìn Ra Biển,3339784.00,,,1,0,2.0,7fc4cb3e,42ee661d,714,2,9,26670523_119446954_1_41_0,26670523,119446954,1,41,,1.0,Chỉ dành cho 1 khách,True,Bao gồm bữa sáng rất ngon,Không hoàn tiền,• Thanh toán cho chỗ nghỉ trước khi đến,,,price_attr
26,mercure-vung-tau-vietnam,2026-10-11,10,Phòng Deluxe Có Giường Cỡ King Nhìn Ra Biển,3707994.00,,,1,1,2.0,7fc4cb3e,6a4fdf03,715,2,10,26670523_269095466_1_41_0_1123187,26670523,269095466,1,41,1123187,1.0,Chỉ dành cho 1 khách,True,Bao gồm bữa sáng rất ngon,"Hủy miễn phí trước 8 tháng 10, 2026",• Thanh toán cho chỗ nghỉ trước khi đến,Bao gồm nhận phòng sớm,,price_attr
26,mercure-vung-tau-vietnam,2026-10-11,11,Phòng Deluxe Có Giường Cỡ King Nhìn Ra Biển,3892099.00,,,1,1,2.0,7fc4cb3e,32d6ae0f,713,2,11,26670523_424685104_1_41_0_1235885,26670523,424685104,1,41,1235885,1.0,Chỉ dành cho 1 khách,True,Bao gồm bữa sáng rất ngon,"Hủy miễn phí trước 18:00, 10 tháng 10, 2026",Không cần thanh toán trước - thanh toán tại chỗ nghỉ,Bao gồm 100000.00 VND tín dụng ăn/uống + nhận phòng sớm,,price_attr
26,mercure-vung-tau-vietnam,2026-10-11,12,Phòng Superior Có Giường Cỡ King Sườn Đồi - Bên Kia Đường,2444784.00,,,1,0,2.0,5c02200e,42ee661d,708,2,12,26670524_119446954_2_41_0,26670524,119446954,2,41,,2.0,,False,Bao gồm bữa sáng rất ngon,Không hoàn tiền,• Thanh toán cho chỗ nghỉ trước khi đến,,,price_attr
26,mercure-vung-tau-vietnam,2026-10-11,13,Phòng Superior Có Giường Cỡ King Sườn Đồi - Bên Kia Đường,2682994.00,,,1,1,2.0,5c02200e,6a4fdf03,709,2,13,26670524_269095466_2_41_0_1123187,26670524,269095466,2,41,1123187,2.0,,False,Bao gồm bữa sáng rất ngon,"Hủy miễn phí trước 8 tháng 10, 2026",• Thanh toán cho chỗ nghỉ trước khi đến,Bao gồm nhận phòng sớm,,price_attr
26,mercure-vung-tau-vietnam,2026-10-11,14,Phòng Superior Có Giường Cỡ King Sườn Đồi - Bên Kia Đường,2802099.00,,,1,1,2.0,5c02200e,32d6ae0f,707,2,14,26670524_424685104_2_41_0_1235885,26670524,424685104,2,41,1235885,2.0,,False,Bao gồm bữa sáng rất ngon,"Hủy miễn phí trước 18:00, 10 tháng 10, 2026",Không cần thanh toán trước - thanh toán tại chỗ nghỉ,Bao gồm 100000.00 VND tín dụng ăn/uống + nhận phòng sớm,,price_attr
26,mercure-vung-tau-vietnam,2026-10-11,15,Phòng Superior Có Giường Cỡ King Sườn Đồi - Bên Kia Đường,2234784.00,,,1,0,2.0,5c02200e,42ee661d,708,2,15,26670524_119446954_1_41_0,26670524,119446954,1,41,,1.0,Chỉ dành cho 1 khách,True,Bao gồm bữa sáng rất ngon,Không hoàn tiền,• Thanh toán cho chỗ nghỉ trước khi đến,,,price_attr
26,mercure-vung-tau-vietnam,2026-10-11,16,Phòng Superior Có Giường Cỡ King Sườn Đồi - Bên Kia Đường,2472994.00,,,1,1,2.0,5c02200e,6a4fdf03,709,2,16,26670524_269095466_1_41_0_1123187,26670524,269095466,1,41,1123187,1.0,Chỉ dành cho 1 khách,True,Bao gồm bữa sáng rất ngon,"Hủy miễn phí trước 8 tháng 10, 2026",• Thanh toán cho chỗ nghỉ trước khi đến,Bao gồm nhận phòng sớm,,price_attr
26,mercure-vung-tau-vietnam,2026-10-11,17,Phòng Superior Có Giường Cỡ King Sườn Đồi - Bên Kia Đường,2592099.00,,,1,1,2.0,5c02200e,32d6ae0f,707,2,17,26670524_424685104_1_41_0_1235885,26670524,424685104,1,41,1235885,1.0,Chỉ dành cho 1 khách,True,Bao gồm bữa sáng rất ngon,"Hủy miễn phí trước 18:00, 10 tháng 10, 2026",Không cần thanh toán trước - thanh toán tại chỗ nghỉ,Bao gồm 100000.00 VND tín dụng ăn/uống + nhận phòng sớm,,price_attr
26,mercure-vung-tau-vietnam,2026-10-11,18,Phòng Superior 2 Giường Đơn Sườn Đồi - Bên Kia Đường,2444784.00,,,1,0,2.0,4e80e899,42ee661d,702,2,18,26670536_119446954_2_41_0,26670536,119446954,2,41,,2.0,,False,Bao gồm bữa sáng rất ngon,Không hoàn tiền,• Thanh toán cho chỗ nghỉ trước khi đến,,,price_attr
26,mercure-vung-tau-vietnam,2026-10-11,19,Phòng Superior 2 Giường Đơn Sườn Đồi - Bên Kia Đường,2682994.00,,,1,1,2.0,4e80e899,6a4fdf03,703,2,19,26670536_269095466_2_41_0_1123187,26670536,269095466,2,41,1123187,2.0,,False,Bao gồm bữa sáng rất ngon,"Hủy miễn phí trước 8 tháng 10, 2026",• Thanh toán cho chỗ nghỉ trước khi đến,Bao gồm nhận phòng sớm,,price_attr
26,mercure-vung-tau-vietnam,2026-10-11,20,Phòng Superior 2 Giường Đơn Sườn Đồi - Bên Kia Đường,2802099.00,,,1,1,2.0,4e80e899,32d6ae0f,701,2,20,26670536_424685104_2_41_0_1235885,26670536,424685104,2,41,1235885,2.0,,False,Bao gồm bữa sáng rất ngon,"Hủy miễn phí trước 18:00, 10 tháng 10, 2026",Không cần thanh toán trước - thanh toán tại chỗ nghỉ,Bao gồm 100000.00 VND tín dụng ăn/uống + nhận phòng sớm,,price_attr
26,mercure-vung-tau-vietnam,2026-10-11,21,Phòng Superior 2 Giường Đơn Sườn Đồi - Bên Kia Đường,2234784.00,,,1,0,2.0,4e80e899,42ee661d,702,2,21,26670536_119446954_1_41_0,26670536,119446954,1,41,,1.0,Chỉ dành cho 1 khách,True,Bao gồm bữa sáng rất ngon,Không hoàn tiền,• Thanh toán cho chỗ nghỉ trước khi đến,,,price_attr
26,mercure-vung-tau-vietnam,2026-10-11,22,Phòng Superior 2 Giường Đơn Sườn Đồi - Bên Kia Đường,2472994.00,,,1,1,2.0,4e80e899,6a4fdf03,703,2,22,26670536_269095466_1_41_0_1123187,26670536,269095466,1,41,1123187,1.0,Chỉ dành cho 1 khách,True,Bao gồm bữa sáng rất ngon,"Hủy miễn phí trước 8 tháng 10, 2026",• Thanh toán cho chỗ nghỉ trước khi đến,Bao gồm nhận phòng sớm,,price_attr
26,mercure-vung-tau-vietnam,2026-10-11,23,Phòng Superior 2 Giường Đơn Sườn Đồi - Bên Kia Đường,2592099.00,,,1,1,2.0,4e80e899,32d6ae0f,701,2,23,26670536_424685104_1_41_0_1235885,26670536,424685104,1,41,1235885,1.0,Chỉ dành cho 1 khách,True,Bao gồm bữa sáng rất ngon,"Hủy miễn phí trước 18:00, 10 tháng 10, 2026",Không cần thanh toán trước - thanh toán tại chỗ nghỉ,Bao gồm 100000.00 VND tín dụng ăn/uống + nhận phòng sớm,,price_attr
26,mercure-vung-tau-vietnam,2026-10-11,24,Phòng executive 2 giường đơn nhìn ra biển,3889784.00,,,1,0,2.0,21bb2119,42ee661d,699,2,24,26670537_119446954_2_41_0,26670537,119446954,2,41,,2.0,,False,Bao gồm bữa sáng rất ngon,Không hoàn tiền,• Thanh toán cho chỗ nghỉ trước khi đến,,,price_attr
26,mercure-vung-tau-vietnam,2026-10-11,25,Phòng executive 2 giường đơn nhìn ra biển,4297994.00,,,1,1,2.0,21bb2119,6a4fdf03,700,2,25,26670537_269095466_2_41_0_1123187,26670537,269095466,2,41,1123187,2.0,,False,Bao gồm bữa sáng rất ngon,"Hủy miễn phí trước 8 tháng 10, 2026",• Thanh toán cho chỗ nghỉ trước khi đến,Bao gồm nhận phòng sớm,,price_attr
26,mercure-vung-tau-vietnam,2026-10-11,26,Phòng executive 2 giường đơn nhìn ra biển,4502099.00,,,1,1,2.0,21bb2119,32d6ae0f,698,2,26,26670537_424685104_2_41_0_1235885,26670537,424685104,2,41,1235885,2.0,,False,Bao gồm bữa sáng rất ngon,"Hủy miễn phí trước 18:00, 10 tháng 10, 2026",Không cần thanh toán trước - thanh toán tại chỗ nghỉ,Bao gồm 100000.00 VND tín dụng ăn/uống + nhận phòng sớm,,price_attr
26,mercure-vung-tau-vietnam,2026-10-11,27,Phòng executive 2 giường đơn nhìn ra biển,3679784.00,,,1,0,2.0,21bb2119,42ee661d,699,2,27,26670537_119446954_1_41_0,26670537,119446954,1,41,,1.0,Chỉ dành cho 1 khách,True,Bao gồm bữa sáng rất ngon,Không hoàn tiền,• Thanh toán cho chỗ nghỉ trước khi đến,,,price_attr
26,mercure-vung-tau-vietnam,2026-10-11,28,Phòng executive 2 giường đơn nhìn ra biển,4087994.00,,,1,1,2.0,21bb2119,6a4fdf03,700,2,28,26670537_269095466_1_41_0_1123187,26670537,269095466,1,41,1123187,1.0,Chỉ dành cho 1 khách,True,Bao gồm bữa sáng rất ngon,"Hủy miễn phí trước 8 tháng 10, 2026",• Thanh toán cho chỗ nghỉ trước khi đến,Bao gồm nhận phòng sớm,,price_attr
26,mercure-vung-tau-vietnam,2026-10-11,29,Phòng executive 2 giường đơn nhìn ra biển,4292099.00,,,1,1,2.0,21bb2119,32d6ae0f,698,2,29,26670537_424685104_1_41_0_1235885,26670537,424685104,1,41,1235885,1.0,Chỉ dành cho 1 khách,True,Bao gồm bữa sáng rất ngon,"Hủy miễn phí trước 18:00, 10 tháng 10, 2026",Không cần thanh toán trước - thanh toán tại chỗ nghỉ,Bao gồm 100000.00 VND tín dụng ăn/uống + nhận phòng sớm,,price_attr
26,mercure-vung-tau-vietnam,2026-10-11,30,Phòng Superior có giường cỡ King và nhìn ra Vườn,2997284.00,,,1,0,2.0,1130c1eb,42ee661d,696,2,30,26670539_119446954_2_41_0,26670539,119446954,2,41,,2.0,,False,Bao gồm bữa sáng rất ngon,Không hoàn tiền,• Thanh toán cho chỗ nghỉ trước khi đến,,,price_attr
26,mercure-vung-tau-vietnam,2026-10-11,31,Phòng Superior có giường cỡ King và nhìn ra Vườn,3300494.00,,,1,1,2.0,1130c1eb,6a4fdf03,697,2,31,26670539_269095466_2_41_0_1123187,26670539,269095466,2,41,1123187,2.0,,False,Bao gồm bữa sáng rất ngon,"Hủy miễn phí trước 8 tháng 10, 2026",• Thanh toán cho chỗ nghỉ trước khi đến,Bao gồm nhận phòng sớm,,price_attr
26,mercure-vung-tau-vietnam,2026-10-11,32,Phòng Superior có giường cỡ King và nhìn ra Vườn,3452099.00,,,1,1,2.0,1130c1eb,32d6ae0f,695,2,32,26670539_424685104_2_41_0_1235885,26670539,424685104,2,41,1235885,2.0,,False,Bao gồm bữa sáng rất ngon,"Hủy miễn phí trước 18:00, 10 tháng 10, 2026",Không cần thanh toán trước - thanh toán tại chỗ nghỉ,Bao gồm 100000.00 VND tín dụng ăn/uống + nhận phòng sớm,,price_attr
26,mercure-vung-tau-vietnam,2026-10-11,33,Phòng Superior có giường cỡ King và nhìn ra Vườn,2787284.00,,,1,0,2.0,1130c1eb,42ee661d,696,2,33,26670539_119446954_1_41_0,26670539,119446954,1,41,,1.0,Chỉ dành cho 1 khách,True,Bao gồm bữa sáng rất ngon,Không hoàn tiền,• Thanh toán cho chỗ nghỉ trước khi đến,,,price_attr
26,mercure-vung-tau-vietnam,2026-10-11,34,Phòng Superior có giường cỡ King và nhìn ra Vườn,3090494.00,,,1,1,2.0,1130c1eb,6a4fdf03,697,2,34,26670539_269095466_1_41_0_1123187,26670539,269095466,1,41,1123187,1.0,Chỉ dành cho 1 khách,True,Bao gồm bữa sáng rất ngon,"Hủy miễn phí trước 8 tháng 10, 2026",• Thanh toán cho chỗ nghỉ trước khi đến,Bao gồm nhận phòng sớm,,price_attr
26,mercure-vung-tau-vietnam,2026-10-11,35,Phòng Superior có giường cỡ King và nhìn ra Vườn,3242099.00,,,1,1,2.0,1130c1eb,32d6ae0f,695,2,35,26670539_424685104_1_41_0_1235885,26670539,424685104,1,41,1235885,1.0,Chỉ dành cho 1 khách,True,Bao gồm bữa sáng rất ngon,"Hủy miễn phí trước 18:00, 10 tháng 10, 2026",Không cần thanh toán trước - thanh toán tại chỗ nghỉ,Bao gồm 100000.00 VND tín dụng ăn/uống + nhận phòng sớm,,price_attr
26,mercure-vung-tau-vietnam,2026-10-11,36,Phòng Deluxe 2 Giường Đơn Nhìn Ra Biển,3549784.00,,,1,0,2.0,5794754b,42ee661d,705,2,36,26670535_119446954_2_41_0,26670535,119446954,2,41,,2.0,,False,Bao gồm bữa sáng rất ngon,Không hoàn tiền,• Thanh toán cho chỗ nghỉ trước khi đến,,,price_attr
26,mercure-vung-tau-vietnam,2026-10-11,37,Phòng Deluxe 2 Giường Đơn Nhìn Ra Biển,3917994.00,,,1,1,2.0,5794754b,6a4fdf03,706,2,37,26670535_269095466_2_41_0_1123187,26670535,269095466,2,41,1123187,2.0,,False,Bao gồm bữa sáng rất ngon,"Hủy miễn phí trước 8 tháng 10, 2026",• Thanh toán cho chỗ nghỉ trước khi đến,Bao gồm nhận phòng sớm,,price_attr
26,mercure-vung-tau-vietnam,2026-10-11,38,Phòng Deluxe 2 Giường Đơn Nhìn Ra Biển,4102099.00,,,1,1,2.0,5794754b,32d6ae0f,704,2,38,26670535_424685104_2_41_0_1235885,26670535,424685104,2,41,1235885,2.0,,False,Bao gồm bữa sáng rất ngon,"Hủy miễn phí trước 18:00, 10 tháng 10, 2026",Không cần thanh toán trước - thanh toán tại chỗ nghỉ,Bao gồm 100000.00 VND tín dụng ăn/uống + nhận phòng sớm,,price_attr
26,mercure-vung-tau-vietnam,2026-10-11,39,Phòng Deluxe 2 Giường Đơn Nhìn Ra Biển,3339784.00,,,1,0,2.0,5794754b,42ee661d,705,2,39,26670535_119446954_1_41_0,26670535,119446954,1,41,,1.0,Chỉ dành cho 1 khách,True,Bao gồm bữa sáng rất ngon,Không hoàn tiền,• Thanh toán cho chỗ nghỉ trước khi đến,,,price_attr
26,mercure-vung-tau-vietnam,2026-10-11,40,Phòng Deluxe 2 Giường Đơn Nhìn Ra Biển,3707994.00,,,1,1,2.0,5794754b,6a4fdf03,706,2,40,26670535_269095466_1_41_0_1123187,26670535,269095466,1,41,1123187,1.0,Chỉ dành cho 1 khách,True,Bao gồm bữa sáng rất ngon,"Hủy miễn phí trước 8 tháng 10, 2026",• Thanh toán cho chỗ nghỉ trước khi đến,Bao gồm nhận phòng sớm,,price_attr
26,mercure-vung-tau-vietnam,2026-10-11,41,Phòng Deluxe 2 Giường Đơn Nhìn Ra Biển,3892099.00,,,1,1,2.0,5794754b,32d6ae0f,704,2,41,26670535_424685104_1_41_0_1235885,26670535,424685104,1,41,1235885,1.0,Chỉ dành cho 1 khách,True,Bao gồm bữa sáng rất ngon,"Hủy miễn phí trước 18:00, 10 tháng 10, 2026",Không cần thanh toán trước - thanh toán tại chỗ nghỉ,Bao gồm 100000.00 VND tín dụng ăn/uống + nhận phòng sớm,,price_attr
26,mercure-vung-tau-vietnam,2026-10-11,42,Phòng Executive có giường cỡ King Nhìn ra Biển,3889784.00,,,1,0,2.0,eec69a1a,42ee661d,720,2,42,26670533_119446954_2_41_0,26670533,119446954,2,41,,2.0,,False,Bao gồm bữa sáng rất ngon,Không hoàn tiền,• Thanh toán cho chỗ nghỉ trước khi đến,,,price_attr
26,mercure-vung-tau-vietnam,2026-10-11,43,Phòng Executive có giường cỡ King Nhìn ra Biển,4297994.00,,,1,1,2.0,eec69a1a,6a4fdf03,721,2,43,26670533_269095466_2_41_0_1123187,26670533,269095466,2,41,1123187,2.0,,False,Bao gồm bữa sáng rất ngon,"Hủy miễn phí trước 8 tháng 10, 2026",• Thanh toán cho chỗ nghỉ trước khi đến,Bao gồm nhận phòng sớm,,price_attr
26,mercure-vung-tau-vietnam,2026-10-11,44,Phòng Executive có giường cỡ King Nhìn ra Biển,4502099.00,,,1,1,2.0,eec69a1a,32d6ae0f,719,2,44,26670533_424685104_2_41_0_1235885,26670533,424685104,2,41,1235885,2.0,,False,Bao gồm bữa sáng rất ngon,"Hủy miễn phí trước 18:00, 10 tháng 10, 2026",Không cần thanh toán trước - thanh toán tại chỗ nghỉ,Bao gồm 100000.00 VND tín dụng ăn/uống + nhận phòng sớm,,price_attr
26,mercure-vung-tau-vietnam,2026-10-11,45,Phòng Executive có giường cỡ King Nhìn ra Biển,3679784.00,,,1,0,2.0,eec69a1a,42ee661d,720,2,45,26670533_119446954_1_41_0,26670533,119446954,1,41,,1.0,Chỉ dành cho 1 khách,True,Bao gồm bữa sáng rất ngon,Không hoàn tiền,• Thanh toán cho chỗ nghỉ trước khi đến,,,price_attr
26,mercure-vung-tau-vietnam,2026-10-11,46,Phòng Executive có giường cỡ King Nhìn ra Biển,4087994.00,,,1,1,2.0,eec69a1a,6a4fdf03,721,2,46,26670533_269095466_1_41_0_1123187,26670533,269095466,1,41,1123187,1.0,Chỉ dành cho 1 khách,True,Bao gồm bữa sáng rất ngon,"Hủy miễn phí trước 8 tháng 10, 2026",• Thanh toán cho chỗ nghỉ trước khi đến,Bao gồm nhận phòng sớm,,price_attr
26,mercure-vung-tau-vietnam,2026-10-11,47,Phòng Executive có giường cỡ King Nhìn ra Biển,4292099.00,,,1,1,2.0,eec69a1a,32d6ae0f,719,2,47,26670533_424685104_1_41_0_1235885,26670533,424685104,1,41,1235885,1.0,Chỉ dành cho 1 khách,True,Bao gồm bữa sáng rất ngon,"Hủy miễn phí trước 18:00, 10 tháng 10, 2026",Không cần thanh toán trước - thanh toán tại chỗ nghỉ,Bao gồm 100000.00 VND tín dụng ăn/uống + nhận phòng sớm,,price_attr
26,mercure-vung-tau-vietnam,2026-10-11,48,Family Room with One King Bed and Bunk Bed and Sea View,4187284.00,,,1,0,2.0,ae618ac8,42ee661d,717,2,48,26670534_119446954_2_41_0,26670534,119446954,2,41,,2.0,,False,Bao gồm bữa sáng rất ngon,Không hoàn tiền,• Thanh toán cho chỗ nghỉ trước khi đến,,,price_attr
26,mercure-vung-tau-vietnam,2026-10-11,49,Family Room with One King Bed and Bunk Bed and Sea View,4630494.00,,,1,1,2.0,ae618ac8,6a4fdf03,718,2,49,26670534_269095466_2_41_0_1123187,26670534,269095466,2,41,1123187,2.0,,False,Bao gồm bữa sáng rất ngon,"Hủy miễn phí trước 8 tháng 10, 2026",• Thanh toán cho chỗ nghỉ trước khi đến,Bao gồm nhận phòng sớm,,price_attr
26,mercure-vung-tau-vietnam,2026-10-11,50,Family Room with One King Bed and Bunk Bed and Sea View,4852099.00,,,1,1,2.0,ae618ac8,32d6ae0f,716,2,50,26670534_424685104_2_41_0_1235885,26670534,424685104,2,41,1235885,2.0,,False,Bao gồm bữa sáng rất ngon,"Hủy miễn phí trước 18:00, 10 tháng 10, 2026",Không cần thanh toán trước - thanh toán tại chỗ nghỉ,Bao gồm 100000.00 VND tín dụng ăn/uống + nhận phòng sớm,,price_attr
26,mercure-vung-tau-vietnam,2026-10-11,51,Family Room with One King Bed and Bunk Bed and Sea View,3977284.00,,,1,0,2.0,ae618ac8,42ee661d,717,2,51,26670534_119446954_1_41_0,26670534,119446954,1,41,,1.0,Chỉ dành cho 1 khách,True,Bao gồm bữa sáng rất ngon,Không hoàn tiền,• Thanh toán cho chỗ nghỉ trước khi đến,,,price_attr
26,mercure-vung-tau-vietnam,2026-10-11,52,Family Room with One King Bed and Bunk Bed and Sea View,4420494.00,,,1,1,2.0,ae618ac8,6a4fdf03,718,2,52,26670534_269095466_1_41_0_1123187,26670534,269095466,1,41,1123187,1.0,Chỉ dành cho 1 khách,True,Bao gồm bữa sáng rất ngon,"Hủy miễn phí trước 8 tháng 10, 2026",• Thanh toán cho chỗ nghỉ trước khi đến,Bao gồm nhận phòng sớm,,price_attr
26,mercure-vung-tau-vietnam,2026-10-11,53,Family Room with One King Bed and Bunk Bed and Sea View,4642099.00,,,1,1,2.0,ae618ac8,32d6ae0f,716,2,53,26670534_424685104_1_41_0_1235885,26670534,424685104,1,41,1235885,1.0,Chỉ dành cho 1 khách,True,Bao gồm bữa sáng rất ngon,"Hủy miễn phí trước 18:00, 10 tháng 10, 2026",Không cần thanh toán trước - thanh toán tại chỗ nghỉ,Bao gồm 100000.00 VND tín dụng ăn/uống + nhận phòng sớm,,price_attr
27,mercure-vung-tau-vietnam,2026-11-18,0,Phòng Tiêu Chuẩn Có Giường Cỡ Queen Sườn Đồi - Bên Kia Đường,1815433.00,,,1,0,2.0,6481dccb,42ee661d,737,2,0,26670529_119446954_2_41_0,26670529,119446954,2,41,,2.0,,False,Bao gồm bữa sáng rất ngon,Không hoàn tiền,• Thanh toán cho chỗ nghỉ trước khi đến,,,price_attr
27,mercure-vung-tau-vietnam,2026-11-18,1,Phòng Tiêu Chuẩn Có Giường Cỡ Queen Sườn Đồi - Bên Kia Đường,1979602.00,,,1,1,2.0,6481dccb,804a1dd8,739,2,1,26670529_269095466_2_41_0_1123187,26670529,269095466,2,41,1123187,2.0,,False,Bao gồm bữa sáng rất ngon,"Hủy miễn phí trước 15 tháng 11, 2026",• Thanh toán cho chỗ nghỉ trước khi đến,Bao gồm nhận phòng sớm,,price_attr
27,mercure-vung-tau-vietnam,2026-11-18,2,Phòng Tiêu Chuẩn Có Giường Cỡ Queen Sườn Đồi - Bên Kia Đường,2061686.00,,,1,1,2.0,6481dccb,765c776d,738,2,2,26670529_424685104_2_41_0_1235885,26670529,424685104,2,41,1235885,2.0,,False,Bao gồm bữa sáng rất ngon,"Hủy miễn phí trước 18:00, 17 tháng 11, 2026",Không cần thanh toán trước - thanh toán tại chỗ nghỉ,Bao gồm 100000.00 VND tín dụng ăn/uống + nhận phòng sớm,,price_attr
27,mercure-vung-tau-vietnam,2026-11-18,3,Phòng Tiêu Chuẩn Có Giường Cỡ Queen Sườn Đồi - Bên Kia Đường,1605433.00,,,1,0,2.0,6481dccb,42ee661d,737,2,3,26670529_119446954_1_41_0,26670529,119446954,1,41,,1.0,Chỉ dành cho 1 khách,True,Bao gồm bữa sáng rất ngon,Không hoàn tiền,• Thanh toán cho chỗ nghỉ trước khi đến,,,price_attr
27,mercure-vung-tau-vietnam,2026-11-18,4,Phòng Tiêu Chuẩn Có Giường Cỡ Queen Sườn Đồi - Bên Kia Đường,1769602.00,,,1,1,2.0,6481dccb,804a1dd8,739,2,4,26670529_269095466_1_41_0_1123187,26670529,269095466,1,41,1123187,1.0,Chỉ dành cho 1 khách,True,Bao gồm bữa sáng rất ngon,"Hủy miễn phí trước 15 tháng 11, 2026",• Thanh toán cho chỗ nghỉ trước khi đến,Bao gồm nhận phòng sớm,,price_attr
27,mercure-vung-tau-vietnam,2026-11-18,5,Phòng Tiêu Chuẩn Có Giường Cỡ Queen Sườn Đồi - Bên Kia Đường,1851686.00,,,1,1,2.0,6481dccb,765c776d,738,2,5,26670529_424685104_1_41_0_1235885,26670529,424685104,1,41,1235885,1.0,Chỉ dành cho 1 khách,True,Bao gồm bữa sáng rất ngon,"Hủy miễn phí trước 18:00, 17 tháng 11, 2026",Không cần thanh toán trước - thanh toán tại chỗ nghỉ,Bao gồm 100000.00 VND tín dụng ăn/uống + nhận phòng sớm,,price_attr
27,mercure-vung-tau-vietnam,2026-11-18,6,Phòng Superior Có Giường Cỡ King Sườn Đồi - Bên Kia Đường,2070433.00,,,1,0,2.0,5c02200e,42ee661d,734,2,6,26670524_119446954_2_41_0,26670524,119446954,2,41,,2.0,,False,Bao gồm bữa sáng rất ngon,Không hoàn tiền,• Thanh toán cho chỗ nghỉ trước khi đến,,,price_attr
27,mercure-vung-tau-vietnam,2026-11-18,7,Phòng Superior Có Giường Cỡ King Sườn Đồi - Bên Kia Đường,2264602.00,,,1,1,2.0,5c02200e,804a1dd8,736,2,7,26670524_269095466_2_41_0_1123187,26670524,269095466,2,41,1123187,2.0,,False,Bao gồm bữa sáng rất ngon,"Hủy miễn phí trước 15 tháng 11, 2026",• Thanh toán cho chỗ nghỉ trước khi đến,Bao gồm nhận phòng sớm,,price_attr
27,mercure-vung-tau-vietnam,2026-11-18,8,Phòng Superior Có Giường Cỡ King Sườn Đồi - Bên Kia Đường,2361686.00,,,1,1,2.0,5c02200e,765c776d,735,2,8,26670524_424685104_2_41_0_1235885,26670524,424685104,2,41,1235885,2.0,,False,Bao gồm bữa sáng rất ngon,"Hủy miễn phí trước 18:00, 17 tháng 11, 2026",Không cần thanh toán trước - thanh toán tại chỗ nghỉ,Bao gồm 100000.00 VND tín dụng ăn/uống + nhận phòng sớm,,price_attr
27,mercure-vung-tau-vietnam,2026-11-18,9,Phòng Superior Có Giường Cỡ King Sườn Đồi - Bên Kia Đường,1860433.00,,,1,0,2.0,5c02200e,42ee661d,734,2,9,26670524_119446954_1_41_0,26670524,119446954,1,41,,1.0,Chỉ dành cho 1 khách,True,Bao gồm bữa sáng rất ngon,Không hoàn tiền,• Thanh toán cho chỗ nghỉ trước khi đến,,,price_attr
27,mercure-vung-tau-vietnam,2026-11-18,10,Phòng Superior Có Giường Cỡ King Sườn Đồi - Bên Kia Đường,2054602.00,,,1,1,2.0,5c02200e,804a1dd8,736,2,10,26670524_269095466_1_41_0_1123187,26670524,269095466,1,41,1123187,1.0,Chỉ dành cho 1 khách,True,Bao gồm bữa sáng rất ngon,"Hủy miễn phí trước 15 tháng 11, 2026",• Thanh toán cho chỗ nghỉ trước khi đến,Bao gồm nhận phòng sớm,,price_attr
27,mercure-vung-tau-vietnam,2026-11-18,11,Phòng Superior Có Giường Cỡ King Sườn Đồi - Bên Kia Đường,2151686.00,,,1,1,2.0,5c02200e,765c776d,735,2,11,26670524_424685104_1_41_0_1235885,26670524,424685104,1,41,1235885,1.0,Chỉ dành cho 1 khách,True,Bao gồm bữa sáng rất ngon,"Hủy miễn phí trước 18:00, 17 tháng 11, 2026",Không cần thanh toán trước - thanh toán tại chỗ nghỉ,Bao gồm 100000.00 VND tín dụng ăn/uống + nhận phòng sớm,,price_attr
27,mercure-vung-tau-vietnam,2026-11-18,12,Phòng Superior 2 Giường Đơn Sườn Đồi - Bên Kia Đường,2070433.00,,,1,0,2.0,4e80e899,42ee661d,728,2,12,26670536_119446954_2_41_0,26670536,119446954,2,41,,2.0,,False,Bao gồm bữa sáng rất ngon,Không hoàn tiền,• Thanh toán cho chỗ nghỉ trước khi đến,,,price_attr
27,mercure-vung-tau-vietnam,2026-11-18,13,Phòng Superior 2 Giường Đơn Sườn Đồi - Bên Kia Đường,2264602.00,,,1,1,2.0,4e80e899,804a1dd8,730,2,13,26670536_269095466_2_41_0_1123187,26670536,269095466,2,41,1123187,2.0,,False,Bao gồm bữa sáng rất ngon,"Hủy miễn phí trước 15 tháng 11, 2026",• Thanh toán cho chỗ nghỉ trước khi đến,Bao gồm nhận phòng sớm,,price_attr
27,mercure-vung-tau-vietnam,2026-11-18,14,Phòng Superior 2 Giường Đơn Sườn Đồi - Bên Kia Đường,2361686.00,,,1,1,2.0,4e80e899,765c776d,729,2,14,26670536_424685104_2_41_0_1235885,26670536,424685104,2,41,1235885,2.0,,False,Bao gồm bữa sáng rất ngon,"Hủy miễn phí trước 18:00, 17 tháng 11, 2026",Không cần thanh toán trước - thanh toán tại chỗ nghỉ,Bao gồm 100000.00 VND tín dụng ăn/uống + nhận phòng sớm,,price_attr
27,mercure-vung-tau-vietnam,2026-11-18,15,Phòng Superior 2 Giường Đơn Sườn Đồi - Bên Kia Đường,1860433.00,,,1,0,2.0,4e80e899,42ee661d,728,2,15,26670536_119446954_1_41_0,26670536,119446954,1,41,,1.0,Chỉ dành cho 1 khách,True,Bao gồm bữa sáng rất ngon,Không hoàn tiền,• Thanh toán cho chỗ nghỉ trước khi đến,,,price_attr
27,mercure-vung-tau-vietnam,2026-11-18,16,Phòng Superior 2 Giường Đơn Sườn Đồi - Bên Kia Đường,2054602.00,,,1,1,2.0,4e80e899,804a1dd8,730,2,16,26670536_269095466_1_41_0_1123187,26670536,269095466,1,41,1123187,1.0,Chỉ dành cho 1 khách,True,Bao gồm bữa sáng rất ngon,"Hủy miễn phí trước 15 tháng 11, 2026",• Thanh toán cho chỗ nghỉ trước khi đến,Bao gồm nhận phòng sớm,,price_attr
27,mercure-vung-tau-vietnam,2026-11-18,17,Phòng Superior 2 Giường Đơn Sườn Đồi - Bên Kia Đường,2151686.00,,,1,1,2.0,4e80e899,765c776d,729,2,17,26670536_424685104_1_41_0_1235885,26670536,424685104,1,41,1235885,1.0,Chỉ dành cho 1 khách,True,Bao gồm bữa sáng rất ngon,"Hủy miễn phí trước 18:00, 17 tháng 11, 2026",Không cần thanh toán trước - thanh toán tại chỗ nghỉ,Bao gồm 100000.00 VND tín dụng ăn/uống + nhận phòng sớm,,price_attr
27,mercure-vung-tau-vietnam,2026-11-18,18,Phòng Superior có giường cỡ King và nhìn ra Vườn,2622933.00,,,1,0,2.0,1130c1eb,42ee661d,722,2,18,26670539_119446954_2_41_0,26670539,119446954,2,41,,2.0,,False,Bao gồm bữa sáng rất ngon,Không hoàn tiền,• Thanh toán cho chỗ nghỉ trước khi đến,,,price_attr
27,mercure-vung-tau-vietnam,2026-11-18,19,Phòng Superior có giường cỡ King và nhìn ra Vườn,2882102.00,,,1,1,2.0,1130c1eb,804a1dd8,724,2,19,26670539_269095466_2_41_0_1123187,26670539,269095466,2,41,1123187,2.0,,False,Bao gồm bữa sáng rất ngon,"Hủy miễn phí trước 15 tháng 11, 2026",• Thanh toán cho chỗ nghỉ trước khi đến,Bao gồm nhận phòng sớm,,price_attr
27,mercure-vung-tau-vietnam,2026-11-18,20,Phòng Superior có giường cỡ King và nhìn ra Vườn,3011686.00,,,1,1,2.0,1130c1eb,765c776d,723,2,20,26670539_424685104_2_41_0_1235885,26670539,424685104,2,41,1235885,2.0,,False,Bao gồm bữa sáng rất ngon,"Hủy miễn phí trước 18:00, 17 tháng 11, 2026",Không cần thanh toán trước - thanh toán tại chỗ nghỉ,Bao gồm 100000.00 VND tín dụng ăn/uống + nhận phòng sớm,,price_attr
27,mercure-vung-tau-vietnam,2026-11-18,21,Phòng Superior có giường cỡ King và nhìn ra Vườn,2412933.00,,,1,0,2.0,1130c1eb,42ee661d,722,2,21,26670539_119446954_1_41_0,26670539,119446954,1,41,,1.0,Chỉ dành cho 1 khách,True,Bao gồm bữa sáng rất ngon,Không hoàn tiền,• Thanh toán cho chỗ nghỉ trước khi đến,,,price_attr
27,mercure-vung-tau-vietnam,2026-11-18,22,Phòng Superior có giường cỡ King và nhìn ra Vườn,2672102.00,,,1,1,2.0,1130c1eb,804a1dd8,724,2,22,26670539_269095466_1_41_0_1123187,26670539,269095466,1,41,1123187,1.0,Chỉ dành cho 1 khách,True,Bao gồm bữa sáng rất ngon,"Hủy miễn phí trước 15 tháng 11, 2026",• Thanh toán cho chỗ nghỉ trước khi đến,Bao gồm nhận phòng sớm,,price_attr
27,mercure-vung-tau-vietnam,2026-11-18,23,Phòng Superior có giường cỡ King và nhìn ra Vườn,2801686.00,,,1,1,2.0,1130c1eb,765c776d,723,2,23,26670539_424685104_1_41_0_1235885,26670539,424685104,1,41,1235885,1.0,Chỉ dành cho 1 khách,True,Bao gồm bữa sáng rất ngon,"Hủy miễn phí trước 18:00, 17 tháng 11, 2026",Không cần thanh toán trước - thanh toán tại chỗ nghỉ,Bao gồm 100000.00 VND tín dụng ăn/uống + nhận phòng sớm,,price_attr
27,mercure-vung-tau-vietnam,2026-11-18,24,Phòng Deluxe Có Giường Cỡ King Nhìn Ra Biển,3175433.00,,,1,0,2.0,7fc4cb3e,42ee661d,740,2,24,26670523_119446954_2_41_0,26670523,119446954,2,41,,2.0,,False,Bao gồm bữa sáng rất ngon,Không hoàn tiền,• Thanh toán cho chỗ nghỉ trước khi đến,,,price_attr
27,mercure-vung-tau-vietnam,2026-11-18,25,Phòng Deluxe Có Giường Cỡ King Nhìn Ra Biển,3499602.00,,,1,1,2.0,7fc4cb3e,804a1dd8,742,2,25,26670523_269095466_2_41_0_1123187,26670523,269095466,2,41,1123187,2.0,,False,Bao gồm bữa sáng rất ngon,"Hủy miễn phí trước 15 tháng 11, 2026",• Thanh toán cho chỗ nghỉ trước khi đến,Bao gồm nhận phòng sớm,,price_attr
27,mercure-vung-tau-vietnam,2026-11-18,26,Phòng Deluxe Có Giường Cỡ King Nhìn Ra Biển,3661686.00,,,1,1,2.0,7fc4cb3e,765c776d,741,2,26,26670523_424685104_2_41_0_1235885,26670523,424685104,2,41,1235885,2.0,,False,Bao gồm bữa sáng rất ngon,"Hủy miễn phí trước 18:00, 17 tháng 11, 2026",Không cần thanh toán trước - thanh toán tại chỗ nghỉ,Bao gồm 100000.00 VND tín dụng ăn/uống + nhận phòng sớm,,price_attr
27,mercure-vung-tau-vietnam,2026-11-18,27,Phòng Deluxe Có Giường Cỡ King Nhìn Ra Biển,2965433.00,,,1,0,2.0,7fc4cb3e,42ee661d,740,2,27,26670523_119446954_1_41_0,26670523,119446954,1,41,,1.0,Chỉ dành cho 1 khách,True,Bao gồm bữa sáng rất ngon,Không hoàn tiền,• Thanh toán cho chỗ nghỉ trước khi đến,,,price_attr
27,mercure-vung-tau-vietnam,2026-11-18,28,Phòng Deluxe Có Giường Cỡ King Nhìn Ra Biển,3289602.00,,,1,1,2.0,7fc4cb3e,804a1dd8,742,2,28,26670523_269095466_1_41_0_1123187,26670523,269095466,1,41,1123187,1.0,Chỉ dành cho 1 khách,True,Bao gồm bữa sáng rất ngon,"Hủy miễn phí trước 15 tháng 11, 2026",• Thanh toán cho chỗ nghỉ trước khi đến,Bao gồm nhận phòng sớm,,price_attr
27,mercure-vung-tau-vietnam,2026-11-18,29,Phòng Deluxe Có Giường Cỡ King Nhìn Ra Biển,3451686.00,,,1,1,2.0,7fc4cb3e,765c776d,741,2,29,26670523_424685104_1_41_0_1235885,26670523,424685104,1,41,1235885,1.0,Chỉ dành cho 1 khách,True,Bao gồm bữa sáng rất ngon,"Hủy miễn phí trước 18:00, 17 tháng 11, 2026",Không cần thanh toán trước - thanh toán tại chỗ nghỉ,Bao gồm 100000.00 VND tín dụng ăn/uống + nhận phòng sớm,,price_attr
27,mercure-vung-tau-vietnam,2026-11-18,30,Phòng Deluxe 2 Giường Đơn Nhìn Ra Biển,3175433.00,,,1,0,2.0,5794754b,42ee661d,731,2,30,26670535_119446954_2_41_0,26670535,119446954,2,41,,2.0,,False,Bao gồm bữa sáng rất ngon,Không hoàn tiền,• Thanh toán cho chỗ nghỉ trước khi đến,,,price_attr
27,mercure-vung-tau-vietnam,2026-11-18,31,Phòng Deluxe 2 Giường Đơn Nhìn Ra Biển,3499602.00,,,1,1,2.0,5794754b,804a1dd8,733,2,31,26670535_269095466_2_41_0_1123187,26670535,269095466,2,41,1123187,2.0,,False,Bao gồm bữa sáng rất ngon,"Hủy miễn phí trước 15 tháng 11, 2026",• Thanh toán cho chỗ nghỉ trước khi đến,Bao gồm nhận phòng sớm,,price_attr
27,mercure-vung-tau-vietnam,2026-11-18,32,Phòng Deluxe 2 Giường Đơn Nhìn Ra Biển,3661686.00,,,1,1,2.0,5794754b,765c776d,732,2,32,26670535_424685104_2_41_0_1235885,26670535,424685104,2,41,1235885,2.0,,False,Bao gồm bữa sáng rất ngon,"Hủy miễn phí trước 18:00, 17 tháng 11, 2026",Không cần thanh toán trước - thanh toán tại chỗ nghỉ,Bao gồm 100000.00 VND tín dụng ăn/uống + nhận phòng sớm,,price_attr
27,mercure-vung-tau-vietnam,2026-11-18,33,Phòng Deluxe 2 Giường Đơn Nhìn Ra Biển,2965433.00,,,1,0,2.0,5794754b,42ee661d,731,2,33,26670535_119446954_1_41_0,26670535,119446954,1,41,,1.0,Chỉ dành cho 1 khách,True,Bao gồm bữa sáng rất ngon,Không hoàn tiền,• Thanh toán cho chỗ nghỉ trước khi đến,,,price_attr
27,mercure-vung-tau-vietnam,2026-11-18,34,Phòng Deluxe 2 Giường Đơn Nhìn Ra Biển,3289602.00,,,1,1,2.0,5794754b,804a1dd8,733,2,34,26670535_269095466_1_41_0_1123187,26670535,269095466,1,41,1123187,1.0,Chỉ dành cho 1 khách,True,Bao gồm bữa sáng rất ngon,"Hủy miễn phí trước 15 tháng 11, 2026",• Thanh toán cho chỗ nghỉ trước khi đến,Bao gồm nhận phòng sớm,,price_attr
27,mercure-vung-tau-vietnam,2026-11-18,35,Phòng Deluxe 2 Giường Đơn Nhìn Ra Biển,3451686.00,,,1,1,2.0,5794754b,765c776d,732,2,35,26670535_424685104_1_41_0_1235885,26670535,424685104,1,41,1235885,1.0,Chỉ dành cho 1 khách,True,Bao gồm bữa sáng rất ngon,"Hủy miễn phí trước 18:00, 17 tháng 11, 2026",Không cần thanh toán trước - thanh toán tại chỗ nghỉ,Bao gồm 100000.00 VND tín dụng ăn/uống + nhận phòng sớm,,price_attr
27,mercure-vung-tau-vietnam,2026-11-18,36,Phòng Executive có giường cỡ King Nhìn ra Biển,3515433.00,,,1,0,2.0,eec69a1a,42ee661d,746,2,36,26670533_119446954_2_41_0,26670533,119446954,2,41,,2.0,,False,Bao gồm bữa sáng rất ngon,Không hoàn tiền,• Thanh toán cho chỗ nghỉ trước khi đến,,,price_attr
27,mercure-vung-tau-vietnam,2026-11-18,37,Phòng Executive có giường cỡ King Nhìn ra Biển,3879602.00,,,1,1,2.0,eec69a1a,804a1dd8,748,2,37,26670533_269095466_2_41_0_1123187,26670533,269095466,2,41,1123187,2.0,,False,Bao gồm bữa sáng rất ngon,"Hủy miễn phí trước 15 tháng 11, 2026",• Thanh toán cho chỗ nghỉ trước khi đến,Bao gồm nhận phòng sớm,,price_attr
27,mercure-vung-tau-vietnam,2026-11-18,38,Phòng Executive có giường cỡ King Nhìn ra Biển,4061686.00,,,1,1,2.0,eec69a1a,765c776d,747,2,38,26670533_424685104_2_41_0_1235885,26670533,424685104,2,41,1235885,2.0,,False,Bao gồm bữa sáng rất ngon,"Hủy miễn phí trước 18:00, 17 tháng 11, 2026",Không cần thanh toán trước - thanh toán tại chỗ nghỉ,Bao gồm 100000.00 VND tín dụng ăn/uống + nhận phòng sớm,,price_attr
27,mercure-vung-tau-vietnam,2026-11-18,39,Phòng Executive có giường cỡ King Nhìn ra Biển,3305433.00,,,1,0,2.0,eec69a1a,42ee661d,746,2,39,26670533_119446954_1_41_0,26670533,119446954,1,41,,1.0,Chỉ dành cho 1 khách,True,Bao gồm bữa sáng rất ngon,Không hoàn tiền,• Thanh toán cho chỗ nghỉ trước khi đến,,,price_attr
27,mercure-vung-tau-vietnam,2026-11-18,40,Phòng Executive có giường cỡ King Nhìn ra Biển,3669602.00,,,1,1,2.0,eec69a1a,804a1dd8,748,2,40,26670533_269095466_1_41_0_1123187,26670533,269095466,1,41,1123187,1.0,Chỉ dành cho 1 khách,True,Bao gồm bữa sáng rất ngon,"Hủy miễn phí trước 15 tháng 11, 2026",• Thanh toán cho chỗ nghỉ trước khi đến,Bao gồm nhận phòng sớm,,price_attr
27,mercure-vung-tau-vietnam,2026-11-18,41,Phòng Executive có giường cỡ King Nhìn ra Biển,3851686.00,,,1,1,2.0,eec69a1a,765c776d,747,2,41,26670533_424685104_1_41_0_1235885,26670533,424685104,1,41,1235885,1.0,Chỉ dành cho 1 khách,True,Bao gồm bữa sáng rất ngon,"Hủy miễn phí trước 18:00, 17 tháng 11, 2026",Không cần thanh toán trước - thanh toán tại chỗ nghỉ,Bao gồm 100000.00 VND tín dụng ăn/uống + nhận phòng sớm,,price_attr
27,mercure-vung-tau-vietnam,2026-11-18,42,Phòng executive 2 giường đơn nhìn ra biển,3515433.00,,,1,0,2.0,21bb2119,42ee661d,725,2,42,26670537_119446954_2_41_0,26670537,119446954,2,41,,2.0,,False,Bao gồm bữa sáng rất ngon,Không hoàn tiền,• Thanh toán cho chỗ nghỉ trước khi đến,,,price_attr
27,mercure-vung-tau-vietnam,2026-11-18,43,Phòng executive 2 giường đơn nhìn ra biển,3879602.00,,,1,1,2.0,21bb2119,804a1dd8,727,2,43,26670537_269095466_2_41_0_1123187,26670537,269095466,2,41,1123187,2.0,,False,Bao gồm bữa sáng rất ngon,"Hủy miễn phí trước 15 tháng 11, 2026",• Thanh toán cho chỗ nghỉ trước khi đến,Bao gồm nhận phòng sớm,,price_attr
27,mercure-vung-tau-vietnam,2026-11-18,44,Phòng executive 2 giường đơn nhìn ra biển,4061686.00,,,1,1,2.0,21bb2119,765c776d,726,2,44,26670537_424685104_2_41_0_1235885,26670537,424685104,2,41,1235885,2.0,,False,Bao gồm bữa sáng rất ngon,"Hủy miễn phí trước 18:00, 17 tháng 11, 2026",Không cần thanh toán trước - thanh toán tại chỗ nghỉ,Bao gồm 100000.00 VND tín dụng ăn/uống + nhận phòng sớm,,price_attr
27,mercure-vung-tau-vietnam,2026-11-18,45,Phòng executive 2 giường đơn nhìn ra biển,3305433.00,,,1,0,2.0,21bb2119,42ee661d,725,2,45,26670537_119446954_1_41_0,26670537,119446954,1,41,,1.0,Chỉ dành cho 1 khách,True,Bao gồm bữa sáng rất ngon,Không hoàn tiền,• Thanh toán cho chỗ nghỉ trước khi đến,,,price_attr
27,mercure-vung-tau-vietnam,2026-11-18,46,Phòng executive 2 giường đơn nhìn ra biển,3669602.00,,,1,1,2.0,21bb2119,804a1dd8,727,2,46,26670537_269095466_1_41_0_1123187,26670537,269095466,1,41,1123187,1.0,Chỉ dành cho 1 khách,True,Bao gồm bữa sáng rất ngon,"Hủy miễn phí trước 15 tháng 11, 2026",• Thanh toán cho chỗ nghỉ trước khi đến,Bao gồm nhận phòng sớm,,price_attr
27,mercure-vung-tau-vietnam,2026-11-18,47,Phòng executive 2 giường đơn nhìn ra biển,3851686.00,,,1,1,2.0,21bb2119,765c776d,726,2,47,26670537_424685104_1_41_0_1235885,26670537,424685104,1,41,1235885,1.0,Chỉ dành cho 1 khách,True,Bao gồm bữa sáng rất ngon,"Hủy miễn phí trước 18:00, 17 tháng 11, 2026",Không cần thanh toán trước - thanh toán tại chỗ nghỉ,Bao gồm 100000.00 VND tín dụng ăn/uống + nhận phòng sớm,,price_attr
27,mercure-vung-tau-vietnam,2026-11-18,48,Family Room with One King Bed and Bunk Bed and Sea View,3812933.00,,,1,0,2.0,ae618ac8,42ee661d,743,2,48,26670534_119446954_2_41_0,26670534,119446954,2,41,,2.0,,False,Bao gồm bữa sáng rất ngon,Không hoàn tiền,• Thanh toán cho chỗ nghỉ trước khi đến,,,price_attr
27,mercure-vung-tau-vietnam,2026-11-18,49,Family Room with One King Bed and Bunk Bed and Sea View,4212102.00,,,1,1,2.0,ae618ac8,804a1dd8,745,2,49,26670534_269095466_2_41_0_1123187,26670534,269095466,2,41,1123187,2.0,,False,Bao gồm bữa sáng rất ngon,"Hủy miễn phí trước 15 tháng 11, 2026",• Thanh toán cho chỗ nghỉ trước khi đến,Bao gồm nhận phòng sớm,,price_attr
27,mercure-vung-tau-vietnam,2026-11-18,50,Family Room with One King Bed and Bunk Bed and Sea View,4411686.00,,,1,1,2.0,ae618ac8,765c776d,744,2,50,26670534_424685104_2_41_0_1235885,26670534,424685104,2,41,1235885,2.0,,False,Bao gồm bữa sáng rất ngon,"Hủy miễn phí trước 18:00, 17 tháng 11, 2026",Không cần thanh toán trước - thanh toán tại chỗ nghỉ,Bao gồm 100000.00 VND tín dụng ăn/uống + nhận phòng sớm,,price_attr
27,mercure-vung-tau-vietnam,2026-11-18,51,Family Room with One King Bed and Bunk Bed and Sea View,3602933.00,,,1,0,2.0,ae618ac8,42ee661d,743,2,51,26670534_119446954_1_41_0,26670534,119446954,1,41,,1.0,Chỉ dành cho 1 khách,True,Bao gồm bữa sáng rất ngon,Không hoàn tiền,• Thanh toán cho chỗ nghỉ trước khi đến,,,price_attr
27,mercure-vung-tau-vietnam,2026-11-18,52,Family Room with One King Bed and Bunk Bed and Sea View,4002102.00,,,1,1,2.0,ae618ac8,804a1dd8,745,2,52,26670534_269095466_1_41_0_1123187,26670534,269095466,1,41,1123187,1.0,Chỉ dành cho 1 khách,True,Bao gồm bữa sáng rất ngon,"Hủy miễn phí trước 15 tháng 11, 2026",• Thanh toán cho chỗ nghỉ trước khi đến,Bao gồm nhận phòng sớm,,price_attr
27,mercure-vung-tau-vietnam,2026-11-18,53,Family Room with One King Bed and Bunk Bed and Sea View,4201686.00,,,1,1,2.0,ae618ac8,765c776d,744,2,53,26670534_424685104_1_41_0_1235885,26670534,424685104,1,41,1235885,1.0,Chỉ dành cho 1 khách,True,Bao gồm bữa sáng rất ngon,"Hủy miễn phí trước 18:00, 17 tháng 11, 2026",Không cần thanh toán trước - thanh toán tại chỗ nghỉ,Bao gồm 100000.00 VND tín dụng ăn/uống + nhận phòng sớm,,price_attr
28,the-imperial-vung-tau,2026-10-01,0,Residence 2 Giường Đơn,2185671.00,,,0,0,,79236249,1b6f0e44,786,1,1,bbasic_0,bbasic,0,,,,,,False,Bữa sáng Rất tốt - VND 500.000,Không hoàn tiền,• Thanh toán trước,,,price_text
28,the-imperial-vung-tau,2026-10-01,1,Residence 2 Giường Đơn,2457000.00,3900000.00,37.00,0,0,2.0,2ea9b1c6,1b6f0e44,760,1,2,17274881_119446698_2_2_0_563131,17274881,119446698,2,2,563131,,,False,Bữa sáng Rất tốt - VND 500.000,Không hoàn tiền | Linh động đổi ngày khi kế hoạch thay đổi,• Thanh toán cho chỗ nghỉ trước khi đến,Bao gồm 1 chỗ đậu xe + internet tốc độ cao | – Có thể có giảm giá,Tiết kiệm 37% | Ưu Đãi Cuối Năm,price_attr
28,the-imperial-vung-tau,2026-10-01,2,Residence 2 Giường Đơn,2898000.00,4600000.00,37.00,1,0,2.0,2ea9b1c6,42ee661d,762,2,3,17274881_119446698_2_1_0_563131,17274881,119446698,2,1,563131,,,False,Bao gồm bữa sáng rất ngon,Không hoàn tiền | Linh động đổi ngày khi kế hoạch thay đổi,• Thanh toán cho chỗ nghỉ trước khi đến,Bao gồm 1 chỗ đậu xe + internet tốc độ cao | – Có thể có giảm giá,Tiết kiệm 37% | Ưu Đãi Cuối Năm,price_attr
28,the-imperial-vung-tau,2026-10-01,3,Residence 2 Giường Đơn,2929500.00,4650000.00,37.00,1,0,2.0,2ea9b1c6,42ee661d,762,2,4,17274881_119446698_2_1_0_1735753,17274881,119446698,2,1,1735753,,,False,Bao gồm bữa sáng rất ngon,Không hoàn tiền | Linh động đổi ngày khi kế hoạch thay đổi,• Thanh toán cho chỗ nghỉ trước khi đến,Bao gồm giảm giá 12% dịch vụ ăn/uống + 1 chỗ đậu xe + trả phòng trễ | – Có thể có giảm giá,Tiết kiệm 37% | Ưu Đãi Cuối Năm,price_attr
28,the-imperial-vung-tau,2026-10-01,4,Residence 2 Giường Đơn,3114720.00,4944000.00,37.00,1,1,2.0,2ea9b1c6,2d43c993,761,1,5,17274881_119446695_2_1_0_563131,17274881,119446695,2,1,563131,,,False,Bao gồm bữa sáng rất ngon,"Hủy miễn phí trước 28 tháng 9, 2026",• Thanh toán cho chỗ nghỉ trước khi đến,Bao gồm 1 chỗ đậu xe + internet tốc độ cao | – Có thể có giảm giá,Tiết kiệm 37% | Ưu Đãi Cuối Năm,price_attr
28,the-imperial-vung-tau,2026-10-01,5,Phòng Heritage Deluxe Giường Đôi Có Ban Công,2185671.00,,,0,0,2.0,832481c2,1b6f0e44,788,2,6,17274801_bbasic_0,17274801,bbasic,0,,,,,False,Bữa sáng Rất tốt - VND 500.000,Không hoàn tiền,• Thanh toán trước,,,price_text
28,the-imperial-vung-tau,2026-10-01,6,Phòng Heritage Deluxe Giường Đôi Có Ban Công,2520000.00,4000000.00,37.00,0,0,2.0,832481c2,1b6f0e44,788,2,7,17274801_119446698_2_2_0_563131,17274801,119446698,2,2,563131,,,False,Bữa sáng Rất tốt - VND 500.000,Không hoàn tiền | Linh động đổi ngày khi kế hoạch thay đổi,• Thanh toán cho chỗ nghỉ trước khi đến,Bao gồm 1 chỗ đậu xe + internet tốc độ cao | – Có thể có giảm giá,Tiết kiệm 37% | Ưu Đãi Cuối Năm,price_attr
28,the-imperial-vung-tau,2026-10-01,7,Phòng Heritage Deluxe Giường Đôi Có Ban Công,2898000.00,4600000.00,37.00,1,0,2.0,832481c2,42ee661d,790,2,8,17274801_119446698_2_1_0_563131,17274801,119446698,2,1,563131,,,False,Bao gồm bữa sáng rất ngon,Không hoàn tiền | Linh động đổi ngày khi kế hoạch thay đổi,• Thanh toán cho chỗ nghỉ trước khi đến,Bao gồm 1 chỗ đậu xe + internet tốc độ cao | – Có thể có giảm giá,Tiết kiệm 37% | Ưu Đãi Cuối Năm,price_attr
28,the-imperial-vung-tau,2026-10-01,8,Phòng Heritage Deluxe Giường Đôi Có Ban Công,2929500.00,4650000.00,37.00,1,0,2.0,832481c2,42ee661d,790,2,9,17274801_119446698_2_1_0_1735753,17274801,119446698,2,1,1735753,,,False,Bao gồm bữa sáng rất ngon,Không hoàn tiền | Linh động đổi ngày khi kế hoạch thay đổi,• Thanh toán cho chỗ nghỉ trước khi đến,Bao gồm giảm giá 12% dịch vụ ăn/uống + 1 chỗ đậu xe + trả phòng trễ | – Có thể có giảm giá,Tiết kiệm 37% | Ưu Đãi Cuối Năm,price_attr
28,the-imperial-vung-tau,2026-10-01,9,Phòng Heritage Deluxe Giường Đôi Có Ban Công,3114720.00,4944000.00,37.00,1,1,2.0,832481c2,2d43c993,789,1,10,17274801_119446695_2_1_0_563131,17274801,119446695,2,1,563131,,,False,Bao gồm bữa sáng rất ngon,"Hủy miễn phí trước 28 tháng 9, 2026",• Thanh toán cho chỗ nghỉ trước khi đến,Bao gồm 1 chỗ đậu xe + internet tốc độ cao | – Có thể có giảm giá,Tiết kiệm 37% | Ưu Đãi Cuối Năm,price_attr
28,the-imperial-vung-tau,2026-10-01,10,Phòng Heritage Deluxe 2 Giường Đơn Có Ban Công,2185671.00,,,0,0,2.0,5d5938e3,1b6f0e44,775,2,11,17274814_bbasic_0,17274814,bbasic,0,,,,,False,Bữa sáng Rất tốt - VND 500.000,Không hoàn tiền,• Thanh toán trước,,,price_text
28,the-imperial-vung-tau,2026-10-01,11,Phòng Heritage Deluxe 2 Giường Đơn Có Ban Công,2457000.00,3900000.00,37.00,0,0,2.0,5d5938e3,1b6f0e44,775,2,12,17274814_119446698_2_2_0_563131,17274814,119446698,2,2,563131,,,False,Bữa sáng Rất tốt - VND 500.000,Không hoàn tiền | Linh động đổi ngày khi kế hoạch thay đổi,• Thanh toán cho chỗ nghỉ trước khi đến,Bao gồm 1 chỗ đậu xe + internet tốc độ cao | – Có thể có giảm giá,Tiết kiệm 37% | Ưu Đãi Cuối Năm,price_attr
28,the-imperial-vung-tau,2026-10-01,12,Phòng Heritage Deluxe 2 Giường Đơn Có Ban Công,2898000.00,4600000.00,37.00,1,0,2.0,5d5938e3,42ee661d,777,2,13,17274814_119446698_2_1_0_563131,17274814,119446698,2,1,563131,,,False,Bao gồm bữa sáng rất ngon,Không hoàn tiền | Linh động đổi ngày khi kế hoạch thay đổi,• Thanh toán cho chỗ nghỉ trước khi đến,Bao gồm 1 chỗ đậu xe + internet tốc độ cao | – Có thể có giảm giá,Tiết kiệm 37% | Ưu Đãi Cuối Năm,price_attr
28,the-imperial-vung-tau,2026-10-01,13,Phòng Heritage Deluxe 2 Giường Đơn Có Ban Công,2929500.00,4650000.00,37.00,1,0,2.0,5d5938e3,42ee661d,777,2,14,17274814_119446698_2_1_0_1735753,17274814,119446698,2,1,1735753,,,False,Bao gồm bữa sáng rất ngon,Không hoàn tiền | Linh động đổi ngày khi kế hoạch thay đổi,• Thanh toán cho chỗ nghỉ trước khi đến,Bao gồm giảm giá 12% dịch vụ ăn/uống + 1 chỗ đậu xe + trả phòng trễ | – Có thể có giảm giá,Tiết kiệm 37% | Ưu Đãi Cuối Năm,price_attr
28,the-imperial-vung-tau,2026-10-01,14,Phòng Heritage Deluxe 2 Giường Đơn Có Ban Công,3114720.00,4944000.00,37.00,1,1,2.0,5d5938e3,2d43c993,776,1,15,17274814_119446695_2_1_0_563131,17274814,119446695,2,1,563131,,,False,Bao gồm bữa sáng rất ngon,"Hủy miễn phí trước 28 tháng 9, 2026",• Thanh toán cho chỗ nghỉ trước khi đến,Bao gồm 1 chỗ đậu xe + internet tốc độ cao | – Có thể có giảm giá,Tiết kiệm 37% | Ưu Đãi Cuối Năm,price_attr
28,the-imperial-vung-tau,2026-10-01,15,Dinh Thự Grand Có Giường Cỡ King,2289714.00,,,0,0,2.0,c055b24e,1b6f0e44,801,2,16,17274891_bbasic_0,17274891,bbasic,0,,,,,False,Bữa sáng Rất tốt - VND 500.000,Không hoàn tiền,• Thanh toán trước,,,price_text
28,the-imperial-vung-tau,2026-10-01,16,Dinh Thự Grand Có Giường Cỡ King,2583000.00,4100000.00,37.00,0,0,2.0,c055b24e,1b6f0e44,801,2,17,17274891_119446698_2_2_0_563131,17274891,119446698,2,2,563131,,,False,Bữa sáng Rất tốt - VND 500.000,Không hoàn tiền | Linh động đổi ngày khi kế hoạch thay đổi,• Thanh toán cho chỗ nghỉ trước khi đến,Bao gồm 1 chỗ đậu xe + internet tốc độ cao | – Có thể có giảm giá,Tiết kiệm 37% | Ưu Đãi Cuối Năm,price_attr
28,the-imperial-vung-tau,2026-10-01,17,Dinh Thự Grand Có Giường Cỡ King,3024000.00,4800000.00,37.00,1,0,2.0,c055b24e,42ee661d,803,2,18,17274891_119446698_2_1_0_563131,17274891,119446698,2,1,563131,,,False,Bao gồm bữa sáng rất ngon,Không hoàn tiền | Linh động đổi ngày khi kế hoạch thay đổi,• Thanh toán cho chỗ nghỉ trước khi đến,Bao gồm 1 chỗ đậu xe + internet tốc độ cao | – Có thể có giảm giá,Tiết kiệm 37% | Ưu Đãi Cuối Năm,price_attr
28,the-imperial-vung-tau,2026-10-01,18,Dinh Thự Grand Có Giường Cỡ King,3055500.00,4850000.00,37.00,1,0,2.0,c055b24e,42ee661d,803,2,19,17274891_119446698_2_1_0_1735753,17274891,119446698,2,1,1735753,,,False,Bao gồm bữa sáng rất ngon,Không hoàn tiền | Linh động đổi ngày khi kế hoạch thay đổi,• Thanh toán cho chỗ nghỉ trước khi đến,Bao gồm giảm giá 12% dịch vụ ăn/uống + 1 chỗ đậu xe + trả phòng trễ | – Có thể có giảm giá,Tiết kiệm 37% | Ưu Đãi Cuối Năm,price_attr
28,the-imperial-vung-tau,2026-10-01,19,Dinh Thự Grand Có Giường Cỡ King,3244500.00,5150000.00,37.00,1,1,2.0,c055b24e,2d43c993,802,1,20,17274891_119446695_2_1_0_563131,17274891,119446695,2,1,563131,,,False,Bao gồm bữa sáng rất ngon,"Hủy miễn phí trước 28 tháng 9, 2026",• Thanh toán cho chỗ nghỉ trước khi đến,Bao gồm 1 chỗ đậu xe + internet tốc độ cao | – Có thể có giảm giá,Tiết kiệm 37% | Ưu Đãi Cuối Năm,price_attr
28,the-imperial-vung-tau,2026-10-01,20,Dinh Thự Grand 2 Giường Đơn,2393756.00,,,0,0,2.0,8674c033,1b6f0e44,791,2,21,17274893_bbasic_0,17274893,bbasic,0,,,,,False,Bữa sáng Rất tốt - VND 500.000,Không hoàn tiền,• Thanh toán trước,,,price_text
28,the-imperial-vung-tau,2026-10-01,21,Dinh Thự Grand 2 Giường Đơn,2646000.00,4200000.00,37.00,0,0,2.0,8674c033,1b6f0e44,791,2,22,17274893_119446698_2_2_0_563131,17274893,119446698,2,2,563131,,,False,Bữa sáng Rất tốt - VND 500.000,Không hoàn tiền | Linh động đổi ngày khi kế hoạch thay đổi,• Thanh toán cho chỗ nghỉ trước khi đến,Bao gồm 1 chỗ đậu xe + internet tốc độ cao | – Có thể có giảm giá,Tiết kiệm 37% | Ưu Đãi Cuối Năm,price_attr
28,the-imperial-vung-tau,2026-10-01,22,Dinh Thự Grand 2 Giường Đơn,3150000.00,5000000.00,37.00,1,0,2.0,8674c033,42ee661d,793,2,23,17274893_119446698_2_1_0_563131,17274893,119446698,2,1,563131,,,False,Bao gồm bữa sáng rất ngon,Không hoàn tiền | Linh động đổi ngày khi kế hoạch thay đổi,• Thanh toán cho chỗ nghỉ trước khi đến,Bao gồm 1 chỗ đậu xe + internet tốc độ cao | – Có thể có giảm giá,Tiết kiệm 37% | Ưu Đãi Cuối Năm,price_attr
28,the-imperial-vung-tau,2026-10-01,23,Dinh Thự Grand 2 Giường Đơn,3181500.00,5050000.00,37.00,1,0,2.0,8674c033,42ee661d,793,2,24,17274893_119446698_2_1_0_1735753,17274893,119446698,2,1,1735753,,,False,Bao gồm bữa sáng rất ngon,Không hoàn tiền | Linh động đổi ngày khi kế hoạch thay đổi,• Thanh toán cho chỗ nghỉ trước khi đến,Bao gồm giảm giá 12% dịch vụ ăn/uống + 1 chỗ đậu xe + trả phòng trễ | – Có thể có giảm giá,Tiết kiệm 37% | Ưu Đãi Cuối Năm,price_attr
28,the-imperial-vung-tau,2026-10-01,24,Dinh Thự Grand 2 Giường Đơn,3374280.00,5356000.00,37.00,1,1,2.0,8674c033,2d43c993,792,1,25,17274893_119446695_2_1_0_563131,17274893,119446695,2,1,563131,,,False,Bao gồm bữa sáng rất ngon,"Hủy miễn phí trước 28 tháng 9, 2026",• Thanh toán cho chỗ nghỉ trước khi đến,Bao gồm 1 chỗ đậu xe + internet tốc độ cao | – Có thể có giảm giá,Tiết kiệm 37% | Ưu Đãi Cuối Năm,price_attr
28,the-imperial-vung-tau,2026-10-01,25,Run Of House,2185671.00,,,0,0,2.0,17b6b5b9,1b6f0e44,752,2,26,17274896_bbasic_0,17274896,bbasic,0,,,,,False,Bữa sáng Rất tốt - VND 500.000,Không hoàn tiền,• Thanh toán trước,,,price_text
28,the-imperial-vung-tau,2026-10-01,26,Run Of House,2646000.00,4200000.00,37.00,0,0,2.0,17b6b5b9,1b6f0e44,752,2,27,17274896_119446698_2_2_0_563131,17274896,119446698,2,2,563131,,,False,Bữa sáng Rất tốt - VND 500.000,Không hoàn tiền | Linh động đổi ngày khi kế hoạch thay đổi,• Thanh toán cho chỗ nghỉ trước khi đến,Bao gồm 1 chỗ đậu xe + internet tốc độ cao | – Có thể có giảm giá,Tiết kiệm 37% | Ưu Đãi Cuối Năm,price_attr
28,the-imperial-vung-tau,2026-10-01,27,Run Of House,2961000.00,4700000.00,37.00,1,0,2.0,17b6b5b9,42ee661d,753,2,28,17274896_119446698_2_1_0_563131,17274896,119446698,2,1,563131,,,False,Bao gồm bữa sáng rất ngon,Không hoàn tiền | Linh động đổi ngày khi kế hoạch thay đổi,• Thanh toán cho chỗ nghỉ trước khi đến,Bao gồm 1 chỗ đậu xe + internet tốc độ cao | – Có thể có giảm giá,Tiết kiệm 37% | Ưu Đãi Cuối Năm,price_attr
28,the-imperial-vung-tau,2026-10-01,28,Run Of House,2992500.00,4750000.00,37.00,1,0,2.0,17b6b5b9,42ee661d,753,2,29,17274896_119446698_2_1_0_1735753,17274896,119446698,2,1,1735753,,,False,Bao gồm bữa sáng rất ngon,Không hoàn tiền | Linh động đổi ngày khi kế hoạch thay đổi,• Thanh toán cho chỗ nghỉ trước khi đến,Bao gồm giảm giá 12% dịch vụ ăn/uống + 1 chỗ đậu xe + trả phòng trễ | – Có thể có giảm giá,Tiết kiệm 37% | Ưu Đãi Cuối Năm,price_attr
28,the-imperial-vung-tau,2026-10-01,29,Phòng Deluxe Heritage Grand Có Giường Cỡ King,2772000.00,4400000.00,37.00,0,0,2.0,42c3a2ac,1b6f0e44,766,1,30,17274894_119446698_2_2_0_563131,17274894,119446698,2,2,563131,,,False,Bữa sáng Rất tốt - VND 500.000,Không hoàn tiền | Linh động đổi ngày khi kế hoạch thay đổi,• Thanh toán cho chỗ nghỉ trước khi đến,Bao gồm 1 chỗ đậu xe + internet tốc độ cao | – Có thể có giảm giá,Tiết kiệm 37% | Ưu Đãi Cuối Năm,price_attr
28,the-imperial-vung-tau,2026-10-01,30,Phòng Deluxe Heritage Grand Có Giường Cỡ King,3150000.00,5000000.00,37.00,1,0,2.0,42c3a2ac,42ee661d,768,2,31,17274894_119446698_2_1_0_563131,17274894,119446698,2,1,563131,,,False,Bao gồm bữa sáng rất ngon,Không hoàn tiền | Linh động đổi ngày khi kế hoạch thay đổi,• Thanh toán cho chỗ nghỉ trước khi đến,Bao gồm 1 chỗ đậu xe + internet tốc độ cao | – Có thể có giảm giá,Tiết kiệm 37% | Ưu Đãi Cuối Năm,price_attr
28,the-imperial-vung-tau,2026-10-01,31,Phòng Deluxe Heritage Grand Có Giường Cỡ King,3181500.00,5050000.00,37.00,1,0,2.0,42c3a2ac,42ee661d,768,2,32,17274894_119446698_2_1_0_1735753,17274894,119446698,2,1,1735753,,,False,Bao gồm bữa sáng rất ngon,Không hoàn tiền | Linh động đổi ngày khi kế hoạch thay đổi,• Thanh toán cho chỗ nghỉ trước khi đến,Bao gồm giảm giá 12% dịch vụ ăn/uống + 1 chỗ đậu xe + trả phòng trễ | – Có thể có giảm giá,Tiết kiệm 37% | Ưu Đãi Cuối Năm,price_attr
28,the-imperial-vung-tau,2026-10-01,32,Phòng Deluxe Heritage Grand Có Giường Cỡ King,3374280.00,5356000.00,37.00,1,1,2.0,42c3a2ac,2d43c993,767,1,33,17274894_119446695_2_1_0_563131,17274894,119446695,2,1,563131,,,False,Bao gồm bữa sáng rất ngon,"Hủy miễn phí trước 28 tháng 9, 2026",• Thanh toán cho chỗ nghỉ trước khi đến,Bao gồm 1 chỗ đậu xe + internet tốc độ cao | – Có thể có giảm giá,Tiết kiệm 37% | Ưu Đãi Cuối Năm,price_attr
28,the-imperial-vung-tau,2026-10-01,33,Dinh Thự Có Giường Cỡ King Nhìn Ra Biển,3150000.00,5000000.00,37.00,0,0,2.0,5c3c4eb1,1b6f0e44,772,1,34,17274882_119446698_2_2_0_563131,17274882,119446698,2,2,563131,,,False,Bữa sáng Rất tốt - VND 500.000,Không hoàn tiền | Linh động đổi ngày khi kế hoạch thay đổi,• Thanh toán cho chỗ nghỉ trước khi đến,Bao gồm 1 chỗ đậu xe + internet tốc độ cao | – Có thể có giảm giá,Tiết kiệm 37% | Ưu Đãi Cuối Năm,price_attr
28,the-imperial-vung-tau,2026-10-01,34,Dinh Thự Có Giường Cỡ King Nhìn Ra Biển,3654000.00,5800000.00,37.00,1,0,2.0,5c3c4eb1,42ee661d,774,3,35,17274882_119446698_2_1_0_563131,17274882,119446698,2,1,563131,,,False,Bao gồm bữa sáng rất ngon,Không hoàn tiền | Linh động đổi ngày khi kế hoạch thay đổi,• Thanh toán cho chỗ nghỉ trước khi đến,Bao gồm 1 chỗ đậu xe + internet tốc độ cao | – Có thể có giảm giá,Tiết kiệm 37% | Ưu Đãi Cuối Năm,price_attr
28,the-imperial-vung-tau,2026-10-01,35,Dinh Thự Có Giường Cỡ King Nhìn Ra Biển,3685500.00,5850000.00,37.00,1,0,2.0,5c3c4eb1,42ee661d,774,3,36,17274882_119446698_2_1_0_1735753,17274882,119446698,2,1,1735753,,,False,Bao gồm bữa sáng rất ngon,Không hoàn tiền | Linh động đổi ngày khi kế hoạch thay đổi,• Thanh toán cho chỗ nghỉ trước khi đến,Bao gồm giảm giá 12% dịch vụ ăn/uống + 1 chỗ đậu xe + trả phòng trễ | – Có thể có giảm giá,Tiết kiệm 37% | Ưu Đãi Cuối Năm,price_attr
28,the-imperial-vung-tau,2026-10-01,36,Dinh Thự Có Giường Cỡ King Nhìn Ra Biển,3780001.00,6000001.00,37.00,1,0,2.0,5c3c4eb1,42ee661d,774,3,37,17274882_389879713_2_1_0_1402980,17274882,389879713,2,1,1402980,,,False,Bao gồm bữa sáng rất ngon,Không hoàn tiền | Linh động đổi ngày khi kế hoạch thay đổi,• Thanh toán cho chỗ nghỉ trước khi đến,Bao gồm giảm giá 12% dịch vụ ăn/uống + 30 phút mát-xa + 1 chỗ đậu xe | – Có thể có giảm giá,Tiết kiệm 37% | Ưu Đãi Cuối Năm,price_attr
28,the-imperial-vung-tau,2026-10-01,37,Dinh Thự Có Giường Cỡ King Nhìn Ra Biển,3893400.00,6180000.00,37.00,1,1,2.0,5c3c4eb1,2d43c993,773,1,38,17274882_119446695_2_1_0_563131,17274882,119446695,2,1,563131,,,False,Bao gồm bữa sáng rất ngon,"Hủy miễn phí trước 28 tháng 9, 2026",• Thanh toán cho chỗ nghỉ trước khi đến,Bao gồm 1 chỗ đậu xe + internet tốc độ cao | – Có thể có giảm giá,Tiết kiệm 37% | Ưu Đãi Cuối Năm,price_attr
28,the-imperial-vung-tau,2026-10-01,38,Heritage Deluxe King - Sunworld Water Park Combo,3150000.00,5000000.00,37.00,1,0,2.0,daad1edc,42ee661d,804,2,39,17274897_119446698_2_1_0_563131,17274897,119446698,2,1,563131,,,False,Bao gồm bữa sáng rất ngon,Không hoàn tiền | Linh động đổi ngày khi kế hoạch thay đổi,• Thanh toán cho chỗ nghỉ trước khi đến,Bao gồm 1 chỗ đậu xe + internet tốc độ cao | – Có thể có giảm giá,Tiết kiệm 37% | Ưu Đãi Cuối Năm,price_attr
28,the-imperial-vung-tau,2026-10-01,39,Heritage Deluxe King - Sunworld Water Park Combo,3181500.00,5050000.00,37.00,1,0,2.0,daad1edc,42ee661d,804,2,40,17274897_119446698_2_1_0_1735753,17274897,119446698,2,1,1735753,,,False,Bao gồm bữa sáng rất ngon,Không hoàn tiền | Linh động đổi ngày khi kế hoạch thay đổi,• Thanh toán cho chỗ nghỉ trước khi đến,Bao gồm giảm giá 12% dịch vụ ăn/uống + 1 chỗ đậu xe + trả phòng trễ | – Có thể có giảm giá,Tiết kiệm 37% | Ưu Đãi Cuối Năm,price_attr
28,the-imperial-vung-tau,2026-10-01,40,Grand Residence King Ocean View,3402000.00,5400000.00,37.00,0,0,2.0,637102d4,1b6f0e44,780,1,41,17274892_119446698_2_2_0_563131,17274892,119446698,2,2,563131,,,False,Bữa sáng Rất tốt - VND 500.000,Không hoàn tiền | Linh động đổi ngày khi kế hoạch thay đổi,• Thanh toán cho chỗ nghỉ trước khi đến,Bao gồm 1 chỗ đậu xe + internet tốc độ cao | – Có thể có giảm giá,Tiết kiệm 37% | Ưu Đãi Cuối Năm,price_attr
28,the-imperial-vung-tau,2026-10-01,41,Grand Residence King Ocean View,4000500.00,6350000.00,37.00,1,0,2.0,637102d4,42ee661d,782,3,42,17274892_119446698_2_1_0_563131,17274892,119446698,2,1,563131,,,False,Bao gồm bữa sáng rất ngon,Không hoàn tiền | Linh động đổi ngày khi kế hoạch thay đổi,• Thanh toán cho chỗ nghỉ trước khi đến,Bao gồm 1 chỗ đậu xe + internet tốc độ cao | – Có thể có giảm giá,Tiết kiệm 37% | Ưu Đãi Cuối Năm,price_attr
28,the-imperial-vung-tau,2026-10-01,42,Grand Residence King Ocean View,4032000.00,6400000.00,37.00,1,0,2.0,637102d4,42ee661d,782,3,43,17274892_119446698_2_1_0_1735753,17274892,119446698,2,1,1735753,,,False,Bao gồm bữa sáng rất ngon,Không hoàn tiền | Linh động đổi ngày khi kế hoạch thay đổi,• Thanh toán cho chỗ nghỉ trước khi đến,Bao gồm giảm giá 12% dịch vụ ăn/uống + 1 chỗ đậu xe + trả phòng trễ | – Có thể có giảm giá,Tiết kiệm 37% | Ưu Đãi Cuối Năm,price_attr
28,the-imperial-vung-tau,2026-10-01,43,Grand Residence King Ocean View,4095001.00,6500001.00,37.00,1,0,2.0,637102d4,42ee661d,782,3,44,17274892_389879713_2_1_0_1402980,17274892,389879713,2,1,1402980,,,False,Bao gồm bữa sáng rất ngon,Không hoàn tiền | Linh động đổi ngày khi kế hoạch thay đổi,• Thanh toán cho chỗ nghỉ trước khi đến,Bao gồm giảm giá 12% dịch vụ ăn/uống + 30 phút mát-xa + 1 chỗ đậu xe | – Có thể có giảm giá,Tiết kiệm 37% | Ưu Đãi Cuối Năm,price_attr
28,the-imperial-vung-tau,2026-10-01,44,Grand Residence King Ocean View,4217850.00,6695000.00,37.00,1,1,2.0,637102d4,2d43c993,781,1,45,17274892_119446695_2_1_0_563131,17274892,119446695,2,1,563131,,,False,Bao gồm bữa sáng rất ngon,"Hủy miễn phí trước 28 tháng 9, 2026",• Thanh toán cho chỗ nghỉ trước khi đến,Bao gồm 1 chỗ đậu xe + internet tốc độ cao | – Có thể có giảm giá,Tiết kiệm 37% | Ưu Đãi Cuối Năm,price_attr
28,the-imperial-vung-tau,2026-10-01,45,Phòng Heritage Deluxe Có Giường Cỡ King Nhìn Ra Biển,3465000.00,5500000.00,37.00,0,0,2.0,03156cff,1b6f0e44,749,1,46,17274886_119446698_2_2_0_563131,17274886,119446698,2,2,563131,,,False,Bữa sáng Rất tốt - VND 500.000,Không hoàn tiền | Linh động đổi ngày khi kế hoạch thay đổi,• Thanh toán cho chỗ nghỉ trước khi đến,Bao gồm 1 chỗ đậu xe + internet tốc độ cao | – Có thể có giảm giá,Tiết kiệm 37% | Ưu Đãi Cuối Năm,price_attr
28,the-imperial-vung-tau,2026-10-01,46,Phòng Heritage Deluxe Có Giường Cỡ King Nhìn Ra Biển,3969000.00,6300000.00,37.00,1,0,2.0,03156cff,42ee661d,751,3,47,17274886_119446698_2_1_0_563131,17274886,119446698,2,1,563131,,,False,Bao gồm bữa sáng rất ngon,Không hoàn tiền | Linh động đổi ngày khi kế hoạch thay đổi,• Thanh toán cho chỗ nghỉ trước khi đến,Bao gồm 1 chỗ đậu xe + internet tốc độ cao | – Có thể có giảm giá,Tiết kiệm 37% | Ưu Đãi Cuối Năm,price_attr
28,the-imperial-vung-tau,2026-10-01,47,Phòng Heritage Deluxe Có Giường Cỡ King Nhìn Ra Biển,4000500.00,6350000.00,37.00,1,0,2.0,03156cff,42ee661d,751,3,48,17274886_119446698_2_1_0_1735753,17274886,119446698,2,1,1735753,,,False,Bao gồm bữa sáng rất ngon,Không hoàn tiền | Linh động đổi ngày khi kế hoạch thay đổi,• Thanh toán cho chỗ nghỉ trước khi đến,Bao gồm giảm giá 12% dịch vụ ăn/uống + 1 chỗ đậu xe + trả phòng trễ | – Có thể có giảm giá,Tiết kiệm 37% | Ưu Đãi Cuối Năm,price_attr
28,the-imperial-vung-tau,2026-10-01,48,Phòng Heritage Deluxe Có Giường Cỡ King Nhìn Ra Biển,4095001.00,6500001.00,37.00,1,0,2.0,03156cff,42ee661d,751,3,49,17274886_389879713_2_1_0_1402980,17274886,389879713,2,1,1402980,,,False,Bao gồm bữa sáng rất ngon,Không hoàn tiền | Linh động đổi ngày khi kế hoạch thay đổi,• Thanh toán cho chỗ nghỉ trước khi đến,Bao gồm giảm giá 12% dịch vụ ăn/uống + 30 phút mát-xa + 1 chỗ đậu xe | – Có thể có giảm giá,Tiết kiệm 37% | Ưu Đãi Cuối Năm,price_attr
28,the-imperial-vung-tau,2026-10-01,49,Phòng Heritage Deluxe Có Giường Cỡ King Nhìn Ra Biển,4217850.00,6695000.00,37.00,1,1,2.0,03156cff,2d43c993,750,1,50,17274886_119446695_2_1_0_563131,17274886,119446695,2,1,563131,,,False,Bao gồm bữa sáng rất ngon,"Hủy miễn phí trước 28 tháng 9, 2026",• Thanh toán cho chỗ nghỉ trước khi đến,Bao gồm 1 chỗ đậu xe + internet tốc độ cao | – Có thể có giảm giá,Tiết kiệm 37% | Ưu Đãi Cuối Năm,price_attr
28,the-imperial-vung-tau,2026-10-01,50,Run Of House Room - SunWorld Water Park Combo,3528000.00,5600000.00,37.00,1,1,2.0,606c6b73,88e299dc,779,1,51,17274907_380584448_2_1_0_563131,17274907,380584448,2,1,563131,,,False,Bao gồm bữa sáng rất ngon,"Hủy miễn phí trước 30 tháng 9, 2026",• Thanh toán cho chỗ nghỉ trước khi đến,Bao gồm 1 chỗ đậu xe + internet tốc độ cao | – Có thể có giảm giá,Tiết kiệm 37% | Ưu Đãi Cuối Năm,price_attr
28,the-imperial-vung-tau,2026-10-01,51,Run Of House Room - SunWorld Water Park Combo,3559500.00,5650000.00,37.00,1,0,2.0,606c6b73,42ee661d,778,1,52,17274907_119446698_2_1_0_1735753,17274907,119446698,2,1,1735753,,,False,Bao gồm bữa sáng rất ngon,Không hoàn tiền | Linh động đổi ngày khi kế hoạch thay đổi,• Thanh toán cho chỗ nghỉ trước khi đến,Bao gồm giảm giá 12% dịch vụ ăn/uống + 1 chỗ đậu xe + trả phòng trễ | – Có thể có giảm giá,Tiết kiệm 37% | Ưu Đãi Cuối Năm,price_attr
28,the-imperial-vung-tau,2026-10-01,52,Heritage Grand Deluxe Ocean View,3717000.00,5900000.00,37.00,0,0,2.0,3e6239b1,1b6f0e44,763,1,53,17274895_119446698_2_2_0_563131,17274895,119446698,2,2,563131,,,False,Bữa sáng Rất tốt - VND 500.000,Không hoàn tiền | Linh động đổi ngày khi kế hoạch thay đổi,• Thanh toán cho chỗ nghỉ trước khi đến,Bao gồm 1 chỗ đậu xe + internet tốc độ cao | – Có thể có giảm giá,Tiết kiệm 37% | Ưu Đãi Cuối Năm,price_attr
28,the-imperial-vung-tau,2026-10-01,53,Heritage Grand Deluxe Ocean View,4221000.00,6700000.00,37.00,1,0,2.0,3e6239b1,42ee661d,765,3,54,17274895_119446698_2_1_0_563131,17274895,119446698,2,1,563131,,,False,Bao gồm bữa sáng rất ngon,Không hoàn tiền | Linh động đổi ngày khi kế hoạch thay đổi,• Thanh toán cho chỗ nghỉ trước khi đến,Bao gồm 1 chỗ đậu xe + internet tốc độ cao | – Có thể có giảm giá,Tiết kiệm 37% | Ưu Đãi Cuối Năm,price_attr
28,the-imperial-vung-tau,2026-10-01,54,Heritage Grand Deluxe Ocean View,4252500.00,6750000.00,37.00,1,0,2.0,3e6239b1,42ee661d,765,3,55,17274895_119446698_2_1_0_1735753,17274895,119446698,2,1,1735753,,,False,Bao gồm bữa sáng rất ngon,Không hoàn tiền | Linh động đổi ngày khi kế hoạch thay đổi,• Thanh toán cho chỗ nghỉ trước khi đến,Bao gồm giảm giá 12% dịch vụ ăn/uống + 1 chỗ đậu xe + trả phòng trễ | – Có thể có giảm giá,Tiết kiệm 37% | Ưu Đãi Cuối Năm,price_attr
28,the-imperial-vung-tau,2026-10-01,55,Heritage Grand Deluxe Ocean View,4347001.00,6900001.00,37.00,1,0,2.0,3e6239b1,42ee661d,765,3,56,17274895_389879713_2_1_0_1402980,17274895,389879713,2,1,1402980,,,False,Bao gồm bữa sáng rất ngon,Không hoàn tiền | Linh động đổi ngày khi kế hoạch thay đổi,• Thanh toán cho chỗ nghỉ trước khi đến,Bao gồm giảm giá 12% dịch vụ ăn/uống + 30 phút mát-xa + 1 chỗ đậu xe | – Có thể có giảm giá,Tiết kiệm 37% | Ưu Đãi Cuối Năm,price_attr
28,the-imperial-vung-tau,2026-10-01,56,Heritage Grand Deluxe Ocean View,4477410.00,7107000.00,37.00,1,1,2.0,3e6239b1,2d43c993,764,1,57,17274895_119446695_2_1_0_563131,17274895,119446695,2,1,563131,,,False,Bao gồm bữa sáng rất ngon,"Hủy miễn phí trước 28 tháng 9, 2026",• Thanh toán cho chỗ nghỉ trước khi đến,Bao gồm 1 chỗ đậu xe + internet tốc độ cao | – Có thể có giảm giá,Tiết kiệm 37% | Ưu Đãi Cuối Năm,price_attr
28,the-imperial-vung-tau,2026-10-01,57,Residence Suite,4032000.00,6400000.00,37.00,0,0,2.0,5be1424e,1b6f0e44,769,1,58,17274837_119446698_2_2_0_563131,17274837,119446698,2,2,563131,,,False,Bữa sáng Rất tốt - VND 500.000,Không hoàn tiền | Linh động đổi ngày khi kế hoạch thay đổi,• Thanh toán cho chỗ nghỉ trước khi đến,Bao gồm 1 chỗ đậu xe + internet tốc độ cao | – Có thể có giảm giá,Tiết kiệm 37% | Ưu Đãi Cuối Năm,price_attr
28,the-imperial-vung-tau,2026-10-01,58,Residence Suite,4630500.00,7350000.00,37.00,1,0,2.0,5be1424e,42ee661d,771,3,59,17274837_119446698_2_1_0_563131,17274837,119446698,2,1,563131,,,False,Bao gồm bữa sáng rất ngon,Không hoàn tiền | Linh động đổi ngày khi kế hoạch thay đổi,• Thanh toán cho chỗ nghỉ trước khi đến,Bao gồm 1 chỗ đậu xe + internet tốc độ cao | – Có thể có giảm giá,Tiết kiệm 37% | Ưu Đãi Cuối Năm,price_attr
28,the-imperial-vung-tau,2026-10-01,59,Residence Suite,4662000.00,7400000.00,37.00,1,0,2.0,5be1424e,42ee661d,771,3,60,17274837_119446698_2_1_0_1735753,17274837,119446698,2,1,1735753,,,False,Bao gồm bữa sáng rất ngon,Không hoàn tiền | Linh động đổi ngày khi kế hoạch thay đổi,• Thanh toán cho chỗ nghỉ trước khi đến,Bao gồm giảm giá 12% dịch vụ ăn/uống + 1 chỗ đậu xe + trả phòng trễ | – Có thể có giảm giá,Tiết kiệm 37% | Ưu Đãi Cuối Năm,price_attr
28,the-imperial-vung-tau,2026-10-01,60,Residence Suite,4725001.00,7500001.00,37.00,1,0,2.0,5be1424e,42ee661d,771,3,61,17274837_389879713_2_1_0_1402980,17274837,389879713,2,1,1402980,,,False,Bao gồm bữa sáng rất ngon,Không hoàn tiền | Linh động đổi ngày khi kế hoạch thay đổi,• Thanh toán cho chỗ nghỉ trước khi đến,Bao gồm giảm giá 12% dịch vụ ăn/uống + 30 phút mát-xa + 1 chỗ đậu xe | – Có thể có giảm giá,Tiết kiệm 37% | Ưu Đãi Cuối Năm,price_attr
28,the-imperial-vung-tau,2026-10-01,61,Residence Suite,4866750.00,7725000.00,37.00,1,1,2.0,5be1424e,2d43c993,770,1,62,17274837_119446695_2_1_0_563131,17274837,119446695,2,1,563131,,,False,Bao gồm bữa sáng rất ngon,"Hủy miễn phí trước 28 tháng 9, 2026",• Thanh toán cho chỗ nghỉ trước khi đến,Bao gồm 1 chỗ đậu xe + internet tốc độ cao | – Có thể có giảm giá,Tiết kiệm 37% | Ưu Đãi Cuối Năm,price_attr
28,the-imperial-vung-tau,2026-10-01,62,Heritage Deluxe King Ocean View - Sunworld Combo,4158000.00,6600000.00,37.00,1,0,2.0,94277b8d,42ee661d,794,2,63,17274899_119446698_2_1_0_563131,17274899,119446698,2,1,563131,,,False,Bao gồm bữa sáng rất ngon,Không hoàn tiền | Linh động đổi ngày khi kế hoạch thay đổi,• Thanh toán cho chỗ nghỉ trước khi đến,Bao gồm 1 chỗ đậu xe + internet tốc độ cao | – Có thể có giảm giá,Tiết kiệm 37% | Ưu Đãi Cuối Năm,price_attr
28,the-imperial-vung-tau,2026-10-01,63,Heritage Deluxe King Ocean View - Sunworld Combo,4189500.00,6650000.00,37.00,1,0,2.0,94277b8d,42ee661d,794,2,64,17274899_119446698_3_1_0_1735753,17274899,119446698,3,1,1735753,,,False,Bao gồm bữa sáng rất ngon,Không hoàn tiền | Linh động đổi ngày khi kế hoạch thay đổi,• Thanh toán cho chỗ nghỉ trước khi đến,Bao gồm giảm giá 12% dịch vụ ăn/uống + 1 chỗ đậu xe + trả phòng trễ | – Có thể có giảm giá,Tiết kiệm 37% | Ưu Đãi Cuối Năm,price_attr
28,the-imperial-vung-tau,2026-10-01,64,Suite Dinh Thự Nhìn Ra Biển,4347000.00,6900000.00,37.00,0,0,2.0,1d3d9642,1b6f0e44,754,1,65,17274885_119446698_2_2_0_563131,17274885,119446698,2,2,563131,,,False,Bữa sáng Rất tốt - VND 500.000,Không hoàn tiền | Linh động đổi ngày khi kế hoạch thay đổi,• Thanh toán cho chỗ nghỉ trước khi đến,Bao gồm 1 chỗ đậu xe + internet tốc độ cao | – Có thể có giảm giá,Tiết kiệm 37% | Ưu Đãi Cuối Năm,price_attr
28,the-imperial-vung-tau,2026-10-01,65,Suite Dinh Thự Nhìn Ra Biển,4914000.00,7800000.00,37.00,1,0,2.0,1d3d9642,42ee661d,756,3,66,17274885_119446698_2_1_0_563131,17274885,119446698,2,1,563131,,,False,Bao gồm bữa sáng rất ngon,Không hoàn tiền | Linh động đổi ngày khi kế hoạch thay đổi,• Thanh toán cho chỗ nghỉ trước khi đến,Bao gồm 1 chỗ đậu xe + internet tốc độ cao | – Có thể có giảm giá,Tiết kiệm 37% | Ưu Đãi Cuối Năm,price_attr
28,the-imperial-vung-tau,2026-10-01,66,Suite Dinh Thự Nhìn Ra Biển,4945500.00,7850000.00,37.00,1,0,2.0,1d3d9642,42ee661d,756,3,67,17274885_119446698_2_1_0_1735753,17274885,119446698,2,1,1735753,,,False,Bao gồm bữa sáng rất ngon,Không hoàn tiền | Linh động đổi ngày khi kế hoạch thay đổi,• Thanh toán cho chỗ nghỉ trước khi đến,Bao gồm giảm giá 12% dịch vụ ăn/uống + 1 chỗ đậu xe + trả phòng trễ | – Có thể có giảm giá,Tiết kiệm 37% | Ưu Đãi Cuối Năm,price_attr
28,the-imperial-vung-tau,2026-10-01,67,Suite Dinh Thự Nhìn Ra Biển,5040001.00,8000001.00,37.00,1,0,2.0,1d3d9642,42ee661d,756,3,68,17274885_389879713_2_1_0_1402980,17274885,389879713,2,1,1402980,,,False,Bao gồm bữa sáng rất ngon,Không hoàn tiền | Linh động đổi ngày khi kế hoạch thay đổi,• Thanh toán cho chỗ nghỉ trước khi đến,Bao gồm giảm giá 12% dịch vụ ăn/uống + 30 phút mát-xa + 1 chỗ đậu xe | – Có thể có giảm giá,Tiết kiệm 37% | Ưu Đãi Cuối Năm,price_attr
28,the-imperial-vung-tau,2026-10-01,68,Suite Dinh Thự Nhìn Ra Biển,5191200.00,8240000.00,37.00,1,1,2.0,1d3d9642,2d43c993,755,1,69,17274885_119446695_2_1_0_563131,17274885,119446695,2,1,563131,,,False,Bao gồm bữa sáng rất ngon,"Hủy miễn phí trước 28 tháng 9, 2026",• Thanh toán cho chỗ nghỉ trước khi đến,Bao gồm 1 chỗ đậu xe + internet tốc độ cao | – Có thể có giảm giá,Tiết kiệm 37% | Ưu Đãi Cuối Năm,price_attr
28,the-imperial-vung-tau,2026-10-01,69,Suite Heritage Nhìn Ra Biển,4662000.00,7400000.00,37.00,0,0,2.0,b4a5164b,1b6f0e44,798,1,70,17274839_119446698_2_2_0_563131,17274839,119446698,2,2,563131,,,False,Bữa sáng Rất tốt - VND 500.000,Không hoàn tiền | Linh động đổi ngày khi kế hoạch thay đổi,• Thanh toán cho chỗ nghỉ trước khi đến,Bao gồm 1 chỗ đậu xe + internet tốc độ cao | – Có thể có giảm giá,Tiết kiệm 37% | Ưu Đãi Cuối Năm,price_attr
28,the-imperial-vung-tau,2026-10-01,70,Suite Heritage Nhìn Ra Biển,5166000.00,8200000.00,37.00,1,0,2.0,b4a5164b,42ee661d,800,3,71,17274839_119446698_2_1_0_563131,17274839,119446698,2,1,563131,,,False,Bao gồm bữa sáng rất ngon,Không hoàn tiền | Linh động đổi ngày khi kế hoạch thay đổi,• Thanh toán cho chỗ nghỉ trước khi đến,Bao gồm 1 chỗ đậu xe + internet tốc độ cao | – Có thể có giảm giá,Tiết kiệm 37% | Ưu Đãi Cuối Năm,price_attr
28,the-imperial-vung-tau,2026-10-01,71,Suite Heritage Nhìn Ra Biển,5197500.00,8250000.00,37.00,1,0,2.0,b4a5164b,42ee661d,800,3,72,17274839_119446698_2_1_0_1735753,17274839,119446698,2,1,1735753,,,False,Bao gồm bữa sáng rất ngon,Không hoàn tiền | Linh động đổi ngày khi kế hoạch thay đổi,• Thanh toán cho chỗ nghỉ trước khi đến,Bao gồm giảm giá 12% dịch vụ ăn/uống + 1 chỗ đậu xe + trả phòng trễ | – Có thể có giảm giá,Tiết kiệm 37% | Ưu Đãi Cuối Năm,price_attr
28,the-imperial-vung-tau,2026-10-01,72,Suite Heritage Nhìn Ra Biển,5355001.00,8500001.00,37.00,1,0,2.0,b4a5164b,42ee661d,800,3,73,17274839_389879713_2_1_0_1402980,17274839,389879713,2,1,1402980,,,False,Bao gồm bữa sáng rất ngon,Không hoàn tiền | Linh động đổi ngày khi kế hoạch thay đổi,• Thanh toán cho chỗ nghỉ trước khi đến,Bao gồm giảm giá 12% dịch vụ ăn/uống + 30 phút mát-xa + 1 chỗ đậu xe | – Có thể có giảm giá,Tiết kiệm 37% | Ưu Đãi Cuối Năm,price_attr
28,the-imperial-vung-tau,2026-10-01,73,Suite Heritage Nhìn Ra Biển,5515650.00,8755000.00,37.00,1,1,2.0,b4a5164b,2d43c993,799,1,74,17274839_119446695_2_1_0_563131,17274839,119446695,2,1,563131,,,False,Bao gồm bữa sáng rất ngon,"Hủy miễn phí trước 28 tháng 9, 2026",• Thanh toán cho chỗ nghỉ trước khi đến,Bao gồm 1 chỗ đậu xe + internet tốc độ cao | – Có thể có giảm giá,Tiết kiệm 37% | Ưu Đãi Cuối Năm,price_attr
28,the-imperial-vung-tau,2026-10-01,74,Heritage Suite Ocean View - Sunworld Combo,5418000.00,8600000.00,37.00,1,0,2.0,7f8e0e01,42ee661d,787,2,75,17274900_389879713_2_1_0_563131,17274900,389879713,2,1,563131,,,False,Bao gồm bữa sáng rất ngon,Không hoàn tiền | Linh động đổi ngày khi kế hoạch thay đổi,• Thanh toán cho chỗ nghỉ trước khi đến,Bao gồm 1 chỗ đậu xe + internet tốc độ cao | – Có thể có giảm giá,Tiết kiệm 37% | Ưu Đãi Cuối Năm,price_attr
28,the-imperial-vung-tau,2026-10-01,75,Heritage Suite Ocean View - Sunworld Combo,5449500.00,8650000.00,37.00,1,0,2.0,7f8e0e01,42ee661d,787,2,76,17274900_119446698_2_1_0_1735753,17274900,119446698,2,1,1735753,,,False,Bao gồm bữa sáng rất ngon,Không hoàn tiền | Linh động đổi ngày khi kế hoạch thay đổi,• Thanh toán cho chỗ nghỉ trước khi đến,Bao gồm giảm giá 12% dịch vụ ăn/uống + 1 chỗ đậu xe + trả phòng trễ | – Có thể có giảm giá,Tiết kiệm 37% | Ưu Đãi Cuối Năm,price_attr
28,the-imperial-vung-tau,2026-10-01,76,Suite Heritage Imperial,30807000.00,48900000.00,37.00,0,0,2.0,6e5272a7,1b6f0e44,783,1,77,17274844_119446698_2_2_0_563131,17274844,119446698,2,2,563131,,,False,Bữa sáng Rất tốt - VND 500.000,Không hoàn tiền | Linh động đổi ngày khi kế hoạch thay đổi,• Thanh toán cho chỗ nghỉ trước khi đến,Bao gồm 1 chỗ đậu xe + internet tốc độ cao | – Có thể có giảm giá,Tiết kiệm 37% | Ưu Đãi Cuối Năm,price_attr
28,the-imperial-vung-tau,2026-10-01,77,Suite Heritage Imperial,31311000.00,49700000.00,37.00,1,0,2.0,6e5272a7,42ee661d,785,3,78,17274844_119446698_2_1_0_563131,17274844,119446698,2,1,563131,,,False,Bao gồm bữa sáng rất ngon,Không hoàn tiền | Linh động đổi ngày khi kế hoạch thay đổi,• Thanh toán cho chỗ nghỉ trước khi đến,Bao gồm 1 chỗ đậu xe + internet tốc độ cao | – Có thể có giảm giá,Tiết kiệm 37% | Ưu Đãi Cuối Năm,price_attr
28,the-imperial-vung-tau,2026-10-01,78,Suite Heritage Imperial,31500001.00,50000001.00,37.00,1,0,2.0,6e5272a7,42ee661d,785,3,79,17274844_389879713_2_1_0_1402980,17274844,389879713,2,1,1402980,,,False,Bao gồm bữa sáng rất ngon,Không hoàn tiền | Linh động đổi ngày khi kế hoạch thay đổi,• Thanh toán cho chỗ nghỉ trước khi đến,Bao gồm giảm giá 12% dịch vụ ăn/uống + 30 phút mát-xa + 1 chỗ đậu xe | – Có thể có giảm giá,Tiết kiệm 37% | Ưu Đãi Cuối Năm,price_attr
28,the-imperial-vung-tau,2026-10-01,79,Suite Heritage Imperial,32445000.00,51500000.00,37.00,1,1,2.0,6e5272a7,2d43c993,784,1,80,17274844_119446695_2_1_0_563131,17274844,119446695,2,1,563131,,,False,Bao gồm bữa sáng rất ngon,"Hủy miễn phí trước 28 tháng 9, 2026",• Thanh toán cho chỗ nghỉ trước khi đến,Bao gồm 1 chỗ đậu xe + internet tốc độ cao | – Có thể có giảm giá,Tiết kiệm 37% | Ưu Đãi Cuối Năm,price_attr
28,the-imperial-vung-tau,2026-10-01,80,Suite Heritage Imperial,31342500.00,49750000.00,37.00,1,0,2.0,6e5272a7,42ee661d,785,3,81,17274844_119446698_3_1_0_1735753,17274844,119446698,3,1,1735753,,,False,Bao gồm bữa sáng rất ngon,Không hoàn tiền | Linh động đổi ngày khi kế hoạch thay đổi,• Thanh toán cho chỗ nghỉ trước khi đến,Bao gồm giảm giá 12% dịch vụ ăn/uống + 1 chỗ đậu xe + trả phòng trễ | – Có thể có giảm giá,Tiết kiệm 37% | Ưu Đãi Cuối Năm,price_attr
28,the-imperial-vung-tau,2026-10-01,81,Phòng Heritage Deluxe 3 Người,3276000.00,5200000.00,37.00,0,0,3.0,9bc0efb8,1b6f0e44,795,1,82,17274805_119446698_3_2_0_563131,17274805,119446698,3,2,563131,,,False,Bữa sáng Rất tốt - VND 500.000,Không hoàn tiền | Linh động đổi ngày khi kế hoạch thay đổi,• Thanh toán cho chỗ nghỉ trước khi đến,Bao gồm 1 chỗ đậu xe + internet tốc độ cao | – Có thể có giảm giá,Tiết kiệm 37% | Ưu Đãi Cuối Năm,price_attr
28,the-imperial-vung-tau,2026-10-01,82,Phòng Heritage Deluxe 3 Người,3843000.00,6100000.00,37.00,1,0,3.0,9bc0efb8,42ee661d,797,2,83,17274805_119446698_3_1_0_563131,17274805,119446698,3,1,563131,,,False,Bao gồm bữa sáng rất ngon,Không hoàn tiền | Linh động đổi ngày khi kế hoạch thay đổi,• Thanh toán cho chỗ nghỉ trước khi đến,Bao gồm 1 chỗ đậu xe + internet tốc độ cao | – Có thể có giảm giá,Tiết kiệm 37% | Ưu Đãi Cuối Năm,price_attr
28,the-imperial-vung-tau,2026-10-01,83,Phòng Heritage Deluxe 3 Người,3874500.00,6150000.00,37.00,1,0,3.0,9bc0efb8,42ee661d,797,2,84,17274805_119446698_3_1_0_1735753,17274805,119446698,3,1,1735753,,,False,Bao gồm bữa sáng rất ngon,Không hoàn tiền | Linh động đổi ngày khi kế hoạch thay đổi,• Thanh toán cho chỗ nghỉ trước khi đến,Bao gồm giảm giá 12% dịch vụ ăn/uống + 1 chỗ đậu xe + trả phòng trễ | – Có thể có giảm giá,Tiết kiệm 37% | Ưu Đãi Cuối Năm,price_attr
28,the-imperial-vung-tau,2026-10-01,84,Phòng Heritage Deluxe 3 Người,4088070.00,6489000.00,37.00,1,1,3.0,9bc0efb8,2d43c993,796,1,85,17274805_119446695_3_1_0_563131,17274805,119446695,3,1,563131,,,False,Bao gồm bữa sáng rất ngon,"Hủy miễn phí trước 28 tháng 9, 2026",• Thanh toán cho chỗ nghỉ trước khi đến,Bao gồm 1 chỗ đậu xe + internet tốc độ cao | – Có thể có giảm giá,Tiết kiệm 37% | Ưu Đãi Cuối Năm,price_attr
28,the-imperial-vung-tau,2026-10-01,85,Heritage Triple Room - Sunworld Water Partk Combo,4347000.00,6900000.00,37.00,1,0,3.0,e5d48b06,42ee661d,805,2,86,17274898_119446698_3_1_0_563131,17274898,119446698,3,1,563131,,,False,Bao gồm bữa sáng rất ngon,Không hoàn tiền | Linh động đổi ngày khi kế hoạch thay đổi,• Thanh toán cho chỗ nghỉ trước khi đến,Bao gồm 1 chỗ đậu xe + internet tốc độ cao | – Có thể có giảm giá,Tiết kiệm 37% | Ưu Đãi Cuối Năm,price_attr
28,the-imperial-vung-tau,2026-10-01,86,Heritage Triple Room - Sunworld Water Partk Combo,4378500.00,6950000.00,37.00,1,0,3.0,e5d48b06,42ee661d,805,2,87,17274898_119446698_3_1_0_1735753,17274898,119446698,3,1,1735753,,,False,Bao gồm bữa sáng rất ngon,Không hoàn tiền | Linh động đổi ngày khi kế hoạch thay đổi,• Thanh toán cho chỗ nghỉ trước khi đến,Bao gồm giảm giá 12% dịch vụ ăn/uống + 1 chỗ đậu xe + trả phòng trễ | – Có thể có giảm giá,Tiết kiệm 37% | Ưu Đãi Cuối Năm,price_attr
28,the-imperial-vung-tau,2026-10-01,87,Phòng Gia Đình Heritage Deluxe,5670000.00,9000000.00,37.00,0,0,2.0,fdd7f674,1b6f0e44,806,1,88,17274867_119446698_4_2_0_563131,17274867,119446698,4,2,563131,,,False,Bữa sáng Rất tốt - VND 500.000,Không hoàn tiền | Linh động đổi ngày khi kế hoạch thay đổi,• Thanh toán cho chỗ nghỉ trước khi đến,Bao gồm 1 chỗ đậu xe + internet tốc độ cao | – Có thể có giảm giá,Tiết kiệm 37% | Ưu Đãi Cuối Năm,price_attr
28,the-imperial-vung-tau,2026-10-01,88,Phòng Gia Đình Heritage Deluxe,6174000.00,9800000.00,37.00,1,0,2.0,fdd7f674,42ee661d,808,2,89,17274867_119446698_0_1_0_563131,17274867,119446698,0,1,563131,,,False,Bao gồm bữa sáng rất ngon,Không hoàn tiền | Linh động đổi ngày khi kế hoạch thay đổi,• Thanh toán cho chỗ nghỉ trước khi đến,Bao gồm 1 chỗ đậu xe + internet tốc độ cao | – Có thể có giảm giá,Tiết kiệm 37% | Ưu Đãi Cuối Năm,price_attr
28,the-imperial-vung-tau,2026-10-01,89,Phòng Gia Đình Heritage Deluxe,6205500.00,9850000.00,37.00,1,0,2.0,fdd7f674,42ee661d,808,2,90,17274867_119446698_4_1_0_1735753,17274867,119446698,4,1,1735753,,,False,Bao gồm bữa sáng rất ngon,Không hoàn tiền | Linh động đổi ngày khi kế hoạch thay đổi,• Thanh toán cho chỗ nghỉ trước khi đến,Bao gồm giảm giá 12% dịch vụ ăn/uống + 1 chỗ đậu xe + trả phòng trễ | – Có thể có giảm giá,Tiết kiệm 37% | Ưu Đãi Cuối Năm,price_attr
28,the-imperial-vung-tau,2026-10-01,90,Phòng Gia Đình Heritage Deluxe,6489000.00,10300000.00,37.00,1,1,2.0,fdd7f674,2d43c993,807,1,91,17274867_119446695_4_1_0_563131,17274867,119446695,4,1,563131,,,False,Bao gồm bữa sáng rất ngon,"Hủy miễn phí trước 28 tháng 9, 2026",• Thanh toán cho chỗ nghỉ trước khi đến,Bao gồm 1 chỗ đậu xe + internet tốc độ cao | – Có thể có giảm giá,Tiết kiệm 37% | Ưu Đãi Cuối Năm,price_attr
28,the-imperial-vung-tau,2026-10-01,91,Suite Dinh Thự 2 Phòng Ngủ Nhìn Ra Biển,7182000.00,11400000.00,37.00,0,0,2.0,2930218d,1b6f0e44,757,1,92,17274841_119446698_4_2_0_563131,17274841,119446698,4,2,563131,,,False,Bữa sáng Rất tốt - VND 500.000,Không hoàn tiền | Linh động đổi ngày khi kế hoạch thay đổi,• Thanh toán cho chỗ nghỉ trước khi đến,Bao gồm 1 chỗ đậu xe + internet tốc độ cao | – Có thể có giảm giá,Tiết kiệm 37% | Ưu Đãi Cuối Năm,price_attr
28,the-imperial-vung-tau,2026-10-01,92,Suite Dinh Thự 2 Phòng Ngủ Nhìn Ra Biển,8001000.00,12700000.00,37.00,1,0,2.0,2930218d,42ee661d,759,3,93,17274841_119446698_4_1_0_563131,17274841,119446698,4,1,563131,,,False,Bao gồm bữa sáng rất ngon,Không hoàn tiền | Linh động đổi ngày khi kế hoạch thay đổi,• Thanh toán cho chỗ nghỉ trước khi đến,Bao gồm 1 chỗ đậu xe + internet tốc độ cao | – Có thể có giảm giá,Tiết kiệm 37% | Ưu Đãi Cuối Năm,price_attr
28,the-imperial-vung-tau,2026-10-01,93,Suite Dinh Thự 2 Phòng Ngủ Nhìn Ra Biển,8032500.00,12750000.00,37.00,1,0,2.0,2930218d,42ee661d,759,3,94,17274841_119446698_4_1_0_1735753,17274841,119446698,4,1,1735753,,,False,Bao gồm bữa sáng rất ngon,Không hoàn tiền | Linh động đổi ngày khi kế hoạch thay đổi,• Thanh toán cho chỗ nghỉ trước khi đến,Bao gồm giảm giá 12% dịch vụ ăn/uống + 1 chỗ đậu xe + trả phòng trễ | – Có thể có giảm giá,Tiết kiệm 37% | Ưu Đãi Cuối Năm,price_attr
28,the-imperial-vung-tau,2026-10-01,94,Suite Dinh Thự 2 Phòng Ngủ Nhìn Ra Biển,8190001.00,13000001.00,37.00,1,0,2.0,2930218d,42ee661d,759,3,95,17274841_389879713_4_1_0_1402980,17274841,389879713,4,1,1402980,,,False,Bao gồm bữa sáng rất ngon,Không hoàn tiền | Linh động đổi ngày khi kế hoạch thay đổi,• Thanh toán cho chỗ nghỉ trước khi đến,Bao gồm giảm giá 12% dịch vụ ăn/uống + 30 phút mát-xa + 1 chỗ đậu xe | – Có thể có giảm giá,Tiết kiệm 37% | Ưu Đãi Cuối Năm,price_attr
28,the-imperial-vung-tau,2026-10-01,95,Suite Dinh Thự 2 Phòng Ngủ Nhìn Ra Biển,8435700.00,13390000.00,37.00,1,1,2.0,2930218d,2d43c993,758,1,96,17274841_119446695_4_1_0_563131,17274841,119446695,4,1,563131,,,False,Bao gồm bữa sáng rất ngon,"Hủy miễn phí trước 28 tháng 9, 2026",• Thanh toán cho chỗ nghỉ trước khi đến,Bao gồm 1 chỗ đậu xe + internet tốc độ cao | – Có thể có giảm giá,Tiết kiệm 37% | Ưu Đãi Cuối Năm,price_attr
29,the-imperial-vung-tau,2026-10-11,0,Run Of House,2122205.00,,,0,0,,5f9ecb90,1b6f0e44,848,1,1,bbasic_0,bbasic,0,,,,,,False,Bữa sáng Rất tốt - VND 500.000,Không hoàn tiền,• Thanh toán trước,,,price_text
29,the-imperial-vung-tau,2026-10-11,1,Phòng Heritage Deluxe Giường Đôi Có Ban Công,2122205.00,,,0,0,2.0,832481c2,1b6f0e44,861,2,2,17274801_bbasic_0,17274801,bbasic,0,,,,,False,Bữa sáng Rất tốt - VND 500.000,Không hoàn tiền,• Thanh toán trước,,,price_text
29,the-imperial-vung-tau,2026-10-11,2,Phòng Heritage Deluxe Giường Đôi Có Ban Công,2520000.00,4000000.00,37.00,0,0,2.0,832481c2,1b6f0e44,861,2,3,17274801_119446698_2_2_0_563131,17274801,119446698,2,2,563131,,,False,Bữa sáng Rất tốt - VND 500.000,Không hoàn tiền | Linh động đổi ngày khi kế hoạch thay đổi,• Thanh toán cho chỗ nghỉ trước khi đến,Bao gồm 1 chỗ đậu xe + internet tốc độ cao | – Có thể có giảm giá,Tiết kiệm 37% | Ưu Đãi Cuối Năm,price_attr
29,the-imperial-vung-tau,2026-10-11,3,Phòng Heritage Deluxe Giường Đôi Có Ban Công,2898000.00,4600000.00,37.00,1,0,2.0,832481c2,42ee661d,862,2,4,17274801_119446698_2_1_0_563131,17274801,119446698,2,1,563131,,,False,Bao gồm bữa sáng rất ngon,Không hoàn tiền | Linh động đổi ngày khi kế hoạch thay đổi,• Thanh toán cho chỗ nghỉ trước khi đến,Bao gồm 1 chỗ đậu xe + internet tốc độ cao | – Có thể có giảm giá,Tiết kiệm 37% | Ưu Đãi Cuối Năm,price_attr
29,the-imperial-vung-tau,2026-10-11,4,Phòng Heritage Deluxe Giường Đôi Có Ban Công,2929500.00,4650000.00,37.00,1,0,2.0,832481c2,42ee661d,862,2,5,17274801_119446698_2_1_0_1735753,17274801,119446698,2,1,1735753,,,False,Bao gồm bữa sáng rất ngon,Không hoàn tiền | Linh động đổi ngày khi kế hoạch thay đổi,• Thanh toán cho chỗ nghỉ trước khi đến,Bao gồm giảm giá 12% dịch vụ ăn/uống + 1 chỗ đậu xe + trả phòng trễ | – Có thể có giảm giá,Tiết kiệm 37% | Ưu Đãi Cuối Năm,price_attr
29,the-imperial-vung-tau,2026-10-11,5,Phòng Heritage Deluxe Giường Đôi Có Ban Công,3024000.00,4800000.00,37.00,1,1,2.0,832481c2,fd98d839,864,1,6,17274801_389879713_2_1_0_563131,17274801,389879713,2,1,563131,,,False,Bao gồm bữa sáng rất ngon,"Hủy miễn phí trước 4 tháng 10, 2026",• Thanh toán cho chỗ nghỉ trước khi đến,Bao gồm 1 chỗ đậu xe + internet tốc độ cao | – Có thể có giảm giá,Tiết kiệm 37% | Ưu Đãi Cuối Năm,price_attr
29,the-imperial-vung-tau,2026-10-11,6,Phòng Heritage Deluxe Giường Đôi Có Ban Công,3114720.00,4944000.00,37.00,1,1,2.0,832481c2,6a4fdf03,863,1,7,17274801_119446695_2_1_0_563131,17274801,119446695,2,1,563131,,,False,Bao gồm bữa sáng rất ngon,"Hủy miễn phí trước 8 tháng 10, 2026",• Thanh toán cho chỗ nghỉ trước khi đến,Bao gồm 1 chỗ đậu xe + internet tốc độ cao | – Có thể có giảm giá,Tiết kiệm 37% | Ưu Đãi Cuối Năm,price_attr
29,the-imperial-vung-tau,2026-10-11,7,Residence 2 Giường Đơn,2122205.00,,,0,0,2.0,2ea9b1c6,1b6f0e44,824,2,8,17274881_bbasic_0,17274881,bbasic,0,,,,,False,Bữa sáng Rất tốt - VND 500.000,Không hoàn tiền,• Thanh toán trước,,,price_text
29,the-imperial-vung-tau,2026-10-11,8,Residence 2 Giường Đơn,2457000.00,3900000.00,37.00,0,0,2.0,2ea9b1c6,1b6f0e44,824,2,9,17274881_119446698_2_2_0_563131,17274881,119446698,2,2,563131,,,False,Bữa sáng Rất tốt - VND 500.000,Không hoàn tiền | Linh động đổi ngày khi kế hoạch thay đổi,• Thanh toán cho chỗ nghỉ trước khi đến,Bao gồm 1 chỗ đậu xe + internet tốc độ cao | – Có thể có giảm giá,Tiết kiệm 37% | Ưu Đãi Cuối Năm,price_attr
29,the-imperial-vung-tau,2026-10-11,9,Residence 2 Giường Đơn,2898000.00,4600000.00,37.00,1,0,2.0,2ea9b1c6,42ee661d,825,2,10,17274881_119446698_2_1_0_563131,17274881,119446698,2,1,563131,,,False,Bao gồm bữa sáng rất ngon,Không hoàn tiền | Linh động đổi ngày khi kế hoạch thay đổi,• Thanh toán cho chỗ nghỉ trước khi đến,Bao gồm 1 chỗ đậu xe + internet tốc độ cao | – Có thể có giảm giá,Tiết kiệm 37% | Ưu Đãi Cuối Năm,price_attr
29,the-imperial-vung-tau,2026-10-11,10,Residence 2 Giường Đơn,2929500.00,4650000.00,37.00,1,0,2.0,2ea9b1c6,42ee661d,825,2,11,17274881_119446698_2_1_0_1735753,17274881,119446698,2,1,1735753,,,False,Bao gồm bữa sáng rất ngon,Không hoàn tiền | Linh động đổi ngày khi kế hoạch thay đổi,• Thanh toán cho chỗ nghỉ trước khi đến,Bao gồm giảm giá 12% dịch vụ ăn/uống + 1 chỗ đậu xe + trả phòng trễ | – Có thể có giảm giá,Tiết kiệm 37% | Ưu Đãi Cuối Năm,price_attr
29,the-imperial-vung-tau,2026-10-11,11,Residence 2 Giường Đơn,3024000.00,4800000.00,37.00,1,1,2.0,2ea9b1c6,fd98d839,827,1,12,17274881_389879713_2_1_0_563131,17274881,389879713,2,1,563131,,,False,Bao gồm bữa sáng rất ngon,"Hủy miễn phí trước 4 tháng 10, 2026",• Thanh toán cho chỗ nghỉ trước khi đến,Bao gồm 1 chỗ đậu xe + internet tốc độ cao | – Có thể có giảm giá,Tiết kiệm 37% | Ưu Đãi Cuối Năm,price_attr
29,the-imperial-vung-tau,2026-10-11,12,Residence 2 Giường Đơn,3114720.00,4944000.00,37.00,1,1,2.0,2ea9b1c6,6a4fdf03,826,1,13,17274881_119446695_2_1_0_563131,17274881,119446695,2,1,563131,,,False,Bao gồm bữa sáng rất ngon,"Hủy miễn phí trước 8 tháng 10, 2026",• Thanh toán cho chỗ nghỉ trước khi đến,Bao gồm 1 chỗ đậu xe + internet tốc độ cao | – Có thể có giảm giá,Tiết kiệm 37% | Ưu Đãi Cuối Năm,price_attr
29,the-imperial-vung-tau,2026-10-11,13,Phòng Heritage Deluxe 2 Giường Đơn Có Ban Công,2122205.00,,,0,0,2.0,5d5938e3,1b6f0e44,844,2,14,17274814_bbasic_0,17274814,bbasic,0,,,,,False,Bữa sáng Rất tốt - VND 500.000,Không hoàn tiền,• Thanh toán trước,,,price_text
29,the-imperial-vung-tau,2026-10-11,14,Phòng Heritage Deluxe 2 Giường Đơn Có Ban Công,2457000.00,3900000.00,37.00,0,0,2.0,5d5938e3,1b6f0e44,844,2,15,17274814_119446698_2_2_0_563131,17274814,119446698,2,2,563131,,,False,Bữa sáng Rất tốt - VND 500.000,Không hoàn tiền | Linh động đổi ngày khi kế hoạch thay đổi,• Thanh toán cho chỗ nghỉ trước khi đến,Bao gồm 1 chỗ đậu xe + internet tốc độ cao | – Có thể có giảm giá,Tiết kiệm 37% | Ưu Đãi Cuối Năm,price_attr
29,the-imperial-vung-tau,2026-10-11,15,Phòng Heritage Deluxe 2 Giường Đơn Có Ban Công,2898000.00,4600000.00,37.00,1,0,2.0,5d5938e3,42ee661d,845,2,16,17274814_119446698_2_1_0_563131,17274814,119446698,2,1,563131,,,False,Bao gồm bữa sáng rất ngon,Không hoàn tiền | Linh động đổi ngày khi kế hoạch thay đổi,• Thanh toán cho chỗ nghỉ trước khi đến,Bao gồm 1 chỗ đậu xe + internet tốc độ cao | – Có thể có giảm giá,Tiết kiệm 37% | Ưu Đãi Cuối Năm,price_attr
29,the-imperial-vung-tau,2026-10-11,16,Phòng Heritage Deluxe 2 Giường Đơn Có Ban Công,2929500.00,4650000.00,37.00,1,0,2.0,5d5938e3,42ee661d,845,2,17,17274814_119446698_2_1_0_1735753,17274814,119446698,2,1,1735753,,,False,Bao gồm bữa sáng rất ngon,Không hoàn tiền | Linh động đổi ngày khi kế hoạch thay đổi,• Thanh toán cho chỗ nghỉ trước khi đến,Bao gồm giảm giá 12% dịch vụ ăn/uống + 1 chỗ đậu xe + trả phòng trễ | – Có thể có giảm giá,Tiết kiệm 37% | Ưu Đãi Cuối Năm,price_attr
29,the-imperial-vung-tau,2026-10-11,17,Phòng Heritage Deluxe 2 Giường Đơn Có Ban Công,3024000.00,4800000.00,37.00,1,1,2.0,5d5938e3,fd98d839,847,1,18,17274814_389879713_2_1_0_563131,17274814,389879713,2,1,563131,,,False,Bao gồm bữa sáng rất ngon,"Hủy miễn phí trước 4 tháng 10, 2026",• Thanh toán cho chỗ nghỉ trước khi đến,Bao gồm 1 chỗ đậu xe + internet tốc độ cao | – Có thể có giảm giá,Tiết kiệm 37% | Ưu Đãi Cuối Năm,price_attr
29,the-imperial-vung-tau,2026-10-11,18,Phòng Heritage Deluxe 2 Giường Đơn Có Ban Công,3114720.00,4944000.00,37.00,1,1,2.0,5d5938e3,6a4fdf03,846,1,19,17274814_119446695_2_1_0_563131,17274814,119446695,2,1,563131,,,False,Bao gồm bữa sáng rất ngon,"Hủy miễn phí trước 8 tháng 10, 2026",• Thanh toán cho chỗ nghỉ trước khi đến,Bao gồm 1 chỗ đậu xe + internet tốc độ cao | – Có thể có giảm giá,Tiết kiệm 37% | Ưu Đãi Cuối Năm,price_attr
29,the-imperial-vung-tau,2026-10-11,19,Dinh Thự Grand Có Giường Cỡ King,2583000.00,4100000.00,37.00,0,0,2.0,c055b24e,1b6f0e44,879,1,20,17274891_119446698_2_2_0_563131,17274891,119446698,2,2,563131,,,False,Bữa sáng Rất tốt - VND 500.000,Không hoàn tiền | Linh động đổi ngày khi kế hoạch thay đổi,• Thanh toán cho chỗ nghỉ trước khi đến,Bao gồm 1 chỗ đậu xe + internet tốc độ cao | – Có thể có giảm giá,Tiết kiệm 37% | Ưu Đãi Cuối Năm,price_attr
29,the-imperial-vung-tau,2026-10-11,20,Dinh Thự Grand Có Giường Cỡ King,3024000.00,4800000.00,37.00,1,0,2.0,c055b24e,42ee661d,880,2,21,17274891_119446698_2_1_0_563131,17274891,119446698,2,1,563131,,,False,Bao gồm bữa sáng rất ngon,Không hoàn tiền | Linh động đổi ngày khi kế hoạch thay đổi,• Thanh toán cho chỗ nghỉ trước khi đến,Bao gồm 1 chỗ đậu xe + internet tốc độ cao | – Có thể có giảm giá,Tiết kiệm 37% | Ưu Đãi Cuối Năm,price_attr
29,the-imperial-vung-tau,2026-10-11,21,Dinh Thự Grand Có Giường Cỡ King,3055500.00,4850000.00,37.00,1,0,2.0,c055b24e,42ee661d,880,2,22,17274891_119446698_2_1_0_1735753,17274891,119446698,2,1,1735753,,,False,Bao gồm bữa sáng rất ngon,Không hoàn tiền | Linh động đổi ngày khi kế hoạch thay đổi,• Thanh toán cho chỗ nghỉ trước khi đến,Bao gồm giảm giá 12% dịch vụ ăn/uống + 1 chỗ đậu xe + trả phòng trễ | – Có thể có giảm giá,Tiết kiệm 37% | Ưu Đãi Cuối Năm,price_attr
29,the-imperial-vung-tau,2026-10-11,22,Dinh Thự Grand Có Giường Cỡ King,3150000.00,5000000.00,37.00,1,1,2.0,c055b24e,fd98d839,882,1,23,17274891_389879713_2_1_0_563131,17274891,389879713,2,1,563131,,,False,Bao gồm bữa sáng rất ngon,"Hủy miễn phí trước 4 tháng 10, 2026",• Thanh toán cho chỗ nghỉ trước khi đến,Bao gồm 1 chỗ đậu xe + internet tốc độ cao | – Có thể có giảm giá,Tiết kiệm 37% | Ưu Đãi Cuối Năm,price_attr
29,the-imperial-vung-tau,2026-10-11,23,Dinh Thự Grand Có Giường Cỡ King,3244500.00,5150000.00,37.00,1,1,2.0,c055b24e,6a4fdf03,881,1,24,17274891_119446695_2_1_0_563131,17274891,119446695,2,1,563131,,,False,Bao gồm bữa sáng rất ngon,"Hủy miễn phí trước 8 tháng 10, 2026",• Thanh toán cho chỗ nghỉ trước khi đến,Bao gồm 1 chỗ đậu xe + internet tốc độ cao | – Có thể có giảm giá,Tiết kiệm 37% | Ưu Đãi Cuối Năm,price_attr
29,the-imperial-vung-tau,2026-10-11,24,Dinh Thự Grand 2 Giường Đơn,2646000.00,4200000.00,37.00,0,0,2.0,8674c033,1b6f0e44,865,1,25,17274893_119446698_2_2_0_563131,17274893,119446698,2,2,563131,,,False,Bữa sáng Rất tốt - VND 500.000,Không hoàn tiền | Linh động đổi ngày khi kế hoạch thay đổi,• Thanh toán cho chỗ nghỉ trước khi đến,Bao gồm 1 chỗ đậu xe + internet tốc độ cao | – Có thể có giảm giá,Tiết kiệm 37% | Ưu Đãi Cuối Năm,price_attr
29,the-imperial-vung-tau,2026-10-11,25,Dinh Thự Grand 2 Giường Đơn,3150000.00,5000000.00,37.00,1,0,2.0,8674c033,42ee661d,866,2,26,17274893_119446698_2_1_0_563131,17274893,119446698,2,1,563131,,,False,Bao gồm bữa sáng rất ngon,Không hoàn tiền | Linh động đổi ngày khi kế hoạch thay đổi,• Thanh toán cho chỗ nghỉ trước khi đến,Bao gồm 1 chỗ đậu xe + internet tốc độ cao | – Có thể có giảm giá,Tiết kiệm 37% | Ưu Đãi Cuối Năm,price_attr
29,the-imperial-vung-tau,2026-10-11,26,Dinh Thự Grand 2 Giường Đơn,3181500.00,5050000.00,37.00,1,0,2.0,8674c033,42ee661d,866,2,27,17274893_119446698_2_1_0_1735753,17274893,119446698,2,1,1735753,,,False,Bao gồm bữa sáng rất ngon,Không hoàn tiền | Linh động đổi ngày khi kế hoạch thay đổi,• Thanh toán cho chỗ nghỉ trước khi đến,Bao gồm giảm giá 12% dịch vụ ăn/uống + 1 chỗ đậu xe + trả phòng trễ | – Có thể có giảm giá,Tiết kiệm 37% | Ưu Đãi Cuối Năm,price_attr
29,the-imperial-vung-tau,2026-10-11,27,Dinh Thự Grand 2 Giường Đơn,3276000.00,5200000.00,37.00,1,1,2.0,8674c033,fd98d839,868,1,28,17274893_389879713_2_1_0_563131,17274893,389879713,2,1,563131,,,False,Bao gồm bữa sáng rất ngon,"Hủy miễn phí trước 4 tháng 10, 2026",• Thanh toán cho chỗ nghỉ trước khi đến,Bao gồm 1 chỗ đậu xe + internet tốc độ cao | – Có thể có giảm giá,Tiết kiệm 37% | Ưu Đãi Cuối Năm,price_attr
29,the-imperial-vung-tau,2026-10-11,28,Dinh Thự Grand 2 Giường Đơn,3374280.00,5356000.00,37.00,1,1,2.0,8674c033,6a4fdf03,867,1,29,17274893_119446695_2_1_0_563131,17274893,119446695,2,1,563131,,,False,Bao gồm bữa sáng rất ngon,"Hủy miễn phí trước 8 tháng 10, 2026",• Thanh toán cho chỗ nghỉ trước khi đến,Bao gồm 1 chỗ đậu xe + internet tốc độ cao | – Có thể có giảm giá,Tiết kiệm 37% | Ưu Đãi Cuối Năm,price_attr
29,the-imperial-vung-tau,2026-10-11,29,Run Of House,2646000.00,4200000.00,37.00,0,0,2.0,17b6b5b9,1b6f0e44,813,1,30,17274896_119446698_2_2_0_563131,17274896,119446698,2,2,563131,,,False,Bữa sáng Rất tốt - VND 500.000,Không hoàn tiền | Linh động đổi ngày khi kế hoạch thay đổi,• Thanh toán cho chỗ nghỉ trước khi đến,Bao gồm 1 chỗ đậu xe + internet tốc độ cao | – Có thể có giảm giá,Tiết kiệm 37% | Ưu Đãi Cuối Năm,price_attr
29,the-imperial-vung-tau,2026-10-11,30,Run Of House,2961000.00,4700000.00,37.00,1,0,2.0,17b6b5b9,42ee661d,814,2,31,17274896_119446698_2_1_0_563131,17274896,119446698,2,1,563131,,,False,Bao gồm bữa sáng rất ngon,Không hoàn tiền | Linh động đổi ngày khi kế hoạch thay đổi,• Thanh toán cho chỗ nghỉ trước khi đến,Bao gồm 1 chỗ đậu xe + internet tốc độ cao | – Có thể có giảm giá,Tiết kiệm 37% | Ưu Đãi Cuối Năm,price_attr
29,the-imperial-vung-tau,2026-10-11,31,Run Of House,2992500.00,4750000.00,37.00,1,0,2.0,17b6b5b9,42ee661d,814,2,32,17274896_119446698_2_1_0_1735753,17274896,119446698,2,1,1735753,,,False,Bao gồm bữa sáng rất ngon,Không hoàn tiền | Linh động đổi ngày khi kế hoạch thay đổi,• Thanh toán cho chỗ nghỉ trước khi đến,Bao gồm giảm giá 12% dịch vụ ăn/uống + 1 chỗ đậu xe + trả phòng trễ | – Có thể có giảm giá,Tiết kiệm 37% | Ưu Đãi Cuối Năm,price_attr
29,the-imperial-vung-tau,2026-10-11,32,Run Of House,3024000.00,4800000.00,37.00,1,1,2.0,17b6b5b9,fd98d839,815,1,33,17274896_389879713_2_1_0_563131,17274896,389879713,2,1,563131,,,False,Bao gồm bữa sáng rất ngon,"Hủy miễn phí trước 4 tháng 10, 2026",• Thanh toán cho chỗ nghỉ trước khi đến,Bao gồm 1 chỗ đậu xe + internet tốc độ cao | – Có thể có giảm giá,Tiết kiệm 37% | Ưu Đãi Cuối Năm,price_attr
29,the-imperial-vung-tau,2026-10-11,33,Phòng Deluxe Heritage Grand Có Giường Cỡ King,2772000.00,4400000.00,37.00,0,0,2.0,42c3a2ac,1b6f0e44,832,1,34,17274894_119446698_2_2_0_563131,17274894,119446698,2,2,563131,,,False,Bữa sáng Rất tốt - VND 500.000,Không hoàn tiền | Linh động đổi ngày khi kế hoạch thay đổi,• Thanh toán cho chỗ nghỉ trước khi đến,Bao gồm 1 chỗ đậu xe + internet tốc độ cao | – Có thể có giảm giá,Tiết kiệm 37% | Ưu Đãi Cuối Năm,price_attr
29,the-imperial-vung-tau,2026-10-11,34,Phòng Deluxe Heritage Grand Có Giường Cỡ King,3150000.00,5000000.00,37.00,1,0,2.0,42c3a2ac,42ee661d,833,2,35,17274894_119446698_2_1_0_563131,17274894,119446698,2,1,563131,,,False,Bao gồm bữa sáng rất ngon,Không hoàn tiền | Linh động đổi ngày khi kế hoạch thay đổi,• Thanh toán cho chỗ nghỉ trước khi đến,Bao gồm 1 chỗ đậu xe + internet tốc độ cao | – Có thể có giảm giá,Tiết kiệm 37% | Ưu Đãi Cuối Năm,price_attr
29,the-imperial-vung-tau,2026-10-11,35,Phòng Deluxe Heritage Grand Có Giường Cỡ King,3181500.00,5050000.00,37.00,1,0,2.0,42c3a2ac,42ee661d,833,2,36,17274894_119446698_2_1_0_1735753,17274894,119446698,2,1,1735753,,,False,Bao gồm bữa sáng rất ngon,Không hoàn tiền | Linh động đổi ngày khi kế hoạch thay đổi,• Thanh toán cho chỗ nghỉ trước khi đến,Bao gồm giảm giá 12% dịch vụ ăn/uống + 1 chỗ đậu xe + trả phòng trễ | – Có thể có giảm giá,Tiết kiệm 37% | Ưu Đãi Cuối Năm,price_attr
29,the-imperial-vung-tau,2026-10-11,36,Phòng Deluxe Heritage Grand Có Giường Cỡ King,3276000.00,5200000.00,37.00,1,1,2.0,42c3a2ac,fd98d839,835,1,37,17274894_389879713_2_1_0_563131,17274894,389879713,2,1,563131,,,False,Bao gồm bữa sáng rất ngon,"Hủy miễn phí trước 4 tháng 10, 2026",• Thanh toán cho chỗ nghỉ trước khi đến,Bao gồm 1 chỗ đậu xe + internet tốc độ cao | – Có thể có giảm giá,Tiết kiệm 37% | Ưu Đãi Cuối Năm,price_attr
29,the-imperial-vung-tau,2026-10-11,37,Phòng Deluxe Heritage Grand Có Giường Cỡ King,3374280.00,5356000.00,37.00,1,1,2.0,42c3a2ac,6a4fdf03,834,1,38,17274894_119446695_2_1_0_563131,17274894,119446695,2,1,563131,,,False,Bao gồm bữa sáng rất ngon,"Hủy miễn phí trước 8 tháng 10, 2026",• Thanh toán cho chỗ nghỉ trước khi đến,Bao gồm 1 chỗ đậu xe + internet tốc độ cao | – Có thể có giảm giá,Tiết kiệm 37% | Ưu Đãi Cuối Năm,price_attr
29,the-imperial-vung-tau,2026-10-11,38,Dinh Thự Có Giường Cỡ King Nhìn Ra Biển,3150000.00,5000000.00,37.00,0,0,2.0,5c3c4eb1,1b6f0e44,840,1,39,17274882_119446698_2_2_0_563131,17274882,119446698,2,2,563131,,,False,Bữa sáng Rất tốt - VND 500.000,Không hoàn tiền | Linh động đổi ngày khi kế hoạch thay đổi,• Thanh toán cho chỗ nghỉ trước khi đến,Bao gồm 1 chỗ đậu xe + internet tốc độ cao | – Có thể có giảm giá,Tiết kiệm 37% | Ưu Đãi Cuối Năm,price_attr
29,the-imperial-vung-tau,2026-10-11,39,Dinh Thự Có Giường Cỡ King Nhìn Ra Biển,3654000.00,5800000.00,37.00,1,0,2.0,5c3c4eb1,42ee661d,841,2,40,17274882_119446698_2_1_0_563131,17274882,119446698,2,1,563131,,,False,Bao gồm bữa sáng rất ngon,Không hoàn tiền | Linh động đổi ngày khi kế hoạch thay đổi,• Thanh toán cho chỗ nghỉ trước khi đến,Bao gồm 1 chỗ đậu xe + internet tốc độ cao | – Có thể có giảm giá,Tiết kiệm 37% | Ưu Đãi Cuối Năm,price_attr
29,the-imperial-vung-tau,2026-10-11,40,Dinh Thự Có Giường Cỡ King Nhìn Ra Biển,3685500.00,5850000.00,37.00,1,0,2.0,5c3c4eb1,42ee661d,841,2,41,17274882_119446698_2_1_0_1735753,17274882,119446698,2,1,1735753,,,False,Bao gồm bữa sáng rất ngon,Không hoàn tiền | Linh động đổi ngày khi kế hoạch thay đổi,• Thanh toán cho chỗ nghỉ trước khi đến,Bao gồm giảm giá 12% dịch vụ ăn/uống + 1 chỗ đậu xe + trả phòng trễ | – Có thể có giảm giá,Tiết kiệm 37% | Ưu Đãi Cuối Năm,price_attr
29,the-imperial-vung-tau,2026-10-11,41,Dinh Thự Có Giường Cỡ King Nhìn Ra Biển,3780000.00,6000000.00,37.00,1,1,2.0,5c3c4eb1,fd98d839,843,2,42,17274882_389879713_2_1_0_563131,17274882,389879713,2,1,563131,,,False,Bao gồm bữa sáng rất ngon,"Hủy miễn phí trước 4 tháng 10, 2026",• Thanh toán cho chỗ nghỉ trước khi đến,Bao gồm 1 chỗ đậu xe + internet tốc độ cao | – Có thể có giảm giá,Tiết kiệm 37% | Ưu Đãi Cuối Năm,price_attr
29,the-imperial-vung-tau,2026-10-11,42,Dinh Thự Có Giường Cỡ King Nhìn Ra Biển,3780001.00,6000001.00,37.00,1,1,2.0,5c3c4eb1,fd98d839,843,2,43,17274882_389879713_2_1_0_1402980,17274882,389879713,2,1,1402980,,,False,Bao gồm bữa sáng rất ngon,"Hủy miễn phí trước 4 tháng 10, 2026",• Thanh toán cho chỗ nghỉ trước khi đến,Bao gồm giảm giá 12% dịch vụ ăn/uống + 30 phút mát-xa + 1 chỗ đậu xe | – Có thể có giảm giá,Tiết kiệm 37% | Ưu Đãi Cuối Năm,price_attr
29,the-imperial-vung-tau,2026-10-11,43,Dinh Thự Có Giường Cỡ King Nhìn Ra Biển,3893400.00,6180000.00,37.00,1,1,2.0,5c3c4eb1,6a4fdf03,842,1,44,17274882_119446695_2_1_0_563131,17274882,119446695,2,1,563131,,,False,Bao gồm bữa sáng rất ngon,"Hủy miễn phí trước 8 tháng 10, 2026",• Thanh toán cho chỗ nghỉ trước khi đến,Bao gồm 1 chỗ đậu xe + internet tốc độ cao | – Có thể có giảm giá,Tiết kiệm 37% | Ưu Đãi Cuối Năm,price_attr
29,the-imperial-vung-tau,2026-10-11,44,Heritage Deluxe King - Sunworld Water Park Combo,3150000.00,5000000.00,37.00,1,0,2.0,daad1edc,42ee661d,883,2,45,17274897_119446698_2_1_0_563131,17274897,119446698,2,1,563131,,,False,Bao gồm bữa sáng rất ngon,Không hoàn tiền | Linh động đổi ngày khi kế hoạch thay đổi,• Thanh toán cho chỗ nghỉ trước khi đến,Bao gồm 1 chỗ đậu xe + internet tốc độ cao | – Có thể có giảm giá,Tiết kiệm 37% | Ưu Đãi Cuối Năm,price_attr
29,the-imperial-vung-tau,2026-10-11,45,Heritage Deluxe King - Sunworld Water Park Combo,3181500.00,5050000.00,37.00,1,0,2.0,daad1edc,42ee661d,883,2,46,17274897_119446698_2_1_0_1735753,17274897,119446698,2,1,1735753,,,False,Bao gồm bữa sáng rất ngon,Không hoàn tiền | Linh động đổi ngày khi kế hoạch thay đổi,• Thanh toán cho chỗ nghỉ trước khi đến,Bao gồm giảm giá 12% dịch vụ ăn/uống + 1 chỗ đậu xe + trả phòng trễ | – Có thể có giảm giá,Tiết kiệm 37% | Ưu Đãi Cuối Năm,price_attr
29,the-imperial-vung-tau,2026-10-11,46,Heritage Deluxe King - Sunworld Water Park Combo,3339000.00,5300000.00,37.00,1,1,2.0,daad1edc,fd98d839,884,1,47,17274897_389879713_2_1_0_563131,17274897,389879713,2,1,563131,,,False,Bao gồm bữa sáng rất ngon,"Hủy miễn phí trước 4 tháng 10, 2026",• Thanh toán cho chỗ nghỉ trước khi đến,Bao gồm 1 chỗ đậu xe + internet tốc độ cao | – Có thể có giảm giá,Tiết kiệm 37% | Ưu Đãi Cuối Năm,price_attr
29,the-imperial-vung-tau,2026-10-11,47,Grand Residence King Ocean View,3402000.00,5400000.00,37.00,0,0,2.0,637102d4,1b6f0e44,851,1,48,17274892_119446698_2_2_0_563131,17274892,119446698,2,2,563131,,,False,Bữa sáng Rất tốt - VND 500.000,Không hoàn tiền | Linh động đổi ngày khi kế hoạch thay đổi,• Thanh toán cho chỗ nghỉ trước khi đến,Bao gồm 1 chỗ đậu xe + internet tốc độ cao | – Có thể có giảm giá,Tiết kiệm 37% | Ưu Đãi Cuối Năm,price_attr
29,the-imperial-vung-tau,2026-10-11,48,Grand Residence King Ocean View,4000500.00,6350000.00,37.00,1,0,2.0,637102d4,42ee661d,852,2,49,17274892_119446698_2_1_0_563131,17274892,119446698,2,1,563131,,,False,Bao gồm bữa sáng rất ngon,Không hoàn tiền | Linh động đổi ngày khi kế hoạch thay đổi,• Thanh toán cho chỗ nghỉ trước khi đến,Bao gồm 1 chỗ đậu xe + internet tốc độ cao | – Có thể có giảm giá,Tiết kiệm 37% | Ưu Đãi Cuối Năm,price_attr
29,the-imperial-vung-tau,2026-10-11,49,Grand Residence King Ocean View,4032000.00,6400000.00,37.00,1,0,2.0,637102d4,42ee661d,852,2,50,17274892_119446698_2_1_0_1735753,17274892,119446698,2,1,1735753,,,False,Bao gồm bữa sáng rất ngon,Không hoàn tiền | Linh động đổi ngày khi kế hoạch thay đổi,• Thanh toán cho chỗ nghỉ trước khi đến,Bao gồm giảm giá 12% dịch vụ ăn/uống + 1 chỗ đậu xe + trả phòng trễ | – Có thể có giảm giá,Tiết kiệm 37% | Ưu Đãi Cuối Năm,price_attr
29,the-imperial-vung-tau,2026-10-11,50,Grand Residence King Ocean View,4095000.00,6500000.00,37.00,1,1,2.0,637102d4,fd98d839,854,2,51,17274892_389879713_2_1_0_563131,17274892,389879713,2,1,563131,,,False,Bao gồm bữa sáng rất ngon,"Hủy miễn phí trước 4 tháng 10, 2026",• Thanh toán cho chỗ nghỉ trước khi đến,Bao gồm 1 chỗ đậu xe + internet tốc độ cao | – Có thể có giảm giá,Tiết kiệm 37% | Ưu Đãi Cuối Năm,price_attr
29,the-imperial-vung-tau,2026-10-11,51,Grand Residence King Ocean View,4095001.00,6500001.00,37.00,1,1,2.0,637102d4,fd98d839,854,2,52,17274892_389879713_2_1_0_1402980,17274892,389879713,2,1,1402980,,,False,Bao gồm bữa sáng rất ngon,"Hủy miễn phí trước 4 tháng 10, 2026",• Thanh toán cho chỗ nghỉ trước khi đến,Bao gồm giảm giá 12% dịch vụ ăn/uống + 30 phút mát-xa + 1 chỗ đậu xe | – Có thể có giảm giá,Tiết kiệm 37% | Ưu Đãi Cuối Năm,price_attr
29,the-imperial-vung-tau,2026-10-11,52,Grand Residence King Ocean View,4217850.00,6695000.00,37.00,1,1,2.0,637102d4,6a4fdf03,853,1,53,17274892_119446695_2_1_0_563131,17274892,119446695,2,1,563131,,,False,Bao gồm bữa sáng rất ngon,"Hủy miễn phí trước 8 tháng 10, 2026",• Thanh toán cho chỗ nghỉ trước khi đến,Bao gồm 1 chỗ đậu xe + internet tốc độ cao | – Có thể có giảm giá,Tiết kiệm 37% | Ưu Đãi Cuối Năm,price_attr
29,the-imperial-vung-tau,2026-10-11,53,Phòng Heritage Deluxe Có Giường Cỡ King Nhìn Ra Biển,3465000.00,5500000.00,37.00,0,0,2.0,03156cff,1b6f0e44,809,1,54,17274886_119446698_2_2_0_563131,17274886,119446698,2,2,563131,,,False,Bữa sáng Rất tốt - VND 500.000,Không hoàn tiền | Linh động đổi ngày khi kế hoạch thay đổi,• Thanh toán cho chỗ nghỉ trước khi đến,Bao gồm 1 chỗ đậu xe + internet tốc độ cao | – Có thể có giảm giá,Tiết kiệm 37% | Ưu Đãi Cuối Năm,price_attr
29,the-imperial-vung-tau,2026-10-11,54,Phòng Heritage Deluxe Có Giường Cỡ King Nhìn Ra Biển,3969000.00,6300000.00,37.00,1,0,2.0,03156cff,42ee661d,810,2,55,17274886_119446698_2_1_0_563131,17274886,119446698,2,1,563131,,,False,Bao gồm bữa sáng rất ngon,Không hoàn tiền | Linh động đổi ngày khi kế hoạch thay đổi,• Thanh toán cho chỗ nghỉ trước khi đến,Bao gồm 1 chỗ đậu xe + internet tốc độ cao | – Có thể có giảm giá,Tiết kiệm 37% | Ưu Đãi Cuối Năm,price_attr
29,the-imperial-vung-tau,2026-10-11,55,Phòng Heritage Deluxe Có Giường Cỡ King Nhìn Ra Biển,4000500.00,6350000.00,37.00,1,0,2.0,03156cff,42ee661d,810,2,56,17274886_119446698_2_1_0_1735753,17274886,119446698,2,1,1735753,,,False,Bao gồm bữa sáng rất ngon,Không hoàn tiền | Linh động đổi ngày khi kế hoạch thay đổi,• Thanh toán cho chỗ nghỉ trước khi đến,Bao gồm giảm giá 12% dịch vụ ăn/uống + 1 chỗ đậu xe + trả phòng trễ | – Có thể có giảm giá,Tiết kiệm 37% | Ưu Đãi Cuối Năm,price_attr
29,the-imperial-vung-tau,2026-10-11,56,Phòng Heritage Deluxe Có Giường Cỡ King Nhìn Ra Biển,4095000.00,6500000.00,37.00,1,1,2.0,03156cff,fd98d839,812,2,57,17274886_389879713_2_1_0_563131,17274886,389879713,2,1,563131,,,False,Bao gồm bữa sáng rất ngon,"Hủy miễn phí trước 4 tháng 10, 2026",• Thanh toán cho chỗ nghỉ trước khi đến,Bao gồm 1 chỗ đậu xe + internet tốc độ cao | – Có thể có giảm giá,Tiết kiệm 37% | Ưu Đãi Cuối Năm,price_attr
29,the-imperial-vung-tau,2026-10-11,57,Phòng Heritage Deluxe Có Giường Cỡ King Nhìn Ra Biển,4095001.00,6500001.00,37.00,1,1,2.0,03156cff,fd98d839,812,2,58,17274886_389879713_2_1_0_1402980,17274886,389879713,2,1,1402980,,,False,Bao gồm bữa sáng rất ngon,"Hủy miễn phí trước 4 tháng 10, 2026",• Thanh toán cho chỗ nghỉ trước khi đến,Bao gồm giảm giá 12% dịch vụ ăn/uống + 30 phút mát-xa + 1 chỗ đậu xe | – Có thể có giảm giá,Tiết kiệm 37% | Ưu Đãi Cuối Năm,price_attr
29,the-imperial-vung-tau,2026-10-11,58,Phòng Heritage Deluxe Có Giường Cỡ King Nhìn Ra Biển,4217850.00,6695000.00,37.00,1,1,2.0,03156cff,6a4fdf03,811,1,59,17274886_119446695_2_1_0_563131,17274886,119446695,2,1,563131,,,False,Bao gồm bữa sáng rất ngon,"Hủy miễn phí trước 8 tháng 10, 2026",• Thanh toán cho chỗ nghỉ trước khi đến,Bao gồm 1 chỗ đậu xe + internet tốc độ cao | – Có thể có giảm giá,Tiết kiệm 37% | Ưu Đãi Cuối Năm,price_attr
29,the-imperial-vung-tau,2026-10-11,59,Run Of House Room - SunWorld Water Park Combo,3528000.00,5600000.00,37.00,1,1,2.0,606c6b73,d16e3bf7,850,1,60,17274907_380584448_2_1_0_563131,17274907,380584448,2,1,563131,,,False,Bao gồm bữa sáng rất ngon,"Hủy miễn phí trước 10 tháng 10, 2026",• Thanh toán cho chỗ nghỉ trước khi đến,Bao gồm 1 chỗ đậu xe + internet tốc độ cao | – Có thể có giảm giá,Tiết kiệm 37% | Ưu Đãi Cuối Năm,price_attr
29,the-imperial-vung-tau,2026-10-11,60,Run Of House Room - SunWorld Water Park Combo,3559500.00,5650000.00,37.00,1,0,2.0,606c6b73,42ee661d,849,1,61,17274907_119446698_2_1_0_1735753,17274907,119446698,2,1,1735753,,,False,Bao gồm bữa sáng rất ngon,Không hoàn tiền | Linh động đổi ngày khi kế hoạch thay đổi,• Thanh toán cho chỗ nghỉ trước khi đến,Bao gồm giảm giá 12% dịch vụ ăn/uống + 1 chỗ đậu xe + trả phòng trễ | – Có thể có giảm giá,Tiết kiệm 37% | Ưu Đãi Cuối Năm,price_attr
29,the-imperial-vung-tau,2026-10-11,61,Heritage Grand Deluxe Ocean View,3717000.00,5900000.00,37.00,0,0,2.0,3e6239b1,1b6f0e44,828,1,62,17274895_119446698_2_2_0_563131,17274895,119446698,2,2,563131,,,False,Bữa sáng Rất tốt - VND 500.000,Không hoàn tiền | Linh động đổi ngày khi kế hoạch thay đổi,• Thanh toán cho chỗ nghỉ trước khi đến,Bao gồm 1 chỗ đậu xe + internet tốc độ cao | – Có thể có giảm giá,Tiết kiệm 37% | Ưu Đãi Cuối Năm,price_attr
29,the-imperial-vung-tau,2026-10-11,62,Heritage Grand Deluxe Ocean View,4221000.00,6700000.00,37.00,1,0,2.0,3e6239b1,42ee661d,829,2,63,17274895_119446698_2_1_0_563131,17274895,119446698,2,1,563131,,,False,Bao gồm bữa sáng rất ngon,Không hoàn tiền | Linh động đổi ngày khi kế hoạch thay đổi,• Thanh toán cho chỗ nghỉ trước khi đến,Bao gồm 1 chỗ đậu xe + internet tốc độ cao | – Có thể có giảm giá,Tiết kiệm 37% | Ưu Đãi Cuối Năm,price_attr
29,the-imperial-vung-tau,2026-10-11,63,Heritage Grand Deluxe Ocean View,4252500.00,6750000.00,37.00,1,0,2.0,3e6239b1,42ee661d,829,2,64,17274895_119446698_2_1_0_1735753,17274895,119446698,2,1,1735753,,,False,Bao gồm bữa sáng rất ngon,Không hoàn tiền | Linh động đổi ngày khi kế hoạch thay đổi,• Thanh toán cho chỗ nghỉ trước khi đến,Bao gồm giảm giá 12% dịch vụ ăn/uống + 1 chỗ đậu xe + trả phòng trễ | – Có thể có giảm giá,Tiết kiệm 37% | Ưu Đãi Cuối Năm,price_attr
29,the-imperial-vung-tau,2026-10-11,64,Heritage Grand Deluxe Ocean View,4347000.00,6900000.00,37.00,1,1,2.0,3e6239b1,fd98d839,831,2,65,17274895_389879713_2_1_0_563131,17274895,389879713,2,1,563131,,,False,Bao gồm bữa sáng rất ngon,"Hủy miễn phí trước 4 tháng 10, 2026",• Thanh toán cho chỗ nghỉ trước khi đến,Bao gồm 1 chỗ đậu xe + internet tốc độ cao | – Có thể có giảm giá,Tiết kiệm 37% | Ưu Đãi Cuối Năm,price_attr
29,the-imperial-vung-tau,2026-10-11,65,Heritage Grand Deluxe Ocean View,4347001.00,6900001.00,37.00,1,1,2.0,3e6239b1,fd98d839,831,2,66,17274895_389879713_2_1_0_1402980,17274895,389879713,2,1,1402980,,,False,Bao gồm bữa sáng rất ngon,"Hủy miễn phí trước 4 tháng 10, 2026",• Thanh toán cho chỗ nghỉ trước khi đến,Bao gồm giảm giá 12% dịch vụ ăn/uống + 30 phút mát-xa + 1 chỗ đậu xe | – Có thể có giảm giá,Tiết kiệm 37% | Ưu Đãi Cuối Năm,price_attr
29,the-imperial-vung-tau,2026-10-11,66,Heritage Grand Deluxe Ocean View,4477410.00,7107000.00,37.00,1,1,2.0,3e6239b1,6a4fdf03,830,1,67,17274895_119446695_2_1_0_563131,17274895,119446695,2,1,563131,,,False,Bao gồm bữa sáng rất ngon,"Hủy miễn phí trước 8 tháng 10, 2026",• Thanh toán cho chỗ nghỉ trước khi đến,Bao gồm 1 chỗ đậu xe + internet tốc độ cao | – Có thể có giảm giá,Tiết kiệm 37% | Ưu Đãi Cuối Năm,price_attr
29,the-imperial-vung-tau,2026-10-11,67,Residence Suite,4032000.00,6400000.00,37.00,0,0,2.0,5be1424e,1b6f0e44,836,1,68,17274837_119446698_2_2_0_563131,17274837,119446698,2,2,563131,,,False,Bữa sáng Rất tốt - VND 500.000,Không hoàn tiền | Linh động đổi ngày khi kế hoạch thay đổi,• Thanh toán cho chỗ nghỉ trước khi đến,Bao gồm 1 chỗ đậu xe + internet tốc độ cao | – Có thể có giảm giá,Tiết kiệm 37% | Ưu Đãi Cuối Năm,price_attr
29,the-imperial-vung-tau,2026-10-11,68,Residence Suite,4630500.00,7350000.00,37.00,1,0,2.0,5be1424e,42ee661d,837,2,69,17274837_119446698_2_1_0_563131,17274837,119446698,2,1,563131,,,False,Bao gồm bữa sáng rất ngon,Không hoàn tiền | Linh động đổi ngày khi kế hoạch thay đổi,• Thanh toán cho chỗ nghỉ trước khi đến,Bao gồm 1 chỗ đậu xe + internet tốc độ cao | – Có thể có giảm giá,Tiết kiệm 37% | Ưu Đãi Cuối Năm,price_attr
29,the-imperial-vung-tau,2026-10-11,69,Residence Suite,4662000.00,7400000.00,37.00,1,0,2.0,5be1424e,42ee661d,837,2,70,17274837_119446698_2_1_0_1735753,17274837,119446698,2,1,1735753,,,False,Bao gồm bữa sáng rất ngon,Không hoàn tiền | Linh động đổi ngày khi kế hoạch thay đổi,• Thanh toán cho chỗ nghỉ trước khi đến,Bao gồm giảm giá 12% dịch vụ ăn/uống + 1 chỗ đậu xe + trả phòng trễ | – Có thể có giảm giá,Tiết kiệm 37% | Ưu Đãi Cuối Năm,price_attr
29,the-imperial-vung-tau,2026-10-11,70,Residence Suite,4725000.00,7500000.00,37.00,1,1,2.0,5be1424e,fd98d839,839,2,71,17274837_389879713_2_1_0_563131,17274837,389879713,2,1,563131,,,False,Bao gồm bữa sáng rất ngon,"Hủy miễn phí trước 4 tháng 10, 2026",• Thanh toán cho chỗ nghỉ trước khi đến,Bao gồm 1 chỗ đậu xe + internet tốc độ cao | – Có thể có giảm giá,Tiết kiệm 37% | Ưu Đãi Cuối Năm,price_attr
29,the-imperial-vung-tau,2026-10-11,71,Residence Suite,4725001.00,7500001.00,37.00,1,1,2.0,5be1424e,fd98d839,839,2,72,17274837_389879713_2_1_0_1402980,17274837,389879713,2,1,1402980,,,False,Bao gồm bữa sáng rất ngon,"Hủy miễn phí trước 4 tháng 10, 2026",• Thanh toán cho chỗ nghỉ trước khi đến,Bao gồm giảm giá 12% dịch vụ ăn/uống + 30 phút mát-xa + 1 chỗ đậu xe | – Có thể có giảm giá,Tiết kiệm 37% | Ưu Đãi Cuối Năm,price_attr
29,the-imperial-vung-tau,2026-10-11,72,Residence Suite,4866750.00,7725000.00,37.00,1,1,2.0,5be1424e,6a4fdf03,838,1,73,17274837_119446695_2_1_0_563131,17274837,119446695,2,1,563131,,,False,Bao gồm bữa sáng rất ngon,"Hủy miễn phí trước 8 tháng 10, 2026",• Thanh toán cho chỗ nghỉ trước khi đến,Bao gồm 1 chỗ đậu xe + internet tốc độ cao | – Có thể có giảm giá,Tiết kiệm 37% | Ưu Đãi Cuối Năm,price_attr
29,the-imperial-vung-tau,2026-10-11,73,Heritage Deluxe King Ocean View - Sunworld Combo,4158000.00,6600000.00,37.00,1,0,2.0,94277b8d,42ee661d,869,2,74,17274899_119446698_2_1_0_563131,17274899,119446698,2,1,563131,,,False,Bao gồm bữa sáng rất ngon,Không hoàn tiền | Linh động đổi ngày khi kế hoạch thay đổi,• Thanh toán cho chỗ nghỉ trước khi đến,Bao gồm 1 chỗ đậu xe + internet tốc độ cao | – Có thể có giảm giá,Tiết kiệm 37% | Ưu Đãi Cuối Năm,price_attr
29,the-imperial-vung-tau,2026-10-11,74,Heritage Deluxe King Ocean View - Sunworld Combo,4347000.00,6900000.00,37.00,1,1,2.0,94277b8d,fd98d839,870,1,75,17274899_389879713_2_1_0_563131,17274899,389879713,2,1,563131,,,False,Bao gồm bữa sáng rất ngon,"Hủy miễn phí trước 4 tháng 10, 2026",• Thanh toán cho chỗ nghỉ trước khi đến,Bao gồm 1 chỗ đậu xe + internet tốc độ cao | – Có thể có giảm giá,Tiết kiệm 37% | Ưu Đãi Cuối Năm,price_attr
29,the-imperial-vung-tau,2026-10-11,75,Heritage Deluxe King Ocean View - Sunworld Combo,4189500.00,6650000.00,37.00,1,0,2.0,94277b8d,42ee661d,869,2,76,17274899_119446698_3_1_0_1735753,17274899,119446698,3,1,1735753,,,False,Bao gồm bữa sáng rất ngon,Không hoàn tiền | Linh động đổi ngày khi kế hoạch thay đổi,• Thanh toán cho chỗ nghỉ trước khi đến,Bao gồm giảm giá 12% dịch vụ ăn/uống + 1 chỗ đậu xe + trả phòng trễ | – Có thể có giảm giá,Tiết kiệm 37% | Ưu Đãi Cuối Năm,price_attr
29,the-imperial-vung-tau,2026-10-11,76,Suite Dinh Thự Nhìn Ra Biển,4347000.00,6900000.00,37.00,0,0,2.0,1d3d9642,1b6f0e44,816,1,77,17274885_119446698_2_2_0_563131,17274885,119446698,2,2,563131,,,False,Bữa sáng Rất tốt - VND 500.000,Không hoàn tiền | Linh động đổi ngày khi kế hoạch thay đổi,• Thanh toán cho chỗ nghỉ trước khi đến,Bao gồm 1 chỗ đậu xe + internet tốc độ cao | – Có thể có giảm giá,Tiết kiệm 37% | Ưu Đãi Cuối Năm,price_attr
29,the-imperial-vung-tau,2026-10-11,77,Suite Dinh Thự Nhìn Ra Biển,4914000.00,7800000.00,37.00,1,0,2.0,1d3d9642,42ee661d,817,2,78,17274885_119446698_2_1_0_563131,17274885,119446698,2,1,563131,,,False,Bao gồm bữa sáng rất ngon,Không hoàn tiền | Linh động đổi ngày khi kế hoạch thay đổi,• Thanh toán cho chỗ nghỉ trước khi đến,Bao gồm 1 chỗ đậu xe + internet tốc độ cao | – Có thể có giảm giá,Tiết kiệm 37% | Ưu Đãi Cuối Năm,price_attr
29,the-imperial-vung-tau,2026-10-11,78,Suite Dinh Thự Nhìn Ra Biển,4945500.00,7850000.00,37.00,1,0,2.0,1d3d9642,42ee661d,817,2,79,17274885_119446698_2_1_0_1735753,17274885,119446698,2,1,1735753,,,False,Bao gồm bữa sáng rất ngon,Không hoàn tiền | Linh động đổi ngày khi kế hoạch thay đổi,• Thanh toán cho chỗ nghỉ trước khi đến,Bao gồm giảm giá 12% dịch vụ ăn/uống + 1 chỗ đậu xe + trả phòng trễ | – Có thể có giảm giá,Tiết kiệm 37% | Ưu Đãi Cuối Năm,price_attr
29,the-imperial-vung-tau,2026-10-11,79,Suite Dinh Thự Nhìn Ra Biển,5040000.00,8000000.00,37.00,1,1,2.0,1d3d9642,fd98d839,819,2,80,17274885_389879713_2_1_0_563131,17274885,389879713,2,1,563131,,,False,Bao gồm bữa sáng rất ngon,"Hủy miễn phí trước 4 tháng 10, 2026",• Thanh toán cho chỗ nghỉ trước khi đến,Bao gồm 1 chỗ đậu xe + internet tốc độ cao | – Có thể có giảm giá,Tiết kiệm 37% | Ưu Đãi Cuối Năm,price_attr
29,the-imperial-vung-tau,2026-10-11,80,Suite Dinh Thự Nhìn Ra Biển,5040001.00,8000001.00,37.00,1,1,2.0,1d3d9642,fd98d839,819,2,81,17274885_389879713_2_1_0_1402980,17274885,389879713,2,1,1402980,,,False,Bao gồm bữa sáng rất ngon,"Hủy miễn phí trước 4 tháng 10, 2026",• Thanh toán cho chỗ nghỉ trước khi đến,Bao gồm giảm giá 12% dịch vụ ăn/uống + 30 phút mát-xa + 1 chỗ đậu xe | – Có thể có giảm giá,Tiết kiệm 37% | Ưu Đãi Cuối Năm,price_attr
29,the-imperial-vung-tau,2026-10-11,81,Suite Dinh Thự Nhìn Ra Biển,5191200.00,8240000.00,37.00,1,1,2.0,1d3d9642,6a4fdf03,818,1,82,17274885_119446695_2_1_0_563131,17274885,119446695,2,1,563131,,,False,Bao gồm bữa sáng rất ngon,"Hủy miễn phí trước 8 tháng 10, 2026",• Thanh toán cho chỗ nghỉ trước khi đến,Bao gồm 1 chỗ đậu xe + internet tốc độ cao | – Có thể có giảm giá,Tiết kiệm 37% | Ưu Đãi Cuối Năm,price_attr
29,the-imperial-vung-tau,2026-10-11,82,Suite Heritage Nhìn Ra Biển,4662000.00,7400000.00,37.00,0,0,2.0,b4a5164b,1b6f0e44,875,1,83,17274839_119446698_2_2_0_563131,17274839,119446698,2,2,563131,,,False,Bữa sáng Rất tốt - VND 500.000,Không hoàn tiền | Linh động đổi ngày khi kế hoạch thay đổi,• Thanh toán cho chỗ nghỉ trước khi đến,Bao gồm 1 chỗ đậu xe + internet tốc độ cao | – Có thể có giảm giá,Tiết kiệm 37% | Ưu Đãi Cuối Năm,price_attr
29,the-imperial-vung-tau,2026-10-11,83,Suite Heritage Nhìn Ra Biển,5166000.00,8200000.00,37.00,1,0,2.0,b4a5164b,42ee661d,876,2,84,17274839_119446698_2_1_0_563131,17274839,119446698,2,1,563131,,,False,Bao gồm bữa sáng rất ngon,Không hoàn tiền | Linh động đổi ngày khi kế hoạch thay đổi,• Thanh toán cho chỗ nghỉ trước khi đến,Bao gồm 1 chỗ đậu xe + internet tốc độ cao | – Có thể có giảm giá,Tiết kiệm 37% | Ưu Đãi Cuối Năm,price_attr
29,the-imperial-vung-tau,2026-10-11,84,Suite Heritage Nhìn Ra Biển,5197500.00,8250000.00,37.00,1,0,2.0,b4a5164b,42ee661d,876,2,85,17274839_119446698_2_1_0_1735753,17274839,119446698,2,1,1735753,,,False,Bao gồm bữa sáng rất ngon,Không hoàn tiền | Linh động đổi ngày khi kế hoạch thay đổi,• Thanh toán cho chỗ nghỉ trước khi đến,Bao gồm giảm giá 12% dịch vụ ăn/uống + 1 chỗ đậu xe + trả phòng trễ | – Có thể có giảm giá,Tiết kiệm 37% | Ưu Đãi Cuối Năm,price_attr
29,the-imperial-vung-tau,2026-10-11,85,Suite Heritage Nhìn Ra Biển,5355000.00,8500000.00,37.00,1,1,2.0,b4a5164b,fd98d839,878,2,86,17274839_389879713_2_1_0_563131,17274839,389879713,2,1,563131,,,False,Bao gồm bữa sáng rất ngon,"Hủy miễn phí trước 4 tháng 10, 2026",• Thanh toán cho chỗ nghỉ trước khi đến,Bao gồm 1 chỗ đậu xe + internet tốc độ cao | – Có thể có giảm giá,Tiết kiệm 37% | Ưu Đãi Cuối Năm,price_attr
29,the-imperial-vung-tau,2026-10-11,86,Suite Heritage Nhìn Ra Biển,5355001.00,8500001.00,37.00,1,1,2.0,b4a5164b,fd98d839,878,2,87,17274839_389879713_2_1_0_1402980,17274839,389879713,2,1,1402980,,,False,Bao gồm bữa sáng rất ngon,"Hủy miễn phí trước 4 tháng 10, 2026",• Thanh toán cho chỗ nghỉ trước khi đến,Bao gồm giảm giá 12% dịch vụ ăn/uống + 30 phút mát-xa + 1 chỗ đậu xe | – Có thể có giảm giá,Tiết kiệm 37% | Ưu Đãi Cuối Năm,price_attr
29,the-imperial-vung-tau,2026-10-11,87,Suite Heritage Nhìn Ra Biển,5515650.00,8755000.00,37.00,1,1,2.0,b4a5164b,6a4fdf03,877,1,88,17274839_119446695_2_1_0_563131,17274839,119446695,2,1,563131,,,False,Bao gồm bữa sáng rất ngon,"Hủy miễn phí trước 8 tháng 10, 2026",• Thanh toán cho chỗ nghỉ trước khi đến,Bao gồm 1 chỗ đậu xe + internet tốc độ cao | – Có thể có giảm giá,Tiết kiệm 37% | Ưu Đãi Cuối Năm,price_attr
29,the-imperial-vung-tau,2026-10-11,88,Heritage Suite Ocean View - Sunworld Combo,5418000.00,8600000.00,37.00,1,1,2.0,7f8e0e01,fd98d839,860,1,89,17274900_389879713_2_1_0_563131,17274900,389879713,2,1,563131,,,False,Bao gồm bữa sáng rất ngon,"Hủy miễn phí trước 4 tháng 10, 2026",• Thanh toán cho chỗ nghỉ trước khi đến,Bao gồm 1 chỗ đậu xe + internet tốc độ cao | – Có thể có giảm giá,Tiết kiệm 37% | Ưu Đãi Cuối Năm,price_attr
29,the-imperial-vung-tau,2026-10-11,89,Heritage Suite Ocean View - Sunworld Combo,5449500.00,8650000.00,37.00,1,0,2.0,7f8e0e01,42ee661d,859,1,90,17274900_119446698_2_1_0_1735753,17274900,119446698,2,1,1735753,,,False,Bao gồm bữa sáng rất ngon,Không hoàn tiền | Linh động đổi ngày khi kế hoạch thay đổi,• Thanh toán cho chỗ nghỉ trước khi đến,Bao gồm giảm giá 12% dịch vụ ăn/uống + 1 chỗ đậu xe + trả phòng trễ | – Có thể có giảm giá,Tiết kiệm 37% | Ưu Đãi Cuối Năm,price_attr
29,the-imperial-vung-tau,2026-10-11,90,Suite Heritage Imperial,30807000.00,48900000.00,37.00,0,0,2.0,6e5272a7,1b6f0e44,855,1,91,17274844_119446698_2_2_0_563131,17274844,119446698,2,2,563131,,,False,Bữa sáng Rất tốt - VND 500.000,Không hoàn tiền | Linh động đổi ngày khi kế hoạch thay đổi,• Thanh toán cho chỗ nghỉ trước khi đến,Bao gồm 1 chỗ đậu xe + internet tốc độ cao | – Có thể có giảm giá,Tiết kiệm 37% | Ưu Đãi Cuối Năm,price_attr
29,the-imperial-vung-tau,2026-10-11,91,Suite Heritage Imperial,31311000.00,49700000.00,37.00,1,0,2.0,6e5272a7,42ee661d,856,2,92,17274844_119446698_2_1_0_563131,17274844,119446698,2,1,563131,,,False,Bao gồm bữa sáng rất ngon,Không hoàn tiền | Linh động đổi ngày khi kế hoạch thay đổi,• Thanh toán cho chỗ nghỉ trước khi đến,Bao gồm 1 chỗ đậu xe + internet tốc độ cao | – Có thể có giảm giá,Tiết kiệm 37% | Ưu Đãi Cuối Năm,price_attr
29,the-imperial-vung-tau,2026-10-11,92,Suite Heritage Imperial,31500000.00,50000000.00,37.00,1,1,2.0,6e5272a7,fd98d839,858,2,93,17274844_389879713_2_1_0_563131,17274844,389879713,2,1,563131,,,False,Bao gồm bữa sáng rất ngon,"Hủy miễn phí trước 4 tháng 10, 2026",• Thanh toán cho chỗ nghỉ trước khi đến,Bao gồm 1 chỗ đậu xe + internet tốc độ cao | – Có thể có giảm giá,Tiết kiệm 37% | Ưu Đãi Cuối Năm,price_attr
29,the-imperial-vung-tau,2026-10-11,93,Suite Heritage Imperial,31500001.00,50000001.00,37.00,1,1,2.0,6e5272a7,fd98d839,858,2,94,17274844_389879713_2_1_0_1402980,17274844,389879713,2,1,1402980,,,False,Bao gồm bữa sáng rất ngon,"Hủy miễn phí trước 4 tháng 10, 2026",• Thanh toán cho chỗ nghỉ trước khi đến,Bao gồm giảm giá 12% dịch vụ ăn/uống + 30 phút mát-xa + 1 chỗ đậu xe | – Có thể có giảm giá,Tiết kiệm 37% | Ưu Đãi Cuối Năm,price_attr
29,the-imperial-vung-tau,2026-10-11,94,Suite Heritage Imperial,32445000.00,51500000.00,37.00,1,1,2.0,6e5272a7,6a4fdf03,857,1,95,17274844_119446695_2_1_0_563131,17274844,119446695,2,1,563131,,,False,Bao gồm bữa sáng rất ngon,"Hủy miễn phí trước 8 tháng 10, 2026",• Thanh toán cho chỗ nghỉ trước khi đến,Bao gồm 1 chỗ đậu xe + internet tốc độ cao | – Có thể có giảm giá,Tiết kiệm 37% | Ưu Đãi Cuối Năm,price_attr
29,the-imperial-vung-tau,2026-10-11,95,Suite Heritage Imperial,31342500.00,49750000.00,37.00,1,0,2.0,6e5272a7,42ee661d,856,2,96,17274844_119446698_3_1_0_1735753,17274844,119446698,3,1,1735753,,,False,Bao gồm bữa sáng rất ngon,Không hoàn tiền | Linh động đổi ngày khi kế hoạch thay đổi,• Thanh toán cho chỗ nghỉ trước khi đến,Bao gồm giảm giá 12% dịch vụ ăn/uống + 1 chỗ đậu xe + trả phòng trễ | – Có thể có giảm giá,Tiết kiệm 37% | Ưu Đãi Cuối Năm,price_attr
29,the-imperial-vung-tau,2026-10-11,96,Phòng Heritage Deluxe 3 Người,3276000.00,5200000.00,37.00,0,0,3.0,9bc0efb8,1b6f0e44,871,1,97,17274805_119446698_3_2_0_563131,17274805,119446698,3,2,563131,,,False,Bữa sáng Rất tốt - VND 500.000,Không hoàn tiền | Linh động đổi ngày khi kế hoạch thay đổi,• Thanh toán cho chỗ nghỉ trước khi đến,Bao gồm 1 chỗ đậu xe + internet tốc độ cao | – Có thể có giảm giá,Tiết kiệm 37% | Ưu Đãi Cuối Năm,price_attr
29,the-imperial-vung-tau,2026-10-11,97,Phòng Heritage Deluxe 3 Người,3843000.00,6100000.00,37.00,1,0,3.0,9bc0efb8,42ee661d,872,2,98,17274805_119446698_3_1_0_563131,17274805,119446698,3,1,563131,,,False,Bao gồm bữa sáng rất ngon,Không hoàn tiền | Linh động đổi ngày khi kế hoạch thay đổi,• Thanh toán cho chỗ nghỉ trước khi đến,Bao gồm 1 chỗ đậu xe + internet tốc độ cao | – Có thể có giảm giá,Tiết kiệm 37% | Ưu Đãi Cuối Năm,price_attr
29,the-imperial-vung-tau,2026-10-11,98,Phòng Heritage Deluxe 3 Người,3874500.00,6150000.00,37.00,1,0,3.0,9bc0efb8,42ee661d,872,2,99,17274805_119446698_3_1_0_1735753,17274805,119446698,3,1,1735753,,,False,Bao gồm bữa sáng rất ngon,Không hoàn tiền | Linh động đổi ngày khi kế hoạch thay đổi,• Thanh toán cho chỗ nghỉ trước khi đến,Bao gồm giảm giá 12% dịch vụ ăn/uống + 1 chỗ đậu xe + trả phòng trễ | – Có thể có giảm giá,Tiết kiệm 37% | Ưu Đãi Cuối Năm,price_attr
29,the-imperial-vung-tau,2026-10-11,99,Phòng Heritage Deluxe 3 Người,3969000.00,6300000.00,37.00,1,1,3.0,9bc0efb8,fd98d839,874,1,100,17274805_389879713_3_1_0_563131,17274805,389879713,3,1,563131,,,False,Bao gồm bữa sáng rất ngon,"Hủy miễn phí trước 4 tháng 10, 2026",• Thanh toán cho chỗ nghỉ trước khi đến,Bao gồm 1 chỗ đậu xe + internet tốc độ cao | – Có thể có giảm giá,Tiết kiệm 37% | Ưu Đãi Cuối Năm,price_attr
29,the-imperial-vung-tau,2026-10-11,100,Phòng Heritage Deluxe 3 Người,4088070.00,6489000.00,37.00,1,1,3.0,9bc0efb8,6a4fdf03,873,1,101,17274805_119446695_3_1_0_563131,17274805,119446695,3,1,563131,,,False,Bao gồm bữa sáng rất ngon,"Hủy miễn phí trước 8 tháng 10, 2026",• Thanh toán cho chỗ nghỉ trước khi đến,Bao gồm 1 chỗ đậu xe + internet tốc độ cao | – Có thể có giảm giá,Tiết kiệm 37% | Ưu Đãi Cuối Năm,price_attr
29,the-imperial-vung-tau,2026-10-11,101,Heritage Triple Room - Sunworld Water Partk Combo,4347000.00,6900000.00,37.00,1,0,3.0,e5d48b06,42ee661d,885,2,102,17274898_119446698_3_1_0_563131,17274898,119446698,3,1,563131,,,False,Bao gồm bữa sáng rất ngon,Không hoàn tiền | Linh động đổi ngày khi kế hoạch thay đổi,• Thanh toán cho chỗ nghỉ trước khi đến,Bao gồm 1 chỗ đậu xe + internet tốc độ cao | – Có thể có giảm giá,Tiết kiệm 37% | Ưu Đãi Cuối Năm,price_attr
29,the-imperial-vung-tau,2026-10-11,102,Heritage Triple Room - Sunworld Water Partk Combo,4378500.00,6950000.00,37.00,1,0,3.0,e5d48b06,42ee661d,885,2,103,17274898_119446698_3_1_0_1735753,17274898,119446698,3,1,1735753,,,False,Bao gồm bữa sáng rất ngon,Không hoàn tiền | Linh động đổi ngày khi kế hoạch thay đổi,• Thanh toán cho chỗ nghỉ trước khi đến,Bao gồm giảm giá 12% dịch vụ ăn/uống + 1 chỗ đậu xe + trả phòng trễ | – Có thể có giảm giá,Tiết kiệm 37% | Ưu Đãi Cuối Năm,price_attr
29,the-imperial-vung-tau,2026-10-11,103,Heritage Triple Room - Sunworld Water Partk Combo,4536000.00,7200000.00,37.00,1,1,3.0,e5d48b06,fd98d839,886,1,104,17274898_389879713_3_1_0_563131,17274898,389879713,3,1,563131,,,False,Bao gồm bữa sáng rất ngon,"Hủy miễn phí trước 4 tháng 10, 2026",• Thanh toán cho chỗ nghỉ trước khi đến,Bao gồm 1 chỗ đậu xe + internet tốc độ cao | – Có thể có giảm giá,Tiết kiệm 37% | Ưu Đãi Cuối Năm,price_attr
29,the-imperial-vung-tau,2026-10-11,104,Phòng Gia Đình Heritage Deluxe,5670000.00,9000000.00,37.00,0,0,2.0,fdd7f674,1b6f0e44,887,1,105,17274867_119446698_4_2_0_563131,17274867,119446698,4,2,563131,,,False,Bữa sáng Rất tốt - VND 500.000,Không hoàn tiền | Linh động đổi ngày khi kế hoạch thay đổi,• Thanh toán cho chỗ nghỉ trước khi đến,Bao gồm 1 chỗ đậu xe + internet tốc độ cao | – Có thể có giảm giá,Tiết kiệm 37% | Ưu Đãi Cuối Năm,price_attr
29,the-imperial-vung-tau,2026-10-11,105,Phòng Gia Đình Heritage Deluxe,6174000.00,9800000.00,37.00,1,0,2.0,fdd7f674,42ee661d,888,2,106,17274867_119446698_0_1_0_563131,17274867,119446698,0,1,563131,,,False,Bao gồm bữa sáng rất ngon,Không hoàn tiền | Linh động đổi ngày khi kế hoạch thay đổi,• Thanh toán cho chỗ nghỉ trước khi đến,Bao gồm 1 chỗ đậu xe + internet tốc độ cao | – Có thể có giảm giá,Tiết kiệm 37% | Ưu Đãi Cuối Năm,price_attr
29,the-imperial-vung-tau,2026-10-11,106,Phòng Gia Đình Heritage Deluxe,6205500.00,9850000.00,37.00,1,0,2.0,fdd7f674,42ee661d,888,2,107,17274867_119446698_4_1_0_1735753,17274867,119446698,4,1,1735753,,,False,Bao gồm bữa sáng rất ngon,Không hoàn tiền | Linh động đổi ngày khi kế hoạch thay đổi,• Thanh toán cho chỗ nghỉ trước khi đến,Bao gồm giảm giá 12% dịch vụ ăn/uống + 1 chỗ đậu xe + trả phòng trễ | – Có thể có giảm giá,Tiết kiệm 37% | Ưu Đãi Cuối Năm,price_attr
29,the-imperial-vung-tau,2026-10-11,107,Phòng Gia Đình Heritage Deluxe,6300000.00,10000000.00,37.00,1,1,2.0,fdd7f674,fd98d839,890,1,108,17274867_389879713_4_1_0_563131,17274867,389879713,4,1,563131,,,False,Bao gồm bữa sáng rất ngon,"Hủy miễn phí trước 4 tháng 10, 2026",• Thanh toán cho chỗ nghỉ trước khi đến,Bao gồm 1 chỗ đậu xe + internet tốc độ cao | – Có thể có giảm giá,Tiết kiệm 37% | Ưu Đãi Cuối Năm,price_attr
29,the-imperial-vung-tau,2026-10-11,108,Phòng Gia Đình Heritage Deluxe,6489000.00,10300000.00,37.00,1,1,2.0,fdd7f674,6a4fdf03,889,1,109,17274867_119446695_4_1_0_563131,17274867,119446695,4,1,563131,,,False,Bao gồm bữa sáng rất ngon,"Hủy miễn phí trước 8 tháng 10, 2026",• Thanh toán cho chỗ nghỉ trước khi đến,Bao gồm 1 chỗ đậu xe + internet tốc độ cao | – Có thể có giảm giá,Tiết kiệm 37% | Ưu Đãi Cuối Năm,price_attr
29,the-imperial-vung-tau,2026-10-11,109,Suite Dinh Thự 2 Phòng Ngủ Nhìn Ra Biển,7182000.00,11400000.00,37.00,0,0,2.0,2930218d,1b6f0e44,820,1,110,17274841_119446698_4_2_0_563131,17274841,119446698,4,2,563131,,,False,Bữa sáng Rất tốt - VND 500.000,Không hoàn tiền | Linh động đổi ngày khi kế hoạch thay đổi,• Thanh toán cho chỗ nghỉ trước khi đến,Bao gồm 1 chỗ đậu xe + internet tốc độ cao | – Có thể có giảm giá,Tiết kiệm 37% | Ưu Đãi Cuối Năm,price_attr
29,the-imperial-vung-tau,2026-10-11,110,Suite Dinh Thự 2 Phòng Ngủ Nhìn Ra Biển,8001000.00,12700000.00,37.00,1,0,2.0,2930218d,42ee661d,821,2,111,17274841_119446698_4_1_0_563131,17274841,119446698,4,1,563131,,,False,Bao gồm bữa sáng rất ngon,Không hoàn tiền | Linh động đổi ngày khi kế hoạch thay đổi,• Thanh toán cho chỗ nghỉ trước khi đến,Bao gồm 1 chỗ đậu xe + internet tốc độ cao | – Có thể có giảm giá,Tiết kiệm 37% | Ưu Đãi Cuối Năm,price_attr
29,the-imperial-vung-tau,2026-10-11,111,Suite Dinh Thự 2 Phòng Ngủ Nhìn Ra Biển,8032500.00,12750000.00,37.00,1,0,2.0,2930218d,42ee661d,821,2,112,17274841_119446698_4_1_0_1735753,17274841,119446698,4,1,1735753,,,False,Bao gồm bữa sáng rất ngon,Không hoàn tiền | Linh động đổi ngày khi kế hoạch thay đổi,• Thanh toán cho chỗ nghỉ trước khi đến,Bao gồm giảm giá 12% dịch vụ ăn/uống + 1 chỗ đậu xe + trả phòng trễ | – Có thể có giảm giá,Tiết kiệm 37% | Ưu Đãi Cuối Năm,price_attr
29,the-imperial-vung-tau,2026-10-11,112,Suite Dinh Thự 2 Phòng Ngủ Nhìn Ra Biển,8190000.00,13000000.00,37.00,1,1,2.0,2930218d,fd98d839,823,2,113,17274841_389879713_4_1_0_563131,17274841,389879713,4,1,563131,,,False,Bao gồm bữa sáng rất ngon,"Hủy miễn phí trước 4 tháng 10, 2026",• Thanh toán cho chỗ nghỉ trước khi đến,Bao gồm 1 chỗ đậu xe + internet tốc độ cao | – Có thể có giảm giá,Tiết kiệm 37% | Ưu Đãi Cuối Năm,price_attr
29,the-imperial-vung-tau,2026-10-11,113,Suite Dinh Thự 2 Phòng Ngủ Nhìn Ra Biển,8190001.00,13000001.00,37.00,1,1,2.0,2930218d,fd98d839,823,2,114,17274841_389879713_4_1_0_1402980,17274841,389879713,4,1,1402980,,,False,Bao gồm bữa sáng rất ngon,"Hủy miễn phí trước 4 tháng 10, 2026",• Thanh toán cho chỗ nghỉ trước khi đến,Bao gồm giảm giá 12% dịch vụ ăn/uống + 30 phút mát-xa + 1 chỗ đậu xe | – Có thể có giảm giá,Tiết kiệm 37% | Ưu Đãi Cuối Năm,price_attr
29,the-imperial-vung-tau,2026-10-11,114,Suite Dinh Thự 2 Phòng Ngủ Nhìn Ra Biển,8435700.00,13390000.00,37.00,1,1,2.0,2930218d,6a4fdf03,822,1,115,17274841_119446695_4_1_0_563131,17274841,119446695,4,1,563131,,,False,Bao gồm bữa sáng rất ngon,"Hủy miễn phí trước 8 tháng 10, 2026",• Thanh toán cho chỗ nghỉ trước khi đến,Bao gồm 1 chỗ đậu xe + internet tốc độ cao | – Có thể có giảm giá,Tiết kiệm 37% | Ưu Đãi Cuối Năm,price_attr
30,the-imperial-vung-tau,2026-11-18,0,Residence 2 Giường Đơn,2122205.00,,,0,0,,79236249,1b6f0e44,940,1,1,bbasic_0,bbasic,0,,,,,,False,Bữa sáng Rất tốt - VND 500.000,Không hoàn tiền,• Thanh toán trước,,,price_text
30,the-imperial-vung-tau,2026-11-18,1,Phòng Heritage Deluxe 2 Giường Đơn Có Ban Công,2122205.00,,,0,0,2.0,5d5938e3,1b6f0e44,926,2,2,17274814_bbasic_0,17274814,bbasic,0,,,,,False,Bữa sáng Rất tốt - VND 500.000,Không hoàn tiền,• Thanh toán trước,,,price_text
30,the-imperial-vung-tau,2026-11-18,2,Phòng Heritage Deluxe 2 Giường Đơn Có Ban Công,2360280.00,3471000.00,32.00,0,0,2.0,5d5938e3,1b6f0e44,926,2,3,17274814_119446698_2_2_0_563131,17274814,119446698,2,2,563131,,,False,Bữa sáng Rất tốt - VND 500.000,Không hoàn tiền | Linh động đổi ngày khi kế hoạch thay đổi,• Thanh toán cho chỗ nghỉ trước khi đến,Bao gồm 1 chỗ đậu xe + internet tốc độ cao | – Có thể có giảm giá,Tiết kiệm 32%,price_attr
30,the-imperial-vung-tau,2026-11-18,3,Phòng Heritage Deluxe 2 Giường Đơn Có Ban Công,2783920.00,4094000.00,32.00,1,0,2.0,5d5938e3,42ee661d,927,2,4,17274814_119446698_2_1_0_563131,17274814,119446698,2,1,563131,,,False,Bao gồm bữa sáng rất ngon,Không hoàn tiền | Linh động đổi ngày khi kế hoạch thay đổi,• Thanh toán cho chỗ nghỉ trước khi đến,Bao gồm 1 chỗ đậu xe + internet tốc độ cao | – Có thể có giảm giá,Tiết kiệm 32%,price_attr
30,the-imperial-vung-tau,2026-11-18,4,Phòng Heritage Deluxe 2 Giường Đơn Có Ban Công,2814180.00,4138500.00,32.00,1,0,2.0,5d5938e3,42ee661d,927,2,5,17274814_119446698_2_1_0_1735753,17274814,119446698,2,1,1735753,,,False,Bao gồm bữa sáng rất ngon,Không hoàn tiền | Linh động đổi ngày khi kế hoạch thay đổi,• Thanh toán cho chỗ nghỉ trước khi đến,Bao gồm giảm giá 12% dịch vụ ăn/uống + 1 chỗ đậu xe + trả phòng trễ | – Có thể có giảm giá,Tiết kiệm 32%,price_attr
30,the-imperial-vung-tau,2026-11-18,5,Phòng Heritage Deluxe 2 Giường Đơn Có Ban Công,2904960.00,4272000.00,32.00,1,1,2.0,5d5938e3,63dac149,928,1,6,17274814_389879713_2_1_0_563131,17274814,389879713,2,1,563131,,,False,Bao gồm bữa sáng rất ngon,"Hủy miễn phí trước 11 tháng 11, 2026",• Thanh toán cho chỗ nghỉ trước khi đến,Bao gồm 1 chỗ đậu xe + internet tốc độ cao | – Có thể có giảm giá,Tiết kiệm 32%,price_attr
30,the-imperial-vung-tau,2026-11-18,6,Phòng Heritage Deluxe 2 Giường Đơn Có Ban Công,2992109.00,4400160.00,32.00,1,1,2.0,5d5938e3,804a1dd8,929,1,7,17274814_119446695_2_1_0_563131,17274814,119446695,2,1,563131,,,False,Bao gồm bữa sáng rất ngon,"Hủy miễn phí trước 15 tháng 11, 2026",• Thanh toán cho chỗ nghỉ trước khi đến,Bao gồm 1 chỗ đậu xe + internet tốc độ cao | – Có thể có giảm giá,Tiết kiệm 32%,price_attr
30,the-imperial-vung-tau,2026-11-18,7,Residence 2 Giường Đơn,2360280.00,3471000.00,32.00,0,0,2.0,2ea9b1c6,1b6f0e44,906,1,8,17274881_119446698_2_2_0_563131,17274881,119446698,2,2,563131,,,False,Bữa sáng Rất tốt - VND 500.000,Không hoàn tiền | Linh động đổi ngày khi kế hoạch thay đổi,• Thanh toán cho chỗ nghỉ trước khi đến,Bao gồm 1 chỗ đậu xe + internet tốc độ cao | – Có thể có giảm giá,Tiết kiệm 32%,price_attr
30,the-imperial-vung-tau,2026-11-18,8,Residence 2 Giường Đơn,2783920.00,4094000.00,32.00,1,0,2.0,2ea9b1c6,42ee661d,907,2,9,17274881_119446698_2_1_0_563131,17274881,119446698,2,1,563131,,,False,Bao gồm bữa sáng rất ngon,Không hoàn tiền | Linh động đổi ngày khi kế hoạch thay đổi,• Thanh toán cho chỗ nghỉ trước khi đến,Bao gồm 1 chỗ đậu xe + internet tốc độ cao | – Có thể có giảm giá,Tiết kiệm 32%,price_attr
30,the-imperial-vung-tau,2026-11-18,9,Residence 2 Giường Đơn,2814180.00,4138500.00,32.00,1,0,2.0,2ea9b1c6,42ee661d,907,2,10,17274881_119446698_2_1_0_1735753,17274881,119446698,2,1,1735753,,,False,Bao gồm bữa sáng rất ngon,Không hoàn tiền | Linh động đổi ngày khi kế hoạch thay đổi,• Thanh toán cho chỗ nghỉ trước khi đến,Bao gồm giảm giá 12% dịch vụ ăn/uống + 1 chỗ đậu xe + trả phòng trễ | – Có thể có giảm giá,Tiết kiệm 32%,price_attr
30,the-imperial-vung-tau,2026-11-18,10,Residence 2 Giường Đơn,2904960.00,4272000.00,32.00,1,1,2.0,2ea9b1c6,63dac149,908,1,11,17274881_389879713_2_1_0_563131,17274881,389879713,2,1,563131,,,False,Bao gồm bữa sáng rất ngon,"Hủy miễn phí trước 11 tháng 11, 2026",• Thanh toán cho chỗ nghỉ trước khi đến,Bao gồm 1 chỗ đậu xe + internet tốc độ cao | – Có thể có giảm giá,Tiết kiệm 32%,price_attr
30,the-imperial-vung-tau,2026-11-18,11,Residence 2 Giường Đơn,2992109.00,4400160.00,32.00,1,1,2.0,2ea9b1c6,804a1dd8,909,1,12,17274881_119446695_2_1_0_563131,17274881,119446695,2,1,563131,,,False,Bao gồm bữa sáng rất ngon,"Hủy miễn phí trước 15 tháng 11, 2026",• Thanh toán cho chỗ nghỉ trước khi đến,Bao gồm 1 chỗ đậu xe + internet tốc độ cao | – Có thể có giảm giá,Tiết kiệm 32%,price_attr
30,the-imperial-vung-tau,2026-11-18,12,Run Of House,2122205.00,,,0,0,2.0,17b6b5b9,1b6f0e44,895,2,13,17274896_bbasic_0,17274896,bbasic,0,,,,,False,Bữa sáng Rất tốt - VND 500.000,Không hoàn tiền,• Thanh toán trước,,,price_text
30,the-imperial-vung-tau,2026-11-18,13,Run Of House,2541840.00,3738000.00,32.00,0,0,2.0,17b6b5b9,1b6f0e44,895,2,14,17274896_119446698_2_2_0_563131,17274896,119446698,2,2,563131,,,False,Bữa sáng Rất tốt - VND 500.000,Không hoàn tiền | Linh động đổi ngày khi kế hoạch thay đổi,• Thanh toán cho chỗ nghỉ trước khi đến,Bao gồm 1 chỗ đậu xe + internet tốc độ cao | – Có thể có giảm giá,Tiết kiệm 32%,price_attr
30,the-imperial-vung-tau,2026-11-18,14,Run Of House,2844440.00,4183000.00,32.00,1,0,2.0,17b6b5b9,42ee661d,896,2,15,17274896_119446698_2_1_0_563131,17274896,119446698,2,1,563131,,,False,Bao gồm bữa sáng rất ngon,Không hoàn tiền | Linh động đổi ngày khi kế hoạch thay đổi,• Thanh toán cho chỗ nghỉ trước khi đến,Bao gồm 1 chỗ đậu xe + internet tốc độ cao | – Có thể có giảm giá,Tiết kiệm 32%,price_attr
30,the-imperial-vung-tau,2026-11-18,15,Run Of House,2874700.00,4227500.00,32.00,1,0,2.0,17b6b5b9,42ee661d,896,2,16,17274896_119446698_2_1_0_1735753,17274896,119446698,2,1,1735753,,,False,Bao gồm bữa sáng rất ngon,Không hoàn tiền | Linh động đổi ngày khi kế hoạch thay đổi,• Thanh toán cho chỗ nghỉ trước khi đến,Bao gồm giảm giá 12% dịch vụ ăn/uống + 1 chỗ đậu xe + trả phòng trễ | – Có thể có giảm giá,Tiết kiệm 32%,price_attr
30,the-imperial-vung-tau,2026-11-18,16,Run Of House,2904960.00,4272000.00,32.00,1,1,2.0,17b6b5b9,63dac149,897,1,17,17274896_389879713_2_1_0_563131,17274896,389879713,2,1,563131,,,False,Bao gồm bữa sáng rất ngon,"Hủy miễn phí trước 11 tháng 11, 2026",• Thanh toán cho chỗ nghỉ trước khi đến,Bao gồm 1 chỗ đậu xe + internet tốc độ cao | – Có thể có giảm giá,Tiết kiệm 32%,price_attr
30,the-imperial-vung-tau,2026-11-18,17,Dinh Thự Grand 2 Giường Đơn,2375288.00,,,0,0,2.0,8674c033,1b6f0e44,947,2,18,17274893_bbasic_0,17274893,bbasic,0,,,,,False,Bữa sáng Rất tốt - VND 500.000,Không hoàn tiền,• Thanh toán trước,,,price_text
30,the-imperial-vung-tau,2026-11-18,18,Dinh Thự Grand 2 Giường Đơn,2602360.00,3827000.00,32.00,0,0,2.0,8674c033,1b6f0e44,947,2,19,17274893_119446698_2_2_0_563131,17274893,119446698,2,2,563131,,,False,Bữa sáng Rất tốt - VND 500.000,Không hoàn tiền | Linh động đổi ngày khi kế hoạch thay đổi,• Thanh toán cho chỗ nghỉ trước khi đến,Bao gồm 1 chỗ đậu xe + internet tốc độ cao | – Có thể có giảm giá,Tiết kiệm 32%,price_attr
30,the-imperial-vung-tau,2026-11-18,19,Dinh Thự Grand 2 Giường Đơn,3086520.00,4539000.00,32.00,1,0,2.0,8674c033,42ee661d,948,2,20,17274893_119446698_2_1_0_563131,17274893,119446698,2,1,563131,,,False,Bao gồm bữa sáng rất ngon,Không hoàn tiền | Linh động đổi ngày khi kế hoạch thay đổi,• Thanh toán cho chỗ nghỉ trước khi đến,Bao gồm 1 chỗ đậu xe + internet tốc độ cao | – Có thể có giảm giá,Tiết kiệm 32%,price_attr
30,the-imperial-vung-tau,2026-11-18,20,Dinh Thự Grand 2 Giường Đơn,3116780.00,4583500.00,32.00,1,0,2.0,8674c033,42ee661d,948,2,21,17274893_119446698_2_1_0_1735753,17274893,119446698,2,1,1735753,,,False,Bao gồm bữa sáng rất ngon,Không hoàn tiền | Linh động đổi ngày khi kế hoạch thay đổi,• Thanh toán cho chỗ nghỉ trước khi đến,Bao gồm giảm giá 12% dịch vụ ăn/uống + 1 chỗ đậu xe + trả phòng trễ | – Có thể có giảm giá,Tiết kiệm 32%,price_attr
30,the-imperial-vung-tau,2026-11-18,21,Dinh Thự Grand 2 Giường Đơn,3207560.00,4717000.00,32.00,1,1,2.0,8674c033,63dac149,949,1,22,17274893_389879713_2_1_0_563131,17274893,389879713,2,1,563131,,,False,Bao gồm bữa sáng rất ngon,"Hủy miễn phí trước 11 tháng 11, 2026",• Thanh toán cho chỗ nghỉ trước khi đến,Bao gồm 1 chỗ đậu xe + internet tốc độ cao | – Có thể có giảm giá,Tiết kiệm 32%,price_attr
30,the-imperial-vung-tau,2026-11-18,22,Dinh Thự Grand 2 Giường Đơn,3303787.00,4858510.00,32.00,1,1,2.0,8674c033,804a1dd8,950,1,23,17274893_119446695_2_1_0_563131,17274893,119446695,2,1,563131,,,False,Bao gồm bữa sáng rất ngon,"Hủy miễn phí trước 15 tháng 11, 2026",• Thanh toán cho chỗ nghỉ trước khi đến,Bao gồm 1 chỗ đậu xe + internet tốc độ cao | – Có thể có giảm giá,Tiết kiệm 32%,price_attr
30,the-imperial-vung-tau,2026-11-18,23,Dinh Thự Grand Có Giường Cỡ King,2783920.00,4094000.00,32.00,0,0,2.0,c055b24e,1b6f0e44,961,1,24,17274891_119446698_2_2_0_563131,17274891,119446698,2,2,563131,,,False,Bữa sáng Rất tốt - VND 500.000,Không hoàn tiền | Linh động đổi ngày khi kế hoạch thay đổi,• Thanh toán cho chỗ nghỉ trước khi đến,Bao gồm 1 chỗ đậu xe + internet tốc độ cao | – Có thể có giảm giá,Tiết kiệm 32%,price_attr
30,the-imperial-vung-tau,2026-11-18,24,Dinh Thự Grand Có Giường Cỡ King,3207560.00,4717000.00,32.00,1,0,2.0,c055b24e,42ee661d,962,2,25,17274891_119446698_2_1_0_563131,17274891,119446698,2,1,563131,,,False,Bao gồm bữa sáng rất ngon,Không hoàn tiền | Linh động đổi ngày khi kế hoạch thay đổi,• Thanh toán cho chỗ nghỉ trước khi đến,Bao gồm 1 chỗ đậu xe + internet tốc độ cao | – Có thể có giảm giá,Tiết kiệm 32%,price_attr
30,the-imperial-vung-tau,2026-11-18,25,Dinh Thự Grand Có Giường Cỡ King,3237820.00,4761500.00,32.00,1,0,2.0,c055b24e,42ee661d,962,2,26,17274891_119446698_2_1_0_1735753,17274891,119446698,2,1,1735753,,,False,Bao gồm bữa sáng rất ngon,Không hoàn tiền | Linh động đổi ngày khi kế hoạch thay đổi,• Thanh toán cho chỗ nghỉ trước khi đến,Bao gồm giảm giá 12% dịch vụ ăn/uống + 1 chỗ đậu xe + trả phòng trễ | – Có thể có giảm giá,Tiết kiệm 32%,price_attr
30,the-imperial-vung-tau,2026-11-18,26,Dinh Thự Grand Có Giường Cỡ King,3328600.00,4895000.00,32.00,1,1,2.0,c055b24e,63dac149,963,1,27,17274891_389879713_2_1_0_563131,17274891,389879713,2,1,563131,,,False,Bao gồm bữa sáng rất ngon,"Hủy miễn phí trước 11 tháng 11, 2026",• Thanh toán cho chỗ nghỉ trước khi đến,Bao gồm 1 chỗ đậu xe + internet tốc độ cao | – Có thể có giảm giá,Tiết kiệm 32%,price_attr
30,the-imperial-vung-tau,2026-11-18,27,Dinh Thự Grand Có Giường Cỡ King,3428458.00,5041850.00,32.00,1,1,2.0,c055b24e,804a1dd8,964,1,28,17274891_119446695_2_1_0_563131,17274891,119446695,2,1,563131,,,False,Bao gồm bữa sáng rất ngon,"Hủy miễn phí trước 15 tháng 11, 2026",• Thanh toán cho chỗ nghỉ trước khi đến,Bao gồm 1 chỗ đậu xe + internet tốc độ cao | – Có thể có giảm giá,Tiết kiệm 32%,price_attr
30,the-imperial-vung-tau,2026-11-18,28,Phòng Heritage Deluxe Giường Đôi Có Ban Công,2844440.00,4183000.00,32.00,0,0,2.0,832481c2,1b6f0e44,943,1,29,17274801_119446698_2_2_0_563131,17274801,119446698,2,2,563131,,,False,Bữa sáng Rất tốt - VND 500.000,Không hoàn tiền | Linh động đổi ngày khi kế hoạch thay đổi,• Thanh toán cho chỗ nghỉ trước khi đến,Bao gồm 1 chỗ đậu xe + internet tốc độ cao | – Có thể có giảm giá,Tiết kiệm 32%,price_attr
30,the-imperial-vung-tau,2026-11-18,29,Phòng Heritage Deluxe Giường Đôi Có Ban Công,3207560.00,4717000.00,32.00,1,0,2.0,832481c2,42ee661d,944,2,30,17274801_119446698_2_1_0_563131,17274801,119446698,2,1,563131,,,False,Bao gồm bữa sáng rất ngon,Không hoàn tiền | Linh động đổi ngày khi kế hoạch thay đổi,• Thanh toán cho chỗ nghỉ trước khi đến,Bao gồm 1 chỗ đậu xe + internet tốc độ cao | – Có thể có giảm giá,Tiết kiệm 32%,price_attr
30,the-imperial-vung-tau,2026-11-18,30,Phòng Heritage Deluxe Giường Đôi Có Ban Công,3237820.00,4761500.00,32.00,1,0,2.0,832481c2,42ee661d,944,2,31,17274801_119446698_2_1_0_1735753,17274801,119446698,2,1,1735753,,,False,Bao gồm bữa sáng rất ngon,Không hoàn tiền | Linh động đổi ngày khi kế hoạch thay đổi,• Thanh toán cho chỗ nghỉ trước khi đến,Bao gồm giảm giá 12% dịch vụ ăn/uống + 1 chỗ đậu xe + trả phòng trễ | – Có thể có giảm giá,Tiết kiệm 32%,price_attr
30,the-imperial-vung-tau,2026-11-18,31,Phòng Heritage Deluxe Giường Đôi Có Ban Công,3328600.00,4895000.00,32.00,1,1,2.0,832481c2,63dac149,945,1,32,17274801_389879713_2_1_0_563131,17274801,389879713,2,1,563131,,,False,Bao gồm bữa sáng rất ngon,"Hủy miễn phí trước 11 tháng 11, 2026",• Thanh toán cho chỗ nghỉ trước khi đến,Bao gồm 1 chỗ đậu xe + internet tốc độ cao | – Có thể có giảm giá,Tiết kiệm 32%,price_attr
30,the-imperial-vung-tau,2026-11-18,32,Phòng Heritage Deluxe Giường Đôi Có Ban Công,3428458.00,5041850.00,32.00,1,1,2.0,832481c2,804a1dd8,946,1,33,17274801_119446695_2_1_0_563131,17274801,119446695,2,1,563131,,,False,Bao gồm bữa sáng rất ngon,"Hủy miễn phí trước 15 tháng 11, 2026",• Thanh toán cho chỗ nghỉ trước khi đến,Bao gồm 1 chỗ đậu xe + internet tốc độ cao | – Có thể có giảm giá,Tiết kiệm 32%,price_attr
30,the-imperial-vung-tau,2026-11-18,33,Phòng Deluxe Heritage Grand Có Giường Cỡ King,2844440.00,4183000.00,32.00,0,0,2.0,42c3a2ac,1b6f0e44,914,1,34,17274894_119446698_2_2_0_563131,17274894,119446698,2,2,563131,,,False,Bữa sáng Rất tốt - VND 500.000,Không hoàn tiền | Linh động đổi ngày khi kế hoạch thay đổi,• Thanh toán cho chỗ nghỉ trước khi đến,Bao gồm 1 chỗ đậu xe + internet tốc độ cao | – Có thể có giảm giá,Tiết kiệm 32%,price_attr
30,the-imperial-vung-tau,2026-11-18,34,Phòng Deluxe Heritage Grand Có Giường Cỡ King,3207560.00,4717000.00,32.00,1,0,2.0,42c3a2ac,42ee661d,915,2,35,17274894_119446698_2_1_0_563131,17274894,119446698,2,1,563131,,,False,Bao gồm bữa sáng rất ngon,Không hoàn tiền | Linh động đổi ngày khi kế hoạch thay đổi,• Thanh toán cho chỗ nghỉ trước khi đến,Bao gồm 1 chỗ đậu xe + internet tốc độ cao | – Có thể có giảm giá,Tiết kiệm 32%,price_attr
30,the-imperial-vung-tau,2026-11-18,35,Phòng Deluxe Heritage Grand Có Giường Cỡ King,3237820.00,4761500.00,32.00,1,0,2.0,42c3a2ac,42ee661d,915,2,36,17274894_119446698_2_1_0_1735753,17274894,119446698,2,1,1735753,,,False,Bao gồm bữa sáng rất ngon,Không hoàn tiền | Linh động đổi ngày khi kế hoạch thay đổi,• Thanh toán cho chỗ nghỉ trước khi đến,Bao gồm giảm giá 12% dịch vụ ăn/uống + 1 chỗ đậu xe + trả phòng trễ | – Có thể có giảm giá,Tiết kiệm 32%,price_attr
30,the-imperial-vung-tau,2026-11-18,36,Phòng Deluxe Heritage Grand Có Giường Cỡ King,3328600.00,4895000.00,32.00,1,1,2.0,42c3a2ac,63dac149,916,1,37,17274894_389879713_2_1_0_563131,17274894,389879713,2,1,563131,,,False,Bao gồm bữa sáng rất ngon,"Hủy miễn phí trước 11 tháng 11, 2026",• Thanh toán cho chỗ nghỉ trước khi đến,Bao gồm 1 chỗ đậu xe + internet tốc độ cao | – Có thể có giảm giá,Tiết kiệm 32%,price_attr
30,the-imperial-vung-tau,2026-11-18,37,Phòng Deluxe Heritage Grand Có Giường Cỡ King,3428458.00,5041850.00,32.00,1,1,2.0,42c3a2ac,804a1dd8,917,1,38,17274894_119446695_2_1_0_563131,17274894,119446695,2,1,563131,,,False,Bao gồm bữa sáng rất ngon,"Hủy miễn phí trước 15 tháng 11, 2026",• Thanh toán cho chỗ nghỉ trước khi đến,Bao gồm 1 chỗ đậu xe + internet tốc độ cao | – Có thể có giảm giá,Tiết kiệm 32%,price_attr
30,the-imperial-vung-tau,2026-11-18,38,Dinh Thự Có Giường Cỡ King Nhìn Ra Biển,3328600.00,4895000.00,32.00,0,0,2.0,5c3c4eb1,1b6f0e44,922,1,39,17274882_119446698_2_2_0_563131,17274882,119446698,2,2,563131,,,False,Bữa sáng Rất tốt - VND 500.000,Không hoàn tiền | Linh động đổi ngày khi kế hoạch thay đổi,• Thanh toán cho chỗ nghỉ trước khi đến,Bao gồm 1 chỗ đậu xe + internet tốc độ cao | – Có thể có giảm giá,Tiết kiệm 32%,price_attr
30,the-imperial-vung-tau,2026-11-18,39,Dinh Thự Có Giường Cỡ King Nhìn Ra Biển,3812760.00,5607000.00,32.00,1,0,2.0,5c3c4eb1,42ee661d,923,2,40,17274882_119446698_2_1_0_563131,17274882,119446698,2,1,563131,,,False,Bao gồm bữa sáng rất ngon,Không hoàn tiền | Linh động đổi ngày khi kế hoạch thay đổi,• Thanh toán cho chỗ nghỉ trước khi đến,Bao gồm 1 chỗ đậu xe + internet tốc độ cao | – Có thể có giảm giá,Tiết kiệm 32%,price_attr
30,the-imperial-vung-tau,2026-11-18,40,Dinh Thự Có Giường Cỡ King Nhìn Ra Biển,3843020.00,5651500.00,32.00,1,0,2.0,5c3c4eb1,42ee661d,923,2,41,17274882_119446698_2_1_0_1735753,17274882,119446698,2,1,1735753,,,False,Bao gồm bữa sáng rất ngon,Không hoàn tiền | Linh động đổi ngày khi kế hoạch thay đổi,• Thanh toán cho chỗ nghỉ trước khi đến,Bao gồm giảm giá 12% dịch vụ ăn/uống + 1 chỗ đậu xe + trả phòng trễ | – Có thể có giảm giá,Tiết kiệm 32%,price_attr
30,the-imperial-vung-tau,2026-11-18,41,Dinh Thự Có Giường Cỡ King Nhìn Ra Biển,3933800.00,5785000.00,32.00,1,1,2.0,5c3c4eb1,63dac149,924,2,42,17274882_389879713_2_1_0_563131,17274882,389879713,2,1,563131,,,False,Bao gồm bữa sáng rất ngon,"Hủy miễn phí trước 11 tháng 11, 2026",• Thanh toán cho chỗ nghỉ trước khi đến,Bao gồm 1 chỗ đậu xe + internet tốc độ cao | – Có thể có giảm giá,Tiết kiệm 32%,price_attr
30,the-imperial-vung-tau,2026-11-18,42,Dinh Thự Có Giường Cỡ King Nhìn Ra Biển,3933801.00,5785001.00,32.00,1,1,2.0,5c3c4eb1,63dac149,924,2,43,17274882_389879713_2_1_0_1402980,17274882,389879713,2,1,1402980,,,False,Bao gồm bữa sáng rất ngon,"Hủy miễn phí trước 11 tháng 11, 2026",• Thanh toán cho chỗ nghỉ trước khi đến,Bao gồm giảm giá 12% dịch vụ ăn/uống + 30 phút mát-xa + 1 chỗ đậu xe | – Có thể có giảm giá,Tiết kiệm 32%,price_attr
30,the-imperial-vung-tau,2026-11-18,43,Dinh Thự Có Giường Cỡ King Nhìn Ra Biển,4051814.00,5958550.00,32.00,1,1,2.0,5c3c4eb1,804a1dd8,925,1,44,17274882_119446695_2_1_0_563131,17274882,119446695,2,1,563131,,,False,Bao gồm bữa sáng rất ngon,"Hủy miễn phí trước 15 tháng 11, 2026",• Thanh toán cho chỗ nghỉ trước khi đến,Bao gồm 1 chỗ đậu xe + internet tốc độ cao | – Có thể có giảm giá,Tiết kiệm 32%,price_attr
30,the-imperial-vung-tau,2026-11-18,44,Phòng Heritage Deluxe Có Giường Cỡ King Nhìn Ra Biển,3328600.00,4895000.00,32.00,0,0,2.0,03156cff,1b6f0e44,891,1,45,17274886_119446698_2_2_0_563131,17274886,119446698,2,2,563131,,,False,Bữa sáng Rất tốt - VND 500.000,Không hoàn tiền | Linh động đổi ngày khi kế hoạch thay đổi,• Thanh toán cho chỗ nghỉ trước khi đến,Bao gồm 1 chỗ đậu xe + internet tốc độ cao | – Có thể có giảm giá,Tiết kiệm 32%,price_attr
30,the-imperial-vung-tau,2026-11-18,45,Phòng Heritage Deluxe Có Giường Cỡ King Nhìn Ra Biển,3812760.00,5607000.00,32.00,1,0,2.0,03156cff,42ee661d,892,2,46,17274886_119446698_2_1_0_563131,17274886,119446698,2,1,563131,,,False,Bao gồm bữa sáng rất ngon,Không hoàn tiền | Linh động đổi ngày khi kế hoạch thay đổi,• Thanh toán cho chỗ nghỉ trước khi đến,Bao gồm 1 chỗ đậu xe + internet tốc độ cao | – Có thể có giảm giá,Tiết kiệm 32%,price_attr
30,the-imperial-vung-tau,2026-11-18,46,Phòng Heritage Deluxe Có Giường Cỡ King Nhìn Ra Biển,3843020.00,5651500.00,32.00,1,0,2.0,03156cff,42ee661d,892,2,47,17274886_119446698_2_1_0_1735753,17274886,119446698,2,1,1735753,,,False,Bao gồm bữa sáng rất ngon,Không hoàn tiền | Linh động đổi ngày khi kế hoạch thay đổi,• Thanh toán cho chỗ nghỉ trước khi đến,Bao gồm giảm giá 12% dịch vụ ăn/uống + 1 chỗ đậu xe + trả phòng trễ | – Có thể có giảm giá,Tiết kiệm 32%,price_attr
30,the-imperial-vung-tau,2026-11-18,47,Phòng Heritage Deluxe Có Giường Cỡ King Nhìn Ra Biển,3933800.00,5785000.00,32.00,1,1,2.0,03156cff,63dac149,893,2,48,17274886_389879713_2_1_0_563131,17274886,389879713,2,1,563131,,,False,Bao gồm bữa sáng rất ngon,"Hủy miễn phí trước 11 tháng 11, 2026",• Thanh toán cho chỗ nghỉ trước khi đến,Bao gồm 1 chỗ đậu xe + internet tốc độ cao | – Có thể có giảm giá,Tiết kiệm 32%,price_attr
30,the-imperial-vung-tau,2026-11-18,48,Phòng Heritage Deluxe Có Giường Cỡ King Nhìn Ra Biển,3933801.00,5785001.00,32.00,1,1,2.0,03156cff,63dac149,893,2,49,17274886_389879713_2_1_0_1402980,17274886,389879713,2,1,1402980,,,False,Bao gồm bữa sáng rất ngon,"Hủy miễn phí trước 11 tháng 11, 2026",• Thanh toán cho chỗ nghỉ trước khi đến,Bao gồm giảm giá 12% dịch vụ ăn/uống + 30 phút mát-xa + 1 chỗ đậu xe | – Có thể có giảm giá,Tiết kiệm 32%,price_attr
30,the-imperial-vung-tau,2026-11-18,49,Phòng Heritage Deluxe Có Giường Cỡ King Nhìn Ra Biển,4051814.00,5958550.00,32.00,1,1,2.0,03156cff,804a1dd8,894,1,50,17274886_119446695_2_1_0_563131,17274886,119446695,2,1,563131,,,False,Bao gồm bữa sáng rất ngon,"Hủy miễn phí trước 15 tháng 11, 2026",• Thanh toán cho chỗ nghỉ trước khi đến,Bao gồm 1 chỗ đậu xe + internet tốc độ cao | – Có thể có giảm giá,Tiết kiệm 32%,price_attr
30,the-imperial-vung-tau,2026-11-18,50,Run Of House Room - SunWorld Water Park Combo,3389120.00,4984000.00,32.00,1,1,2.0,606c6b73,e981aa55,931,1,51,17274907_380584448_2_1_0_563131,17274907,380584448,2,1,563131,,,False,Bao gồm bữa sáng rất ngon,"Hủy miễn phí trước 17 tháng 11, 2026",• Thanh toán cho chỗ nghỉ trước khi đến,Bao gồm 1 chỗ đậu xe + internet tốc độ cao | – Có thể có giảm giá,Tiết kiệm 32%,price_attr
30,the-imperial-vung-tau,2026-11-18,51,Run Of House Room - SunWorld Water Park Combo,3419380.00,5028500.00,32.00,1,0,2.0,606c6b73,42ee661d,930,1,52,17274907_119446698_2_1_0_1735753,17274907,119446698,2,1,1735753,,,False,Bao gồm bữa sáng rất ngon,Không hoàn tiền | Linh động đổi ngày khi kế hoạch thay đổi,• Thanh toán cho chỗ nghỉ trước khi đến,Bao gồm giảm giá 12% dịch vụ ăn/uống + 1 chỗ đậu xe + trả phòng trễ | – Có thể có giảm giá,Tiết kiệm 32%,price_attr
30,the-imperial-vung-tau,2026-11-18,52,Heritage Deluxe King - Sunworld Water Park Combo,3449640.00,5073000.00,32.00,1,0,2.0,daad1edc,42ee661d,965,2,53,17274897_119446698_2_1_0_563131,17274897,119446698,2,1,563131,,,False,Bao gồm bữa sáng rất ngon,Không hoàn tiền | Linh động đổi ngày khi kế hoạch thay đổi,• Thanh toán cho chỗ nghỉ trước khi đến,Bao gồm 1 chỗ đậu xe + internet tốc độ cao | – Có thể có giảm giá,Tiết kiệm 32%,price_attr
30,the-imperial-vung-tau,2026-11-18,53,Heritage Deluxe King - Sunworld Water Park Combo,3479900.00,5117500.00,32.00,1,0,2.0,daad1edc,42ee661d,965,2,54,17274897_119446698_2_1_0_1735753,17274897,119446698,2,1,1735753,,,False,Bao gồm bữa sáng rất ngon,Không hoàn tiền | Linh động đổi ngày khi kế hoạch thay đổi,• Thanh toán cho chỗ nghỉ trước khi đến,Bao gồm giảm giá 12% dịch vụ ăn/uống + 1 chỗ đậu xe + trả phòng trễ | – Có thể có giảm giá,Tiết kiệm 32%,price_attr
30,the-imperial-vung-tau,2026-11-18,54,Heritage Deluxe King - Sunworld Water Park Combo,3631200.00,5340000.00,32.00,1,1,2.0,daad1edc,63dac149,966,1,55,17274897_389879713_2_1_0_563131,17274897,389879713,2,1,563131,,,False,Bao gồm bữa sáng rất ngon,"Hủy miễn phí trước 11 tháng 11, 2026",• Thanh toán cho chỗ nghỉ trước khi đến,Bao gồm 1 chỗ đậu xe + internet tốc độ cao | – Có thể có giảm giá,Tiết kiệm 32%,price_attr
30,the-imperial-vung-tau,2026-11-18,55,Heritage Grand Deluxe Ocean View,3631200.00,5340000.00,32.00,0,0,2.0,3e6239b1,1b6f0e44,910,1,56,17274895_119446698_2_2_0_563131,17274895,119446698,2,2,563131,,,False,Bữa sáng Rất tốt - VND 500.000,Không hoàn tiền | Linh động đổi ngày khi kế hoạch thay đổi,• Thanh toán cho chỗ nghỉ trước khi đến,Bao gồm 1 chỗ đậu xe + internet tốc độ cao | – Có thể có giảm giá,Tiết kiệm 32%,price_attr
30,the-imperial-vung-tau,2026-11-18,56,Heritage Grand Deluxe Ocean View,4115360.00,6052000.00,32.00,1,0,2.0,3e6239b1,42ee661d,911,2,57,17274895_119446698_2_1_0_563131,17274895,119446698,2,1,563131,,,False,Bao gồm bữa sáng rất ngon,Không hoàn tiền | Linh động đổi ngày khi kế hoạch thay đổi,• Thanh toán cho chỗ nghỉ trước khi đến,Bao gồm 1 chỗ đậu xe + internet tốc độ cao | – Có thể có giảm giá,Tiết kiệm 32%,price_attr
30,the-imperial-vung-tau,2026-11-18,57,Heritage Grand Deluxe Ocean View,4145620.00,6096500.00,32.00,1,0,2.0,3e6239b1,42ee661d,911,2,58,17274895_119446698_2_1_0_1735753,17274895,119446698,2,1,1735753,,,False,Bao gồm bữa sáng rất ngon,Không hoàn tiền | Linh động đổi ngày khi kế hoạch thay đổi,• Thanh toán cho chỗ nghỉ trước khi đến,Bao gồm giảm giá 12% dịch vụ ăn/uống + 1 chỗ đậu xe + trả phòng trễ | – Có thể có giảm giá,Tiết kiệm 32%,price_attr
30,the-imperial-vung-tau,2026-11-18,58,Heritage Grand Deluxe Ocean View,4236400.00,6230000.00,32.00,1,1,2.0,3e6239b1,63dac149,912,2,59,17274895_389879713_2_1_0_563131,17274895,389879713,2,1,563131,,,False,Bao gồm bữa sáng rất ngon,"Hủy miễn phí trước 11 tháng 11, 2026",• Thanh toán cho chỗ nghỉ trước khi đến,Bao gồm 1 chỗ đậu xe + internet tốc độ cao | – Có thể có giảm giá,Tiết kiệm 32%,price_attr
30,the-imperial-vung-tau,2026-11-18,59,Heritage Grand Deluxe Ocean View,4236401.00,6230001.00,32.00,1,1,2.0,3e6239b1,63dac149,912,2,60,17274895_389879713_2_1_0_1402980,17274895,389879713,2,1,1402980,,,False,Bao gồm bữa sáng rất ngon,"Hủy miễn phí trước 11 tháng 11, 2026",• Thanh toán cho chỗ nghỉ trước khi đến,Bao gồm giảm giá 12% dịch vụ ăn/uống + 30 phút mát-xa + 1 chỗ đậu xe | – Có thể có giảm giá,Tiết kiệm 32%,price_attr
30,the-imperial-vung-tau,2026-11-18,60,Heritage Grand Deluxe Ocean View,4363492.00,6416900.00,32.00,1,1,2.0,3e6239b1,804a1dd8,913,1,61,17274895_119446695_2_1_0_563131,17274895,119446695,2,1,563131,,,False,Bao gồm bữa sáng rất ngon,"Hủy miễn phí trước 15 tháng 11, 2026",• Thanh toán cho chỗ nghỉ trước khi đến,Bao gồm 1 chỗ đậu xe + internet tốc độ cao | – Có thể có giảm giá,Tiết kiệm 32%,price_attr
30,the-imperial-vung-tau,2026-11-18,61,Grand Residence King Ocean View,3873280.00,5696000.00,32.00,0,0,2.0,637102d4,1b6f0e44,932,1,62,17274892_119446698_2_2_0_563131,17274892,119446698,2,2,563131,,,False,Bữa sáng Rất tốt - VND 500.000,Không hoàn tiền | Linh động đổi ngày khi kế hoạch thay đổi,• Thanh toán cho chỗ nghỉ trước khi đến,Bao gồm 1 chỗ đậu xe + internet tốc độ cao | – Có thể có giảm giá,Tiết kiệm 32%,price_attr
30,the-imperial-vung-tau,2026-11-18,62,Grand Residence King Ocean View,4448220.00,6541500.00,32.00,1,0,2.0,637102d4,42ee661d,933,2,63,17274892_119446698_2_1_0_563131,17274892,119446698,2,1,563131,,,False,Bao gồm bữa sáng rất ngon,Không hoàn tiền | Linh động đổi ngày khi kế hoạch thay đổi,• Thanh toán cho chỗ nghỉ trước khi đến,Bao gồm 1 chỗ đậu xe + internet tốc độ cao | – Có thể có giảm giá,Tiết kiệm 32%,price_attr
30,the-imperial-vung-tau,2026-11-18,63,Grand Residence King Ocean View,4478480.00,6586000.00,32.00,1,0,2.0,637102d4,42ee661d,933,2,64,17274892_119446698_2_1_0_1735753,17274892,119446698,2,1,1735753,,,False,Bao gồm bữa sáng rất ngon,Không hoàn tiền | Linh động đổi ngày khi kế hoạch thay đổi,• Thanh toán cho chỗ nghỉ trước khi đến,Bao gồm giảm giá 12% dịch vụ ăn/uống + 1 chỗ đậu xe + trả phòng trễ | – Có thể có giảm giá,Tiết kiệm 32%,price_attr
30,the-imperial-vung-tau,2026-11-18,64,Grand Residence King Ocean View,4539000.00,6675000.00,32.00,1,1,2.0,637102d4,63dac149,934,2,65,17274892_389879713_2_1_0_563131,17274892,389879713,2,1,563131,,,False,Bao gồm bữa sáng rất ngon,"Hủy miễn phí trước 11 tháng 11, 2026",• Thanh toán cho chỗ nghỉ trước khi đến,Bao gồm 1 chỗ đậu xe + internet tốc độ cao | – Có thể có giảm giá,Tiết kiệm 32%,price_attr
30,the-imperial-vung-tau,2026-11-18,65,Grand Residence King Ocean View,4539001.00,6675001.00,32.00,1,1,2.0,637102d4,63dac149,934,2,66,17274892_389879713_2_1_0_1402980,17274892,389879713,2,1,1402980,,,False,Bao gồm bữa sáng rất ngon,"Hủy miễn phí trước 11 tháng 11, 2026",• Thanh toán cho chỗ nghỉ trước khi đến,Bao gồm giảm giá 12% dịch vụ ăn/uống + 30 phút mát-xa + 1 chỗ đậu xe | – Có thể có giảm giá,Tiết kiệm 32%,price_attr
30,the-imperial-vung-tau,2026-11-18,66,Grand Residence King Ocean View,4675170.00,6875250.00,32.00,1,1,2.0,637102d4,804a1dd8,935,1,67,17274892_119446695_2_1_0_563131,17274892,119446695,2,1,563131,,,False,Bao gồm bữa sáng rất ngon,"Hủy miễn phí trước 15 tháng 11, 2026",• Thanh toán cho chỗ nghỉ trước khi đến,Bao gồm 1 chỗ đậu xe + internet tốc độ cao | – Có thể có giảm giá,Tiết kiệm 32%,price_attr
30,the-imperial-vung-tau,2026-11-18,67,Heritage Deluxe King Ocean View - Sunworld Combo,3994320.00,5874000.00,32.00,1,0,2.0,94277b8d,42ee661d,951,2,68,17274899_119446698_2_1_0_563131,17274899,119446698,2,1,563131,,,False,Bao gồm bữa sáng rất ngon,Không hoàn tiền | Linh động đổi ngày khi kế hoạch thay đổi,• Thanh toán cho chỗ nghỉ trước khi đến,Bao gồm 1 chỗ đậu xe + internet tốc độ cao | – Có thể có giảm giá,Tiết kiệm 32%,price_attr
30,the-imperial-vung-tau,2026-11-18,68,Heritage Deluxe King Ocean View - Sunworld Combo,4175880.00,6141000.00,32.00,1,1,2.0,94277b8d,63dac149,952,1,69,17274899_389879713_2_1_0_563131,17274899,389879713,2,1,563131,,,False,Bao gồm bữa sáng rất ngon,"Hủy miễn phí trước 11 tháng 11, 2026",• Thanh toán cho chỗ nghỉ trước khi đến,Bao gồm 1 chỗ đậu xe + internet tốc độ cao | – Có thể có giảm giá,Tiết kiệm 32%,price_attr
30,the-imperial-vung-tau,2026-11-18,69,Heritage Deluxe King Ocean View - Sunworld Combo,4024580.00,5918500.00,32.00,1,0,2.0,94277b8d,42ee661d,951,2,70,17274899_119446698_3_1_0_1735753,17274899,119446698,3,1,1735753,,,False,Bao gồm bữa sáng rất ngon,Không hoàn tiền | Linh động đổi ngày khi kế hoạch thay đổi,• Thanh toán cho chỗ nghỉ trước khi đến,Bao gồm giảm giá 12% dịch vụ ăn/uống + 1 chỗ đậu xe + trả phòng trễ | – Có thể có giảm giá,Tiết kiệm 32%,price_attr
30,the-imperial-vung-tau,2026-11-18,70,Residence Suite,4296920.00,6319000.00,32.00,0,0,2.0,5be1424e,1b6f0e44,918,1,71,17274837_119446698_2_2_0_563131,17274837,119446698,2,2,563131,,,False,Bữa sáng Rất tốt - VND 500.000,Không hoàn tiền | Linh động đổi ngày khi kế hoạch thay đổi,• Thanh toán cho chỗ nghỉ trước khi đến,Bao gồm 1 chỗ đậu xe + internet tốc độ cao | – Có thể có giảm giá,Tiết kiệm 32%,price_attr
30,the-imperial-vung-tau,2026-11-18,71,Residence Suite,4871860.00,7164500.00,32.00,1,0,2.0,5be1424e,42ee661d,919,2,72,17274837_119446698_2_1_0_563131,17274837,119446698,2,1,563131,,,False,Bao gồm bữa sáng rất ngon,Không hoàn tiền | Linh động đổi ngày khi kế hoạch thay đổi,• Thanh toán cho chỗ nghỉ trước khi đến,Bao gồm 1 chỗ đậu xe + internet tốc độ cao | – Có thể có giảm giá,Tiết kiệm 32%,price_attr
30,the-imperial-vung-tau,2026-11-18,72,Residence Suite,4902120.00,7209000.00,32.00,1,0,2.0,5be1424e,42ee661d,919,2,73,17274837_119446698_2_1_0_1735753,17274837,119446698,2,1,1735753,,,False,Bao gồm bữa sáng rất ngon,Không hoàn tiền | Linh động đổi ngày khi kế hoạch thay đổi,• Thanh toán cho chỗ nghỉ trước khi đến,Bao gồm giảm giá 12% dịch vụ ăn/uống + 1 chỗ đậu xe + trả phòng trễ | – Có thể có giảm giá,Tiết kiệm 32%,price_attr
30,the-imperial-vung-tau,2026-11-18,73,Residence Suite,4962640.00,7298000.00,32.00,1,1,2.0,5be1424e,63dac149,920,2,74,17274837_389879713_2_1_0_563131,17274837,389879713,2,1,563131,,,False,Bao gồm bữa sáng rất ngon,"Hủy miễn phí trước 11 tháng 11, 2026",• Thanh toán cho chỗ nghỉ trước khi đến,Bao gồm 1 chỗ đậu xe + internet tốc độ cao | – Có thể có giảm giá,Tiết kiệm 32%,price_attr
30,the-imperial-vung-tau,2026-11-18,74,Residence Suite,4962641.00,7298001.00,32.00,1,1,2.0,5be1424e,63dac149,920,2,75,17274837_389879713_2_1_0_1402980,17274837,389879713,2,1,1402980,,,False,Bao gồm bữa sáng rất ngon,"Hủy miễn phí trước 11 tháng 11, 2026",• Thanh toán cho chỗ nghỉ trước khi đến,Bao gồm giảm giá 12% dịch vụ ăn/uống + 30 phút mát-xa + 1 chỗ đậu xe | – Có thể có giảm giá,Tiết kiệm 32%,price_attr
30,the-imperial-vung-tau,2026-11-18,75,Residence Suite,5111519.00,7516940.00,32.00,1,1,2.0,5be1424e,804a1dd8,921,1,76,17274837_119446695_2_1_0_563131,17274837,119446695,2,1,563131,,,False,Bao gồm bữa sáng rất ngon,"Hủy miễn phí trước 15 tháng 11, 2026",• Thanh toán cho chỗ nghỉ trước khi đến,Bao gồm 1 chỗ đậu xe + internet tốc độ cao | – Có thể có giảm giá,Tiết kiệm 32%,price_attr
30,the-imperial-vung-tau,2026-11-18,76,Suite Heritage Nhìn Ra Biển,5144200.00,7565000.00,32.00,0,0,2.0,b4a5164b,1b6f0e44,957,1,77,17274839_119446698_2_2_0_563131,17274839,119446698,2,2,563131,,,False,Bữa sáng Rất tốt - VND 500.000,Không hoàn tiền | Linh động đổi ngày khi kế hoạch thay đổi,• Thanh toán cho chỗ nghỉ trước khi đến,Bao gồm 1 chỗ đậu xe + internet tốc độ cao | – Có thể có giảm giá,Tiết kiệm 32%,price_attr
30,the-imperial-vung-tau,2026-11-18,77,Suite Heritage Nhìn Ra Biển,5628360.00,8277000.00,32.00,1,0,2.0,b4a5164b,42ee661d,958,2,78,17274839_119446698_2_1_0_563131,17274839,119446698,2,1,563131,,,False,Bao gồm bữa sáng rất ngon,Không hoàn tiền | Linh động đổi ngày khi kế hoạch thay đổi,• Thanh toán cho chỗ nghỉ trước khi đến,Bao gồm 1 chỗ đậu xe + internet tốc độ cao | – Có thể có giảm giá,Tiết kiệm 32%,price_attr
30,the-imperial-vung-tau,2026-11-18,78,Suite Heritage Nhìn Ra Biển,5658620.00,8321500.00,32.00,1,0,2.0,b4a5164b,42ee661d,958,2,79,17274839_119446698_2_1_0_1735753,17274839,119446698,2,1,1735753,,,False,Bao gồm bữa sáng rất ngon,Không hoàn tiền | Linh động đổi ngày khi kế hoạch thay đổi,• Thanh toán cho chỗ nghỉ trước khi đến,Bao gồm giảm giá 12% dịch vụ ăn/uống + 1 chỗ đậu xe + trả phòng trễ | – Có thể có giảm giá,Tiết kiệm 32%,price_attr
30,the-imperial-vung-tau,2026-11-18,79,Suite Heritage Nhìn Ra Biển,5809920.00,8544000.00,32.00,1,1,2.0,b4a5164b,63dac149,959,2,80,17274839_389879713_2_1_0_563131,17274839,389879713,2,1,563131,,,False,Bao gồm bữa sáng rất ngon,"Hủy miễn phí trước 11 tháng 11, 2026",• Thanh toán cho chỗ nghỉ trước khi đến,Bao gồm 1 chỗ đậu xe + internet tốc độ cao | – Có thể có giảm giá,Tiết kiệm 32%,price_attr
30,the-imperial-vung-tau,2026-11-18,80,Suite Heritage Nhìn Ra Biển,5809921.00,8544001.00,32.00,1,1,2.0,b4a5164b,63dac149,959,2,81,17274839_389879713_2_1_0_1402980,17274839,389879713,2,1,1402980,,,False,Bao gồm bữa sáng rất ngon,"Hủy miễn phí trước 11 tháng 11, 2026",• Thanh toán cho chỗ nghỉ trước khi đến,Bao gồm giảm giá 12% dịch vụ ăn/uống + 30 phút mát-xa + 1 chỗ đậu xe | – Có thể có giảm giá,Tiết kiệm 32%,price_attr
30,the-imperial-vung-tau,2026-11-18,81,Suite Heritage Nhìn Ra Biển,5984218.00,8800320.00,32.00,1,1,2.0,b4a5164b,804a1dd8,960,1,82,17274839_119446695_2_1_0_563131,17274839,119446695,2,1,563131,,,False,Bao gồm bữa sáng rất ngon,"Hủy miễn phí trước 15 tháng 11, 2026",• Thanh toán cho chỗ nghỉ trước khi đến,Bao gồm 1 chỗ đậu xe + internet tốc độ cao | – Có thể có giảm giá,Tiết kiệm 32%,price_attr
30,the-imperial-vung-tau,2026-11-18,82,Suite Dinh Thự Nhìn Ra Biển,5144200.00,7565000.00,32.00,0,0,2.0,1d3d9642,1b6f0e44,898,1,83,17274885_119446698_2_2_0_563131,17274885,119446698,2,2,563131,,,False,Bữa sáng Rất tốt - VND 500.000,Không hoàn tiền | Linh động đổi ngày khi kế hoạch thay đổi,• Thanh toán cho chỗ nghỉ trước khi đến,Bao gồm 1 chỗ đậu xe + internet tốc độ cao | – Có thể có giảm giá,Tiết kiệm 32%,price_attr
30,the-imperial-vung-tau,2026-11-18,83,Suite Dinh Thự Nhìn Ra Biển,5688880.00,8366000.00,32.00,1,0,2.0,1d3d9642,42ee661d,899,2,84,17274885_119446698_2_1_0_563131,17274885,119446698,2,1,563131,,,False,Bao gồm bữa sáng rất ngon,Không hoàn tiền | Linh động đổi ngày khi kế hoạch thay đổi,• Thanh toán cho chỗ nghỉ trước khi đến,Bao gồm 1 chỗ đậu xe + internet tốc độ cao | – Có thể có giảm giá,Tiết kiệm 32%,price_attr
30,the-imperial-vung-tau,2026-11-18,84,Suite Dinh Thự Nhìn Ra Biển,5719140.00,8410500.00,32.00,1,0,2.0,1d3d9642,42ee661d,899,2,85,17274885_119446698_2_1_0_1735753,17274885,119446698,2,1,1735753,,,False,Bao gồm bữa sáng rất ngon,Không hoàn tiền | Linh động đổi ngày khi kế hoạch thay đổi,• Thanh toán cho chỗ nghỉ trước khi đến,Bao gồm giảm giá 12% dịch vụ ăn/uống + 1 chỗ đậu xe + trả phòng trễ | – Có thể có giảm giá,Tiết kiệm 32%,price_attr
30,the-imperial-vung-tau,2026-11-18,85,Suite Dinh Thự Nhìn Ra Biển,5809920.00,8544000.00,32.00,1,1,2.0,1d3d9642,63dac149,900,2,86,17274885_389879713_2_1_0_563131,17274885,389879713,2,1,563131,,,False,Bao gồm bữa sáng rất ngon,"Hủy miễn phí trước 11 tháng 11, 2026",• Thanh toán cho chỗ nghỉ trước khi đến,Bao gồm 1 chỗ đậu xe + internet tốc độ cao | – Có thể có giảm giá,Tiết kiệm 32%,price_attr
30,the-imperial-vung-tau,2026-11-18,86,Suite Dinh Thự Nhìn Ra Biển,5809921.00,8544001.00,32.00,1,1,2.0,1d3d9642,63dac149,900,2,87,17274885_389879713_2_1_0_1402980,17274885,389879713,2,1,1402980,,,False,Bao gồm bữa sáng rất ngon,"Hủy miễn phí trước 11 tháng 11, 2026",• Thanh toán cho chỗ nghỉ trước khi đến,Bao gồm giảm giá 12% dịch vụ ăn/uống + 30 phút mát-xa + 1 chỗ đậu xe | – Có thể có giảm giá,Tiết kiệm 32%,price_attr
30,the-imperial-vung-tau,2026-11-18,87,Suite Dinh Thự Nhìn Ra Biển,5984218.00,8800320.00,32.00,1,1,2.0,1d3d9642,804a1dd8,901,1,88,17274885_119446695_2_1_0_563131,17274885,119446695,2,1,563131,,,False,Bao gồm bữa sáng rất ngon,"Hủy miễn phí trước 15 tháng 11, 2026",• Thanh toán cho chỗ nghỉ trước khi đến,Bao gồm 1 chỗ đậu xe + internet tốc độ cao | – Có thể có giảm giá,Tiết kiệm 32%,price_attr
30,the-imperial-vung-tau,2026-11-18,88,Heritage Suite Ocean View - Sunworld Combo,5870440.00,8633000.00,32.00,1,1,2.0,7f8e0e01,63dac149,942,1,89,17274900_389879713_2_1_0_563131,17274900,389879713,2,1,563131,,,False,Bao gồm bữa sáng rất ngon,"Hủy miễn phí trước 11 tháng 11, 2026",• Thanh toán cho chỗ nghỉ trước khi đến,Bao gồm 1 chỗ đậu xe + internet tốc độ cao | – Có thể có giảm giá,Tiết kiệm 32%,price_attr
30,the-imperial-vung-tau,2026-11-18,89,Heritage Suite Ocean View - Sunworld Combo,5900700.00,8677500.00,32.00,1,0,2.0,7f8e0e01,42ee661d,941,1,90,17274900_119446698_2_1_0_1735753,17274900,119446698,2,1,1735753,,,False,Bao gồm bữa sáng rất ngon,Không hoàn tiền | Linh động đổi ngày khi kế hoạch thay đổi,• Thanh toán cho chỗ nghỉ trước khi đến,Bao gồm giảm giá 12% dịch vụ ăn/uống + 1 chỗ đậu xe + trả phòng trễ | – Có thể có giảm giá,Tiết kiệm 32%,price_attr
30,the-imperial-vung-tau,2026-11-18,90,Suite Heritage Imperial,29594280.00,43521000.00,32.00,0,0,2.0,6e5272a7,1b6f0e44,936,1,91,17274844_119446698_2_2_0_563131,17274844,119446698,2,2,563131,,,False,Bữa sáng Rất tốt - VND 500.000,Không hoàn tiền | Linh động đổi ngày khi kế hoạch thay đổi,• Thanh toán cho chỗ nghỉ trước khi đến,Bao gồm 1 chỗ đậu xe + internet tốc độ cao | – Có thể có giảm giá,Tiết kiệm 32%,price_attr
30,the-imperial-vung-tau,2026-11-18,91,Suite Heritage Imperial,30078440.00,44233000.00,32.00,1,0,2.0,6e5272a7,42ee661d,937,2,92,17274844_119446698_2_1_0_563131,17274844,119446698,2,1,563131,,,False,Bao gồm bữa sáng rất ngon,Không hoàn tiền | Linh động đổi ngày khi kế hoạch thay đổi,• Thanh toán cho chỗ nghỉ trước khi đến,Bao gồm 1 chỗ đậu xe + internet tốc độ cao | – Có thể có giảm giá,Tiết kiệm 32%,price_attr
30,the-imperial-vung-tau,2026-11-18,92,Suite Heritage Imperial,30260000.00,44500000.00,32.00,1,1,2.0,6e5272a7,63dac149,938,2,93,17274844_389879713_2_1_0_563131,17274844,389879713,2,1,563131,,,False,Bao gồm bữa sáng rất ngon,"Hủy miễn phí trước 11 tháng 11, 2026",• Thanh toán cho chỗ nghỉ trước khi đến,Bao gồm 1 chỗ đậu xe + internet tốc độ cao | – Có thể có giảm giá,Tiết kiệm 32%,price_attr
30,the-imperial-vung-tau,2026-11-18,93,Suite Heritage Imperial,30260001.00,44500001.00,32.00,1,1,2.0,6e5272a7,63dac149,938,2,94,17274844_389879713_2_1_0_1402980,17274844,389879713,2,1,1402980,,,False,Bao gồm bữa sáng rất ngon,"Hủy miễn phí trước 11 tháng 11, 2026",• Thanh toán cho chỗ nghỉ trước khi đến,Bao gồm giảm giá 12% dịch vụ ăn/uống + 30 phút mát-xa + 1 chỗ đậu xe | – Có thể có giảm giá,Tiết kiệm 32%,price_attr
30,the-imperial-vung-tau,2026-11-18,94,Suite Heritage Imperial,31167800.00,45835000.00,32.00,1,1,2.0,6e5272a7,804a1dd8,939,1,95,17274844_119446695_2_1_0_563131,17274844,119446695,2,1,563131,,,False,Bao gồm bữa sáng rất ngon,"Hủy miễn phí trước 15 tháng 11, 2026",• Thanh toán cho chỗ nghỉ trước khi đến,Bao gồm 1 chỗ đậu xe + internet tốc độ cao | – Có thể có giảm giá,Tiết kiệm 32%,price_attr
30,the-imperial-vung-tau,2026-11-18,95,Suite Heritage Imperial,30108700.00,44277500.00,32.00,1,0,2.0,6e5272a7,42ee661d,937,2,96,17274844_119446698_3_1_0_1735753,17274844,119446698,3,1,1735753,,,False,Bao gồm bữa sáng rất ngon,Không hoàn tiền | Linh động đổi ngày khi kế hoạch thay đổi,• Thanh toán cho chỗ nghỉ trước khi đến,Bao gồm giảm giá 12% dịch vụ ăn/uống + 1 chỗ đậu xe + trả phòng trễ | – Có thể có giảm giá,Tiết kiệm 32%,price_attr
30,the-imperial-vung-tau,2026-11-18,96,Phòng Heritage Deluxe 3 Người,3389120.00,4984000.00,32.00,0,0,3.0,9bc0efb8,1b6f0e44,953,1,97,17274805_119446698_3_2_0_563131,17274805,119446698,3,2,563131,,,False,Bữa sáng Rất tốt - VND 500.000,Không hoàn tiền | Linh động đổi ngày khi kế hoạch thay đổi,• Thanh toán cho chỗ nghỉ trước khi đến,Bao gồm 1 chỗ đậu xe + internet tốc độ cao | – Có thể có giảm giá,Tiết kiệm 32%,price_attr
30,the-imperial-vung-tau,2026-11-18,97,Phòng Heritage Deluxe 3 Người,3933800.00,5785000.00,32.00,1,0,3.0,9bc0efb8,42ee661d,954,2,98,17274805_119446698_3_1_0_563131,17274805,119446698,3,1,563131,,,False,Bao gồm bữa sáng rất ngon,Không hoàn tiền | Linh động đổi ngày khi kế hoạch thay đổi,• Thanh toán cho chỗ nghỉ trước khi đến,Bao gồm 1 chỗ đậu xe + internet tốc độ cao | – Có thể có giảm giá,Tiết kiệm 32%,price_attr
30,the-imperial-vung-tau,2026-11-18,98,Phòng Heritage Deluxe 3 Người,3964060.00,5829500.00,32.00,1,0,3.0,9bc0efb8,42ee661d,954,2,99,17274805_119446698_3_1_0_1735753,17274805,119446698,3,1,1735753,,,False,Bao gồm bữa sáng rất ngon,Không hoàn tiền | Linh động đổi ngày khi kế hoạch thay đổi,• Thanh toán cho chỗ nghỉ trước khi đến,Bao gồm giảm giá 12% dịch vụ ăn/uống + 1 chỗ đậu xe + trả phòng trễ | – Có thể có giảm giá,Tiết kiệm 32%,price_attr
30,the-imperial-vung-tau,2026-11-18,99,Phòng Heritage Deluxe 3 Người,4054840.00,5963000.00,32.00,1,1,3.0,9bc0efb8,63dac149,955,1,100,17274805_389879713_3_1_0_563131,17274805,389879713,3,1,563131,,,False,Bao gồm bữa sáng rất ngon,"Hủy miễn phí trước 11 tháng 11, 2026",• Thanh toán cho chỗ nghỉ trước khi đến,Bao gồm 1 chỗ đậu xe + internet tốc độ cao | – Có thể có giảm giá,Tiết kiệm 32%,price_attr
30,the-imperial-vung-tau,2026-11-18,100,Phòng Heritage Deluxe 3 Người,4176485.00,6141890.00,32.00,1,1,3.0,9bc0efb8,804a1dd8,956,1,101,17274805_119446695_3_1_0_563131,17274805,119446695,3,1,563131,,,False,Bao gồm bữa sáng rất ngon,"Hủy miễn phí trước 15 tháng 11, 2026",• Thanh toán cho chỗ nghỉ trước khi đến,Bao gồm 1 chỗ đậu xe + internet tốc độ cao | – Có thể có giảm giá,Tiết kiệm 32%,price_attr
30,the-imperial-vung-tau,2026-11-18,101,Heritage Triple Room - Sunworld Water Partk Combo,4417960.00,6497000.00,32.00,1,0,3.0,e5d48b06,42ee661d,967,2,102,17274898_119446698_3_1_0_563131,17274898,119446698,3,1,563131,,,False,Bao gồm bữa sáng rất ngon,Không hoàn tiền | Linh động đổi ngày khi kế hoạch thay đổi,• Thanh toán cho chỗ nghỉ trước khi đến,Bao gồm 1 chỗ đậu xe + internet tốc độ cao | – Có thể có giảm giá,Tiết kiệm 32%,price_attr
30,the-imperial-vung-tau,2026-11-18,102,Heritage Triple Room - Sunworld Water Partk Combo,4448220.00,6541500.00,32.00,1,0,3.0,e5d48b06,42ee661d,967,2,103,17274898_119446698_3_1_0_1735753,17274898,119446698,3,1,1735753,,,False,Bao gồm bữa sáng rất ngon,Không hoàn tiền | Linh động đổi ngày khi kế hoạch thay đổi,• Thanh toán cho chỗ nghỉ trước khi đến,Bao gồm giảm giá 12% dịch vụ ăn/uống + 1 chỗ đậu xe + trả phòng trễ | – Có thể có giảm giá,Tiết kiệm 32%,price_attr
30,the-imperial-vung-tau,2026-11-18,103,Heritage Triple Room - Sunworld Water Partk Combo,4599520.00,6764000.00,32.00,1,1,3.0,e5d48b06,63dac149,968,1,104,17274898_389879713_3_1_0_563131,17274898,389879713,3,1,563131,,,False,Bao gồm bữa sáng rất ngon,"Hủy miễn phí trước 11 tháng 11, 2026",• Thanh toán cho chỗ nghỉ trước khi đến,Bao gồm 1 chỗ đậu xe + internet tốc độ cao | – Có thể có giảm giá,Tiết kiệm 32%,price_attr
30,the-imperial-vung-tau,2026-11-18,104,Phòng Gia Đình Heritage Deluxe,5749400.00,8455000.00,32.00,0,0,2.0,fdd7f674,1b6f0e44,969,1,105,17274867_119446698_4_2_0_563131,17274867,119446698,4,2,563131,,,False,Bữa sáng Rất tốt - VND 500.000,Không hoàn tiền | Linh động đổi ngày khi kế hoạch thay đổi,• Thanh toán cho chỗ nghỉ trước khi đến,Bao gồm 1 chỗ đậu xe + internet tốc độ cao | – Có thể có giảm giá,Tiết kiệm 32%,price_attr
30,the-imperial-vung-tau,2026-11-18,105,Phòng Gia Đình Heritage Deluxe,6233560.00,9167000.00,32.00,1,0,2.0,fdd7f674,42ee661d,970,2,106,17274867_119446698_0_1_0_563131,17274867,119446698,0,1,563131,,,False,Bao gồm bữa sáng rất ngon,Không hoàn tiền | Linh động đổi ngày khi kế hoạch thay đổi,• Thanh toán cho chỗ nghỉ trước khi đến,Bao gồm 1 chỗ đậu xe + internet tốc độ cao | – Có thể có giảm giá,Tiết kiệm 32%,price_attr
30,the-imperial-vung-tau,2026-11-18,106,Phòng Gia Đình Heritage Deluxe,6263820.00,9211500.00,32.00,1,0,2.0,fdd7f674,42ee661d,970,2,107,17274867_119446698_4_1_0_1735753,17274867,119446698,4,1,1735753,,,False,Bao gồm bữa sáng rất ngon,Không hoàn tiền | Linh động đổi ngày khi kế hoạch thay đổi,• Thanh toán cho chỗ nghỉ trước khi đến,Bao gồm giảm giá 12% dịch vụ ăn/uống + 1 chỗ đậu xe + trả phòng trễ | – Có thể có giảm giá,Tiết kiệm 32%,price_attr
30,the-imperial-vung-tau,2026-11-18,107,Phòng Gia Đình Heritage Deluxe,6354600.00,9345000.00,32.00,1,1,2.0,fdd7f674,63dac149,971,1,108,17274867_389879713_4_1_0_563131,17274867,389879713,4,1,563131,,,False,Bao gồm bữa sáng rất ngon,"Hủy miễn phí trước 11 tháng 11, 2026",• Thanh toán cho chỗ nghỉ trước khi đến,Bao gồm 1 chỗ đậu xe + internet tốc độ cao | – Có thể có giảm giá,Tiết kiệm 32%,price_attr
30,the-imperial-vung-tau,2026-11-18,108,Phòng Gia Đình Heritage Deluxe,6545238.00,9625350.00,32.00,1,1,2.0,fdd7f674,804a1dd8,972,1,109,17274867_119446695_4_1_0_563131,17274867,119446695,4,1,563131,,,False,Bao gồm bữa sáng rất ngon,"Hủy miễn phí trước 15 tháng 11, 2026",• Thanh toán cho chỗ nghỉ trước khi đến,Bao gồm 1 chỗ đậu xe + internet tốc độ cao | – Có thể có giảm giá,Tiết kiệm 32%,price_attr
30,the-imperial-vung-tau,2026-11-18,109,Suite Dinh Thự 2 Phòng Ngủ Nhìn Ra Biển,6899280.00,10146000.00,32.00,0,0,2.0,2930218d,1b6f0e44,902,1,110,17274841_119446698_4_2_0_563131,17274841,119446698,4,2,563131,,,False,Bữa sáng Rất tốt - VND 500.000,Không hoàn tiền | Linh động đổi ngày khi kế hoạch thay đổi,• Thanh toán cho chỗ nghỉ trước khi đến,Bao gồm 1 chỗ đậu xe + internet tốc độ cao | – Có thể có giảm giá,Tiết kiệm 32%,price_attr
30,the-imperial-vung-tau,2026-11-18,110,Suite Dinh Thự 2 Phòng Ngủ Nhìn Ra Biển,7686040.00,11303000.00,32.00,1,0,2.0,2930218d,42ee661d,903,2,111,17274841_119446698_4_1_0_563131,17274841,119446698,4,1,563131,,,False,Bao gồm bữa sáng rất ngon,Không hoàn tiền | Linh động đổi ngày khi kế hoạch thay đổi,• Thanh toán cho chỗ nghỉ trước khi đến,Bao gồm 1 chỗ đậu xe + internet tốc độ cao | – Có thể có giảm giá,Tiết kiệm 32%,price_attr
30,the-imperial-vung-tau,2026-11-18,111,Suite Dinh Thự 2 Phòng Ngủ Nhìn Ra Biển,7716300.00,11347500.00,32.00,1,0,2.0,2930218d,42ee661d,903,2,112,17274841_119446698_4_1_0_1735753,17274841,119446698,4,1,1735753,,,False,Bao gồm bữa sáng rất ngon,Không hoàn tiền | Linh động đổi ngày khi kế hoạch thay đổi,• Thanh toán cho chỗ nghỉ trước khi đến,Bao gồm giảm giá 12% dịch vụ ăn/uống + 1 chỗ đậu xe + trả phòng trễ | – Có thể có giảm giá,Tiết kiệm 32%,price_attr
30,the-imperial-vung-tau,2026-11-18,112,Suite Dinh Thự 2 Phòng Ngủ Nhìn Ra Biển,7867600.00,11570000.00,32.00,1,1,2.0,2930218d,63dac149,904,2,113,17274841_389879713_4_1_0_563131,17274841,389879713,4,1,563131,,,False,Bao gồm bữa sáng rất ngon,"Hủy miễn phí trước 11 tháng 11, 2026",• Thanh toán cho chỗ nghỉ trước khi đến,Bao gồm 1 chỗ đậu xe + internet tốc độ cao | – Có thể có giảm giá,Tiết kiệm 32%,price_attr
30,the-imperial-vung-tau,2026-11-18,113,Suite Dinh Thự 2 Phòng Ngủ Nhìn Ra Biển,7867601.00,11570001.00,32.00,1,1,2.0,2930218d,63dac149,904,2,114,17274841_389879713_4_1_0_1402980,17274841,389879713,4,1,1402980,,,False,Bao gồm bữa sáng rất ngon,"Hủy miễn phí trước 11 tháng 11, 2026",• Thanh toán cho chỗ nghỉ trước khi đến,Bao gồm giảm giá 12% dịch vụ ăn/uống + 30 phút mát-xa + 1 chỗ đậu xe | – Có thể có giảm giá,Tiết kiệm 32%,price_attr
30,the-imperial-vung-tau,2026-11-18,114,Suite Dinh Thự 2 Phòng Ngủ Nhìn Ra Biển,8103628.00,11917100.00,32.00,1,1,2.0,2930218d,804a1dd8,905,1,115,17274841_119446695_4_1_0_563131,17274841,119446695,4,1,563131,,,False,Bao gồm bữa sáng rất ngon,"Hủy miễn phí trước 15 tháng 11, 2026",• Thanh toán cho chỗ nghỉ trước khi đến,Bao gồm 1 chỗ đậu xe + internet tốc độ cao | – Có thể có giảm giá,Tiết kiệm 32%,price_attr
31,diamond-sea-vung-tau,2026-10-01,0,Phòng Tiêu Chuẩn Giường Đôi,410001.00,585715.00,30.00,0,0,2.0,52036781,1b6f0e44,974,1,1,222442401_391131631_2_0_0,222442401,391131631,2,0,,,,False,,Không hoàn tiền | Linh động đổi ngày khi kế hoạch thay đổi,• Thanh toán cho chỗ nghỉ trước khi đến,– Có thể có giảm giá,Tiết kiệm 30% | Ưu Đãi Cuối Năm,price_attr
31,diamond-sea-vung-tau,2026-10-01,1,Phòng Tiêu Chuẩn Giường Đôi,471500.00,673572.00,30.00,0,1,2.0,52036781,06df6899,973,1,2,222442401_428810522_0_0_0,222442401,428810522,0,0,,,,False,,"Hủy miễn phí trước 29 tháng 9, 2026",• Thanh toán cho chỗ nghỉ trước khi đến,– Có thể có giảm giá,Tiết kiệm 30% | Ưu Đãi Cuối Năm,price_attr
31,diamond-sea-vung-tau,2026-10-01,2,Phòng Deluxe Giường Đôi Có Ban Công,476667.00,680953.00,30.00,0,0,2.0,80049cfc,1b6f0e44,976,1,3,222442402_391131631_2_0_0,222442402,391131631,2,0,,,,False,,Không hoàn tiền | Linh động đổi ngày khi kế hoạch thay đổi,• Thanh toán cho chỗ nghỉ trước khi đến,– Có thể có giảm giá,Tiết kiệm 30% | Ưu Đãi Cuối Năm,price_attr
31,diamond-sea-vung-tau,2026-10-01,3,Phòng Deluxe Giường Đôi Có Ban Công,548167.00,783096.00,30.00,0,1,2.0,80049cfc,06df6899,975,1,4,222442402_428810522_0_0_0,222442402,428810522,0,0,,,,False,,"Hủy miễn phí trước 29 tháng 9, 2026",• Thanh toán cho chỗ nghỉ trước khi đến,– Có thể có giảm giá,Tiết kiệm 30% | Ưu Đãi Cuối Năm,price_attr
31,diamond-sea-vung-tau,2026-10-01,4,Phòng Superior Có Giường Cỡ King,611111.00,873016.00,30.00,0,0,2.0,e2361426,1b6f0e44,985,1,5,222442406_391131631_2_0_0,222442406,391131631,2,0,,,,False,,Không hoàn tiền | Linh động đổi ngày khi kế hoạch thay đổi,• Thanh toán cho chỗ nghỉ trước khi đến,– Có thể có giảm giá,Tiết kiệm 30% | Ưu Đãi Cuối Năm,price_attr
31,diamond-sea-vung-tau,2026-10-01,5,Phòng Superior Có Giường Cỡ King,702778.00,1003968.00,30.00,0,1,2.0,e2361426,06df6899,984,1,6,222442406_428810522_0_0_0,222442406,428810522,0,0,,,,False,,"Hủy miễn phí trước 29 tháng 9, 2026",• Thanh toán cho chỗ nghỉ trước khi đến,– Có thể có giảm giá,Tiết kiệm 30% | Ưu Đãi Cuối Năm,price_attr
31,diamond-sea-vung-tau,2026-10-01,6,Phòng Deluxe Có Giường Cỡ King,733334.00,1047620.00,30.00,0,0,2.0,894245b4,1b6f0e44,978,1,7,222442407_391131631_2_0_0,222442407,391131631,2,0,,,,False,,Không hoàn tiền | Linh động đổi ngày khi kế hoạch thay đổi,• Thanh toán cho chỗ nghỉ trước khi đến,– Có thể có giảm giá,Tiết kiệm 30% | Ưu Đãi Cuối Năm,price_attr
31,diamond-sea-vung-tau,2026-10-01,7,Phòng Deluxe Có Giường Cỡ King,843334.00,1204763.00,30.00,0,1,2.0,894245b4,06df6899,977,1,8,222442407_428810522_0_0_0,222442407,428810522,0,0,,,,False,,"Hủy miễn phí trước 29 tháng 9, 2026",• Thanh toán cho chỗ nghỉ trước khi đến,– Có thể có giảm giá,Tiết kiệm 30% | Ưu Đãi Cuối Năm,price_attr
31,diamond-sea-vung-tau,2026-10-01,8,Phòng Tiêu Chuẩn 4 Người,743334.00,1061905.00,30.00,0,0,4.0,f2cdd451,1b6f0e44,987,1,9,222442403_391131631_4_0_0,222442403,391131631,4,0,,,,False,,Không hoàn tiền | Linh động đổi ngày khi kế hoạch thay đổi,• Thanh toán cho chỗ nghỉ trước khi đến,– Có thể có giảm giá,Tiết kiệm 30% | Ưu Đãi Cuối Năm,price_attr
31,diamond-sea-vung-tau,2026-10-01,9,Phòng Tiêu Chuẩn 4 Người,854834.00,1221191.00,30.00,0,1,4.0,f2cdd451,06df6899,986,1,10,222442403_428810522_0_0_0,222442403,428810522,0,0,,,,False,,"Hủy miễn phí trước 29 tháng 9, 2026",• Thanh toán cho chỗ nghỉ trước khi đến,– Có thể có giảm giá,Tiết kiệm 30% | Ưu Đãi Cuối Năm,price_attr
31,diamond-sea-vung-tau,2026-10-01,10,Phòng Deluxe 4 Người,854445.00,1220635.00,30.00,0,0,4.0,8ae84768,1b6f0e44,982,1,11,222442404_391131631_4_0_0,222442404,391131631,4,0,,,,False,,Không hoàn tiền | Linh động đổi ngày khi kế hoạch thay đổi,• Thanh toán cho chỗ nghỉ trước khi đến,– Có thể có giảm giá,Tiết kiệm 30% | Ưu Đãi Cuối Năm,price_attr
31,diamond-sea-vung-tau,2026-10-01,11,Phòng Deluxe 4 Người,982611.00,1403730.00,30.00,0,1,4.0,8ae84768,06df6899,981,1,12,222442404_428810522_0_0_0,222442404,428810522,0,0,,,,False,,"Hủy miễn phí trước 29 tháng 9, 2026",• Thanh toán cho chỗ nghỉ trước khi đến,– Có thể có giảm giá,Tiết kiệm 30% | Ưu Đãi Cuối Năm,price_attr
31,diamond-sea-vung-tau,2026-10-01,12,Căn hộ 2 Phòng ngủ có Tầm nhìn,1666667.00,2380953.00,30.00,0,0,2.0,fbd83d99,1b6f0e44,988,1,13,222442408_391131631_4_0_0,222442408,391131631,4,0,,,,False,,Không hoàn tiền | Linh động đổi ngày khi kế hoạch thay đổi,• Thanh toán cho chỗ nghỉ trước khi đến,– Có thể có giảm giá | • Chúng tôi còn 1 căn,Tiết kiệm 30% | Ưu Đãi Cuối Năm,price_attr
31,diamond-sea-vung-tau,2026-10-01,13,Phòng Gia Đình Tiêu Chuẩn,1077778.00,1539683.00,30.00,0,0,2.0,89955fb2,1b6f0e44,980,1,14,222442405_391131631_6_0_0,222442405,391131631,6,0,,,,False,,Không hoàn tiền | Linh động đổi ngày khi kế hoạch thay đổi,• Thanh toán cho chỗ nghỉ trước khi đến,– Có thể có giảm giá,Tiết kiệm 30% | Ưu Đãi Cuối Năm,price_attr
31,diamond-sea-vung-tau,2026-10-01,14,Phòng Gia Đình Tiêu Chuẩn,1239445.00,1770635.00,30.00,0,1,2.0,89955fb2,06df6899,979,1,15,222442405_428810522_0_0_0,222442405,428810522,0,0,,,,False,,"Hủy miễn phí trước 29 tháng 9, 2026",• Thanh toán cho chỗ nghỉ trước khi đến,– Có thể có giảm giá,Tiết kiệm 30% | Ưu Đãi Cuối Năm,price_attr
31,diamond-sea-vung-tau,2026-10-01,15,Căn Hộ 3 Phòng Ngủ,2500000.00,3571429.00,30.00,0,0,2.0,c92a25f1,1b6f0e44,983,1,16,222442409_391131631_6_0_0,222442409,391131631,6,0,,,,False,,Không hoàn tiền | Linh động đổi ngày khi kế hoạch thay đổi,• Thanh toán cho chỗ nghỉ trước khi đến,– Có thể có giảm giá | • Chúng tôi còn 1 căn,Tiết kiệm 30% | Ưu Đãi Cuối Năm,price_attr
32,diamond-sea-vung-tau,2026-10-11,0,Phòng Deluxe Giường Đôi Có Ban Công,476667.00,680953.00,30.00,0,0,2.0,80049cfc,1b6f0e44,991,1,1,222442402_391131631_2_0_0,222442402,391131631,2,0,,,,False,,Không hoàn tiền | Linh động đổi ngày khi kế hoạch thay đổi,• Thanh toán cho chỗ nghỉ trước khi đến,– Có thể có giảm giá,Tiết kiệm 30% | Ưu Đãi Cuối Năm,price_attr
32,diamond-sea-vung-tau,2026-10-11,1,Phòng Deluxe Giường Đôi Có Ban Công,548167.00,783096.00,30.00,0,1,2.0,80049cfc,89f16b23,992,1,2,222442402_428810522_0_0_0,222442402,428810522,0,0,,,,False,,"Hủy miễn phí trước 9 tháng 10, 2026",• Thanh toán cho chỗ nghỉ trước khi đến,– Có thể có giảm giá,Tiết kiệm 30% | Ưu Đãi Cuối Năm,price_attr
32,diamond-sea-vung-tau,2026-10-11,2,Phòng Tiêu Chuẩn Giường Đôi,410001.00,585715.00,30.00,0,0,2.0,52036781,1b6f0e44,989,1,3,222442401_391131631_2_0_0,222442401,391131631,2,0,,,,False,,Không hoàn tiền | Linh động đổi ngày khi kế hoạch thay đổi,• Thanh toán cho chỗ nghỉ trước khi đến,– Có thể có giảm giá,Tiết kiệm 30% | Ưu Đãi Cuối Năm,price_attr
32,diamond-sea-vung-tau,2026-10-11,3,Phòng Tiêu Chuẩn Giường Đôi,471500.00,673572.00,30.00,0,1,2.0,52036781,89f16b23,990,1,4,222442401_428810522_0_0_0,222442401,428810522,0,0,,,,False,,"Hủy miễn phí trước 9 tháng 10, 2026",• Thanh toán cho chỗ nghỉ trước khi đến,– Có thể có giảm giá,Tiết kiệm 30% | Ưu Đãi Cuối Năm,price_attr
32,diamond-sea-vung-tau,2026-10-11,4,Phòng Superior Có Giường Cỡ King,611111.00,873016.00,30.00,0,0,2.0,e2361426,1b6f0e44,1000,1,5,222442406_391131631_2_0_0,222442406,391131631,2,0,,,,False,,Không hoàn tiền | Linh động đổi ngày khi kế hoạch thay đổi,• Thanh toán cho chỗ nghỉ trước khi đến,– Có thể có giảm giá,Tiết kiệm 30% | Ưu Đãi Cuối Năm,price_attr
32,diamond-sea-vung-tau,2026-10-11,5,Phòng Superior Có Giường Cỡ King,702778.00,1003968.00,30.00,0,1,2.0,e2361426,89f16b23,1001,1,6,222442406_428810522_0_0_0,222442406,428810522,0,0,,,,False,,"Hủy miễn phí trước 9 tháng 10, 2026",• Thanh toán cho chỗ nghỉ trước khi đến,– Có thể có giảm giá,Tiết kiệm 30% | Ưu Đãi Cuối Năm,price_attr
32,diamond-sea-vung-tau,2026-10-11,6,Phòng Deluxe Có Giường Cỡ King,733334.00,1047620.00,30.00,0,0,2.0,894245b4,1b6f0e44,993,1,7,222442407_391131631_2_0_0,222442407,391131631,2,0,,,,False,,Không hoàn tiền | Linh động đổi ngày khi kế hoạch thay đổi,• Thanh toán cho chỗ nghỉ trước khi đến,– Có thể có giảm giá,Tiết kiệm 30% | Ưu Đãi Cuối Năm,price_attr
32,diamond-sea-vung-tau,2026-10-11,7,Phòng Deluxe Có Giường Cỡ King,843334.00,1204763.00,30.00,0,1,2.0,894245b4,89f16b23,994,1,8,222442407_428810522_0_0_0,222442407,428810522,0,0,,,,False,,"Hủy miễn phí trước 9 tháng 10, 2026",• Thanh toán cho chỗ nghỉ trước khi đến,– Có thể có giảm giá,Tiết kiệm 30% | Ưu Đãi Cuối Năm,price_attr
32,diamond-sea-vung-tau,2026-10-11,8,Phòng Tiêu Chuẩn 4 Người,743334.00,1061905.00,30.00,0,0,4.0,f2cdd451,1b6f0e44,1002,1,9,222442403_391131631_4_0_0,222442403,391131631,4,0,,,,False,,Không hoàn tiền | Linh động đổi ngày khi kế hoạch thay đổi,• Thanh toán cho chỗ nghỉ trước khi đến,– Có thể có giảm giá,Tiết kiệm 30% | Ưu Đãi Cuối Năm,price_attr
32,diamond-sea-vung-tau,2026-10-11,9,Phòng Tiêu Chuẩn 4 Người,854834.00,1221191.00,30.00,0,1,4.0,f2cdd451,89f16b23,1003,1,10,222442403_428810522_0_0_0,222442403,428810522,0,0,,,,False,,"Hủy miễn phí trước 9 tháng 10, 2026",• Thanh toán cho chỗ nghỉ trước khi đến,– Có thể có giảm giá,Tiết kiệm 30% | Ưu Đãi Cuối Năm,price_attr
32,diamond-sea-vung-tau,2026-10-11,10,Phòng Deluxe 4 Người,854445.00,1220635.00,30.00,0,0,4.0,8ae84768,1b6f0e44,997,1,11,222442404_391131631_4_0_0,222442404,391131631,4,0,,,,False,,Không hoàn tiền | Linh động đổi ngày khi kế hoạch thay đổi,• Thanh toán cho chỗ nghỉ trước khi đến,– Có thể có giảm giá,Tiết kiệm 30% | Ưu Đãi Cuối Năm,price_attr
32,diamond-sea-vung-tau,2026-10-11,11,Phòng Deluxe 4 Người,982611.00,1403730.00,30.00,0,1,4.0,8ae84768,89f16b23,998,1,12,222442404_428810522_0_0_0,222442404,428810522,0,0,,,,False,,"Hủy miễn phí trước 9 tháng 10, 2026",• Thanh toán cho chỗ nghỉ trước khi đến,– Có thể có giảm giá,Tiết kiệm 30% | Ưu Đãi Cuối Năm,price_attr
32,diamond-sea-vung-tau,2026-10-11,12,Căn hộ 2 Phòng ngủ có Tầm nhìn,1666667.00,2380953.00,30.00,0,0,2.0,fbd83d99,1b6f0e44,1004,1,13,222442408_391131631_4_0_0,222442408,391131631,4,0,,,,False,,Không hoàn tiền | Linh động đổi ngày khi kế hoạch thay đổi,• Thanh toán cho chỗ nghỉ trước khi đến,– Có thể có giảm giá | • Chúng tôi còn 1 căn,Tiết kiệm 30% | Ưu Đãi Cuối Năm,price_attr
32,diamond-sea-vung-tau,2026-10-11,13,Phòng Gia Đình Tiêu Chuẩn,1077778.00,1539683.00,30.00,0,0,2.0,89955fb2,1b6f0e44,995,1,14,222442405_391131631_6_0_0,222442405,391131631,6,0,,,,False,,Không hoàn tiền | Linh động đổi ngày khi kế hoạch thay đổi,• Thanh toán cho chỗ nghỉ trước khi đến,– Có thể có giảm giá,Tiết kiệm 30% | Ưu Đãi Cuối Năm,price_attr
32,diamond-sea-vung-tau,2026-10-11,14,Phòng Gia Đình Tiêu Chuẩn,1239445.00,1770635.00,30.00,0,1,2.0,89955fb2,89f16b23,996,1,15,222442405_428810522_0_0_0,222442405,428810522,0,0,,,,False,,"Hủy miễn phí trước 9 tháng 10, 2026",• Thanh toán cho chỗ nghỉ trước khi đến,– Có thể có giảm giá,Tiết kiệm 30% | Ưu Đãi Cuối Năm,price_attr
32,diamond-sea-vung-tau,2026-10-11,15,Căn Hộ 3 Phòng Ngủ,2500000.00,3571429.00,30.00,0,0,2.0,c92a25f1,1b6f0e44,999,1,16,222442409_391131631_6_0_0,222442409,391131631,6,0,,,,False,,Không hoàn tiền | Linh động đổi ngày khi kế hoạch thay đổi,• Thanh toán cho chỗ nghỉ trước khi đến,– Có thể có giảm giá | • Chúng tôi còn 1 căn,Tiết kiệm 30% | Ưu Đãi Cuối Năm,price_attr
33,diamond-sea-vung-tau,2026-11-18,0,Phòng Tiêu Chuẩn Giường Đôi,410001.00,585715.00,30.00,0,0,2.0,52036781,1b6f0e44,1005,1,1,222442401_391131631_2_0_0,222442401,391131631,2,0,,,,False,,Không hoàn tiền | Linh động đổi ngày khi kế hoạch thay đổi,• Thanh toán cho chỗ nghỉ trước khi đến,– Có thể có giảm giá,Tiết kiệm 30% | Ưu Đãi Cuối Năm,price_attr
33,diamond-sea-vung-tau,2026-11-18,1,Phòng Tiêu Chuẩn Giường Đôi,471500.00,673572.00,30.00,0,1,2.0,52036781,1f95ca16,1006,1,2,222442401_428810522_0_0_0,222442401,428810522,0,0,,,,False,,"Hủy miễn phí trước 16 tháng 11, 2026",• Thanh toán cho chỗ nghỉ trước khi đến,– Có thể có giảm giá,Tiết kiệm 30% | Ưu Đãi Cuối Năm,price_attr
33,diamond-sea-vung-tau,2026-11-18,2,Phòng Deluxe Giường Đôi Có Ban Công,476667.00,680953.00,30.00,0,0,2.0,80049cfc,1b6f0e44,1007,1,3,222442402_391131631_2_0_0,222442402,391131631,2,0,,,,False,,Không hoàn tiền | Linh động đổi ngày khi kế hoạch thay đổi,• Thanh toán cho chỗ nghỉ trước khi đến,– Có thể có giảm giá,Tiết kiệm 30% | Ưu Đãi Cuối Năm,price_attr
33,diamond-sea-vung-tau,2026-11-18,3,Phòng Deluxe Giường Đôi Có Ban Công,548167.00,783096.00,30.00,0,1,2.0,80049cfc,1f95ca16,1008,1,4,222442402_428810522_0_0_0,222442402,428810522,0,0,,,,False,,"Hủy miễn phí trước 16 tháng 11, 2026",• Thanh toán cho chỗ nghỉ trước khi đến,– Có thể có giảm giá,Tiết kiệm 30% | Ưu Đãi Cuối Năm,price_attr
33,diamond-sea-vung-tau,2026-11-18,4,Phòng Superior Có Giường Cỡ King,611111.00,873016.00,30.00,0,0,2.0,e2361426,1b6f0e44,1016,1,5,222442406_391131631_2_0_0,222442406,391131631,2,0,,,,False,,Không hoàn tiền | Linh động đổi ngày khi kế hoạch thay đổi,• Thanh toán cho chỗ nghỉ trước khi đến,– Có thể có giảm giá,Tiết kiệm 30% | Ưu Đãi Cuối Năm,price_attr
33,diamond-sea-vung-tau,2026-11-18,5,Phòng Superior Có Giường Cỡ King,702778.00,1003968.00,30.00,0,1,2.0,e2361426,1f95ca16,1017,1,6,222442406_428810522_0_0_0,222442406,428810522,0,0,,,,False,,"Hủy miễn phí trước 16 tháng 11, 2026",• Thanh toán cho chỗ nghỉ trước khi đến,– Có thể có giảm giá,Tiết kiệm 30% | Ưu Đãi Cuối Năm,price_attr
33,diamond-sea-vung-tau,2026-11-18,6,Phòng Deluxe Có Giường Cỡ King,733334.00,1047620.00,30.00,0,0,2.0,894245b4,1b6f0e44,1009,1,7,222442407_391131631_2_0_0,222442407,391131631,2,0,,,,False,,Không hoàn tiền | Linh động đổi ngày khi kế hoạch thay đổi,• Thanh toán cho chỗ nghỉ trước khi đến,– Có thể có giảm giá,Tiết kiệm 30% | Ưu Đãi Cuối Năm,price_attr
33,diamond-sea-vung-tau,2026-11-18,7,Phòng Deluxe Có Giường Cỡ King,843334.00,1204763.00,30.00,0,1,2.0,894245b4,1f95ca16,1010,1,8,222442407_428810522_0_0_0,222442407,428810522,0,0,,,,False,,"Hủy miễn phí trước 16 tháng 11, 2026",• Thanh toán cho chỗ nghỉ trước khi đến,– Có thể có giảm giá,Tiết kiệm 30% | Ưu Đãi Cuối Năm,price_attr
33,diamond-sea-vung-tau,2026-11-18,8,Phòng Tiêu Chuẩn 4 Người,743334.00,1061905.00,30.00,0,0,4.0,f2cdd451,1b6f0e44,1018,1,9,222442403_391131631_4_0_0,222442403,391131631,4,0,,,,False,,Không hoàn tiền | Linh động đổi ngày khi kế hoạch thay đổi,• Thanh toán cho chỗ nghỉ trước khi đến,– Có thể có giảm giá,Tiết kiệm 30% | Ưu Đãi Cuối Năm,price_attr
33,diamond-sea-vung-tau,2026-11-18,9,Phòng Tiêu Chuẩn 4 Người,854834.00,1221191.00,30.00,0,1,4.0,f2cdd451,1f95ca16,1019,1,10,222442403_428810522_0_0_0,222442403,428810522,0,0,,,,False,,"Hủy miễn phí trước 16 tháng 11, 2026",• Thanh toán cho chỗ nghỉ trước khi đến,– Có thể có giảm giá,Tiết kiệm 30% | Ưu Đãi Cuối Năm,price_attr
33,diamond-sea-vung-tau,2026-11-18,10,Phòng Deluxe 4 Người,854445.00,1220635.00,30.00,0,0,4.0,8ae84768,1b6f0e44,1013,1,11,222442404_391131631_4_0_0,222442404,391131631,4,0,,,,False,,Không hoàn tiền | Linh động đổi ngày khi kế hoạch thay đổi,• Thanh toán cho chỗ nghỉ trước khi đến,– Có thể có giảm giá,Tiết kiệm 30% | Ưu Đãi Cuối Năm,price_attr
33,diamond-sea-vung-tau,2026-11-18,11,Phòng Deluxe 4 Người,982611.00,1403730.00,30.00,0,1,4.0,8ae84768,1f95ca16,1014,1,12,222442404_428810522_0_0_0,222442404,428810522,0,0,,,,False,,"Hủy miễn phí trước 16 tháng 11, 2026",• Thanh toán cho chỗ nghỉ trước khi đến,– Có thể có giảm giá,Tiết kiệm 30% | Ưu Đãi Cuối Năm,price_attr
33,diamond-sea-vung-tau,2026-11-18,12,Căn hộ 2 Phòng ngủ có Tầm nhìn,1666667.00,2380953.00,30.00,0,0,2.0,fbd83d99,1b6f0e44,1020,1,13,222442408_391131631_4_0_0,222442408,391131631,4,0,,,,False,,Không hoàn tiền | Linh động đổi ngày khi kế hoạch thay đổi,• Thanh toán cho chỗ nghỉ trước khi đến,– Có thể có giảm giá | • Chúng tôi còn 1 căn,Tiết kiệm 30% | Ưu Đãi Cuối Năm,price_attr
33,diamond-sea-vung-tau,2026-11-18,13,Phòng Gia Đình Tiêu Chuẩn,1077778.00,1539683.00,30.00,0,0,2.0,89955fb2,1b6f0e44,1011,1,14,222442405_391131631_6_0_0,222442405,391131631,6,0,,,,False,,Không hoàn tiền | Linh động đổi ngày khi kế hoạch thay đổi,• Thanh toán cho chỗ nghỉ trước khi đến,– Có thể có giảm giá,Tiết kiệm 30% | Ưu Đãi Cuối Năm,price_attr
33,diamond-sea-vung-tau,2026-11-18,14,Phòng Gia Đình Tiêu Chuẩn,1239445.00,1770635.00,30.00,0,1,2.0,89955fb2,1f95ca16,1012,1,15,222442405_428810522_0_0_0,222442405,428810522,0,0,,,,False,,"Hủy miễn phí trước 16 tháng 11, 2026",• Thanh toán cho chỗ nghỉ trước khi đến,– Có thể có giảm giá,Tiết kiệm 30% | Ưu Đãi Cuối Năm,price_attr
33,diamond-sea-vung-tau,2026-11-18,15,Căn Hộ 3 Phòng Ngủ,2500000.00,3571429.00,30.00,0,0,2.0,c92a25f1,1b6f0e44,1015,1,16,222442409_391131631_6_0_0,222442409,391131631,6,0,,,,False,,Không hoàn tiền | Linh động đổi ngày khi kế hoạch thay đổi,• Thanh toán cho chỗ nghỉ trước khi đến,– Có thể có giảm giá | • Chúng tôi còn 1 căn,Tiết kiệm 30% | Ưu Đãi Cuối Năm,price_attr
34,pearl-wealth-da-lat,2026-10-01,0,Phòng Giường Đôi Hạng Tiết Kiệm,280000.00,400000.00,30.00,0,1,2.0,922b261c,ee58c792,1023,3,1,1074539504_391656433_2_0_0_1338695,1074539504,391656433,2,0,1338695,2.0,,False,,"Hủy miễn phí trước 30 tháng 9, 2026",Không cần thanh toán trước - thanh toán tại chỗ nghỉ | Không cần thẻ tín dụng,Bao gồm giảm giá 10% dịch vụ ăn/uống + đưa đón hai chiều từ sân bay + 1 chỗ đậu xe + nhận phòng sớm + internet tốc độ cao | – Có thể có giảm giá,Tiết kiệm 30% | Ưu Đãi Cuối Năm,price_attr
34,pearl-wealth-da-lat,2026-10-01,1,Phòng Giường Đôi Hạng Tiết Kiệm,315000.00,450000.00,30.00,0,1,2.0,922b261c,ee58c792,1023,3,2,1074539504_391656433_0_0_0_1165746,1074539504,391656433,0,0,1165746,2.0,,False,,"Hủy miễn phí trước 30 tháng 9, 2026",Không cần thanh toán trước - thanh toán tại chỗ nghỉ | Không cần thẻ tín dụng,Có cho phép vật nuôi | – Có thể có giảm giá,Tiết kiệm 30% | Ưu Đãi Cuối Năm,price_attr
34,pearl-wealth-da-lat,2026-10-01,2,Phòng Giường Đôi Hạng Tiết Kiệm,266000.00,380000.00,30.00,0,1,2.0,922b261c,ee58c792,1023,3,3,1074539504_391656433_1_0_0_1338695,1074539504,391656433,1,0,1338695,1.0,Chỉ dành cho 1 khách,True,,"Hủy miễn phí trước 30 tháng 9, 2026",Không cần thanh toán trước - thanh toán tại chỗ nghỉ | Không cần thẻ tín dụng,Bao gồm giảm giá 10% dịch vụ ăn/uống + đưa đón hai chiều từ sân bay + 1 chỗ đậu xe + nhận phòng sớm + internet tốc độ cao | – Có thể có giảm giá,Tiết kiệm 30% | Ưu Đãi Cuối Năm,price_attr
34,pearl-wealth-da-lat,2026-10-01,3,Phòng Gia Đình Giường Đôi,565250.00,807500.00,30.00,0,1,2.0,9093eac5,ee58c792,1022,2,4,1074539502_391656433_2_0_0_1338695,1074539502,391656433,2,0,1338695,2.0,,False,,"Hủy miễn phí trước 30 tháng 9, 2026",Không cần thanh toán trước - thanh toán tại chỗ nghỉ | Không cần thẻ tín dụng,Bao gồm giảm giá 10% dịch vụ ăn/uống + đưa đón hai chiều từ sân bay + 1 chỗ đậu xe + nhận phòng sớm + internet tốc độ cao | – Có thể có giảm giá,Tiết kiệm 30% | Ưu Đãi Cuối Năm,price_attr
34,pearl-wealth-da-lat,2026-10-01,4,Phòng Gia Đình Giường Đôi,630000.00,900000.00,30.00,0,1,2.0,9093eac5,ee58c792,1022,2,5,1074539502_391656433_0_0_0_1165746,1074539502,391656433,0,0,1165746,4.0,,False,,"Hủy miễn phí trước 30 tháng 9, 2026",Không cần thanh toán trước - thanh toán tại chỗ nghỉ | Không cần thẻ tín dụng,Có cho phép vật nuôi | – Có thể có giảm giá,Tiết kiệm 30% | Ưu Đãi Cuối Năm,price_attr
34,pearl-wealth-da-lat,2026-10-01,5,Phòng Giường Đôi,385000.00,550000.00,30.00,0,1,2.0,24a8954a,ee58c792,1021,3,6,1074539501_391656433_2_0_0_1338695,1074539501,391656433,2,0,1338695,2.0,,False,,"Hủy miễn phí trước 30 tháng 9, 2026",Không cần thanh toán trước - thanh toán tại chỗ nghỉ | Không cần thẻ tín dụng,Bao gồm giảm giá 10% dịch vụ ăn/uống + đưa đón hai chiều từ sân bay + 1 chỗ đậu xe + nhận phòng sớm + internet tốc độ cao | – Có thể có giảm giá,Tiết kiệm 30% | Ưu Đãi Cuối Năm,price_attr
34,pearl-wealth-da-lat,2026-10-01,6,Phòng Giường Đôi,420000.00,600000.00,30.00,0,1,2.0,24a8954a,ee58c792,1021,3,7,1074539501_391656433_0_0_0_1165746,1074539501,391656433,0,0,1165746,2.0,,False,,"Hủy miễn phí trước 30 tháng 9, 2026",Không cần thanh toán trước - thanh toán tại chỗ nghỉ | Không cần thẻ tín dụng,Có cho phép vật nuôi | – Có thể có giảm giá,Tiết kiệm 30% | Ưu Đãi Cuối Năm,price_attr
34,pearl-wealth-da-lat,2026-10-01,7,Phòng Giường Đôi,365750.00,522500.00,30.00,0,1,2.0,24a8954a,ee58c792,1021,3,8,1074539501_391656433_1_0_0_1338695,1074539501,391656433,1,0,1338695,1.0,Chỉ dành cho 1 khách,True,,"Hủy miễn phí trước 30 tháng 9, 2026",Không cần thanh toán trước - thanh toán tại chỗ nghỉ | Không cần thẻ tín dụng,Bao gồm giảm giá 10% dịch vụ ăn/uống + đưa đón hai chiều từ sân bay + 1 chỗ đậu xe + nhận phòng sớm + internet tốc độ cao | – Có thể có giảm giá,Tiết kiệm 30% | Ưu Đãi Cuối Năm,price_attr
34,pearl-wealth-da-lat,2026-10-01,8,Phòng Gia Đình Tiêu Chuẩn,651000.00,930000.00,30.00,0,1,3.0,ae866fa4,ee58c792,1024,2,9,1074539503_391656433_3_0_0_1338695,1074539503,391656433,3,0,1338695,3.0,,False,,"Hủy miễn phí trước 30 tháng 9, 2026",Không cần thanh toán trước - thanh toán tại chỗ nghỉ | Không cần thẻ tín dụng,Bao gồm giảm giá 10% dịch vụ ăn/uống + đưa đón hai chiều từ sân bay + 1 chỗ đậu xe + nhận phòng sớm + internet tốc độ cao | – Có thể có giảm giá,Tiết kiệm 30% | Ưu Đãi Cuối Năm,price_attr
34,pearl-wealth-da-lat,2026-10-01,9,Phòng Gia Đình Tiêu Chuẩn,735000.00,1050000.00,30.00,0,1,3.0,ae866fa4,ee58c792,1024,2,10,1074539503_391656433_0_0_0_1165746,1074539503,391656433,0,0,1165746,6.0,,False,,"Hủy miễn phí trước 30 tháng 9, 2026",Không cần thanh toán trước - thanh toán tại chỗ nghỉ | Không cần thẻ tín dụng,Có cho phép vật nuôi | – Có thể có giảm giá,Tiết kiệm 30% | Ưu Đãi Cuối Năm,price_attr
35,pearl-wealth-da-lat,2026-10-11,0,Phòng Giường Đôi Hạng Tiết Kiệm,280000.00,400000.00,30.00,0,1,2.0,922b261c,30e09dcf,1027,3,1,1074539504_391656433_2_0_0_1338695,1074539504,391656433,2,0,1338695,2.0,,False,,"Hủy miễn phí trước 10 tháng 10, 2026",Không cần thanh toán trước - thanh toán tại chỗ nghỉ | Không cần thẻ tín dụng,Bao gồm giảm giá 10% dịch vụ ăn/uống + đưa đón hai chiều từ sân bay + 1 chỗ đậu xe + nhận phòng sớm + internet tốc độ cao | – Có thể có giảm giá,Tiết kiệm 30% | Ưu Đãi Cuối Năm,price_attr
35,pearl-wealth-da-lat,2026-10-11,1,Phòng Giường Đôi Hạng Tiết Kiệm,315000.00,450000.00,30.00,0,1,2.0,922b261c,30e09dcf,1027,3,2,1074539504_391656433_0_0_0_1165746,1074539504,391656433,0,0,1165746,2.0,,False,,"Hủy miễn phí trước 10 tháng 10, 2026",Không cần thanh toán trước - thanh toán tại chỗ nghỉ | Không cần thẻ tín dụng,Có cho phép vật nuôi | – Có thể có giảm giá,Tiết kiệm 30% | Ưu Đãi Cuối Năm,price_attr
35,pearl-wealth-da-lat,2026-10-11,2,Phòng Giường Đôi Hạng Tiết Kiệm,266000.00,380000.00,30.00,0,1,2.0,922b261c,30e09dcf,1027,3,3,1074539504_391656433_1_0_0_1338695,1074539504,391656433,1,0,1338695,1.0,Chỉ dành cho 1 khách,True,,"Hủy miễn phí trước 10 tháng 10, 2026",Không cần thanh toán trước - thanh toán tại chỗ nghỉ | Không cần thẻ tín dụng,Bao gồm giảm giá 10% dịch vụ ăn/uống + đưa đón hai chiều từ sân bay + 1 chỗ đậu xe + nhận phòng sớm + internet tốc độ cao | – Có thể có giảm giá,Tiết kiệm 30% | Ưu Đãi Cuối Năm,price_attr
35,pearl-wealth-da-lat,2026-10-11,3,Phòng Giường Đôi,385000.00,550000.00,30.00,0,1,2.0,24a8954a,30e09dcf,1025,3,4,1074539501_391656433_2_0_0_1338695,1074539501,391656433,2,0,1338695,2.0,,False,,"Hủy miễn phí trước 10 tháng 10, 2026",Không cần thanh toán trước - thanh toán tại chỗ nghỉ | Không cần thẻ tín dụng,Bao gồm giảm giá 10% dịch vụ ăn/uống + đưa đón hai chiều từ sân bay + 1 chỗ đậu xe + nhận phòng sớm + internet tốc độ cao | – Có thể có giảm giá,Tiết kiệm 30% | Ưu Đãi Cuối Năm,price_attr
35,pearl-wealth-da-lat,2026-10-11,4,Phòng Giường Đôi,420000.00,600000.00,30.00,0,1,2.0,24a8954a,30e09dcf,1025,3,5,1074539501_391656433_0_0_0_1165746,1074539501,391656433,0,0,1165746,2.0,,False,,"Hủy miễn phí trước 10 tháng 10, 2026",Không cần thanh toán trước - thanh toán tại chỗ nghỉ | Không cần thẻ tín dụng,Có cho phép vật nuôi | – Có thể có giảm giá,Tiết kiệm 30% | Ưu Đãi Cuối Năm,price_attr
35,pearl-wealth-da-lat,2026-10-11,5,Phòng Giường Đôi,365750.00,522500.00,30.00,0,1,2.0,24a8954a,30e09dcf,1025,3,6,1074539501_391656433_1_0_0_1338695,1074539501,391656433,1,0,1338695,1.0,Chỉ dành cho 1 khách,True,,"Hủy miễn phí trước 10 tháng 10, 2026",Không cần thanh toán trước - thanh toán tại chỗ nghỉ | Không cần thẻ tín dụng,Bao gồm giảm giá 10% dịch vụ ăn/uống + đưa đón hai chiều từ sân bay + 1 chỗ đậu xe + nhận phòng sớm + internet tốc độ cao | – Có thể có giảm giá,Tiết kiệm 30% | Ưu Đãi Cuối Năm,price_attr
35,pearl-wealth-da-lat,2026-10-11,6,Phòng Gia Đình Giường Đôi,565250.00,807500.00,30.00,0,1,2.0,9093eac5,30e09dcf,1026,2,7,1074539502_391656433_2_0_0_1338695,1074539502,391656433,2,0,1338695,2.0,,False,,"Hủy miễn phí trước 10 tháng 10, 2026",Không cần thanh toán trước - thanh toán tại chỗ nghỉ | Không cần thẻ tín dụng,Bao gồm giảm giá 10% dịch vụ ăn/uống + đưa đón hai chiều từ sân bay + 1 chỗ đậu xe + nhận phòng sớm + internet tốc độ cao | – Có thể có giảm giá,Tiết kiệm 30% | Ưu Đãi Cuối Năm,price_attr
35,pearl-wealth-da-lat,2026-10-11,7,Phòng Gia Đình Giường Đôi,630000.00,900000.00,30.00,0,1,2.0,9093eac5,30e09dcf,1026,2,8,1074539502_391656433_0_0_0_1165746,1074539502,391656433,0,0,1165746,4.0,,False,,"Hủy miễn phí trước 10 tháng 10, 2026",Không cần thanh toán trước - thanh toán tại chỗ nghỉ | Không cần thẻ tín dụng,Có cho phép vật nuôi | – Có thể có giảm giá,Tiết kiệm 30% | Ưu Đãi Cuối Năm,price_attr
35,pearl-wealth-da-lat,2026-10-11,8,Phòng Gia Đình Tiêu Chuẩn,651000.00,930000.00,30.00,0,1,3.0,ae866fa4,30e09dcf,1028,2,9,1074539503_391656433_3_0_0_1338695,1074539503,391656433,3,0,1338695,3.0,,False,,"Hủy miễn phí trước 10 tháng 10, 2026",Không cần thanh toán trước - thanh toán tại chỗ nghỉ | Không cần thẻ tín dụng,Bao gồm giảm giá 10% dịch vụ ăn/uống + đưa đón hai chiều từ sân bay + 1 chỗ đậu xe + nhận phòng sớm + internet tốc độ cao | – Có thể có giảm giá,Tiết kiệm 30% | Ưu Đãi Cuối Năm,price_attr
35,pearl-wealth-da-lat,2026-10-11,9,Phòng Gia Đình Tiêu Chuẩn,735000.00,1050000.00,30.00,0,1,3.0,ae866fa4,30e09dcf,1028,2,10,1074539503_391656433_0_0_0_1165746,1074539503,391656433,0,0,1165746,6.0,,False,,"Hủy miễn phí trước 10 tháng 10, 2026",Không cần thanh toán trước - thanh toán tại chỗ nghỉ | Không cần thẻ tín dụng,Có cho phép vật nuôi | – Có thể có giảm giá,Tiết kiệm 30% | Ưu Đãi Cuối Năm,price_attr
36,pearl-wealth-da-lat,2026-11-18,0,Phòng Giường Đôi Hạng Tiết Kiệm,308000.00,440000.00,30.00,0,1,2.0,922b261c,a14185a3,1031,3,1,1074539504_391656433_2_0_0_1338695,1074539504,391656433,2,0,1338695,2.0,,False,,"Hủy miễn phí trước 17 tháng 11, 2026",Không cần thanh toán trước - thanh toán tại chỗ nghỉ | Không cần thẻ tín dụng,Bao gồm giảm giá 10% dịch vụ ăn/uống + đưa đón hai chiều từ sân bay + 1 chỗ đậu xe + nhận phòng sớm + internet tốc độ cao | – Có thể có giảm giá,Tiết kiệm 30% | Ưu Đãi Cuối Năm,price_attr
36,pearl-wealth-da-lat,2026-11-18,1,Phòng Giường Đôi Hạng Tiết Kiệm,343000.00,490000.00,30.00,0,1,2.0,922b261c,a14185a3,1031,3,2,1074539504_391656433_0_0_0_1165746,1074539504,391656433,0,0,1165746,2.0,,False,,"Hủy miễn phí trước 17 tháng 11, 2026",Không cần thanh toán trước - thanh toán tại chỗ nghỉ | Không cần thẻ tín dụng,Có cho phép vật nuôi | – Có thể có giảm giá,Tiết kiệm 30% | Ưu Đãi Cuối Năm,price_attr
36,pearl-wealth-da-lat,2026-11-18,2,Phòng Giường Đôi Hạng Tiết Kiệm,292600.00,418000.00,30.00,0,1,2.0,922b261c,a14185a3,1031,3,3,1074539504_391656433_1_0_0_1338695,1074539504,391656433,1,0,1338695,1.0,Chỉ dành cho 1 khách,True,,"Hủy miễn phí trước 17 tháng 11, 2026",Không cần thanh toán trước - thanh toán tại chỗ nghỉ | Không cần thẻ tín dụng,Bao gồm giảm giá 10% dịch vụ ăn/uống + đưa đón hai chiều từ sân bay + 1 chỗ đậu xe + nhận phòng sớm + internet tốc độ cao | – Có thể có giảm giá,Tiết kiệm 30% | Ưu Đãi Cuối Năm,price_attr
36,pearl-wealth-da-lat,2026-11-18,3,Phòng Giường Đôi,385000.00,550000.00,30.00,0,1,2.0,24a8954a,a14185a3,1029,3,4,1074539501_391656433_2_0_0_1338695,1074539501,391656433,2,0,1338695,2.0,,False,,"Hủy miễn phí trước 17 tháng 11, 2026",Không cần thanh toán trước - thanh toán tại chỗ nghỉ | Không cần thẻ tín dụng,Bao gồm giảm giá 10% dịch vụ ăn/uống + đưa đón hai chiều từ sân bay + 1 chỗ đậu xe + nhận phòng sớm + internet tốc độ cao | – Có thể có giảm giá,Tiết kiệm 30% | Ưu Đãi Cuối Năm,price_attr
36,pearl-wealth-da-lat,2026-11-18,4,Phòng Giường Đôi,420000.00,600000.00,30.00,0,1,2.0,24a8954a,a14185a3,1029,3,5,1074539501_391656433_0_0_0_1165746,1074539501,391656433,0,0,1165746,2.0,,False,,"Hủy miễn phí trước 17 tháng 11, 2026",Không cần thanh toán trước - thanh toán tại chỗ nghỉ | Không cần thẻ tín dụng,Có cho phép vật nuôi | – Có thể có giảm giá,Tiết kiệm 30% | Ưu Đãi Cuối Năm,price_attr
36,pearl-wealth-da-lat,2026-11-18,5,Phòng Giường Đôi,365750.00,522500.00,30.00,0,1,2.0,24a8954a,a14185a3,1029,3,6,1074539501_391656433_1_0_0_1338695,1074539501,391656433,1,0,1338695,1.0,Chỉ dành cho 1 khách,True,,"Hủy miễn phí trước 17 tháng 11, 2026",Không cần thanh toán trước - thanh toán tại chỗ nghỉ | Không cần thẻ tín dụng,Bao gồm giảm giá 10% dịch vụ ăn/uống + đưa đón hai chiều từ sân bay + 1 chỗ đậu xe + nhận phòng sớm + internet tốc độ cao | – Có thể có giảm giá,Tiết kiệm 30% | Ưu Đãi Cuối Năm,price_attr
36,pearl-wealth-da-lat,2026-11-18,6,Phòng Gia Đình Giường Đôi,565250.00,807500.00,30.00,0,1,2.0,9093eac5,a14185a3,1030,2,7,1074539502_391656433_2_0_0_1338695,1074539502,391656433,2,0,1338695,2.0,,False,,"Hủy miễn phí trước 17 tháng 11, 2026",Không cần thanh toán trước - thanh toán tại chỗ nghỉ | Không cần thẻ tín dụng,Bao gồm giảm giá 10% dịch vụ ăn/uống + đưa đón hai chiều từ sân bay + 1 chỗ đậu xe + nhận phòng sớm + internet tốc độ cao | – Có thể có giảm giá,Tiết kiệm 30% | Ưu Đãi Cuối Năm,price_attr
36,pearl-wealth-da-lat,2026-11-18,7,Phòng Gia Đình Giường Đôi,630000.00,900000.00,30.00,0,1,2.0,9093eac5,a14185a3,1030,2,8,1074539502_391656433_0_0_0_1165746,1074539502,391656433,0,0,1165746,4.0,,False,,"Hủy miễn phí trước 17 tháng 11, 2026",Không cần thanh toán trước - thanh toán tại chỗ nghỉ | Không cần thẻ tín dụng,Có cho phép vật nuôi | – Có thể có giảm giá,Tiết kiệm 30% | Ưu Đãi Cuối Năm,price_attr
36,pearl-wealth-da-lat,2026-11-18,8,Phòng Gia Đình Tiêu Chuẩn,651000.00,930000.00,30.00,0,1,3.0,ae866fa4,a14185a3,1032,2,9,1074539503_391656433_3_0_0_1338695,1074539503,391656433,3,0,1338695,3.0,,False,,"Hủy miễn phí trước 17 tháng 11, 2026",Không cần thanh toán trước - thanh toán tại chỗ nghỉ | Không cần thẻ tín dụng,Bao gồm giảm giá 10% dịch vụ ăn/uống + đưa đón hai chiều từ sân bay + 1 chỗ đậu xe + nhận phòng sớm + internet tốc độ cao | – Có thể có giảm giá,Tiết kiệm 30% | Ưu Đãi Cuối Năm,price_attr
36,pearl-wealth-da-lat,2026-11-18,9,Phòng Gia Đình Tiêu Chuẩn,735000.00,1050000.00,30.00,0,1,3.0,ae866fa4,a14185a3,1032,2,10,1074539503_391656433_0_0_0_1165746,1074539503,391656433,0,0,1165746,6.0,,False,,"Hủy miễn phí trước 17 tháng 11, 2026",Không cần thanh toán trước - thanh toán tại chỗ nghỉ | Không cần thẻ tín dụng,Có cho phép vật nuôi | – Có thể có giảm giá,Tiết kiệm 30% | Ưu Đãi Cuối Năm,price_attr
37,starview-villa,2026-10-01,0,Phòng Giường Đôi Nhìn Ra Núi,413400.00,636000.00,35.00,1,1,2.0,a6bb3740,632aafc6,1037,4,1,422286601_434069091_2_0_0,422286601,434069091,2,0,,2.0,,False,Không bao gồm bữa sáng,"Hủy miễn phí trước 18:00, 1 tháng 10, 2026",Không cần thanh toán trước - thanh toán tại chỗ nghỉ | Không cần thẻ tín dụng,– Có thể có giảm giá,Tiết kiệm 35% | Ưu Đãi Cuối Năm,price_attr
37,starview-villa,2026-10-01,1,Phòng Giường Đôi Nhìn Ra Núi,413401.00,636001.00,35.00,1,1,2.0,a6bb3740,632aafc6,1037,4,2,422286601_434069091_2_0_0_1426390,422286601,434069091,2,0,1426390,2.0,,False,Không bao gồm bữa sáng,"Hủy miễn phí trước 18:00, 1 tháng 10, 2026",Không cần thanh toán trước - thanh toán tại chỗ nghỉ | Không cần thẻ tín dụng,Bao gồm nhận phòng sớm | – Có thể có giảm giá,Tiết kiệm 35% | Ưu Đãi Cuối Năm,price_attr
37,starview-villa,2026-10-01,2,Phòng Giường Đôi Nhìn Ra Núi,390666.00,601024.00,35.00,1,1,2.0,a6bb3740,632aafc6,1037,4,3,422286601_434069091_1_0_0,422286601,434069091,1,0,,1.0,Chỉ dành cho 1 khách,True,Không bao gồm bữa sáng,"Hủy miễn phí trước 18:00, 1 tháng 10, 2026",Không cần thanh toán trước - thanh toán tại chỗ nghỉ | Không cần thẻ tín dụng,– Có thể có giảm giá,Tiết kiệm 35% | Ưu Đãi Cuối Năm,price_attr
37,starview-villa,2026-10-01,3,Phòng Giường Đôi Nhìn Ra Núi,390666.00,601025.00,35.00,1,1,2.0,a6bb3740,632aafc6,1037,4,4,422286601_434069091_1_0_0_1426390,422286601,434069091,1,0,1426390,1.0,Chỉ dành cho 1 khách,True,Không bao gồm bữa sáng,"Hủy miễn phí trước 18:00, 1 tháng 10, 2026",Không cần thanh toán trước - thanh toán tại chỗ nghỉ | Không cần thẻ tín dụng,Bao gồm nhận phòng sớm | – Có thể có giảm giá,Tiết kiệm 35% | Ưu Đãi Cuối Năm,price_attr
37,starview-villa,2026-10-01,4,Phòng có giường cỡ King nhìn ra cảnh núi non,478400.00,736000.00,35.00,1,1,2.0,45429e05,632aafc6,1033,4,5,422286602_434069091_2_0_0,422286602,434069091,2,0,,2.0,,False,Không bao gồm bữa sáng,"Hủy miễn phí trước 18:00, 1 tháng 10, 2026",Không cần thanh toán trước - thanh toán tại chỗ nghỉ | Không cần thẻ tín dụng,– Có thể có giảm giá,Tiết kiệm 35% | Ưu Đãi Cuối Năm,price_attr
37,starview-villa,2026-10-01,5,Phòng có giường cỡ King nhìn ra cảnh núi non,478401.00,736001.00,35.00,1,1,2.0,45429e05,632aafc6,1033,4,6,422286602_434069091_2_0_0_1426390,422286602,434069091,2,0,1426390,2.0,,False,Không bao gồm bữa sáng,"Hủy miễn phí trước 18:00, 1 tháng 10, 2026",Không cần thanh toán trước - thanh toán tại chỗ nghỉ | Không cần thẻ tín dụng,Bao gồm nhận phòng sớm | – Có thể có giảm giá,Tiết kiệm 35% | Ưu Đãi Cuối Năm,price_attr
37,starview-villa,2026-10-01,6,Phòng có giường cỡ King nhìn ra cảnh núi non,455666.00,701025.00,35.00,1,1,2.0,45429e05,632aafc6,1033,4,7,422286602_434069091_1_0_0_1426390,422286602,434069091,1,0,1426390,1.0,Chỉ dành cho 1 khách,True,Không bao gồm bữa sáng,"Hủy miễn phí trước 18:00, 1 tháng 10, 2026",Không cần thanh toán trước - thanh toán tại chỗ nghỉ | Không cần thẻ tín dụng,Bao gồm nhận phòng sớm | – Có thể có giảm giá,Tiết kiệm 35% | Ưu Đãi Cuối Năm,price_attr
37,starview-villa,2026-10-01,7,Phòng có giường cỡ King nhìn ra cảnh núi non,455666.00,701024.00,35.00,1,1,2.0,45429e05,632aafc6,1033,4,8,422286602_434069091_1_0_0,422286602,434069091,1,0,,1.0,Chỉ dành cho 1 khách,True,Không bao gồm bữa sáng,"Hủy miễn phí trước 18:00, 1 tháng 10, 2026",Không cần thanh toán trước - thanh toán tại chỗ nghỉ | Không cần thẻ tín dụng,– Có thể có giảm giá,Tiết kiệm 35% | Ưu Đãi Cuối Năm,price_attr
37,starview-villa,2026-10-01,8,Phòng 4 người Nhìn ra cảnh Núi non,663031.00,1020048.00,35.00,1,1,4.0,67567162,632aafc6,1035,4,9,422286604_434069091_2_0_0_1426390,422286604,434069091,2,0,1426390,2.0,,False,Không bao gồm bữa sáng,"Hủy miễn phí trước 18:00, 1 tháng 10, 2026",Không cần thanh toán trước - thanh toán tại chỗ nghỉ | Không cần thẻ tín dụng,Bao gồm nhận phòng sớm | – Có thể có giảm giá,Tiết kiệm 35% | Ưu Đãi Cuối Năm,price_attr
37,starview-villa,2026-10-01,9,Phòng 4 người Nhìn ra cảnh Núi non,663031.00,1020047.00,35.00,1,1,4.0,67567162,632aafc6,1035,4,10,422286604_434069091_2_0_0,422286604,434069091,2,0,,2.0,,False,Không bao gồm bữa sáng,"Hủy miễn phí trước 18:00, 1 tháng 10, 2026",Không cần thanh toán trước - thanh toán tại chỗ nghỉ | Không cần thẻ tín dụng,– Có thể có giảm giá,Tiết kiệm 35% | Ưu Đãi Cuối Năm,price_attr
37,starview-villa,2026-10-01,10,Phòng 4 người Nhìn ra cảnh Núi non,640296.00,985071.00,35.00,1,1,4.0,67567162,632aafc6,1035,4,11,422286604_434069091_1_0_0,422286604,434069091,1,0,,1.0,Chỉ dành cho 1 khách,True,Không bao gồm bữa sáng,"Hủy miễn phí trước 18:00, 1 tháng 10, 2026",Không cần thanh toán trước - thanh toán tại chỗ nghỉ | Không cần thẻ tín dụng,– Có thể có giảm giá,Tiết kiệm 35% | Ưu Đãi Cuối Năm,price_attr
37,starview-villa,2026-10-01,11,Phòng 4 người Nhìn ra cảnh Núi non,640297.00,985072.00,35.00,1,1,4.0,67567162,632aafc6,1035,4,12,422286604_434069091_1_0_0_1426390,422286604,434069091,1,0,1426390,1.0,Chỉ dành cho 1 khách,True,Không bao gồm bữa sáng,"Hủy miễn phí trước 18:00, 1 tháng 10, 2026",Không cần thanh toán trước - thanh toán tại chỗ nghỉ | Không cần thẻ tín dụng,Bao gồm nhận phòng sớm | – Có thể có giảm giá,Tiết kiệm 35% | Ưu Đãi Cuối Năm,price_attr
37,starview-villa,2026-10-01,12,Phòng Deluxe Giường Đôi Có Bồn Tắm,708500.00,1090000.00,35.00,1,1,2.0,a34ff39e,632aafc6,1036,2,13,422286607_434069091_2_0_0,422286607,434069091,2,0,,2.0,,False,Không bao gồm bữa sáng,"Hủy miễn phí trước 18:00, 1 tháng 10, 2026",Không cần thanh toán trước - thanh toán tại chỗ nghỉ | Không cần thẻ tín dụng,– Có thể có giảm giá,Tiết kiệm 35% | Ưu Đãi Cuối Năm,price_attr
37,starview-villa,2026-10-01,13,Phòng Deluxe Giường Đôi Có Bồn Tắm,708501.00,1090001.00,35.00,1,1,2.0,a34ff39e,632aafc6,1036,2,14,422286607_434069091_2_0_0_1426390,422286607,434069091,2,0,1426390,2.0,,False,Không bao gồm bữa sáng,"Hủy miễn phí trước 18:00, 1 tháng 10, 2026",Không cần thanh toán trước - thanh toán tại chỗ nghỉ | Không cần thẻ tín dụng,Bao gồm nhận phòng sớm | – Có thể có giảm giá,Tiết kiệm 35% | Ưu Đãi Cuối Năm,price_attr
37,starview-villa,2026-10-01,14,Studio,780000.00,1200000.00,35.00,1,1,4.0,625de712,632aafc6,1034,2,15,422286606_434069091_4_0_0,422286606,434069091,4,0,,4.0,,False,Không bao gồm bữa sáng,"Hủy miễn phí trước 18:00, 1 tháng 10, 2026",Không cần thanh toán trước - thanh toán tại chỗ nghỉ | Không cần thẻ tín dụng,– Có thể có giảm giá,Tiết kiệm 35% | Ưu Đãi Cuối Năm,price_attr
37,starview-villa,2026-10-01,15,Studio,780001.00,1200001.00,35.00,1,1,4.0,625de712,632aafc6,1034,2,16,422286606_434069091_4_0_0_1426390,422286606,434069091,4,0,1426390,4.0,,False,Không bao gồm bữa sáng,"Hủy miễn phí trước 18:00, 1 tháng 10, 2026",Không cần thanh toán trước - thanh toán tại chỗ nghỉ | Không cần thẻ tín dụng,Bao gồm nhận phòng sớm | – Có thể có giảm giá,Tiết kiệm 35% | Ưu Đãi Cuối Năm,price_attr
38,starview-villa,2026-10-11,0,Phòng Giường Đôi Nhìn Ra Núi,413400.00,636000.00,35.00,1,1,2.0,a6bb3740,d13491cf,1042,4,1,422286601_434069091_2_0_0,422286601,434069091,2,0,,2.0,,False,Không bao gồm bữa sáng,"Hủy miễn phí trước 18:00, 11 tháng 10, 2026",Không cần thanh toán trước - thanh toán tại chỗ nghỉ | Không cần thẻ tín dụng,– Có thể có giảm giá,Tiết kiệm 35% | Ưu Đãi Cuối Năm,price_attr
38,starview-villa,2026-10-11,1,Phòng Giường Đôi Nhìn Ra Núi,413401.00,636001.00,35.00,1,1,2.0,a6bb3740,d13491cf,1042,4,2,422286601_434069091_2_0_0_1426390,422286601,434069091,2,0,1426390,2.0,,False,Không bao gồm bữa sáng,"Hủy miễn phí trước 18:00, 11 tháng 10, 2026",Không cần thanh toán trước - thanh toán tại chỗ nghỉ | Không cần thẻ tín dụng,Bao gồm nhận phòng sớm | – Có thể có giảm giá,Tiết kiệm 35% | Ưu Đãi Cuối Năm,price_attr
38,starview-villa,2026-10-11,2,Phòng Giường Đôi Nhìn Ra Núi,390666.00,601024.00,35.00,1,1,2.0,a6bb3740,d13491cf,1042,4,3,422286601_434069091_1_0_0,422286601,434069091,1,0,,1.0,Chỉ dành cho 1 khách,True,Không bao gồm bữa sáng,"Hủy miễn phí trước 18:00, 11 tháng 10, 2026",Không cần thanh toán trước - thanh toán tại chỗ nghỉ | Không cần thẻ tín dụng,– Có thể có giảm giá,Tiết kiệm 35% | Ưu Đãi Cuối Năm,price_attr
38,starview-villa,2026-10-11,3,Phòng Giường Đôi Nhìn Ra Núi,390666.00,601025.00,35.00,1,1,2.0,a6bb3740,d13491cf,1042,4,4,422286601_434069091_1_0_0_1426390,422286601,434069091,1,0,1426390,1.0,Chỉ dành cho 1 khách,True,Không bao gồm bữa sáng,"Hủy miễn phí trước 18:00, 11 tháng 10, 2026",Không cần thanh toán trước - thanh toán tại chỗ nghỉ | Không cần thẻ tín dụng,Bao gồm nhận phòng sớm | – Có thể có giảm giá,Tiết kiệm 35% | Ưu Đãi Cuối Năm,price_attr
38,starview-villa,2026-10-11,4,Phòng có giường cỡ King nhìn ra cảnh núi non,478400.00,736000.00,35.00,1,1,2.0,45429e05,d13491cf,1038,4,5,422286602_434069091_2_0_0,422286602,434069091,2,0,,2.0,,False,Không bao gồm bữa sáng,"Hủy miễn phí trước 18:00, 11 tháng 10, 2026",Không cần thanh toán trước - thanh toán tại chỗ nghỉ | Không cần thẻ tín dụng,– Có thể có giảm giá,Tiết kiệm 35% | Ưu Đãi Cuối Năm,price_attr
38,starview-villa,2026-10-11,5,Phòng có giường cỡ King nhìn ra cảnh núi non,478401.00,736001.00,35.00,1,1,2.0,45429e05,d13491cf,1038,4,6,422286602_434069091_2_0_0_1426390,422286602,434069091,2,0,1426390,2.0,,False,Không bao gồm bữa sáng,"Hủy miễn phí trước 18:00, 11 tháng 10, 2026",Không cần thanh toán trước - thanh toán tại chỗ nghỉ | Không cần thẻ tín dụng,Bao gồm nhận phòng sớm | – Có thể có giảm giá,Tiết kiệm 35% | Ưu Đãi Cuối Năm,price_attr
38,starview-villa,2026-10-11,6,Phòng có giường cỡ King nhìn ra cảnh núi non,455666.00,701025.00,35.00,1,1,2.0,45429e05,d13491cf,1038,4,7,422286602_434069091_1_0_0_1426390,422286602,434069091,1,0,1426390,1.0,Chỉ dành cho 1 khách,True,Không bao gồm bữa sáng,"Hủy miễn phí trước 18:00, 11 tháng 10, 2026",Không cần thanh toán trước - thanh toán tại chỗ nghỉ | Không cần thẻ tín dụng,Bao gồm nhận phòng sớm | – Có thể có giảm giá,Tiết kiệm 35% | Ưu Đãi Cuối Năm,price_attr
38,starview-villa,2026-10-11,7,Phòng có giường cỡ King nhìn ra cảnh núi non,455666.00,701024.00,35.00,1,1,2.0,45429e05,d13491cf,1038,4,8,422286602_434069091_1_0_0,422286602,434069091,1,0,,1.0,Chỉ dành cho 1 khách,True,Không bao gồm bữa sáng,"Hủy miễn phí trước 18:00, 11 tháng 10, 2026",Không cần thanh toán trước - thanh toán tại chỗ nghỉ | Không cần thẻ tín dụng,– Có thể có giảm giá,Tiết kiệm 35% | Ưu Đãi Cuối Năm,price_attr
38,starview-villa,2026-10-11,8,Phòng 4 người Nhìn ra cảnh Núi non,663031.00,1020048.00,35.00,1,1,4.0,67567162,d13491cf,1040,4,9,422286604_434069091_2_0_0_1426390,422286604,434069091,2,0,1426390,2.0,,False,Không bao gồm bữa sáng,"Hủy miễn phí trước 18:00, 11 tháng 10, 2026",Không cần thanh toán trước - thanh toán tại chỗ nghỉ | Không cần thẻ tín dụng,Bao gồm nhận phòng sớm | – Có thể có giảm giá,Tiết kiệm 35% | Ưu Đãi Cuối Năm,price_attr
38,starview-villa,2026-10-11,9,Phòng 4 người Nhìn ra cảnh Núi non,663031.00,1020047.00,35.00,1,1,4.0,67567162,d13491cf,1040,4,10,422286604_434069091_2_0_0,422286604,434069091,2,0,,2.0,,False,Không bao gồm bữa sáng,"Hủy miễn phí trước 18:00, 11 tháng 10, 2026",Không cần thanh toán trước - thanh toán tại chỗ nghỉ | Không cần thẻ tín dụng,– Có thể có giảm giá,Tiết kiệm 35% | Ưu Đãi Cuối Năm,price_attr
38,starview-villa,2026-10-11,10,Phòng 4 người Nhìn ra cảnh Núi non,640296.00,985071.00,35.00,1,1,4.0,67567162,d13491cf,1040,4,11,422286604_434069091_1_0_0,422286604,434069091,1,0,,1.0,Chỉ dành cho 1 khách,True,Không bao gồm bữa sáng,"Hủy miễn phí trước 18:00, 11 tháng 10, 2026",Không cần thanh toán trước - thanh toán tại chỗ nghỉ | Không cần thẻ tín dụng,– Có thể có giảm giá,Tiết kiệm 35% | Ưu Đãi Cuối Năm,price_attr
38,starview-villa,2026-10-11,11,Phòng 4 người Nhìn ra cảnh Núi non,640297.00,985072.00,35.00,1,1,4.0,67567162,d13491cf,1040,4,12,422286604_434069091_1_0_0_1426390,422286604,434069091,1,0,1426390,1.0,Chỉ dành cho 1 khách,True,Không bao gồm bữa sáng,"Hủy miễn phí trước 18:00, 11 tháng 10, 2026",Không cần thanh toán trước - thanh toán tại chỗ nghỉ | Không cần thẻ tín dụng,Bao gồm nhận phòng sớm | – Có thể có giảm giá,Tiết kiệm 35% | Ưu Đãi Cuối Năm,price_attr
38,starview-villa,2026-10-11,12,Phòng Deluxe Giường Đôi Có Bồn Tắm,708500.00,1090000.00,35.00,1,1,2.0,a34ff39e,d13491cf,1041,2,13,422286607_434069091_2_0_0,422286607,434069091,2,0,,2.0,,False,Không bao gồm bữa sáng,"Hủy miễn phí trước 18:00, 11 tháng 10, 2026",Không cần thanh toán trước - thanh toán tại chỗ nghỉ | Không cần thẻ tín dụng,– Có thể có giảm giá,Tiết kiệm 35% | Ưu Đãi Cuối Năm,price_attr
38,starview-villa,2026-10-11,13,Phòng Deluxe Giường Đôi Có Bồn Tắm,708501.00,1090001.00,35.00,1,1,2.0,a34ff39e,d13491cf,1041,2,14,422286607_434069091_2_0_0_1426390,422286607,434069091,2,0,1426390,2.0,,False,Không bao gồm bữa sáng,"Hủy miễn phí trước 18:00, 11 tháng 10, 2026",Không cần thanh toán trước - thanh toán tại chỗ nghỉ | Không cần thẻ tín dụng,Bao gồm nhận phòng sớm | – Có thể có giảm giá,Tiết kiệm 35% | Ưu Đãi Cuối Năm,price_attr
38,starview-villa,2026-10-11,14,Studio,780000.00,1200000.00,35.00,1,1,4.0,625de712,d13491cf,1039,2,15,422286606_434069091_4_0_0,422286606,434069091,4,0,,4.0,,False,Không bao gồm bữa sáng,"Hủy miễn phí trước 18:00, 11 tháng 10, 2026",Không cần thanh toán trước - thanh toán tại chỗ nghỉ | Không cần thẻ tín dụng,– Có thể có giảm giá,Tiết kiệm 35% | Ưu Đãi Cuối Năm,price_attr
38,starview-villa,2026-10-11,15,Studio,780001.00,1200001.00,35.00,1,1,4.0,625de712,d13491cf,1039,2,16,422286606_434069091_4_0_0_1426390,422286606,434069091,4,0,1426390,4.0,,False,Không bao gồm bữa sáng,"Hủy miễn phí trước 18:00, 11 tháng 10, 2026",Không cần thanh toán trước - thanh toán tại chỗ nghỉ | Không cần thẻ tín dụng,Bao gồm nhận phòng sớm | – Có thể có giảm giá,Tiết kiệm 35% | Ưu Đãi Cuối Năm,price_attr
39,starview-villa,2026-11-18,0,Phòng Giường Đôi Nhìn Ra Núi,505555.00,777777.00,35.00,1,1,2.0,a6bb3740,81252221,1046,4,1,422286601_434069091_2_0_0,422286601,434069091,2,0,,2.0,,False,Không bao gồm bữa sáng,"Hủy miễn phí trước 18:00, 18 tháng 11, 2026",Không cần thanh toán trước - thanh toán tại chỗ nghỉ | Không cần thẻ tín dụng,– Có thể có giảm giá,Tiết kiệm 35% | Ưu Đãi Cuối Năm,price_attr
39,starview-villa,2026-11-18,1,Phòng Giường Đôi Nhìn Ra Núi,505556.00,777778.00,35.00,1,1,2.0,a6bb3740,81252221,1046,4,2,422286601_434069091_2_0_0_1426390,422286601,434069091,2,0,1426390,2.0,,False,Không bao gồm bữa sáng,"Hủy miễn phí trước 18:00, 18 tháng 11, 2026",Không cần thanh toán trước - thanh toán tại chỗ nghỉ | Không cần thẻ tín dụng,Bao gồm nhận phòng sớm | – Có thể có giảm giá,Tiết kiệm 35% | Ưu Đãi Cuối Năm,price_attr
39,starview-villa,2026-11-18,2,Phòng Giường Đôi Nhìn Ra Núi,482821.00,742801.00,35.00,1,1,2.0,a6bb3740,81252221,1046,4,3,422286601_434069091_1_0_0,422286601,434069091,1,0,,1.0,Chỉ dành cho 1 khách,True,Không bao gồm bữa sáng,"Hủy miễn phí trước 18:00, 18 tháng 11, 2026",Không cần thanh toán trước - thanh toán tại chỗ nghỉ | Không cần thẻ tín dụng,– Có thể có giảm giá,Tiết kiệm 35% | Ưu Đãi Cuối Năm,price_attr
39,starview-villa,2026-11-18,3,Phòng Giường Đôi Nhìn Ra Núi,482821.00,742802.00,35.00,1,1,2.0,a6bb3740,81252221,1046,4,4,422286601_434069091_1_0_0_1426390,422286601,434069091,1,0,1426390,1.0,Chỉ dành cho 1 khách,True,Không bao gồm bữa sáng,"Hủy miễn phí trước 18:00, 18 tháng 11, 2026",Không cần thanh toán trước - thanh toán tại chỗ nghỉ | Không cần thẻ tín dụng,Bao gồm nhận phòng sớm | – Có thể có giảm giá,Tiết kiệm 35% | Ưu Đãi Cuối Năm,price_attr
39,starview-villa,2026-11-18,4,Phòng có giường cỡ King nhìn ra cảnh núi non,577777.00,888888.00,35.00,1,1,2.0,45429e05,81252221,1043,4,5,422286602_434069091_2_0_0,422286602,434069091,2,0,,2.0,,False,Không bao gồm bữa sáng,"Hủy miễn phí trước 18:00, 18 tháng 11, 2026",Không cần thanh toán trước - thanh toán tại chỗ nghỉ | Không cần thẻ tín dụng,– Có thể có giảm giá,Tiết kiệm 35% | Ưu Đãi Cuối Năm,price_attr
39,starview-villa,2026-11-18,5,Phòng có giường cỡ King nhìn ra cảnh núi non,577778.00,888889.00,35.00,1,1,2.0,45429e05,81252221,1043,4,6,422286602_434069091_2_0_0_1426390,422286602,434069091,2,0,1426390,2.0,,False,Không bao gồm bữa sáng,"Hủy miễn phí trước 18:00, 18 tháng 11, 2026",Không cần thanh toán trước - thanh toán tại chỗ nghỉ | Không cần thẻ tín dụng,Bao gồm nhận phòng sớm | – Có thể có giảm giá,Tiết kiệm 35% | Ưu Đãi Cuối Năm,price_attr
39,starview-villa,2026-11-18,6,Phòng có giường cỡ King nhìn ra cảnh núi non,555043.00,853912.00,35.00,1,1,2.0,45429e05,81252221,1043,4,7,422286602_434069091_1_0_0,422286602,434069091,1,0,,1.0,Chỉ dành cho 1 khách,True,Không bao gồm bữa sáng,"Hủy miễn phí trước 18:00, 18 tháng 11, 2026",Không cần thanh toán trước - thanh toán tại chỗ nghỉ | Không cần thẻ tín dụng,– Có thể có giảm giá,Tiết kiệm 35% | Ưu Đãi Cuối Năm,price_attr
39,starview-villa,2026-11-18,7,Phòng có giường cỡ King nhìn ra cảnh núi non,555043.00,853913.00,35.00,1,1,2.0,45429e05,81252221,1043,4,8,422286602_434069091_1_0_0_1426390,422286602,434069091,1,0,1426390,1.0,Chỉ dành cho 1 khách,True,Không bao gồm bữa sáng,"Hủy miễn phí trước 18:00, 18 tháng 11, 2026",Không cần thanh toán trước - thanh toán tại chỗ nghỉ | Không cần thẻ tín dụng,Bao gồm nhận phòng sớm | – Có thể có giảm giá,Tiết kiệm 35% | Ưu Đãi Cuối Năm,price_attr
39,starview-villa,2026-11-18,8,Phòng 4 người Nhìn ra cảnh Núi non,893131.00,1374048.00,35.00,1,1,4.0,67567162,81252221,1044,4,9,422286604_434069091_2_0_0_1426390,422286604,434069091,2,0,1426390,2.0,,False,Không bao gồm bữa sáng,"Hủy miễn phí trước 18:00, 18 tháng 11, 2026",Không cần thanh toán trước - thanh toán tại chỗ nghỉ | Không cần thẻ tín dụng,Bao gồm nhận phòng sớm | – Có thể có giảm giá,Tiết kiệm 35% | Ưu Đãi Cuối Năm,price_attr
39,starview-villa,2026-11-18,9,Phòng 4 người Nhìn ra cảnh Núi non,893131.00,1374047.00,35.00,1,1,4.0,67567162,81252221,1044,4,10,422286604_434069091_2_0_0,422286604,434069091,2,0,,2.0,,False,Không bao gồm bữa sáng,"Hủy miễn phí trước 18:00, 18 tháng 11, 2026",Không cần thanh toán trước - thanh toán tại chỗ nghỉ | Không cần thẻ tín dụng,– Có thể có giảm giá,Tiết kiệm 35% | Ưu Đãi Cuối Năm,price_attr
39,starview-villa,2026-11-18,10,Phòng 4 người Nhìn ra cảnh Núi non,870396.00,1339071.00,35.00,1,1,4.0,67567162,81252221,1044,4,11,422286604_434069091_1_0_0,422286604,434069091,1,0,,1.0,Chỉ dành cho 1 khách,True,Không bao gồm bữa sáng,"Hủy miễn phí trước 18:00, 18 tháng 11, 2026",Không cần thanh toán trước - thanh toán tại chỗ nghỉ | Không cần thẻ tín dụng,– Có thể có giảm giá,Tiết kiệm 35% | Ưu Đãi Cuối Năm,price_attr
39,starview-villa,2026-11-18,11,Phòng 4 người Nhìn ra cảnh Núi non,870397.00,1339072.00,35.00,1,1,4.0,67567162,81252221,1044,4,12,422286604_434069091_1_0_0_1426390,422286604,434069091,1,0,1426390,1.0,Chỉ dành cho 1 khách,True,Không bao gồm bữa sáng,"Hủy miễn phí trước 18:00, 18 tháng 11, 2026",Không cần thanh toán trước - thanh toán tại chỗ nghỉ | Không cần thẻ tín dụng,Bao gồm nhận phòng sớm | – Có thể có giảm giá,Tiết kiệm 35% | Ưu Đãi Cuối Năm,price_attr
39,starview-villa,2026-11-18,12,Phòng Deluxe Giường Đôi Có Bồn Tắm,938889.00,1444444.00,35.00,1,1,2.0,a34ff39e,81252221,1045,2,13,422286607_434069091_2_0_0,422286607,434069091,2,0,,2.0,,False,Không bao gồm bữa sáng,"Hủy miễn phí trước 18:00, 18 tháng 11, 2026",Không cần thanh toán trước - thanh toán tại chỗ nghỉ | Không cần thẻ tín dụng,– Có thể có giảm giá,Tiết kiệm 35% | Ưu Đãi Cuối Năm,price_attr
39,starview-villa,2026-11-18,13,Phòng Deluxe Giường Đôi Có Bồn Tắm,938889.00,1444445.00,35.00,1,1,2.0,a34ff39e,81252221,1045,2,14,422286607_434069091_2_0_0_1426390,422286607,434069091,2,0,1426390,2.0,,False,Không bao gồm bữa sáng,"Hủy miễn phí trước 18:00, 18 tháng 11, 2026",Không cần thanh toán trước - thanh toán tại chỗ nghỉ | Không cần thẻ tín dụng,Bao gồm nhận phòng sớm | – Có thể có giảm giá,Tiết kiệm 35% | Ưu Đãi Cuối Năm,price_attr
40,taladalat-thanh-pho-da-lat123,2026-10-01,0,Phòng Superior 2 Giường Đơn,354750.00,1075000.00,67.00,0,0,2.0,e3db8601,1b6f0e44,1055,1,0,846857804_417190613_2_0_0_730517,846857804,417190613,2,0,730517,,,False,,Không hoàn tiền,Không cần thẻ tín dụng | • Thanh toán cho chỗ nghỉ trước khi đến,Bao gồm 1 chỗ đậu xe + nhận phòng sớm + nhận phòng trễ + trả phòng trễ + internet tốc độ cao,Tiết kiệm 67% | Ưu Đãi Cuối Năm,price_attr
40,taladalat-thanh-pho-da-lat123,2026-10-01,1,Phòng Superior 2 Giường Đơn,473550.00,1435000.00,67.00,1,0,2.0,e3db8601,42ee661d,1056,1,1,846857804_417190613_0_1_0_730517,846857804,417190613,0,1,730517,,,False,Giá bao gồm bữa sáng,Không hoàn tiền,Không cần thẻ tín dụng | • Thanh toán cho chỗ nghỉ trước khi đến,Bao gồm 1 chỗ đậu xe + nhận phòng sớm + nhận phòng trễ + trả phòng trễ + internet tốc độ cao,Tiết kiệm 67% | Ưu Đãi Cuối Năm,price_attr
40,taladalat-thanh-pho-da-lat123,2026-10-01,2,Phòng Superior Giường Đôi,356400.00,1080000.00,67.00,0,0,2.0,80dbdb62,1b6f0e44,1049,1,2,846857802_417190613_2_0_0_730517,846857802,417190613,2,0,730517,,,False,,Không hoàn tiền,Không cần thẻ tín dụng | • Thanh toán cho chỗ nghỉ trước khi đến,Bao gồm 1 chỗ đậu xe + nhận phòng sớm + nhận phòng trễ + trả phòng trễ + internet tốc độ cao,Tiết kiệm 67% | Ưu Đãi Cuối Năm,price_attr
40,taladalat-thanh-pho-da-lat123,2026-10-01,3,Phòng Superior Giường Đôi,475200.00,1440000.00,67.00,1,0,2.0,80dbdb62,42ee661d,1050,1,3,846857802_417190613_0_1_0_730517,846857802,417190613,0,1,730517,,,False,Giá bao gồm bữa sáng,Không hoàn tiền,Không cần thẻ tín dụng | • Thanh toán cho chỗ nghỉ trước khi đến,Bao gồm 1 chỗ đậu xe + nhận phòng sớm + nhận phòng trễ + trả phòng trễ + internet tốc độ cao,Tiết kiệm 67% | Ưu Đãi Cuối Năm,price_attr
40,taladalat-thanh-pho-da-lat123,2026-10-01,4,Phòng Deluxe Giường Đôi,379500.00,1150000.00,67.00,0,0,2.0,a9419885,1b6f0e44,1051,1,4,846857806_417190613_2_0_0_730517,846857806,417190613,2,0,730517,,,False,,Không hoàn tiền,Không cần thẻ tín dụng | • Thanh toán cho chỗ nghỉ trước khi đến,Bao gồm 1 chỗ đậu xe + nhận phòng sớm + nhận phòng trễ + trả phòng trễ + internet tốc độ cao,Tiết kiệm 67% | Ưu Đãi Cuối Năm,price_attr
40,taladalat-thanh-pho-da-lat123,2026-10-01,5,Phòng Deluxe Giường Đôi,498300.00,1510000.00,67.00,1,0,2.0,a9419885,42ee661d,1052,1,5,846857806_417190613_0_1_0_730517,846857806,417190613,0,1,730517,,,False,Giá bao gồm bữa sáng,Không hoàn tiền,Không cần thẻ tín dụng | • Thanh toán cho chỗ nghỉ trước khi đến,Bao gồm 1 chỗ đậu xe + nhận phòng sớm + nhận phòng trễ + trả phòng trễ + internet tốc độ cao,Tiết kiệm 67% | Ưu Đãi Cuối Năm,price_attr
40,taladalat-thanh-pho-da-lat123,2026-10-01,6,Suite có Ban công.,445500.00,1350000.00,67.00,0,0,2.0,af9a21c4,1b6f0e44,1053,1,6,846857801_417190613_2_0_0_730517,846857801,417190613,2,0,730517,,,False,,Không hoàn tiền,Không cần thẻ tín dụng | • Thanh toán cho chỗ nghỉ trước khi đến,Bao gồm 1 chỗ đậu xe + nhận phòng sớm + nhận phòng trễ + trả phòng trễ + internet tốc độ cao,Tiết kiệm 67% | Ưu Đãi Cuối Năm,price_attr
40,taladalat-thanh-pho-da-lat123,2026-10-01,7,Suite có Ban công.,564300.00,1710000.00,67.00,1,0,2.0,af9a21c4,42ee661d,1054,1,7,846857801_417190613_0_1_0_730517,846857801,417190613,0,1,730517,,,False,Giá bao gồm bữa sáng,Không hoàn tiền,Không cần thẻ tín dụng | • Thanh toán cho chỗ nghỉ trước khi đến,Bao gồm 1 chỗ đậu xe + nhận phòng sớm + nhận phòng trễ + trả phòng trễ + internet tốc độ cao,Tiết kiệm 67% | Ưu Đãi Cuối Năm,price_attr
40,taladalat-thanh-pho-da-lat123,2026-10-01,8,Phòng Superior 3 Người,825000.00,2500000.00,67.00,0,0,3.0,f21a874c,1b6f0e44,1057,1,8,846857808_417190613_3_0_0_730517,846857808,417190613,3,0,730517,,,False,,Không hoàn tiền,Không cần thẻ tín dụng | • Thanh toán cho chỗ nghỉ trước khi đến,Bao gồm 1 chỗ đậu xe + nhận phòng sớm + nhận phòng trễ + trả phòng trễ + internet tốc độ cao,Tiết kiệm 67% | Ưu Đãi Cuối Năm,price_attr
40,taladalat-thanh-pho-da-lat123,2026-10-01,9,Phòng Superior 3 Người,943800.00,2860000.00,67.00,1,0,3.0,f21a874c,42ee661d,1058,1,9,846857808_417190613_0_1_0_730517,846857808,417190613,0,1,730517,,,False,Giá bao gồm bữa sáng,Không hoàn tiền,Không cần thẻ tín dụng | • Thanh toán cho chỗ nghỉ trước khi đến,Bao gồm 1 chỗ đậu xe + nhận phòng sớm + nhận phòng trễ + trả phòng trễ + internet tốc độ cao,Tiết kiệm 67% | Ưu Đãi Cuối Năm,price_attr
40,taladalat-thanh-pho-da-lat123,2026-10-01,10,Phòng Gia Đình Tiêu Chuẩn,943800.00,2860000.00,67.00,0,0,2.0,737597d1,1b6f0e44,1047,1,10,846857809_417190613_4_0_0_730517,846857809,417190613,4,0,730517,,,False,,Không hoàn tiền,Không cần thẻ tín dụng | • Thanh toán cho chỗ nghỉ trước khi đến,Bao gồm 1 chỗ đậu xe + nhận phòng sớm + nhận phòng trễ + trả phòng trễ + internet tốc độ cao,Tiết kiệm 67% | Ưu Đãi Cuối Năm,price_attr
40,taladalat-thanh-pho-da-lat123,2026-10-01,11,Phòng Gia Đình Tiêu Chuẩn,1062600.00,3220000.00,67.00,1,0,2.0,737597d1,42ee661d,1048,1,11,846857809_417190613_0_1_0_730517,846857809,417190613,0,1,730517,,,False,Giá bao gồm bữa sáng,Không hoàn tiền,Không cần thẻ tín dụng | • Thanh toán cho chỗ nghỉ trước khi đến,Bao gồm 1 chỗ đậu xe + nhận phòng sớm + nhận phòng trễ + trả phòng trễ + internet tốc độ cao,Tiết kiệm 67% | Ưu Đãi Cuối Năm,price_attr
41,taladalat-thanh-pho-da-lat123,2026-10-11,0,Phòng Superior Giường Đôi,354750.00,1075000.00,67.00,0,1,2.0,80dbdb62,f2e5323d,1062,1,0,846857802_417190613_2_0_0_730517,846857802,417190613,2,0,730517,,,False,,"Hủy miễn phí trước 27 tháng 9, 2026",Không cần thẻ tín dụng | • Thanh toán cho chỗ nghỉ trước khi đến,Bao gồm 1 chỗ đậu xe + nhận phòng sớm + nhận phòng trễ + trả phòng trễ + internet tốc độ cao,Tiết kiệm 67% | Ưu Đãi Cuối Năm,price_attr
41,taladalat-thanh-pho-da-lat123,2026-10-11,1,Phòng Superior Giường Đôi,473550.00,1435000.00,67.00,1,1,2.0,80dbdb62,34738f48,1061,1,1,846857802_417190613_0_1_0_730517,846857802,417190613,0,1,730517,,,False,Giá bao gồm bữa sáng,"Hủy miễn phí trước 27 tháng 9, 2026",Không cần thẻ tín dụng | • Thanh toán cho chỗ nghỉ trước khi đến,Bao gồm 1 chỗ đậu xe + nhận phòng sớm + nhận phòng trễ + trả phòng trễ + internet tốc độ cao,Tiết kiệm 67% | Ưu Đãi Cuối Năm,price_attr
41,taladalat-thanh-pho-da-lat123,2026-10-11,2,Phòng Superior 2 Giường Đơn,354750.00,1075000.00,67.00,0,1,2.0,e3db8601,f2e5323d,1068,1,2,846857804_417190613_2_0_0_730517,846857804,417190613,2,0,730517,,,False,,"Hủy miễn phí trước 27 tháng 9, 2026",Không cần thẻ tín dụng | • Thanh toán cho chỗ nghỉ trước khi đến,Bao gồm 1 chỗ đậu xe + nhận phòng sớm + nhận phòng trễ + trả phòng trễ + internet tốc độ cao,Tiết kiệm 67% | Ưu Đãi Cuối Năm,price_attr
41,taladalat-thanh-pho-da-lat123,2026-10-11,3,Phòng Superior 2 Giường Đơn,473550.00,1435000.00,67.00,1,1,2.0,e3db8601,34738f48,1067,1,3,846857804_417190613_0_1_0_730517,846857804,417190613,0,1,730517,,,False,Giá bao gồm bữa sáng,"Hủy miễn phí trước 27 tháng 9, 2026",Không cần thẻ tín dụng | • Thanh toán cho chỗ nghỉ trước khi đến,Bao gồm 1 chỗ đậu xe + nhận phòng sớm + nhận phòng trễ + trả phòng trễ + internet tốc độ cao,Tiết kiệm 67% | Ưu Đãi Cuối Năm,price_attr
41,taladalat-thanh-pho-da-lat123,2026-10-11,4,Phòng Deluxe Giường Đôi,379500.00,1150000.00,67.00,0,1,2.0,a9419885,f2e5323d,1064,1,4,846857806_417190613_2_0_0_730517,846857806,417190613,2,0,730517,,,False,,"Hủy miễn phí trước 27 tháng 9, 2026",Không cần thẻ tín dụng | • Thanh toán cho chỗ nghỉ trước khi đến,Bao gồm 1 chỗ đậu xe + nhận phòng sớm + nhận phòng trễ + trả phòng trễ + internet tốc độ cao,Tiết kiệm 67% | Ưu Đãi Cuối Năm,price_attr
41,taladalat-thanh-pho-da-lat123,2026-10-11,5,Phòng Deluxe Giường Đôi,498300.00,1510000.00,67.00,1,1,2.0,a9419885,34738f48,1063,1,5,846857806_417190613_0_1_0_730517,846857806,417190613,0,1,730517,,,False,Giá bao gồm bữa sáng,"Hủy miễn phí trước 27 tháng 9, 2026",Không cần thẻ tín dụng | • Thanh toán cho chỗ nghỉ trước khi đến,Bao gồm 1 chỗ đậu xe + nhận phòng sớm + nhận phòng trễ + trả phòng trễ + internet tốc độ cao,Tiết kiệm 67% | Ưu Đãi Cuối Năm,price_attr
41,taladalat-thanh-pho-da-lat123,2026-10-11,6,Suite có Ban công.,445500.00,1350000.00,67.00,0,1,2.0,af9a21c4,f2e5323d,1066,1,6,846857801_417190613_2_0_0_730517,846857801,417190613,2,0,730517,,,False,,"Hủy miễn phí trước 27 tháng 9, 2026",Không cần thẻ tín dụng | • Thanh toán cho chỗ nghỉ trước khi đến,Bao gồm 1 chỗ đậu xe + nhận phòng sớm + nhận phòng trễ + trả phòng trễ + internet tốc độ cao,Tiết kiệm 67% | Ưu Đãi Cuối Năm,price_attr
41,taladalat-thanh-pho-da-lat123,2026-10-11,7,Suite có Ban công.,564300.00,1710000.00,67.00,1,1,2.0,af9a21c4,34738f48,1065,1,7,846857801_417190613_0_1_0_730517,846857801,417190613,0,1,730517,,,False,Giá bao gồm bữa sáng,"Hủy miễn phí trước 27 tháng 9, 2026",Không cần thẻ tín dụng | • Thanh toán cho chỗ nghỉ trước khi đến,Bao gồm 1 chỗ đậu xe + nhận phòng sớm + nhận phòng trễ + trả phòng trễ + internet tốc độ cao,Tiết kiệm 67% | Ưu Đãi Cuối Năm,price_attr
41,taladalat-thanh-pho-da-lat123,2026-10-11,8,Phòng Superior 3 Người,825000.00,2500000.00,67.00,0,1,3.0,f21a874c,f2e5323d,1070,1,8,846857808_417190613_3_0_0_730517,846857808,417190613,3,0,730517,,,False,,"Hủy miễn phí trước 27 tháng 9, 2026",Không cần thẻ tín dụng | • Thanh toán cho chỗ nghỉ trước khi đến,Bao gồm 1 chỗ đậu xe + nhận phòng sớm + nhận phòng trễ + trả phòng trễ + internet tốc độ cao,Tiết kiệm 67% | Ưu Đãi Cuối Năm,price_attr
41,taladalat-thanh-pho-da-lat123,2026-10-11,9,Phòng Superior 3 Người,943800.00,2860000.00,67.00,1,1,3.0,f21a874c,34738f48,1069,1,9,846857808_417190613_0_1_0_730517,846857808,417190613,0,1,730517,,,False,Giá bao gồm bữa sáng,"Hủy miễn phí trước 27 tháng 9, 2026",Không cần thẻ tín dụng | • Thanh toán cho chỗ nghỉ trước khi đến,Bao gồm 1 chỗ đậu xe + nhận phòng sớm + nhận phòng trễ + trả phòng trễ + internet tốc độ cao,Tiết kiệm 67% | Ưu Đãi Cuối Năm,price_attr
41,taladalat-thanh-pho-da-lat123,2026-10-11,10,Phòng Gia Đình Tiêu Chuẩn,943800.00,2860000.00,67.00,0,1,2.0,737597d1,f2e5323d,1060,1,10,846857809_417190613_4_0_0_730517,846857809,417190613,4,0,730517,,,False,,"Hủy miễn phí trước 27 tháng 9, 2026",Không cần thẻ tín dụng | • Thanh toán cho chỗ nghỉ trước khi đến,Bao gồm 1 chỗ đậu xe + nhận phòng sớm + nhận phòng trễ + trả phòng trễ + internet tốc độ cao,Tiết kiệm 67% | Ưu Đãi Cuối Năm,price_attr
41,taladalat-thanh-pho-da-lat123,2026-10-11,11,Phòng Gia Đình Tiêu Chuẩn,1062600.00,3220000.00,67.00,1,1,2.0,737597d1,34738f48,1059,1,11,846857809_417190613_0_1_0_730517,846857809,417190613,0,1,730517,,,False,Giá bao gồm bữa sáng,"Hủy miễn phí trước 27 tháng 9, 2026",Không cần thẻ tín dụng | • Thanh toán cho chỗ nghỉ trước khi đến,Bao gồm 1 chỗ đậu xe + nhận phòng sớm + nhận phòng trễ + trả phòng trễ + internet tốc độ cao,Tiết kiệm 67% | Ưu Đãi Cuối Năm,price_attr
42,taladalat-thanh-pho-da-lat123,2026-11-18,0,Phòng Superior Giường Đôi,354750.00,1075000.00,67.00,0,1,2.0,80dbdb62,7556829c,1073,1,0,846857802_417190613_2_0_0_730517,846857802,417190613,2,0,730517,,,False,,"Hủy miễn phí trước 4 tháng 11, 2026",Không cần thẻ tín dụng | • Thanh toán cho chỗ nghỉ trước khi đến,Bao gồm 1 chỗ đậu xe + nhận phòng sớm + nhận phòng trễ + trả phòng trễ + internet tốc độ cao,Tiết kiệm 67% | Ưu Đãi Cuối Năm,price_attr
42,taladalat-thanh-pho-da-lat123,2026-11-18,1,Phòng Superior Giường Đôi,473550.00,1435000.00,67.00,1,1,2.0,80dbdb62,960558c2,1074,1,1,846857802_417190613_0_1_0_730517,846857802,417190613,0,1,730517,,,False,Giá bao gồm bữa sáng,"Hủy miễn phí trước 4 tháng 11, 2026",Không cần thẻ tín dụng | • Thanh toán cho chỗ nghỉ trước khi đến,Bao gồm 1 chỗ đậu xe + nhận phòng sớm + nhận phòng trễ + trả phòng trễ + internet tốc độ cao,Tiết kiệm 67% | Ưu Đãi Cuối Năm,price_attr
42,taladalat-thanh-pho-da-lat123,2026-11-18,2,Phòng Superior 2 Giường Đơn,354750.00,1075000.00,67.00,0,1,2.0,e3db8601,7556829c,1081,1,2,846857804_417190613_2_0_0_730517,846857804,417190613,2,0,730517,,,False,,"Hủy miễn phí trước 4 tháng 11, 2026",Không cần thẻ tín dụng | • Thanh toán cho chỗ nghỉ trước khi đến,Bao gồm 1 chỗ đậu xe + nhận phòng sớm + nhận phòng trễ + trả phòng trễ + internet tốc độ cao,Tiết kiệm 67% | Ưu Đãi Cuối Năm,price_attr
42,taladalat-thanh-pho-da-lat123,2026-11-18,3,Phòng Superior 2 Giường Đơn,473550.00,1435000.00,67.00,1,1,2.0,e3db8601,960558c2,1082,1,3,846857804_417190613_0_1_0_730517,846857804,417190613,0,1,730517,,,False,Giá bao gồm bữa sáng,"Hủy miễn phí trước 4 tháng 11, 2026",Không cần thẻ tín dụng | • Thanh toán cho chỗ nghỉ trước khi đến,Bao gồm 1 chỗ đậu xe + nhận phòng sớm + nhận phòng trễ + trả phòng trễ + internet tốc độ cao,Tiết kiệm 67% | Ưu Đãi Cuối Năm,price_attr
42,taladalat-thanh-pho-da-lat123,2026-11-18,4,Phòng Deluxe Giường Đôi,379500.00,1150000.00,67.00,0,1,2.0,a9419885,7556829c,1077,1,4,846857806_417190613_2_0_0_730517,846857806,417190613,2,0,730517,,,False,,"Hủy miễn phí trước 4 tháng 11, 2026",Không cần thẻ tín dụng | • Thanh toán cho chỗ nghỉ trước khi đến,Bao gồm 1 chỗ đậu xe + nhận phòng sớm + nhận phòng trễ + trả phòng trễ + internet tốc độ cao,Tiết kiệm 67% | Ưu Đãi Cuối Năm,price_attr
42,taladalat-thanh-pho-da-lat123,2026-11-18,5,Phòng Deluxe Giường Đôi,498300.00,1510000.00,67.00,1,1,2.0,a9419885,960558c2,1078,1,5,846857806_417190613_0_1_0_730517,846857806,417190613,0,1,730517,,,False,Giá bao gồm bữa sáng,"Hủy miễn phí trước 4 tháng 11, 2026",Không cần thẻ tín dụng | • Thanh toán cho chỗ nghỉ trước khi đến,Bao gồm 1 chỗ đậu xe + nhận phòng sớm + nhận phòng trễ + trả phòng trễ + internet tốc độ cao,Tiết kiệm 67% | Ưu Đãi Cuối Năm,price_attr
42,taladalat-thanh-pho-da-lat123,2026-11-18,6,Suite có Ban công.,425700.00,1290000.00,67.00,0,1,2.0,af9a21c4,7556829c,1079,1,6,846857801_417190613_2_0_0_730517,846857801,417190613,2,0,730517,,,False,,"Hủy miễn phí trước 4 tháng 11, 2026",Không cần thẻ tín dụng | • Thanh toán cho chỗ nghỉ trước khi đến,Bao gồm 1 chỗ đậu xe + nhận phòng sớm + nhận phòng trễ + trả phòng trễ + internet tốc độ cao,Tiết kiệm 67% | Ưu Đãi Cuối Năm,price_attr
42,taladalat-thanh-pho-da-lat123,2026-11-18,7,Suite có Ban công.,544500.00,1650000.00,67.00,1,1,2.0,af9a21c4,960558c2,1080,1,7,846857801_417190613_0_1_0_730517,846857801,417190613,0,1,730517,,,False,Giá bao gồm bữa sáng,"Hủy miễn phí trước 4 tháng 11, 2026",Không cần thẻ tín dụng | • Thanh toán cho chỗ nghỉ trước khi đến,Bao gồm 1 chỗ đậu xe + nhận phòng sớm + nhận phòng trễ + trả phòng trễ + internet tốc độ cao,Tiết kiệm 67% | Ưu Đãi Cuối Năm,price_attr
42,taladalat-thanh-pho-da-lat123,2026-11-18,8,Phòng Superior 3 Người,825000.00,2500000.00,67.00,0,1,3.0,f21a874c,7556829c,1083,1,8,846857808_417190613_3_0_0_730517,846857808,417190613,3,0,730517,,,False,,"Hủy miễn phí trước 4 tháng 11, 2026",Không cần thẻ tín dụng | • Thanh toán cho chỗ nghỉ trước khi đến,Bao gồm 1 chỗ đậu xe + nhận phòng sớm + nhận phòng trễ + trả phòng trễ + internet tốc độ cao,Tiết kiệm 67% | Ưu Đãi Cuối Năm,price_attr
42,taladalat-thanh-pho-da-lat123,2026-11-18,9,Phòng Superior 3 Người,943800.00,2860000.00,67.00,1,1,3.0,f21a874c,960558c2,1084,1,9,846857808_417190613_0_1_0_730517,846857808,417190613,0,1,730517,,,False,Giá bao gồm bữa sáng,"Hủy miễn phí trước 4 tháng 11, 2026",Không cần thẻ tín dụng | • Thanh toán cho chỗ nghỉ trước khi đến,Bao gồm 1 chỗ đậu xe + nhận phòng sớm + nhận phòng trễ + trả phòng trễ + internet tốc độ cao,Tiết kiệm 67% | Ưu Đãi Cuối Năm,price_attr
42,taladalat-thanh-pho-da-lat123,2026-11-18,10,Phòng Gia Đình Tiêu Chuẩn,943800.00,2860000.00,67.00,0,1,2.0,737597d1,7556829c,1071,1,10,846857809_417190613_4_0_0_730517,846857809,417190613,4,0,730517,,,False,,"Hủy miễn phí trước 4 tháng 11, 2026",Không cần thẻ tín dụng | • Thanh toán cho chỗ nghỉ trước khi đến,Bao gồm 1 chỗ đậu xe + nhận phòng sớm + nhận phòng trễ + trả phòng trễ + internet tốc độ cao,Tiết kiệm 67% | Ưu Đãi Cuối Năm,price_attr
42,taladalat-thanh-pho-da-lat123,2026-11-18,11,Phòng Gia Đình Tiêu Chuẩn,1062600.00,3220000.00,67.00,1,1,2.0,737597d1,960558c2,1072,1,11,846857809_417190613_0_1_0_730517,846857809,417190613,0,1,730517,,,False,Giá bao gồm bữa sáng,"Hủy miễn phí trước 4 tháng 11, 2026",Không cần thẻ tín dụng | • Thanh toán cho chỗ nghỉ trước khi đến,Bao gồm 1 chỗ đậu xe + nhận phòng sớm + nhận phòng trễ + trả phòng trễ + internet tốc độ cao,Tiết kiệm 67% | Ưu Đãi Cuối Năm,price_attr
42,taladalat-thanh-pho-da-lat123,2026-11-18,12,Phòng Gia đình nhìn ra Núi,1006500.00,3050000.00,67.00,0,1,2.0,9bf975d0,7556829c,1075,1,12,846857810_417190613_4_0_0_730517,846857810,417190613,4,0,730517,,,False,,"Hủy miễn phí trước 4 tháng 11, 2026",Không cần thẻ tín dụng | • Thanh toán cho chỗ nghỉ trước khi đến,Bao gồm 1 chỗ đậu xe + nhận phòng sớm + nhận phòng trễ + trả phòng trễ + internet tốc độ cao,Tiết kiệm 67% | Ưu Đãi Cuối Năm,price_attr
42,taladalat-thanh-pho-da-lat123,2026-11-18,13,Phòng Gia đình nhìn ra Núi,1125300.00,3410000.00,67.00,1,1,2.0,9bf975d0,960558c2,1076,1,13,846857810_417190613_0_1_0_730517,846857810,417190613,0,1,730517,,,False,Giá bao gồm bữa sáng,"Hủy miễn phí trước 4 tháng 11, 2026",Không cần thẻ tín dụng | • Thanh toán cho chỗ nghỉ trước khi đến,Bao gồm 1 chỗ đậu xe + nhận phòng sớm + nhận phòng trễ + trả phòng trễ + internet tốc độ cao,Tiết kiệm 67% | Ưu Đãi Cuối Năm,price_attr
42,taladalat-thanh-pho-da-lat123,2026-11-18,14,Suite Gia Đình Deluxe,1072500.00,3250000.00,67.00,0,1,2.0,f45a83b5,7556829c,1085,1,14,846857805_417190613_6_0_0_730517,846857805,417190613,6,0,730517,,,False,,"Hủy miễn phí trước 4 tháng 11, 2026",Không cần thẻ tín dụng | • Thanh toán cho chỗ nghỉ trước khi đến,Bao gồm 1 chỗ đậu xe + nhận phòng sớm + nhận phòng trễ + trả phòng trễ + internet tốc độ cao,Tiết kiệm 67% | Ưu Đãi Cuối Năm,price_attr
42,taladalat-thanh-pho-da-lat123,2026-11-18,15,Suite Gia Đình Deluxe,1191300.00,3610000.00,67.00,1,1,2.0,f45a83b5,960558c2,1086,1,15,846857805_417190613_0_1_0_730517,846857805,417190613,0,1,730517,,,False,Giá bao gồm bữa sáng,"Hủy miễn phí trước 4 tháng 11, 2026",Không cần thẻ tín dụng | • Thanh toán cho chỗ nghỉ trước khi đến,Bao gồm 1 chỗ đậu xe + nhận phòng sớm + nhận phòng trễ + trả phòng trễ + internet tốc độ cao,Tiết kiệm 67% | Ưu Đãi Cuối Năm,price_attr
43,b-amp-k-homestay-glocery-store,2026-10-01,0,Phòng Giường Đôi Có Ban Công,810000.00,,,0,0,2.0,300c3684,1b6f0e44,1087,1,0,954924803_367993291_2_0_0,954924803,367993291,2,0,,2.0,,False,,Không hoàn tiền,Không cần thẻ tín dụng | • Thanh toán cho chỗ nghỉ trước khi đến,,,price_attr
43,b-amp-k-homestay-glocery-store,2026-10-01,1,Phòng Giường Đôi Có Ban Công,900000.00,,,0,1,2.0,300c3684,ee58c792,1088,2,1,954924803_367993302_2_0_0,954924803,367993302,2,0,,2.0,,False,,"Hủy miễn phí trước 30 tháng 9, 2026",Không cần thanh toán trước - thanh toán tại chỗ nghỉ | Không cần thẻ tín dụng,,,price_attr
43,b-amp-k-homestay-glocery-store,2026-10-01,2,Phòng Giường Đôi Có Ban Công,810000.00,,,0,1,2.0,300c3684,ee58c792,1088,2,2,954924803_367993302_1_0_0,954924803,367993302,1,0,,1.0,Chỉ dành cho 1 khách,True,,"Hủy miễn phí trước 30 tháng 9, 2026",Không cần thanh toán trước - thanh toán tại chỗ nghỉ | Không cần thẻ tín dụng,,,price_attr
43,b-amp-k-homestay-glocery-store,2026-10-01,3,Phòng Tiêu Chuẩn Giường Đôi,900000.00,,,0,1,2.0,52036781,ee58c792,1089,1,3,954924804_367993302_2_0_0,954924804,367993302,2,0,,2.0,,False,,"Hủy miễn phí trước 30 tháng 9, 2026",Không cần thanh toán trước - thanh toán tại chỗ nghỉ | Không cần thẻ tín dụng,• Chúng tôi còn 1 căn,,price_attr
43,b-amp-k-homestay-glocery-store,2026-10-01,4,Phòng 2 Giường Đôi,972000.00,,,0,0,2.0,b6435179,1b6f0e44,1090,2,4,954924802_367993291_2_0_0,954924802,367993291,2,0,,2.0,,False,,Không hoàn tiền,Không cần thẻ tín dụng | • Thanh toán cho chỗ nghỉ trước khi đến,,,price_attr
43,b-amp-k-homestay-glocery-store,2026-10-01,5,Phòng 2 Giường Đôi,1080000.00,,,0,1,2.0,b6435179,ee58c792,1091,2,5,954924802_367993302_2_0_0,954924802,367993302,2,0,,2.0,,False,,"Hủy miễn phí trước 30 tháng 9, 2026",Không cần thanh toán trước - thanh toán tại chỗ nghỉ | Không cần thẻ tín dụng,,,price_attr
43,b-amp-k-homestay-glocery-store,2026-10-01,6,Phòng 2 Giường Đôi,918000.00,,,0,0,2.0,b6435179,1b6f0e44,1090,2,6,954924802_367993291_1_0_0,954924802,367993291,1,0,,1.0,Chỉ dành cho 1 khách,True,,Không hoàn tiền,Không cần thẻ tín dụng | • Thanh toán cho chỗ nghỉ trước khi đến,,,price_attr
43,b-amp-k-homestay-glocery-store,2026-10-01,7,Phòng 2 Giường Đôi,1020000.00,,,0,1,2.0,b6435179,ee58c792,1091,2,7,954924802_367993302_1_0_0,954924802,367993302,1,0,,1.0,Chỉ dành cho 1 khách,True,,"Hủy miễn phí trước 30 tháng 9, 2026",Không cần thanh toán trước - thanh toán tại chỗ nghỉ | Không cần thẻ tín dụng,,,price_attr
44,b-amp-k-homestay-glocery-store,2026-10-11,0,Studio,855489.00,,,0,0,,2738c64a,1b6f0e44,1092,1,0,bbasic_0,bbasic,0,,,,,,False,,Không hoàn tiền,• Thanh toán trước,,,price_text
44,b-amp-k-homestay-glocery-store,2026-10-11,1,Phòng Tiêu Chuẩn Giường Đôi,900000.00,,,0,1,2.0,52036781,30e09dcf,1093,1,1,954924804_367993302_2_0_0,954924804,367993302,2,0,,,,False,,"Hủy miễn phí trước 10 tháng 10, 2026",Không cần thanh toán trước - thanh toán tại chỗ nghỉ | Không cần thẻ tín dụng,• Chúng tôi còn 1 căn,,price_attr
45,b-amp-k-homestay-glocery-store,2026-11-18,0,Phòng Từ Công Ty Đối Tác,1059152.00,,,0,0,2.0,24229e65,1b6f0e44,1094,1,0,bbasic_0,bbasic,0,,,,2.0,,False,,Không hoàn tiền,• Thanh toán trước,,,price_text
45,b-amp-k-homestay-glocery-store,2026-11-18,1,Phòng Giường Đôi Có Ban Công,1260000.00,,,0,0,2.0,300c3684,1b6f0e44,1095,1,1,954924803_367993291_2_0_0,954924803,367993291,2,0,,2.0,,False,,Không hoàn tiền,Không cần thẻ tín dụng | • Thanh toán cho chỗ nghỉ trước khi đến,,,price_attr
45,b-amp-k-homestay-glocery-store,2026-11-18,2,Phòng Giường Đôi Có Ban Công,1400000.00,,,0,1,2.0,300c3684,a14185a3,1096,2,2,954924803_367993302_2_0_0,954924803,367993302,2,0,,2.0,,False,,"Hủy miễn phí trước 17 tháng 11, 2026",Không cần thanh toán trước - thanh toán tại chỗ nghỉ | Không cần thẻ tín dụng,,,price_attr
45,b-amp-k-homestay-glocery-store,2026-11-18,3,Phòng Giường Đôi Có Ban Công,1260000.00,,,0,1,2.0,300c3684,a14185a3,1096,2,3,954924803_367993302_1_0_0,954924803,367993302,1,0,,1.0,Chỉ dành cho 1 khách,True,,"Hủy miễn phí trước 17 tháng 11, 2026",Không cần thanh toán trước - thanh toán tại chỗ nghỉ | Không cần thẻ tín dụng,,,price_attr
45,b-amp-k-homestay-glocery-store,2026-11-18,4,Phòng Tiêu Chuẩn Giường Đôi,1400000.00,,,0,1,2.0,52036781,a14185a3,1097,1,4,954924804_367993302_2_0_0,954924804,367993302,2,0,,2.0,,False,,"Hủy miễn phí trước 17 tháng 11, 2026",Không cần thanh toán trước - thanh toán tại chỗ nghỉ | Không cần thẻ tín dụng,• Chúng tôi còn 1 căn,,price_attr
45,b-amp-k-homestay-glocery-store,2026-11-18,5,Phòng 2 Giường Đôi,1352291.00,,,0,0,2.0,b6435179,1b6f0e44,1098,3,5,954924802_bbasic_0,954924802,bbasic,0,,,2.0,,False,,Không hoàn tiền,• Thanh toán trước,,,price_text
45,b-amp-k-homestay-glocery-store,2026-11-18,6,Phòng 2 Giường Đôi,1458000.00,,,0,0,2.0,b6435179,1b6f0e44,1098,3,6,954924802_367993291_2_0_0,954924802,367993291,2,0,,2.0,,False,,Không hoàn tiền,Không cần thẻ tín dụng | • Thanh toán cho chỗ nghỉ trước khi đến,,,price_attr
45,b-amp-k-homestay-glocery-store,2026-11-18,7,Phòng 2 Giường Đôi,1620000.00,,,0,1,2.0,b6435179,a14185a3,1099,2,7,954924802_367993302_2_0_0,954924802,367993302,2,0,,2.0,,False,,"Hủy miễn phí trước 17 tháng 11, 2026",Không cần thanh toán trước - thanh toán tại chỗ nghỉ | Không cần thẻ tín dụng,,,price_attr
45,b-amp-k-homestay-glocery-store,2026-11-18,8,Phòng 2 Giường Đôi,1377000.00,,,0,0,2.0,b6435179,1b6f0e44,1098,3,8,954924802_367993291_1_0_0,954924802,367993291,1,0,,1.0,Chỉ dành cho 1 khách,True,,Không hoàn tiền,Không cần thẻ tín dụng | • Thanh toán cho chỗ nghỉ trước khi đến,,,price_attr
45,b-amp-k-homestay-glocery-store,2026-11-18,9,Phòng 2 Giường Đôi,1530000.00,,,0,1,2.0,b6435179,a14185a3,1099,2,9,954924802_367993302_1_0_0,954924802,367993302,1,0,,1.0,Chỉ dành cho 1 khách,True,,"Hủy miễn phí trước 17 tháng 11, 2026",Không cần thanh toán trước - thanh toán tại chỗ nghỉ | Không cần thẻ tín dụng,,,price_attr
46,movenpick-residences-phu-quoc,2026-10-01,0,Studio có Giường cỡ King với Ban công,2800000.00,,,1,0,2.0,29a7fc04,42ee661d,1104,2,0,632765001_246972156_2_41_0,632765001,246972156,2,41,,2.0,,False,Bao gồm bữa sáng ngon,Không hoàn tiền,• Thanh toán cho chỗ nghỉ trước khi đến,,,price_attr
46,movenpick-residences-phu-quoc,2026-10-01,1,Studio có Giường cỡ King với Ban công,3350000.00,,,1,1,2.0,29a7fc04,7a7e0c5d,1105,2,1,632765001_438259885_2_41_0,632765001,438259885,2,41,,2.0,,False,Bao gồm bữa sáng ngon,"Hủy miễn phí trước 18:00, 30 tháng 9, 2026",Không cần thanh toán trước - thanh toán tại chỗ nghỉ,,,price_attr
46,movenpick-residences-phu-quoc,2026-10-01,2,Studio có Giường cỡ King với Ban công,2500000.00,,,1,0,2.0,29a7fc04,42ee661d,1104,2,2,632765001_246972156_1_41_0,632765001,246972156,1,41,,1.0,Chỉ dành cho 1 khách,True,Bao gồm bữa sáng ngon,Không hoàn tiền,• Thanh toán cho chỗ nghỉ trước khi đến,,,price_attr
46,movenpick-residences-phu-quoc,2026-10-01,3,Studio có Giường cỡ King với Ban công,3050000.00,,,1,1,2.0,29a7fc04,7a7e0c5d,1105,2,3,632765001_438259885_1_41_0,632765001,438259885,1,41,,1.0,Chỉ dành cho 1 khách,True,Bao gồm bữa sáng ngon,"Hủy miễn phí trước 18:00, 30 tháng 9, 2026",Không cần thanh toán trước - thanh toán tại chỗ nghỉ,,,price_attr
46,movenpick-residences-phu-quoc,2026-10-01,4,Studio Có Giường Cỡ King Với Ban Công Và Tầm Nhìn Ra Biển,2880000.00,,,1,0,2.0,6d52d83c,42ee661d,1106,2,4,632765002_246972156_2_41_0,632765002,246972156,2,41,,2.0,,False,Bao gồm bữa sáng ngon,Không hoàn tiền,• Thanh toán cho chỗ nghỉ trước khi đến,,,price_attr
46,movenpick-residences-phu-quoc,2026-10-01,5,Studio Có Giường Cỡ King Với Ban Công Và Tầm Nhìn Ra Biển,3450000.00,,,1,1,2.0,6d52d83c,7a7e0c5d,1107,2,5,632765002_438259885_2_41_0,632765002,438259885,2,41,,2.0,,False,Bao gồm bữa sáng ngon,"Hủy miễn phí trước 18:00, 30 tháng 9, 2026",Không cần thanh toán trước - thanh toán tại chỗ nghỉ,,,price_attr
46,movenpick-residences-phu-quoc,2026-10-01,6,Studio Có Giường Cỡ King Với Ban Công Và Tầm Nhìn Ra Biển,2580000.00,,,1,0,2.0,6d52d83c,42ee661d,1106,2,6,632765002_246972156_1_41_0,632765002,246972156,1,41,,1.0,Chỉ dành cho 1 khách,True,Bao gồm bữa sáng ngon,Không hoàn tiền,• Thanh toán cho chỗ nghỉ trước khi đến,,,price_attr
46,movenpick-residences-phu-quoc,2026-10-01,7,Studio Có Giường Cỡ King Với Ban Công Và Tầm Nhìn Ra Biển,3150000.00,,,1,1,2.0,6d52d83c,7a7e0c5d,1107,2,7,632765002_438259885_1_41_0,632765002,438259885,1,41,,1.0,Chỉ dành cho 1 khách,True,Bao gồm bữa sáng ngon,"Hủy miễn phí trước 18:00, 30 tháng 9, 2026",Không cần thanh toán trước - thanh toán tại chỗ nghỉ,,,price_attr
46,movenpick-residences-phu-quoc,2026-10-01,8,Twin Studio with Balcony,2880000.00,,,1,0,2.0,b6371693,42ee661d,1118,2,8,632765003_246972156_2_41_0,632765003,246972156,2,41,,2.0,,False,Bao gồm bữa sáng ngon,Không hoàn tiền,• Thanh toán cho chỗ nghỉ trước khi đến,,,price_attr
46,movenpick-residences-phu-quoc,2026-10-01,9,Twin Studio with Balcony,3450000.00,,,1,1,2.0,b6371693,7a7e0c5d,1119,2,9,632765003_438259885_2_41_0,632765003,438259885,2,41,,2.0,,False,Bao gồm bữa sáng ngon,"Hủy miễn phí trước 18:00, 30 tháng 9, 2026",Không cần thanh toán trước - thanh toán tại chỗ nghỉ,,,price_attr
46,movenpick-residences-phu-quoc,2026-10-01,10,Twin Studio with Balcony,2580000.00,,,1,0,2.0,b6371693,42ee661d,1118,2,10,632765003_246972156_1_41_0,632765003,246972156,1,41,,1.0,Chỉ dành cho 1 khách,True,Bao gồm bữa sáng ngon,Không hoàn tiền,• Thanh toán cho chỗ nghỉ trước khi đến,,,price_attr
46,movenpick-residences-phu-quoc,2026-10-01,11,Twin Studio with Balcony,3150000.00,,,1,1,2.0,b6371693,7a7e0c5d,1119,2,11,632765003_438259885_1_41_0,632765003,438259885,1,41,,1.0,Chỉ dành cho 1 khách,True,Bao gồm bữa sáng ngon,"Hủy miễn phí trước 18:00, 30 tháng 9, 2026",Không cần thanh toán trước - thanh toán tại chỗ nghỉ,,,price_attr
46,movenpick-residences-phu-quoc,2026-10-01,12,"Phòng Studio Có Giường Cỡ King, Ban Công Và Lối Dẫn Ra Hồ Bơi",3200000.00,,,1,0,2.0,8a55fe95,42ee661d,1112,2,12,632765012_246972156_2_41_0,632765012,246972156,2,41,,2.0,,False,Bao gồm bữa sáng ngon,Không hoàn tiền,• Thanh toán cho chỗ nghỉ trước khi đến,,,price_attr
46,movenpick-residences-phu-quoc,2026-10-01,13,"Phòng Studio Có Giường Cỡ King, Ban Công Và Lối Dẫn Ra Hồ Bơi",3850000.00,,,1,1,2.0,8a55fe95,7a7e0c5d,1113,2,13,632765012_438259885_2_41_0,632765012,438259885,2,41,,2.0,,False,Bao gồm bữa sáng ngon,"Hủy miễn phí trước 18:00, 30 tháng 9, 2026",Không cần thanh toán trước - thanh toán tại chỗ nghỉ,,,price_attr
46,movenpick-residences-phu-quoc,2026-10-01,14,"Phòng Studio Có Giường Cỡ King, Ban Công Và Lối Dẫn Ra Hồ Bơi",2900000.00,,,1,0,2.0,8a55fe95,42ee661d,1112,2,14,632765012_246972156_1_41_0,632765012,246972156,1,41,,1.0,Chỉ dành cho 1 khách,True,Bao gồm bữa sáng ngon,Không hoàn tiền,• Thanh toán cho chỗ nghỉ trước khi đến,,,price_attr
46,movenpick-residences-phu-quoc,2026-10-01,15,"Phòng Studio Có Giường Cỡ King, Ban Công Và Lối Dẫn Ra Hồ Bơi",3550000.00,,,1,1,2.0,8a55fe95,7a7e0c5d,1113,2,15,632765012_438259885_1_41_0,632765012,438259885,1,41,,1.0,Chỉ dành cho 1 khách,True,Bao gồm bữa sáng ngon,"Hủy miễn phí trước 18:00, 30 tháng 9, 2026",Không cần thanh toán trước - thanh toán tại chỗ nghỉ,,,price_attr
46,movenpick-residences-phu-quoc,2026-10-01,16,Căn Hộ 2 Phòng Ngủ Nhìn Ra Biển,6160000.00,,,1,0,2.0,a1101860,42ee661d,1114,2,16,632765014_246972156_2_41_0,632765014,246972156,2,41,,2.0,,False,Bao gồm bữa sáng ngon,Không hoàn tiền,• Thanh toán cho chỗ nghỉ trước khi đến,,,price_attr
46,movenpick-residences-phu-quoc,2026-10-01,17,Căn Hộ 2 Phòng Ngủ Nhìn Ra Biển,7550000.00,,,1,1,2.0,a1101860,7a7e0c5d,1115,2,17,632765014_438259885_2_41_0,632765014,438259885,2,41,,2.0,,False,Bao gồm bữa sáng ngon,"Hủy miễn phí trước 18:00, 30 tháng 9, 2026",Không cần thanh toán trước - thanh toán tại chỗ nghỉ,,,price_attr
46,movenpick-residences-phu-quoc,2026-10-01,18,Căn Hộ 2 Phòng Ngủ Nhìn Ra Biển,5860000.00,,,1,0,2.0,a1101860,42ee661d,1114,2,18,632765014_246972156_1_41_0,632765014,246972156,1,41,,1.0,Chỉ dành cho 1 khách,True,Bao gồm bữa sáng ngon,Không hoàn tiền,• Thanh toán cho chỗ nghỉ trước khi đến,,,price_attr
46,movenpick-residences-phu-quoc,2026-10-01,19,Căn Hộ 2 Phòng Ngủ Nhìn Ra Biển,7250000.00,,,1,1,2.0,a1101860,7a7e0c5d,1115,2,19,632765014_438259885_1_41_0,632765014,438259885,1,41,,1.0,Chỉ dành cho 1 khách,True,Bao gồm bữa sáng ngon,"Hủy miễn phí trước 18:00, 30 tháng 9, 2026",Không cần thanh toán trước - thanh toán tại chỗ nghỉ,,,price_attr
46,movenpick-residences-phu-quoc,2026-10-01,20,Biệt thự 2 Phòng Ngủ Với Hồ Bơi Riêng Và Tầm Nhìn Ra Hồ Nước,7000000.00,,,1,0,2.0,1e561cdf,42ee661d,1102,2,20,632765006_246972156_2_41_0,632765006,246972156,2,41,,2.0,,False,Bao gồm bữa sáng ngon,Không hoàn tiền,• Thanh toán cho chỗ nghỉ trước khi đến,,,price_attr
46,movenpick-residences-phu-quoc,2026-10-01,21,Biệt thự 2 Phòng Ngủ Với Hồ Bơi Riêng Và Tầm Nhìn Ra Hồ Nước,8600000.00,,,1,1,2.0,1e561cdf,7a7e0c5d,1103,2,21,632765006_438259885_2_41_0,632765006,438259885,2,41,,2.0,,False,Bao gồm bữa sáng ngon,"Hủy miễn phí trước 18:00, 30 tháng 9, 2026",Không cần thanh toán trước - thanh toán tại chỗ nghỉ,,,price_attr
46,movenpick-residences-phu-quoc,2026-10-01,22,Biệt thự 2 Phòng Ngủ Với Hồ Bơi Riêng Và Tầm Nhìn Ra Hồ Nước,6700000.00,,,1,0,2.0,1e561cdf,42ee661d,1102,2,22,632765006_246972156_1_41_0,632765006,246972156,1,41,,1.0,Chỉ dành cho 1 khách,True,Bao gồm bữa sáng ngon,Không hoàn tiền,• Thanh toán cho chỗ nghỉ trước khi đến,,,price_attr
46,movenpick-residences-phu-quoc,2026-10-01,23,Biệt thự 2 Phòng Ngủ Với Hồ Bơi Riêng Và Tầm Nhìn Ra Hồ Nước,8300000.00,,,1,1,2.0,1e561cdf,7a7e0c5d,1103,2,23,632765006_438259885_1_41_0,632765006,438259885,1,41,,1.0,Chỉ dành cho 1 khách,True,Bao gồm bữa sáng ngon,"Hủy miễn phí trước 18:00, 30 tháng 9, 2026",Không cần thanh toán trước - thanh toán tại chỗ nghỉ,,,price_attr
46,movenpick-residences-phu-quoc,2026-10-01,24,Biệt Thự 3 Phòng Ngủ Với Hồ Bơi Riêng Và Tầm Nhìn Ra Hồ Nước,7800000.00,,,1,0,2.0,720052a6,42ee661d,1110,2,24,632765008_246972156_2_41_0,632765008,246972156,2,41,,2.0,,False,Bao gồm bữa sáng ngon,Không hoàn tiền,• Thanh toán cho chỗ nghỉ trước khi đến,,,price_attr
46,movenpick-residences-phu-quoc,2026-10-01,25,Biệt Thự 3 Phòng Ngủ Với Hồ Bơi Riêng Và Tầm Nhìn Ra Hồ Nước,9600000.00,,,1,1,2.0,720052a6,7a7e0c5d,1111,2,25,632765008_438259885_2_41_0,632765008,438259885,2,41,,2.0,,False,Bao gồm bữa sáng ngon,"Hủy miễn phí trước 18:00, 30 tháng 9, 2026",Không cần thanh toán trước - thanh toán tại chỗ nghỉ,,,price_attr
46,movenpick-residences-phu-quoc,2026-10-01,26,Biệt Thự 3 Phòng Ngủ Với Hồ Bơi Riêng Và Tầm Nhìn Ra Hồ Nước,7500000.00,,,1,0,2.0,720052a6,42ee661d,1110,2,26,632765008_246972156_1_41_0,632765008,246972156,1,41,,1.0,Chỉ dành cho 1 khách,True,Bao gồm bữa sáng ngon,Không hoàn tiền,• Thanh toán cho chỗ nghỉ trước khi đến,,,price_attr
46,movenpick-residences-phu-quoc,2026-10-01,27,Biệt Thự 3 Phòng Ngủ Với Hồ Bơi Riêng Và Tầm Nhìn Ra Hồ Nước,9300000.00,,,1,1,2.0,720052a6,7a7e0c5d,1111,2,27,632765008_438259885_1_41_0,632765008,438259885,1,41,,1.0,Chỉ dành cho 1 khách,True,Bao gồm bữa sáng ngon,"Hủy miễn phí trước 18:00, 30 tháng 9, 2026",Không cần thanh toán trước - thanh toán tại chỗ nghỉ,,,price_attr
46,movenpick-residences-phu-quoc,2026-10-01,28,Biệt Thự Gia Đình 2 Tầng 3 Phòng Ngủ Có Hồ Bơi Riêng - Nhìn Ra Hồ Nước,9000000.00,,,1,0,2.0,a8f3c189,42ee661d,1116,2,28,632765010_246972156_2_41_0,632765010,246972156,2,41,,2.0,,False,Bao gồm bữa sáng ngon,Không hoàn tiền,• Thanh toán cho chỗ nghỉ trước khi đến,,,price_attr
46,movenpick-residences-phu-quoc,2026-10-01,29,Biệt Thự Gia Đình 2 Tầng 3 Phòng Ngủ Có Hồ Bơi Riêng - Nhìn Ra Hồ Nước,11100000.00,,,1,1,2.0,a8f3c189,7a7e0c5d,1117,2,29,632765010_438259885_2_41_0,632765010,438259885,2,41,,2.0,,False,Bao gồm bữa sáng ngon,"Hủy miễn phí trước 18:00, 30 tháng 9, 2026",Không cần thanh toán trước - thanh toán tại chỗ nghỉ,,,price_attr
46,movenpick-residences-phu-quoc,2026-10-01,30,Biệt Thự Gia Đình 2 Tầng 3 Phòng Ngủ Có Hồ Bơi Riêng - Nhìn Ra Hồ Nước,8700000.00,,,1,0,2.0,a8f3c189,42ee661d,1116,2,30,632765010_246972156_1_41_0,632765010,246972156,1,41,,1.0,Chỉ dành cho 1 khách,True,Bao gồm bữa sáng ngon,Không hoàn tiền,• Thanh toán cho chỗ nghỉ trước khi đến,,,price_attr
46,movenpick-residences-phu-quoc,2026-10-01,31,Biệt Thự Gia Đình 2 Tầng 3 Phòng Ngủ Có Hồ Bơi Riêng - Nhìn Ra Hồ Nước,10800000.00,,,1,1,2.0,a8f3c189,7a7e0c5d,1117,2,31,632765010_438259885_1_41_0,632765010,438259885,1,41,,1.0,Chỉ dành cho 1 khách,True,Bao gồm bữa sáng ngon,"Hủy miễn phí trước 18:00, 30 tháng 9, 2026",Không cần thanh toán trước - thanh toán tại chỗ nghỉ,,,price_attr
46,movenpick-residences-phu-quoc,2026-10-01,32,Biệt Thự 3 Phòng Ngủ Nhìn Ra Biển Có Hồ Bơi Riêng,12600000.00,,,1,0,2.0,6dd2ff0a,42ee661d,1108,2,32,632765007_246972156_2_41_0,632765007,246972156,2,41,,2.0,,False,Bao gồm bữa sáng ngon,Không hoàn tiền,• Thanh toán cho chỗ nghỉ trước khi đến,,,price_attr
46,movenpick-residences-phu-quoc,2026-10-01,33,Biệt Thự 3 Phòng Ngủ Nhìn Ra Biển Có Hồ Bơi Riêng,15600000.00,,,1,1,2.0,6dd2ff0a,7a7e0c5d,1109,2,33,632765007_438259885_2_41_0,632765007,438259885,2,41,,2.0,,False,Bao gồm bữa sáng ngon,"Hủy miễn phí trước 18:00, 30 tháng 9, 2026",Không cần thanh toán trước - thanh toán tại chỗ nghỉ,,,price_attr
46,movenpick-residences-phu-quoc,2026-10-01,34,Biệt Thự 3 Phòng Ngủ Nhìn Ra Biển Có Hồ Bơi Riêng,12300000.00,,,1,0,2.0,6dd2ff0a,42ee661d,1108,2,34,632765007_246972156_1_41_0,632765007,246972156,1,41,,1.0,Chỉ dành cho 1 khách,True,Bao gồm bữa sáng ngon,Không hoàn tiền,• Thanh toán cho chỗ nghỉ trước khi đến,,,price_attr
46,movenpick-residences-phu-quoc,2026-10-01,35,Biệt Thự 3 Phòng Ngủ Nhìn Ra Biển Có Hồ Bơi Riêng,15300000.00,,,1,1,2.0,6dd2ff0a,7a7e0c5d,1109,2,35,632765007_438259885_1_41_0,632765007,438259885,1,41,,1.0,Chỉ dành cho 1 khách,True,Bao gồm bữa sáng ngon,"Hủy miễn phí trước 18:00, 30 tháng 9, 2026",Không cần thanh toán trước - thanh toán tại chỗ nghỉ,,,price_attr
46,movenpick-residences-phu-quoc,2026-10-01,36,Biệt Thự 4 Phòng Ngủ Hạng Tổng Thống Nhìn Ra Hồ Bơi Và Biển,45400000.00,,,1,0,2.0,14394244,42ee661d,1100,2,36,632765013_246972156_2_41_0,632765013,246972156,2,41,,2.0,,False,Bao gồm bữa sáng ngon,Không hoàn tiền,• Thanh toán cho chỗ nghỉ trước khi đến,,,price_attr
46,movenpick-residences-phu-quoc,2026-10-01,37,Biệt Thự 4 Phòng Ngủ Hạng Tổng Thống Nhìn Ra Hồ Bơi Và Biển,56600000.00,,,1,1,2.0,14394244,7a7e0c5d,1101,2,37,632765013_438259885_2_41_0,632765013,438259885,2,41,,2.0,,False,Bao gồm bữa sáng ngon,"Hủy miễn phí trước 18:00, 30 tháng 9, 2026",Không cần thanh toán trước - thanh toán tại chỗ nghỉ,,,price_attr
46,movenpick-residences-phu-quoc,2026-10-01,38,Biệt Thự 4 Phòng Ngủ Hạng Tổng Thống Nhìn Ra Hồ Bơi Và Biển,45100000.00,,,1,0,2.0,14394244,42ee661d,1100,2,38,632765013_246972156_1_41_0,632765013,246972156,1,41,,1.0,Chỉ dành cho 1 khách,True,Bao gồm bữa sáng ngon,Không hoàn tiền,• Thanh toán cho chỗ nghỉ trước khi đến,,,price_attr
46,movenpick-residences-phu-quoc,2026-10-01,39,Biệt Thự 4 Phòng Ngủ Hạng Tổng Thống Nhìn Ra Hồ Bơi Và Biển,56300000.00,,,1,1,2.0,14394244,7a7e0c5d,1101,2,39,632765013_438259885_1_41_0,632765013,438259885,1,41,,1.0,Chỉ dành cho 1 khách,True,Bao gồm bữa sáng ngon,"Hủy miễn phí trước 18:00, 30 tháng 9, 2026",Không cần thanh toán trước - thanh toán tại chỗ nghỉ,,,price_attr
47,movenpick-residences-phu-quoc,2026-10-11,0,Studio có Giường cỡ King với Ban công,2800000.00,,,1,0,2.0,29a7fc04,42ee661d,1123,2,0,632765001_246972156_2_41_0,632765001,246972156,2,41,,2.0,,False,Bao gồm bữa sáng ngon,Không hoàn tiền,• Thanh toán cho chỗ nghỉ trước khi đến,,,price_attr
47,movenpick-residences-phu-quoc,2026-10-11,1,Studio có Giường cỡ King với Ban công,3350000.00,,,1,1,2.0,29a7fc04,32d6ae0f,1122,2,1,632765001_438259885_2_41_0,632765001,438259885,2,41,,2.0,,False,Bao gồm bữa sáng ngon,"Hủy miễn phí trước 18:00, 10 tháng 10, 2026",Không cần thanh toán trước - thanh toán tại chỗ nghỉ,,,price_attr
47,movenpick-residences-phu-quoc,2026-10-11,2,Studio có Giường cỡ King với Ban công,2500000.00,,,1,0,2.0,29a7fc04,42ee661d,1123,2,2,632765001_246972156_1_41_0,632765001,246972156,1,41,,1.0,Chỉ dành cho 1 khách,True,Bao gồm bữa sáng ngon,Không hoàn tiền,• Thanh toán cho chỗ nghỉ trước khi đến,,,price_attr
47,movenpick-residences-phu-quoc,2026-10-11,3,Studio có Giường cỡ King với Ban công,3050000.00,,,1,1,2.0,29a7fc04,32d6ae0f,1122,2,3,632765001_438259885_1_41_0,632765001,438259885,1,41,,1.0,Chỉ dành cho 1 khách,True,Bao gồm bữa sáng ngon,"Hủy miễn phí trước 18:00, 10 tháng 10, 2026",Không cần thanh toán trước - thanh toán tại chỗ nghỉ,,,price_attr
47,movenpick-residences-phu-quoc,2026-10-11,4,Studio Có Giường Cỡ King Với Ban Công Và Tầm Nhìn Ra Biển,2880000.00,,,1,0,2.0,6d52d83c,42ee661d,1125,2,4,632765002_246972156_2_41_0,632765002,246972156,2,41,,2.0,,False,Bao gồm bữa sáng ngon,Không hoàn tiền,• Thanh toán cho chỗ nghỉ trước khi đến,,,price_attr
47,movenpick-residences-phu-quoc,2026-10-11,5,Studio Có Giường Cỡ King Với Ban Công Và Tầm Nhìn Ra Biển,3450000.00,,,1,1,2.0,6d52d83c,32d6ae0f,1124,2,5,632765002_438259885_2_41_0,632765002,438259885,2,41,,2.0,,False,Bao gồm bữa sáng ngon,"Hủy miễn phí trước 18:00, 10 tháng 10, 2026",Không cần thanh toán trước - thanh toán tại chỗ nghỉ,,,price_attr
47,movenpick-residences-phu-quoc,2026-10-11,6,Studio Có Giường Cỡ King Với Ban Công Và Tầm Nhìn Ra Biển,2580000.00,,,1,0,2.0,6d52d83c,42ee661d,1125,2,6,632765002_246972156_1_41_0,632765002,246972156,1,41,,1.0,Chỉ dành cho 1 khách,True,Bao gồm bữa sáng ngon,Không hoàn tiền,• Thanh toán cho chỗ nghỉ trước khi đến,,,price_attr
47,movenpick-residences-phu-quoc,2026-10-11,7,Studio Có Giường Cỡ King Với Ban Công Và Tầm Nhìn Ra Biển,3150000.00,,,1,1,2.0,6d52d83c,32d6ae0f,1124,2,7,632765002_438259885_1_41_0,632765002,438259885,1,41,,1.0,Chỉ dành cho 1 khách,True,Bao gồm bữa sáng ngon,"Hủy miễn phí trước 18:00, 10 tháng 10, 2026",Không cần thanh toán trước - thanh toán tại chỗ nghỉ,,,price_attr
47,movenpick-residences-phu-quoc,2026-10-11,8,Twin Studio with Balcony,2880000.00,,,1,0,2.0,b6371693,42ee661d,1139,2,8,632765003_246972156_2_41_0,632765003,246972156,2,41,,2.0,,False,Bao gồm bữa sáng ngon,Không hoàn tiền,• Thanh toán cho chỗ nghỉ trước khi đến,,,price_attr
47,movenpick-residences-phu-quoc,2026-10-11,9,Twin Studio with Balcony,3450000.00,,,1,1,2.0,b6371693,32d6ae0f,1138,2,9,632765003_438259885_2_41_0,632765003,438259885,2,41,,2.0,,False,Bao gồm bữa sáng ngon,"Hủy miễn phí trước 18:00, 10 tháng 10, 2026",Không cần thanh toán trước - thanh toán tại chỗ nghỉ,,,price_attr
47,movenpick-residences-phu-quoc,2026-10-11,10,Twin Studio with Balcony,2580000.00,,,1,0,2.0,b6371693,42ee661d,1139,2,10,632765003_246972156_1_41_0,632765003,246972156,1,41,,1.0,Chỉ dành cho 1 khách,True,Bao gồm bữa sáng ngon,Không hoàn tiền,• Thanh toán cho chỗ nghỉ trước khi đến,,,price_attr
47,movenpick-residences-phu-quoc,2026-10-11,11,Twin Studio with Balcony,3150000.00,,,1,1,2.0,b6371693,32d6ae0f,1138,2,11,632765003_438259885_1_41_0,632765003,438259885,1,41,,1.0,Chỉ dành cho 1 khách,True,Bao gồm bữa sáng ngon,"Hủy miễn phí trước 18:00, 10 tháng 10, 2026",Không cần thanh toán trước - thanh toán tại chỗ nghỉ,,,price_attr
47,movenpick-residences-phu-quoc,2026-10-11,12,"Phòng Studio Có Giường Cỡ King, Ban Công Và Lối Dẫn Ra Hồ Bơi",3200000.00,,,1,0,2.0,8a55fe95,42ee661d,1133,2,12,632765012_246972156_2_41_0,632765012,246972156,2,41,,2.0,,False,Bao gồm bữa sáng ngon,Không hoàn tiền,• Thanh toán cho chỗ nghỉ trước khi đến,,,price_attr
47,movenpick-residences-phu-quoc,2026-10-11,13,"Phòng Studio Có Giường Cỡ King, Ban Công Và Lối Dẫn Ra Hồ Bơi",3850000.00,,,1,1,2.0,8a55fe95,32d6ae0f,1132,2,13,632765012_438259885_2_41_0,632765012,438259885,2,41,,2.0,,False,Bao gồm bữa sáng ngon,"Hủy miễn phí trước 18:00, 10 tháng 10, 2026",Không cần thanh toán trước - thanh toán tại chỗ nghỉ,,,price_attr
47,movenpick-residences-phu-quoc,2026-10-11,14,"Phòng Studio Có Giường Cỡ King, Ban Công Và Lối Dẫn Ra Hồ Bơi",2900000.00,,,1,0,2.0,8a55fe95,42ee661d,1133,2,14,632765012_246972156_1_41_0,632765012,246972156,1,41,,1.0,Chỉ dành cho 1 khách,True,Bao gồm bữa sáng ngon,Không hoàn tiền,• Thanh toán cho chỗ nghỉ trước khi đến,,,price_attr
47,movenpick-residences-phu-quoc,2026-10-11,15,"Phòng Studio Có Giường Cỡ King, Ban Công Và Lối Dẫn Ra Hồ Bơi",3550000.00,,,1,1,2.0,8a55fe95,32d6ae0f,1132,2,15,632765012_438259885_1_41_0,632765012,438259885,1,41,,1.0,Chỉ dành cho 1 khách,True,Bao gồm bữa sáng ngon,"Hủy miễn phí trước 18:00, 10 tháng 10, 2026",Không cần thanh toán trước - thanh toán tại chỗ nghỉ,,,price_attr
47,movenpick-residences-phu-quoc,2026-10-11,16,Two-Bedroom Family Studio with Sea View,5600000.00,,,1,0,2.0,85cf7cd3,42ee661d,1131,2,16,632765004_246972156_2_41_0,632765004,246972156,2,41,,2.0,,False,Bao gồm bữa sáng ngon,Không hoàn tiền,• Thanh toán cho chỗ nghỉ trước khi đến,,,price_attr
47,movenpick-residences-phu-quoc,2026-10-11,17,Two-Bedroom Family Studio with Sea View,6850000.00,,,1,1,2.0,85cf7cd3,32d6ae0f,1130,2,17,632765004_438259885_2_41_0,632765004,438259885,2,41,,2.0,,False,Bao gồm bữa sáng ngon,"Hủy miễn phí trước 18:00, 10 tháng 10, 2026",Không cần thanh toán trước - thanh toán tại chỗ nghỉ,,,price_attr
47,movenpick-residences-phu-quoc,2026-10-11,18,Two-Bedroom Family Studio with Sea View,5300000.00,,,1,0,2.0,85cf7cd3,42ee661d,1131,2,18,632765004_246972156_1_41_0,632765004,246972156,1,41,,1.0,Chỉ dành cho 1 khách,True,Bao gồm bữa sáng ngon,Không hoàn tiền,• Thanh toán cho chỗ nghỉ trước khi đến,,,price_attr
47,movenpick-residences-phu-quoc,2026-10-11,19,Two-Bedroom Family Studio with Sea View,6550000.00,,,1,1,2.0,85cf7cd3,32d6ae0f,1130,2,19,632765004_438259885_1_41_0,632765004,438259885,1,41,,1.0,Chỉ dành cho 1 khách,True,Bao gồm bữa sáng ngon,"Hủy miễn phí trước 18:00, 10 tháng 10, 2026",Không cần thanh toán trước - thanh toán tại chỗ nghỉ,,,price_attr
47,movenpick-residences-phu-quoc,2026-10-11,20,Căn Hộ 2 Phòng Ngủ Nhìn Ra Biển,6160000.00,,,1,0,2.0,a1101860,42ee661d,1135,2,20,632765014_246972156_2_41_0,632765014,246972156,2,41,,2.0,,False,Bao gồm bữa sáng ngon,Không hoàn tiền,• Thanh toán cho chỗ nghỉ trước khi đến,,,price_attr
47,movenpick-residences-phu-quoc,2026-10-11,21,Căn Hộ 2 Phòng Ngủ Nhìn Ra Biển,7550000.00,,,1,1,2.0,a1101860,32d6ae0f,1134,2,21,632765014_438259885_2_41_0,632765014,438259885,2,41,,2.0,,False,Bao gồm bữa sáng ngon,"Hủy miễn phí trước 18:00, 10 tháng 10, 2026",Không cần thanh toán trước - thanh toán tại chỗ nghỉ,,,price_attr
47,movenpick-residences-phu-quoc,2026-10-11,22,Căn Hộ 2 Phòng Ngủ Nhìn Ra Biển,5860000.00,,,1,0,2.0,a1101860,42ee661d,1135,2,22,632765014_246972156_1_41_0,632765014,246972156,1,41,,1.0,Chỉ dành cho 1 khách,True,Bao gồm bữa sáng ngon,Không hoàn tiền,• Thanh toán cho chỗ nghỉ trước khi đến,,,price_attr
47,movenpick-residences-phu-quoc,2026-10-11,23,Căn Hộ 2 Phòng Ngủ Nhìn Ra Biển,7250000.00,,,1,1,2.0,a1101860,32d6ae0f,1134,2,23,632765014_438259885_1_41_0,632765014,438259885,1,41,,1.0,Chỉ dành cho 1 khách,True,Bao gồm bữa sáng ngon,"Hủy miễn phí trước 18:00, 10 tháng 10, 2026",Không cần thanh toán trước - thanh toán tại chỗ nghỉ,,,price_attr
47,movenpick-residences-phu-quoc,2026-10-11,24,Biệt thự 2 Phòng Ngủ Với Hồ Bơi Riêng Và Tầm Nhìn Ra Hồ Nước,7000000.00,,,1,0,2.0,1e561cdf,42ee661d,1121,2,24,632765006_246972156_2_41_0,632765006,246972156,2,41,,2.0,,False,Bao gồm bữa sáng ngon,Không hoàn tiền,• Thanh toán cho chỗ nghỉ trước khi đến,,,price_attr
47,movenpick-residences-phu-quoc,2026-10-11,25,Biệt thự 2 Phòng Ngủ Với Hồ Bơi Riêng Và Tầm Nhìn Ra Hồ Nước,8600000.00,,,1,1,2.0,1e561cdf,32d6ae0f,1120,2,25,632765006_438259885_2_41_0,632765006,438259885,2,41,,2.0,,False,Bao gồm bữa sáng ngon,"Hủy miễn phí trước 18:00, 10 tháng 10, 2026",Không cần thanh toán trước - thanh toán tại chỗ nghỉ,,,price_attr
47,movenpick-residences-phu-quoc,2026-10-11,26,Biệt thự 2 Phòng Ngủ Với Hồ Bơi Riêng Và Tầm Nhìn Ra Hồ Nước,6700000.00,,,1,0,2.0,1e561cdf,42ee661d,1121,2,26,632765006_246972156_1_41_0,632765006,246972156,1,41,,1.0,Chỉ dành cho 1 khách,True,Bao gồm bữa sáng ngon,Không hoàn tiền,• Thanh toán cho chỗ nghỉ trước khi đến,,,price_attr
47,movenpick-residences-phu-quoc,2026-10-11,27,Biệt thự 2 Phòng Ngủ Với Hồ Bơi Riêng Và Tầm Nhìn Ra Hồ Nước,8300000.00,,,1,1,2.0,1e561cdf,32d6ae0f,1120,2,27,632765006_438259885_1_41_0,632765006,438259885,1,41,,1.0,Chỉ dành cho 1 khách,True,Bao gồm bữa sáng ngon,"Hủy miễn phí trước 18:00, 10 tháng 10, 2026",Không cần thanh toán trước - thanh toán tại chỗ nghỉ,,,price_attr
47,movenpick-residences-phu-quoc,2026-10-11,28,Biệt Thự 3 Phòng Ngủ Với Hồ Bơi Riêng Và Tầm Nhìn Ra Hồ Nước,7800000.00,,,1,0,2.0,720052a6,42ee661d,1129,2,28,632765008_246972156_2_41_0,632765008,246972156,2,41,,2.0,,False,Bao gồm bữa sáng ngon,Không hoàn tiền,• Thanh toán cho chỗ nghỉ trước khi đến,,,price_attr
47,movenpick-residences-phu-quoc,2026-10-11,29,Biệt Thự 3 Phòng Ngủ Với Hồ Bơi Riêng Và Tầm Nhìn Ra Hồ Nước,9600000.00,,,1,1,2.0,720052a6,32d6ae0f,1128,2,29,632765008_438259885_2_41_0,632765008,438259885,2,41,,2.0,,False,Bao gồm bữa sáng ngon,"Hủy miễn phí trước 18:00, 10 tháng 10, 2026",Không cần thanh toán trước - thanh toán tại chỗ nghỉ,,,price_attr
47,movenpick-residences-phu-quoc,2026-10-11,30,Biệt Thự 3 Phòng Ngủ Với Hồ Bơi Riêng Và Tầm Nhìn Ra Hồ Nước,7500000.00,,,1,0,2.0,720052a6,42ee661d,1129,2,30,632765008_246972156_1_41_0,632765008,246972156,1,41,,1.0,Chỉ dành cho 1 khách,True,Bao gồm bữa sáng ngon,Không hoàn tiền,• Thanh toán cho chỗ nghỉ trước khi đến,,,price_attr
47,movenpick-residences-phu-quoc,2026-10-11,31,Biệt Thự 3 Phòng Ngủ Với Hồ Bơi Riêng Và Tầm Nhìn Ra Hồ Nước,9300000.00,,,1,1,2.0,720052a6,32d6ae0f,1128,2,31,632765008_438259885_1_41_0,632765008,438259885,1,41,,1.0,Chỉ dành cho 1 khách,True,Bao gồm bữa sáng ngon,"Hủy miễn phí trước 18:00, 10 tháng 10, 2026",Không cần thanh toán trước - thanh toán tại chỗ nghỉ,,,price_attr
47,movenpick-residences-phu-quoc,2026-10-11,32,Biệt Thự Gia Đình 2 Tầng 3 Phòng Ngủ Có Hồ Bơi Riêng - Nhìn Ra Hồ Nước,9000000.00,,,1,0,2.0,a8f3c189,42ee661d,1137,2,32,632765010_246972156_2_41_0,632765010,246972156,2,41,,2.0,,False,Bao gồm bữa sáng ngon,Không hoàn tiền,• Thanh toán cho chỗ nghỉ trước khi đến,,,price_attr
47,movenpick-residences-phu-quoc,2026-10-11,33,Biệt Thự Gia Đình 2 Tầng 3 Phòng Ngủ Có Hồ Bơi Riêng - Nhìn Ra Hồ Nước,11100000.00,,,1,1,2.0,a8f3c189,32d6ae0f,1136,2,33,632765010_438259885_2_41_0,632765010,438259885,2,41,,2.0,,False,Bao gồm bữa sáng ngon,"Hủy miễn phí trước 18:00, 10 tháng 10, 2026",Không cần thanh toán trước - thanh toán tại chỗ nghỉ,,,price_attr
47,movenpick-residences-phu-quoc,2026-10-11,34,Biệt Thự Gia Đình 2 Tầng 3 Phòng Ngủ Có Hồ Bơi Riêng - Nhìn Ra Hồ Nước,8700000.00,,,1,0,2.0,a8f3c189,42ee661d,1137,2,34,632765010_246972156_1_41_0,632765010,246972156,1,41,,1.0,Chỉ dành cho 1 khách,True,Bao gồm bữa sáng ngon,Không hoàn tiền,• Thanh toán cho chỗ nghỉ trước khi đến,,,price_attr
47,movenpick-residences-phu-quoc,2026-10-11,35,Biệt Thự Gia Đình 2 Tầng 3 Phòng Ngủ Có Hồ Bơi Riêng - Nhìn Ra Hồ Nước,10800000.00,,,1,1,2.0,a8f3c189,32d6ae0f,1136,2,35,632765010_438259885_1_41_0,632765010,438259885,1,41,,1.0,Chỉ dành cho 1 khách,True,Bao gồm bữa sáng ngon,"Hủy miễn phí trước 18:00, 10 tháng 10, 2026",Không cần thanh toán trước - thanh toán tại chỗ nghỉ,,,price_attr
47,movenpick-residences-phu-quoc,2026-10-11,36,Biệt Thự 3 Phòng Ngủ Nhìn Ra Biển Có Hồ Bơi Riêng,12600000.00,,,1,0,2.0,6dd2ff0a,42ee661d,1127,2,36,632765007_246972156_2_41_0,632765007,246972156,2,41,,2.0,,False,Bao gồm bữa sáng ngon,Không hoàn tiền,• Thanh toán cho chỗ nghỉ trước khi đến,,,price_attr
47,movenpick-residences-phu-quoc,2026-10-11,37,Biệt Thự 3 Phòng Ngủ Nhìn Ra Biển Có Hồ Bơi Riêng,15600000.00,,,1,1,2.0,6dd2ff0a,32d6ae0f,1126,2,37,632765007_438259885_2_41_0,632765007,438259885,2,41,,2.0,,False,Bao gồm bữa sáng ngon,"Hủy miễn phí trước 18:00, 10 tháng 10, 2026",Không cần thanh toán trước - thanh toán tại chỗ nghỉ,,,price_attr
47,movenpick-residences-phu-quoc,2026-10-11,38,Biệt Thự 3 Phòng Ngủ Nhìn Ra Biển Có Hồ Bơi Riêng,12300000.00,,,1,0,2.0,6dd2ff0a,42ee661d,1127,2,38,632765007_246972156_1_41_0,632765007,246972156,1,41,,1.0,Chỉ dành cho 1 khách,True,Bao gồm bữa sáng ngon,Không hoàn tiền,• Thanh toán cho chỗ nghỉ trước khi đến,,,price_attr
47,movenpick-residences-phu-quoc,2026-10-11,39,Biệt Thự 3 Phòng Ngủ Nhìn Ra Biển Có Hồ Bơi Riêng,15300000.00,,,1,1,2.0,6dd2ff0a,32d6ae0f,1126,2,39,632765007_438259885_1_41_0,632765007,438259885,1,41,,1.0,Chỉ dành cho 1 khách,True,Bao gồm bữa sáng ngon,"Hủy miễn phí trước 18:00, 10 tháng 10, 2026",Không cần thanh toán trước - thanh toán tại chỗ nghỉ,,,price_attr
48,movenpick-residences-phu-quoc,2026-11-18,0,Studio có Giường cỡ King với Ban công,4200000.00,,,1,0,2.0,29a7fc04,42ee661d,1142,2,0,632765001_246972156_2_41_0,632765001,246972156,2,41,,2.0,,False,Bao gồm bữa sáng ngon,Không hoàn tiền,• Thanh toán cho chỗ nghỉ trước khi đến,,,price_attr
48,movenpick-residences-phu-quoc,2026-11-18,1,Studio có Giường cỡ King với Ban công,3900000.00,,,1,0,2.0,29a7fc04,42ee661d,1142,2,1,632765001_246972156_1_41_0,632765001,246972156,1,41,,1.0,Chỉ dành cho 1 khách,True,Bao gồm bữa sáng ngon,Không hoàn tiền,• Thanh toán cho chỗ nghỉ trước khi đến,,,price_attr
48,movenpick-residences-phu-quoc,2026-11-18,2,Studio Có Giường Cỡ King Với Ban Công Và Tầm Nhìn Ra Biển,4600000.00,,,1,0,2.0,6d52d83c,42ee661d,1143,2,2,632765002_246972156_2_41_0,632765002,246972156,2,41,,2.0,,False,Bao gồm bữa sáng ngon,Không hoàn tiền,• Thanh toán cho chỗ nghỉ trước khi đến,,,price_attr
48,movenpick-residences-phu-quoc,2026-11-18,3,Studio Có Giường Cỡ King Với Ban Công Và Tầm Nhìn Ra Biển,4300000.00,,,1,0,2.0,6d52d83c,42ee661d,1143,2,3,632765002_246972156_1_41_0,632765002,246972156,1,41,,1.0,Chỉ dành cho 1 khách,True,Bao gồm bữa sáng ngon,Không hoàn tiền,• Thanh toán cho chỗ nghỉ trước khi đến,,,price_attr
48,movenpick-residences-phu-quoc,2026-11-18,4,Twin Studio with Balcony,4600000.00,,,1,0,2.0,b6371693,42ee661d,1150,2,4,632765003_246972156_2_41_0,632765003,246972156,2,41,,2.0,,False,Bao gồm bữa sáng ngon,Không hoàn tiền,• Thanh toán cho chỗ nghỉ trước khi đến,,,price_attr
48,movenpick-residences-phu-quoc,2026-11-18,5,Twin Studio with Balcony,4300000.00,,,1,0,2.0,b6371693,42ee661d,1150,2,5,632765003_246972156_1_41_0,632765003,246972156,1,41,,1.0,Chỉ dành cho 1 khách,True,Bao gồm bữa sáng ngon,Không hoàn tiền,• Thanh toán cho chỗ nghỉ trước khi đến,,,price_attr
48,movenpick-residences-phu-quoc,2026-11-18,6,"Phòng Studio Có Giường Cỡ King, Ban Công Và Lối Dẫn Ra Hồ Bơi",5400000.00,,,1,0,2.0,8a55fe95,42ee661d,1147,2,6,632765012_246972156_2_41_0,632765012,246972156,2,41,,2.0,,False,Bao gồm bữa sáng ngon,Không hoàn tiền,• Thanh toán cho chỗ nghỉ trước khi đến,,,price_attr
48,movenpick-residences-phu-quoc,2026-11-18,7,"Phòng Studio Có Giường Cỡ King, Ban Công Và Lối Dẫn Ra Hồ Bơi",5100000.00,,,1,0,2.0,8a55fe95,42ee661d,1147,2,7,632765012_246972156_1_41_0,632765012,246972156,1,41,,1.0,Chỉ dành cho 1 khách,True,Bao gồm bữa sáng ngon,Không hoàn tiền,• Thanh toán cho chỗ nghỉ trước khi đến,,,price_attr
48,movenpick-residences-phu-quoc,2026-11-18,8,Two-Bedroom Family Studio with Sea View,7400000.00,,,1,0,2.0,85cf7cd3,42ee661d,1146,2,8,632765004_246972156_2_41_0,632765004,246972156,2,41,,2.0,,False,Bao gồm bữa sáng ngon,Không hoàn tiền,• Thanh toán cho chỗ nghỉ trước khi đến,,,price_attr
48,movenpick-residences-phu-quoc,2026-11-18,9,Two-Bedroom Family Studio with Sea View,7100000.00,,,1,0,2.0,85cf7cd3,42ee661d,1146,2,9,632765004_246972156_1_41_0,632765004,246972156,1,41,,1.0,Chỉ dành cho 1 khách,True,Bao gồm bữa sáng ngon,Không hoàn tiền,• Thanh toán cho chỗ nghỉ trước khi đến,,,price_attr
48,movenpick-residences-phu-quoc,2026-11-18,10,Căn Hộ 2 Phòng Ngủ Nhìn Ra Biển,8600000.00,,,1,0,2.0,a1101860,42ee661d,1148,2,10,632765014_246972156_2_41_0,632765014,246972156,2,41,,2.0,,False,Bao gồm bữa sáng ngon,Không hoàn tiền,• Thanh toán cho chỗ nghỉ trước khi đến,,,price_attr
48,movenpick-residences-phu-quoc,2026-11-18,11,Căn Hộ 2 Phòng Ngủ Nhìn Ra Biển,8300000.00,,,1,0,2.0,a1101860,42ee661d,1148,2,11,632765014_246972156_1_41_0,632765014,246972156,1,41,,1.0,Chỉ dành cho 1 khách,True,Bao gồm bữa sáng ngon,Không hoàn tiền,• Thanh toán cho chỗ nghỉ trước khi đến,,,price_attr
48,movenpick-residences-phu-quoc,2026-11-18,12,Biệt thự 2 Phòng Ngủ Với Hồ Bơi Riêng Và Tầm Nhìn Ra Hồ Nước,10600000.00,,,1,0,2.0,1e561cdf,42ee661d,1141,2,12,632765006_246972156_2_41_0,632765006,246972156,2,41,,2.0,,False,Bao gồm bữa sáng ngon,Không hoàn tiền,• Thanh toán cho chỗ nghỉ trước khi đến,,,price_attr
48,movenpick-residences-phu-quoc,2026-11-18,13,Biệt thự 2 Phòng Ngủ Với Hồ Bơi Riêng Và Tầm Nhìn Ra Hồ Nước,10300000.00,,,1,0,2.0,1e561cdf,42ee661d,1141,2,13,632765006_246972156_1_41_0,632765006,246972156,1,41,,1.0,Chỉ dành cho 1 khách,True,Bao gồm bữa sáng ngon,Không hoàn tiền,• Thanh toán cho chỗ nghỉ trước khi đến,,,price_attr
48,movenpick-residences-phu-quoc,2026-11-18,14,Biệt Thự 3 Phòng Ngủ Với Hồ Bơi Riêng Và Tầm Nhìn Ra Hồ Nước,11800000.00,,,1,0,2.0,720052a6,42ee661d,1145,2,14,632765008_246972156_2_41_0,632765008,246972156,2,41,,2.0,,False,Bao gồm bữa sáng ngon,Không hoàn tiền,• Thanh toán cho chỗ nghỉ trước khi đến,,,price_attr
48,movenpick-residences-phu-quoc,2026-11-18,15,Biệt Thự 3 Phòng Ngủ Với Hồ Bơi Riêng Và Tầm Nhìn Ra Hồ Nước,11500000.00,,,1,0,2.0,720052a6,42ee661d,1145,2,15,632765008_246972156_1_41_0,632765008,246972156,1,41,,1.0,Chỉ dành cho 1 khách,True,Bao gồm bữa sáng ngon,Không hoàn tiền,• Thanh toán cho chỗ nghỉ trước khi đến,,,price_attr
48,movenpick-residences-phu-quoc,2026-11-18,16,Biệt Thự Gia Đình 2 Tầng 3 Phòng Ngủ Có Hồ Bơi Riêng - Nhìn Ra Hồ Nước,13400000.00,,,1,0,2.0,a8f3c189,42ee661d,1149,2,16,632765010_246972156_2_41_0,632765010,246972156,2,41,,2.0,,False,Bao gồm bữa sáng ngon,Không hoàn tiền,• Thanh toán cho chỗ nghỉ trước khi đến,,,price_attr
48,movenpick-residences-phu-quoc,2026-11-18,17,Biệt Thự Gia Đình 2 Tầng 3 Phòng Ngủ Có Hồ Bơi Riêng - Nhìn Ra Hồ Nước,13100000.00,,,1,0,2.0,a8f3c189,42ee661d,1149,2,17,632765010_246972156_1_41_0,632765010,246972156,1,41,,1.0,Chỉ dành cho 1 khách,True,Bao gồm bữa sáng ngon,Không hoàn tiền,• Thanh toán cho chỗ nghỉ trước khi đến,,,price_attr
48,movenpick-residences-phu-quoc,2026-11-18,18,Biệt Thự 3 Phòng Ngủ Nhìn Ra Biển Có Hồ Bơi Riêng,20600000.00,,,1,0,2.0,6dd2ff0a,42ee661d,1144,2,18,632765007_246972156_2_41_0,632765007,246972156,2,41,,2.0,,False,Bao gồm bữa sáng ngon,Không hoàn tiền,• Thanh toán cho chỗ nghỉ trước khi đến,,,price_attr
48,movenpick-residences-phu-quoc,2026-11-18,19,Biệt Thự 3 Phòng Ngủ Nhìn Ra Biển Có Hồ Bơi Riêng,20300000.00,,,1,0,2.0,6dd2ff0a,42ee661d,1144,2,19,632765007_246972156_1_41_0,632765007,246972156,1,41,,1.0,Chỉ dành cho 1 khách,True,Bao gồm bữa sáng ngon,Không hoàn tiền,• Thanh toán cho chỗ nghỉ trước khi đến,,,price_attr
48,movenpick-residences-phu-quoc,2026-11-18,20,Biệt Thự 4 Phòng Ngủ Hạng Tổng Thống Nhìn Ra Hồ Bơi Và Biển,56600000.00,,,1,0,2.0,14394244,42ee661d,1140,2,20,632765013_246972156_2_41_0,632765013,246972156,2,41,,2.0,,False,Bao gồm bữa sáng ngon,Không hoàn tiền,• Thanh toán cho chỗ nghỉ trước khi đến,,,price_attr
48,movenpick-residences-phu-quoc,2026-11-18,21,Biệt Thự 4 Phòng Ngủ Hạng Tổng Thống Nhìn Ra Hồ Bơi Và Biển,56300000.00,,,1,0,2.0,14394244,42ee661d,1140,2,21,632765013_246972156_1_41_0,632765013,246972156,1,41,,1.0,Chỉ dành cho 1 khách,True,Bao gồm bữa sáng ngon,Không hoàn tiền,• Thanh toán cho chỗ nghỉ trước khi đến,,,price_attr
49,sol-phu-quoc,2026-10-01,0,Run of House,2825532.00,,,1,0,,7b6765b3,42ee661d,1155,1,1,bbasic_0,bbasic,0,,,,,,False,Bao bữa sáng - Rất tốt,Không hoàn tiền,• Thanh toán trước,,,price_text
49,sol-phu-quoc,2026-10-01,1,Phòng Tiêu chuẩn,3367980.00,,,1,0,2.0,ff653e50,42ee661d,1162,3,2,198000306_139430543_2_41_0_78998,198000306,139430543,2,41,78998,,,False,Bao gồm bữa sáng rất ngon,Không hoàn tiền,• Thanh toán cho chỗ nghỉ trước khi đến,Bao gồm đưa đón hai chiều từ sân bay,,price_attr
49,sol-phu-quoc,2026-10-01,2,Phòng Tiêu chuẩn,3742200.00,,,1,1,2.0,ff653e50,88e299dc,1163,3,3,198000306_246462236_2_1_0_78998,198000306,246462236,2,1,78998,,,False,Bao gồm bữa sáng rất ngon,"Hủy miễn phí trước 30 tháng 9, 2026",Không cần thanh toán trước - thanh toán tại chỗ nghỉ,Bao gồm đưa đón hai chiều từ sân bay,,price_attr
49,sol-phu-quoc,2026-10-01,3,Phòng Tiêu chuẩn,4898880.00,,,1,0,2.0,ff653e50,42ee661d,1162,3,4,198000306_139430543_2_17_0_78998,198000306,139430543,2,17,78998,,,False,Bao bữa sáng & bữa tối,Không hoàn tiền,• Thanh toán cho chỗ nghỉ trước khi đến,Bao gồm đưa đón hai chiều từ sân bay,,price_attr
49,sol-phu-quoc,2026-10-01,4,Phòng Tiêu chuẩn,5443200.00,,,1,1,2.0,ff653e50,88e299dc,1163,3,5,198000306_246462236_2_17_0_78998,198000306,246462236,2,17,78998,,,False,Bao bữa sáng & bữa tối,"Hủy miễn phí trước 30 tháng 9, 2026",Không cần thanh toán trước - thanh toán tại chỗ nghỉ,Bao gồm đưa đón hai chiều từ sân bay,,price_attr
49,sol-phu-quoc,2026-10-01,5,Phòng Tiêu chuẩn,7042140.00,,,1,0,2.0,ff653e50,42ee661d,1162,3,6,198000306_139430543_2_21_0_78998,198000306,139430543,2,21,78998,,,False,"Bao bữa sáng, bữa trưa & bữa tối",Không hoàn tiền,• Thanh toán cho chỗ nghỉ trước khi đến,Bao gồm đưa đón hai chiều từ sân bay,,price_attr
49,sol-phu-quoc,2026-10-01,6,Phòng Tiêu chuẩn,7824600.00,,,1,1,2.0,ff653e50,88e299dc,1163,3,7,198000306_246462236_2_21_0_78998,198000306,246462236,2,21,78998,,,False,"Bao bữa sáng, bữa trưa & bữa tối","Hủy miễn phí trước 30 tháng 9, 2026",Không cần thanh toán trước - thanh toán tại chỗ nghỉ,Bao gồm đưa đón hai chiều từ sân bay,,price_attr
49,sol-phu-quoc,2026-10-01,7,Phòng Tiêu Chuẩn Hướng Biển,3623130.00,,,1,0,2.0,c29c8b2b,42ee661d,1156,3,8,198000349_139430543_2_41_0_78998,198000349,139430543,2,41,78998,,,False,Bao gồm bữa sáng rất ngon,Không hoàn tiền,• Thanh toán cho chỗ nghỉ trước khi đến,Bao gồm đưa đón hai chiều từ sân bay,,price_attr
49,sol-phu-quoc,2026-10-01,8,Phòng Tiêu Chuẩn Hướng Biển,4025700.00,,,1,1,2.0,c29c8b2b,88e299dc,1157,3,9,198000349_246462236_2_1_0_78998,198000349,246462236,2,1,78998,,,False,Bao gồm bữa sáng rất ngon,"Hủy miễn phí trước 30 tháng 9, 2026",Không cần thanh toán trước - thanh toán tại chỗ nghỉ,Bao gồm đưa đón hai chiều từ sân bay,,price_attr
49,sol-phu-quoc,2026-10-01,9,Phòng Tiêu Chuẩn Hướng Biển,5154030.00,,,1,0,2.0,c29c8b2b,42ee661d,1156,3,10,198000349_139430543_2_17_0_78998,198000349,139430543,2,17,78998,,,False,Bao bữa sáng & bữa tối,Không hoàn tiền,• Thanh toán cho chỗ nghỉ trước khi đến,Bao gồm đưa đón hai chiều từ sân bay,,price_attr
49,sol-phu-quoc,2026-10-01,10,Phòng Tiêu Chuẩn Hướng Biển,5726700.00,,,1,1,2.0,c29c8b2b,88e299dc,1157,3,11,198000349_246462236_2_17_0_78998,198000349,246462236,2,17,78998,,,False,Bao bữa sáng & bữa tối,"Hủy miễn phí trước 30 tháng 9, 2026",Không cần thanh toán trước - thanh toán tại chỗ nghỉ,Bao gồm đưa đón hai chiều từ sân bay,,price_attr
49,sol-phu-quoc,2026-10-01,11,Phòng Tiêu Chuẩn Hướng Biển,7297290.00,,,1,0,2.0,c29c8b2b,42ee661d,1156,3,12,198000349_139430543_2_21_0_78998,198000349,139430543,2,21,78998,,,False,"Bao bữa sáng, bữa trưa & bữa tối",Không hoàn tiền,• Thanh toán cho chỗ nghỉ trước khi đến,Bao gồm đưa đón hai chiều từ sân bay,,price_attr
49,sol-phu-quoc,2026-10-01,12,Phòng Tiêu Chuẩn Hướng Biển,8108100.00,,,1,1,2.0,c29c8b2b,88e299dc,1157,3,13,198000349_246462236_2_21_0_78998,198000349,246462236,2,21,78998,,,False,"Bao bữa sáng, bữa trưa & bữa tối","Hủy miễn phí trước 30 tháng 9, 2026",Không cần thanh toán trước - thanh toán tại chỗ nghỉ,Bao gồm đưa đón hai chiều từ sân bay,,price_attr
49,sol-phu-quoc,2026-10-01,13,Phòng Superior,3878280.00,,,1,0,2.0,63f96211,42ee661d,1153,3,14,198000307_139430543_2_41_0_78998,198000307,139430543,2,41,78998,,,False,Bao gồm bữa sáng rất ngon,Không hoàn tiền,• Thanh toán cho chỗ nghỉ trước khi đến,Bao gồm đưa đón hai chiều từ sân bay,,price_attr
49,sol-phu-quoc,2026-10-01,14,Phòng Superior,4309200.00,,,1,1,2.0,63f96211,88e299dc,1154,3,15,198000307_246462236_2_1_0_78998,198000307,246462236,2,1,78998,,,False,Bao gồm bữa sáng rất ngon,"Hủy miễn phí trước 30 tháng 9, 2026",Không cần thanh toán trước - thanh toán tại chỗ nghỉ,Bao gồm đưa đón hai chiều từ sân bay,,price_attr
49,sol-phu-quoc,2026-10-01,15,Phòng Superior,5409180.00,,,1,0,2.0,63f96211,42ee661d,1153,3,16,198000307_139430543_2_17_0_78998,198000307,139430543,2,17,78998,,,False,Bao bữa sáng & bữa tối,Không hoàn tiền,• Thanh toán cho chỗ nghỉ trước khi đến,Bao gồm đưa đón hai chiều từ sân bay,,price_attr
49,sol-phu-quoc,2026-10-01,16,Phòng Superior,6010200.00,,,1,1,2.0,63f96211,88e299dc,1154,3,17,198000307_246462236_2_17_0_78998,198000307,246462236,2,17,78998,,,False,Bao bữa sáng & bữa tối,"Hủy miễn phí trước 30 tháng 9, 2026",Không cần thanh toán trước - thanh toán tại chỗ nghỉ,Bao gồm đưa đón hai chiều từ sân bay,,price_attr
49,sol-phu-quoc,2026-10-01,17,Phòng Superior,7552440.00,,,1,0,2.0,63f96211,42ee661d,1153,3,18,198000307_139430543_2_21_0_78998,198000307,139430543,2,21,78998,,,False,"Bao bữa sáng, bữa trưa & bữa tối",Không hoàn tiền,• Thanh toán cho chỗ nghỉ trước khi đến,Bao gồm đưa đón hai chiều từ sân bay,,price_attr
49,sol-phu-quoc,2026-10-01,18,Phòng Superior,8391600.00,,,1,1,2.0,63f96211,88e299dc,1154,3,19,198000307_246462236_2_21_0_78998,198000307,246462236,2,21,78998,,,False,"Bao bữa sáng, bữa trưa & bữa tối","Hủy miễn phí trước 30 tháng 9, 2026",Không cần thanh toán trước - thanh toán tại chỗ nghỉ,Bao gồm đưa đón hai chiều từ sân bay,,price_attr
49,sol-phu-quoc,2026-10-01,19,Phòng Superior Hướng Biển,4133430.00,,,1,0,2.0,ef02225f,42ee661d,1158,3,20,198000350_139430543_2_41_0_78998,198000350,139430543,2,41,78998,,,False,Bao gồm bữa sáng rất ngon,Không hoàn tiền,• Thanh toán cho chỗ nghỉ trước khi đến,Bao gồm đưa đón hai chiều từ sân bay,,price_attr
49,sol-phu-quoc,2026-10-01,20,Phòng Superior Hướng Biển,4592700.00,,,1,1,2.0,ef02225f,88e299dc,1159,3,21,198000350_246462236_2_1_0_78998,198000350,246462236,2,1,78998,,,False,Bao gồm bữa sáng rất ngon,"Hủy miễn phí trước 30 tháng 9, 2026",Không cần thanh toán trước - thanh toán tại chỗ nghỉ,Bao gồm đưa đón hai chiều từ sân bay,,price_attr
49,sol-phu-quoc,2026-10-01,21,Phòng Superior Hướng Biển,5664330.00,,,1,0,2.0,ef02225f,42ee661d,1158,3,22,198000350_139430543_2_17_0_78998,198000350,139430543,2,17,78998,,,False,Bao bữa sáng & bữa tối,Không hoàn tiền,• Thanh toán cho chỗ nghỉ trước khi đến,Bao gồm đưa đón hai chiều từ sân bay,,price_attr
49,sol-phu-quoc,2026-10-01,22,Phòng Superior Hướng Biển,6293700.00,,,1,1,2.0,ef02225f,88e299dc,1159,3,23,198000350_246462236_2_17_0_78998,198000350,246462236,2,17,78998,,,False,Bao bữa sáng & bữa tối,"Hủy miễn phí trước 30 tháng 9, 2026",Không cần thanh toán trước - thanh toán tại chỗ nghỉ,Bao gồm đưa đón hai chiều từ sân bay,,price_attr
49,sol-phu-quoc,2026-10-01,23,Phòng Superior Hướng Biển,7807590.00,,,1,0,2.0,ef02225f,42ee661d,1158,3,24,198000350_139430543_2_21_0_78998,198000350,139430543,2,21,78998,,,False,"Bao bữa sáng, bữa trưa & bữa tối",Không hoàn tiền,• Thanh toán cho chỗ nghỉ trước khi đến,Bao gồm đưa đón hai chiều từ sân bay,,price_attr
49,sol-phu-quoc,2026-10-01,24,Phòng Superior Hướng Biển,8675100.00,,,1,1,2.0,ef02225f,88e299dc,1159,3,25,198000350_246462236_2_21_0_78998,198000350,246462236,2,21,78998,,,False,"Bao bữa sáng, bữa trưa & bữa tối","Hủy miễn phí trước 30 tháng 9, 2026",Không cần thanh toán trước - thanh toán tại chỗ nghỉ,Bao gồm đưa đón hai chiều từ sân bay,,price_attr
49,sol-phu-quoc,2026-10-01,25,Phòng Superior Với Lối Dẫn Ra Hồ Bơi,4388580.00,,,1,0,2.0,fa1f27e6,42ee661d,1160,3,26,198000309_139430543_2_41_0_78998,198000309,139430543,2,41,78998,,,False,Bao gồm bữa sáng rất ngon,Không hoàn tiền,• Thanh toán cho chỗ nghỉ trước khi đến,Bao gồm đưa đón hai chiều từ sân bay,,price_attr
49,sol-phu-quoc,2026-10-01,26,Phòng Superior Với Lối Dẫn Ra Hồ Bơi,4876200.00,,,1,1,2.0,fa1f27e6,88e299dc,1161,3,27,198000309_246462236_2_1_0_78998,198000309,246462236,2,1,78998,,,False,Bao gồm bữa sáng rất ngon,"Hủy miễn phí trước 30 tháng 9, 2026",Không cần thanh toán trước - thanh toán tại chỗ nghỉ,Bao gồm đưa đón hai chiều từ sân bay,,price_attr
49,sol-phu-quoc,2026-10-01,27,Phòng Superior Với Lối Dẫn Ra Hồ Bơi,5919480.00,,,1,0,2.0,fa1f27e6,42ee661d,1160,3,28,198000309_139430543_2_17_0_78998,198000309,139430543,2,17,78998,,,False,Bao bữa sáng & bữa tối,Không hoàn tiền,• Thanh toán cho chỗ nghỉ trước khi đến,Bao gồm đưa đón hai chiều từ sân bay,,price_attr
49,sol-phu-quoc,2026-10-01,28,Phòng Superior Với Lối Dẫn Ra Hồ Bơi,6577200.00,,,1,1,2.0,fa1f27e6,88e299dc,1161,3,29,198000309_246462236_2_17_0_78998,198000309,246462236,2,17,78998,,,False,Bao bữa sáng & bữa tối,"Hủy miễn phí trước 30 tháng 9, 2026",Không cần thanh toán trước - thanh toán tại chỗ nghỉ,Bao gồm đưa đón hai chiều từ sân bay,,price_attr
49,sol-phu-quoc,2026-10-01,29,Phòng Superior Với Lối Dẫn Ra Hồ Bơi,8062740.00,,,1,0,2.0,fa1f27e6,42ee661d,1160,3,30,198000309_139430543_2_21_0_78998,198000309,139430543,2,21,78998,,,False,"Bao bữa sáng, bữa trưa & bữa tối",Không hoàn tiền,• Thanh toán cho chỗ nghỉ trước khi đến,Bao gồm đưa đón hai chiều từ sân bay,,price_attr
49,sol-phu-quoc,2026-10-01,30,Phòng Superior Với Lối Dẫn Ra Hồ Bơi,8958600.00,,,1,1,2.0,fa1f27e6,88e299dc,1161,3,31,198000309_246462236_2_21_0_78998,198000309,246462236,2,21,78998,,,False,"Bao bữa sáng, bữa trưa & bữa tối","Hủy miễn phí trước 30 tháng 9, 2026",Không cần thanh toán trước - thanh toán tại chỗ nghỉ,Bao gồm đưa đón hai chiều từ sân bay,,price_attr
49,sol-phu-quoc,2026-10-01,31,Suite Junior Xtra Sol,4949910.00,,,1,0,2.0,13af2c42,42ee661d,1151,3,32,198000310_139430543_2_41_0_78998,198000310,139430543,2,41,78998,,,False,Bao gồm bữa sáng rất ngon,Không hoàn tiền,• Thanh toán cho chỗ nghỉ trước khi đến,Bao gồm đưa đón hai chiều từ sân bay,,price_attr
49,sol-phu-quoc,2026-10-01,32,Suite Junior Xtra Sol,5499900.00,,,1,1,2.0,13af2c42,88e299dc,1152,3,33,198000310_246462236_2_1_0_78998,198000310,246462236,2,1,78998,,,False,Bao gồm bữa sáng rất ngon,"Hủy miễn phí trước 30 tháng 9, 2026",Không cần thanh toán trước - thanh toán tại chỗ nghỉ,Bao gồm đưa đón hai chiều từ sân bay,,price_attr
49,sol-phu-quoc,2026-10-01,33,Suite Junior Xtra Sol,6480810.00,,,1,0,2.0,13af2c42,42ee661d,1151,3,34,198000310_139430543_2_17_0_78998,198000310,139430543,2,17,78998,,,False,Bao bữa sáng & bữa tối,Không hoàn tiền,• Thanh toán cho chỗ nghỉ trước khi đến,Bao gồm đưa đón hai chiều từ sân bay,,price_attr
49,sol-phu-quoc,2026-10-01,34,Suite Junior Xtra Sol,7200900.00,,,1,1,2.0,13af2c42,88e299dc,1152,3,35,198000310_246462236_2_17_0_78998,198000310,246462236,2,17,78998,,,False,Bao bữa sáng & bữa tối,"Hủy miễn phí trước 30 tháng 9, 2026",Không cần thanh toán trước - thanh toán tại chỗ nghỉ,Bao gồm đưa đón hai chiều từ sân bay,,price_attr
49,sol-phu-quoc,2026-10-01,35,Suite Junior Xtra Sol,8624070.00,,,1,0,2.0,13af2c42,42ee661d,1151,3,36,198000310_139430543_2_21_0_78998,198000310,139430543,2,21,78998,,,False,"Bao bữa sáng, bữa trưa & bữa tối",Không hoàn tiền,• Thanh toán cho chỗ nghỉ trước khi đến,Bao gồm đưa đón hai chiều từ sân bay,,price_attr
49,sol-phu-quoc,2026-10-01,36,Suite Junior Xtra Sol,9582300.00,,,1,1,2.0,13af2c42,88e299dc,1152,3,37,198000310_246462236_2_21_0_78998,198000310,246462236,2,21,78998,,,False,"Bao bữa sáng, bữa trưa & bữa tối","Hủy miễn phí trước 30 tháng 9, 2026",Không cần thanh toán trước - thanh toán tại chỗ nghỉ,Bao gồm đưa đón hai chiều từ sân bay,,price_attr
50,sol-phu-quoc,2026-10-11,0,Phòng Tiêu chuẩn,3367980.00,,,1,0,2.0,ff653e50,42ee661d,1176,3,1,198000306_139430543_2_41_0_78998,198000306,139430543,2,41,78998,,,False,Bao gồm bữa sáng rất ngon,Không hoàn tiền,• Thanh toán cho chỗ nghỉ trước khi đến,Bao gồm đưa đón hai chiều từ sân bay,,price_attr
50,sol-phu-quoc,2026-10-11,1,Phòng Tiêu chuẩn,3742200.00,,,1,1,2.0,ff653e50,d16e3bf7,1177,3,2,198000306_246462236_2_1_0_78998,198000306,246462236,2,1,78998,,,False,Bao gồm bữa sáng rất ngon,"Hủy miễn phí trước 10 tháng 10, 2026",Không cần thanh toán trước - thanh toán tại chỗ nghỉ,Bao gồm đưa đón hai chiều từ sân bay,,price_attr
50,sol-phu-quoc,2026-10-11,2,Phòng Tiêu chuẩn,4898880.00,,,1,0,2.0,ff653e50,42ee661d,1176,3,3,198000306_139430543_2_17_0_78998,198000306,139430543,2,17,78998,,,False,Bao bữa sáng & bữa tối,Không hoàn tiền,• Thanh toán cho chỗ nghỉ trước khi đến,Bao gồm đưa đón hai chiều từ sân bay,,price_attr
50,sol-phu-quoc,2026-10-11,3,Phòng Tiêu chuẩn,5443200.00,,,1,1,2.0,ff653e50,d16e3bf7,1177,3,4,198000306_246462236_2_17_0_78998,198000306,246462236,2,17,78998,,,False,Bao bữa sáng & bữa tối,"Hủy miễn phí trước 10 tháng 10, 2026",Không cần thanh toán trước - thanh toán tại chỗ nghỉ,Bao gồm đưa đón hai chiều từ sân bay,,price_attr
50,sol-phu-quoc,2026-10-11,4,Phòng Tiêu chuẩn,7042140.00,,,1,0,2.0,ff653e50,42ee661d,1176,3,5,198000306_139430543_2_21_0_78998,198000306,139430543,2,21,78998,,,False,"Bao bữa sáng, bữa trưa & bữa tối",Không hoàn tiền,• Thanh toán cho chỗ nghỉ trước khi đến,Bao gồm đưa đón hai chiều từ sân bay,,price_attr
50,sol-phu-quoc,2026-10-11,5,Phòng Tiêu chuẩn,7824600.00,,,1,1,2.0,ff653e50,d16e3bf7,1177,3,6,198000306_246462236_2_21_0_78998,198000306,246462236,2,21,78998,,,False,"Bao bữa sáng, bữa trưa & bữa tối","Hủy miễn phí trước 10 tháng 10, 2026",Không cần thanh toán trước - thanh toán tại chỗ nghỉ,Bao gồm đưa đón hai chiều từ sân bay,,price_attr
50,sol-phu-quoc,2026-10-11,6,Phòng Tiêu Chuẩn Hướng Biển,3623130.00,,,1,0,2.0,c29c8b2b,42ee661d,1170,3,7,198000349_139430543_2_41_0_78998,198000349,139430543,2,41,78998,,,False,Bao gồm bữa sáng rất ngon,Không hoàn tiền,• Thanh toán cho chỗ nghỉ trước khi đến,Bao gồm đưa đón hai chiều từ sân bay,,price_attr
50,sol-phu-quoc,2026-10-11,7,Phòng Tiêu Chuẩn Hướng Biển,4025700.00,,,1,1,2.0,c29c8b2b,d16e3bf7,1171,3,8,198000349_246462236_2_1_0_78998,198000349,246462236,2,1,78998,,,False,Bao gồm bữa sáng rất ngon,"Hủy miễn phí trước 10 tháng 10, 2026",Không cần thanh toán trước - thanh toán tại chỗ nghỉ,Bao gồm đưa đón hai chiều từ sân bay,,price_attr
50,sol-phu-quoc,2026-10-11,8,Phòng Tiêu Chuẩn Hướng Biển,5154030.00,,,1,0,2.0,c29c8b2b,42ee661d,1170,3,9,198000349_139430543_2_17_0_78998,198000349,139430543,2,17,78998,,,False,Bao bữa sáng & bữa tối,Không hoàn tiền,• Thanh toán cho chỗ nghỉ trước khi đến,Bao gồm đưa đón hai chiều từ sân bay,,price_attr
50,sol-phu-quoc,2026-10-11,9,Phòng Tiêu Chuẩn Hướng Biển,5726700.00,,,1,1,2.0,c29c8b2b,d16e3bf7,1171,3,10,198000349_246462236_2_17_0_78998,198000349,246462236,2,17,78998,,,False,Bao bữa sáng & bữa tối,"Hủy miễn phí trước 10 tháng 10, 2026",Không cần thanh toán trước - thanh toán tại chỗ nghỉ,Bao gồm đưa đón hai chiều từ sân bay,,price_attr
50,sol-phu-quoc,2026-10-11,10,Phòng Tiêu Chuẩn Hướng Biển,7297290.00,,,1,0,2.0,c29c8b2b,42ee661d,1170,3,11,198000349_139430543_2_21_0_78998,198000349,139430543,2,21,78998,,,False,"Bao bữa sáng, bữa trưa & bữa tối",Không hoàn tiền,• Thanh toán cho chỗ nghỉ trước khi đến,Bao gồm đưa đón hai chiều từ sân bay,,price_attr
50,sol-phu-quoc,2026-10-11,11,Phòng Tiêu Chuẩn Hướng Biển,8108100.00,,,1,1,2.0,c29c8b2b,d16e3bf7,1171,3,12,198000349_246462236_2_21_0_78998,198000349,246462236,2,21,78998,,,False,"Bao bữa sáng, bữa trưa & bữa tối","Hủy miễn phí trước 10 tháng 10, 2026",Không cần thanh toán trước - thanh toán tại chỗ nghỉ,Bao gồm đưa đón hai chiều từ sân bay,,price_attr
50,sol-phu-quoc,2026-10-11,12,Phòng Superior,3878280.00,,,1,0,2.0,63f96211,42ee661d,1168,3,13,198000307_139430543_2_41_0_78998,198000307,139430543,2,41,78998,,,False,Bao gồm bữa sáng rất ngon,Không hoàn tiền,• Thanh toán cho chỗ nghỉ trước khi đến,Bao gồm đưa đón hai chiều từ sân bay,,price_attr
50,sol-phu-quoc,2026-10-11,13,Phòng Superior,4309200.00,,,1,1,2.0,63f96211,d16e3bf7,1169,3,14,198000307_246462236_2_1_0_78998,198000307,246462236,2,1,78998,,,False,Bao gồm bữa sáng rất ngon,"Hủy miễn phí trước 10 tháng 10, 2026",Không cần thanh toán trước - thanh toán tại chỗ nghỉ,Bao gồm đưa đón hai chiều từ sân bay,,price_attr
50,sol-phu-quoc,2026-10-11,14,Phòng Superior,5409180.00,,,1,0,2.0,63f96211,42ee661d,1168,3,15,198000307_139430543_2_17_0_78998,198000307,139430543,2,17,78998,,,False,Bao bữa sáng & bữa tối,Không hoàn tiền,• Thanh toán cho chỗ nghỉ trước khi đến,Bao gồm đưa đón hai chiều từ sân bay,,price_attr
50,sol-phu-quoc,2026-10-11,15,Phòng Superior,6010200.00,,,1,1,2.0,63f96211,d16e3bf7,1169,3,16,198000307_246462236_2_17_0_78998,198000307,246462236,2,17,78998,,,False,Bao bữa sáng & bữa tối,"Hủy miễn phí trước 10 tháng 10, 2026",Không cần thanh toán trước - thanh toán tại chỗ nghỉ,Bao gồm đưa đón hai chiều từ sân bay,,price_attr
50,sol-phu-quoc,2026-10-11,16,Phòng Superior,7552440.00,,,1,0,2.0,63f96211,42ee661d,1168,3,17,198000307_139430543_2_21_0_78998,198000307,139430543,2,21,78998,,,False,"Bao bữa sáng, bữa trưa & bữa tối",Không hoàn tiền,• Thanh toán cho chỗ nghỉ trước khi đến,Bao gồm đưa đón hai chiều từ sân bay,,price_attr
50,sol-phu-quoc,2026-10-11,17,Phòng Superior,8391600.00,,,1,1,2.0,63f96211,d16e3bf7,1169,3,18,198000307_246462236_2_21_0_78998,198000307,246462236,2,21,78998,,,False,"Bao bữa sáng, bữa trưa & bữa tối","Hủy miễn phí trước 10 tháng 10, 2026",Không cần thanh toán trước - thanh toán tại chỗ nghỉ,Bao gồm đưa đón hai chiều từ sân bay,,price_attr
50,sol-phu-quoc,2026-10-11,18,Phòng Superior Hướng Biển,4133430.00,,,1,0,2.0,ef02225f,42ee661d,1172,3,19,198000350_139430543_2_41_0_78998,198000350,139430543,2,41,78998,,,False,Bao gồm bữa sáng rất ngon,Không hoàn tiền,• Thanh toán cho chỗ nghỉ trước khi đến,Bao gồm đưa đón hai chiều từ sân bay,,price_attr
50,sol-phu-quoc,2026-10-11,19,Phòng Superior Hướng Biển,4592700.00,,,1,1,2.0,ef02225f,d16e3bf7,1173,3,20,198000350_246462236_2_1_0_78998,198000350,246462236,2,1,78998,,,False,Bao gồm bữa sáng rất ngon,"Hủy miễn phí trước 10 tháng 10, 2026",Không cần thanh toán trước - thanh toán tại chỗ nghỉ,Bao gồm đưa đón hai chiều từ sân bay,,price_attr
50,sol-phu-quoc,2026-10-11,20,Phòng Superior Hướng Biển,5664330.00,,,1,0,2.0,ef02225f,42ee661d,1172,3,21,198000350_139430543_2_17_0_78998,198000350,139430543,2,17,78998,,,False,Bao bữa sáng & bữa tối,Không hoàn tiền,• Thanh toán cho chỗ nghỉ trước khi đến,Bao gồm đưa đón hai chiều từ sân bay,,price_attr
50,sol-phu-quoc,2026-10-11,21,Phòng Superior Hướng Biển,6293700.00,,,1,1,2.0,ef02225f,d16e3bf7,1173,3,22,198000350_246462236_2_17_0_78998,198000350,246462236,2,17,78998,,,False,Bao bữa sáng & bữa tối,"Hủy miễn phí trước 10 tháng 10, 2026",Không cần thanh toán trước - thanh toán tại chỗ nghỉ,Bao gồm đưa đón hai chiều từ sân bay,,price_attr
50,sol-phu-quoc,2026-10-11,22,Phòng Superior Hướng Biển,7807590.00,,,1,0,2.0,ef02225f,42ee661d,1172,3,23,198000350_139430543_2_21_0_78998,198000350,139430543,2,21,78998,,,False,"Bao bữa sáng, bữa trưa & bữa tối",Không hoàn tiền,• Thanh toán cho chỗ nghỉ trước khi đến,Bao gồm đưa đón hai chiều từ sân bay,,price_attr
50,sol-phu-quoc,2026-10-11,23,Phòng Superior Hướng Biển,8675100.00,,,1,1,2.0,ef02225f,d16e3bf7,1173,3,24,198000350_246462236_2_21_0_78998,198000350,246462236,2,21,78998,,,False,"Bao bữa sáng, bữa trưa & bữa tối","Hủy miễn phí trước 10 tháng 10, 2026",Không cần thanh toán trước - thanh toán tại chỗ nghỉ,Bao gồm đưa đón hai chiều từ sân bay,,price_attr
50,sol-phu-quoc,2026-10-11,24,Phòng Superior Với Lối Dẫn Ra Hồ Bơi,4388580.00,,,1,0,2.0,fa1f27e6,42ee661d,1174,3,25,198000309_139430543_2_41_0_78998,198000309,139430543,2,41,78998,,,False,Bao gồm bữa sáng rất ngon,Không hoàn tiền,• Thanh toán cho chỗ nghỉ trước khi đến,Bao gồm đưa đón hai chiều từ sân bay,,price_attr
50,sol-phu-quoc,2026-10-11,25,Phòng Superior Với Lối Dẫn Ra Hồ Bơi,4876200.00,,,1,1,2.0,fa1f27e6,d16e3bf7,1175,3,26,198000309_246462236_2_1_0_78998,198000309,246462236,2,1,78998,,,False,Bao gồm bữa sáng rất ngon,"Hủy miễn phí trước 10 tháng 10, 2026",Không cần thanh toán trước - thanh toán tại chỗ nghỉ,Bao gồm đưa đón hai chiều từ sân bay,,price_attr
50,sol-phu-quoc,2026-10-11,26,Phòng Superior Với Lối Dẫn Ra Hồ Bơi,5919480.00,,,1,0,2.0,fa1f27e6,42ee661d,1174,3,27,198000309_139430543_2_17_0_78998,198000309,139430543,2,17,78998,,,False,Bao bữa sáng & bữa tối,Không hoàn tiền,• Thanh toán cho chỗ nghỉ trước khi đến,Bao gồm đưa đón hai chiều từ sân bay,,price_attr
50,sol-phu-quoc,2026-10-11,27,Phòng Superior Với Lối Dẫn Ra Hồ Bơi,6577200.00,,,1,1,2.0,fa1f27e6,d16e3bf7,1175,3,28,198000309_246462236_2_17_0_78998,198000309,246462236,2,17,78998,,,False,Bao bữa sáng & bữa tối,"Hủy miễn phí trước 10 tháng 10, 2026",Không cần thanh toán trước - thanh toán tại chỗ nghỉ,Bao gồm đưa đón hai chiều từ sân bay,,price_attr
50,sol-phu-quoc,2026-10-11,28,Phòng Superior Với Lối Dẫn Ra Hồ Bơi,8062740.00,,,1,0,2.0,fa1f27e6,42ee661d,1174,3,29,198000309_139430543_2_21_0_78998,198000309,139430543,2,21,78998,,,False,"Bao bữa sáng, bữa trưa & bữa tối",Không hoàn tiền,• Thanh toán cho chỗ nghỉ trước khi đến,Bao gồm đưa đón hai chiều từ sân bay,,price_attr
50,sol-phu-quoc,2026-10-11,29,Phòng Superior Với Lối Dẫn Ra Hồ Bơi,8958600.00,,,1,1,2.0,fa1f27e6,d16e3bf7,1175,3,30,198000309_246462236_2_21_0_78998,198000309,246462236,2,21,78998,,,False,"Bao bữa sáng, bữa trưa & bữa tối","Hủy miễn phí trước 10 tháng 10, 2026",Không cần thanh toán trước - thanh toán tại chỗ nghỉ,Bao gồm đưa đón hai chiều từ sân bay,,price_attr
50,sol-phu-quoc,2026-10-11,30,Suite Junior Xtra Sol,4949910.00,,,1,0,2.0,13af2c42,42ee661d,1164,3,31,198000310_139430543_2_41_0_78998,198000310,139430543,2,41,78998,,,False,Bao gồm bữa sáng rất ngon,Không hoàn tiền,• Thanh toán cho chỗ nghỉ trước khi đến,Bao gồm đưa đón hai chiều từ sân bay,,price_attr
50,sol-phu-quoc,2026-10-11,31,Suite Junior Xtra Sol,5499900.00,,,1,1,2.0,13af2c42,d16e3bf7,1165,3,32,198000310_246462236_2_1_0_78998,198000310,246462236,2,1,78998,,,False,Bao gồm bữa sáng rất ngon,"Hủy miễn phí trước 10 tháng 10, 2026",Không cần thanh toán trước - thanh toán tại chỗ nghỉ,Bao gồm đưa đón hai chiều từ sân bay,,price_attr
50,sol-phu-quoc,2026-10-11,32,Suite Junior Xtra Sol,6480810.00,,,1,0,2.0,13af2c42,42ee661d,1164,3,33,198000310_139430543_2_17_0_78998,198000310,139430543,2,17,78998,,,False,Bao bữa sáng & bữa tối,Không hoàn tiền,• Thanh toán cho chỗ nghỉ trước khi đến,Bao gồm đưa đón hai chiều từ sân bay,,price_attr
50,sol-phu-quoc,2026-10-11,33,Suite Junior Xtra Sol,7200900.00,,,1,1,2.0,13af2c42,d16e3bf7,1165,3,34,198000310_246462236_2_17_0_78998,198000310,246462236,2,17,78998,,,False,Bao bữa sáng & bữa tối,"Hủy miễn phí trước 10 tháng 10, 2026",Không cần thanh toán trước - thanh toán tại chỗ nghỉ,Bao gồm đưa đón hai chiều từ sân bay,,price_attr
50,sol-phu-quoc,2026-10-11,34,Suite Junior Xtra Sol,8624070.00,,,1,0,2.0,13af2c42,42ee661d,1164,3,35,198000310_139430543_2_21_0_78998,198000310,139430543,2,21,78998,,,False,"Bao bữa sáng, bữa trưa & bữa tối",Không hoàn tiền,• Thanh toán cho chỗ nghỉ trước khi đến,Bao gồm đưa đón hai chiều từ sân bay,,price_attr
50,sol-phu-quoc,2026-10-11,35,Suite Junior Xtra Sol,9582300.00,,,1,1,2.0,13af2c42,d16e3bf7,1165,3,36,198000310_246462236_2_21_0_78998,198000310,246462236,2,21,78998,,,False,"Bao bữa sáng, bữa trưa & bữa tối","Hủy miễn phí trước 10 tháng 10, 2026",Không cần thanh toán trước - thanh toán tại chỗ nghỉ,Bao gồm đưa đón hai chiều từ sân bay,,price_attr
50,sol-phu-quoc,2026-10-11,36,Suite Xtra Sol,6327720.00,,,1,0,2.0,4a140b1a,42ee661d,1166,3,37,198000308_139430543_2_41_0_78998,198000308,139430543,2,41,78998,,,False,Bao gồm bữa sáng rất ngon,Không hoàn tiền,• Thanh toán cho chỗ nghỉ trước khi đến,Bao gồm đưa đón hai chiều từ sân bay,,price_attr
50,sol-phu-quoc,2026-10-11,37,Suite Xtra Sol,7030800.00,,,1,1,2.0,4a140b1a,d16e3bf7,1167,3,38,198000308_246462236_2_1_0_78998,198000308,246462236,2,1,78998,,,False,Bao gồm bữa sáng rất ngon,"Hủy miễn phí trước 10 tháng 10, 2026",Không cần thanh toán trước - thanh toán tại chỗ nghỉ,Bao gồm đưa đón hai chiều từ sân bay,,price_attr
50,sol-phu-quoc,2026-10-11,38,Suite Xtra Sol,7858620.00,,,1,0,2.0,4a140b1a,42ee661d,1166,3,39,198000308_139430543_2_17_0_78998,198000308,139430543,2,17,78998,,,False,Bao bữa sáng & bữa tối,Không hoàn tiền,• Thanh toán cho chỗ nghỉ trước khi đến,Bao gồm đưa đón hai chiều từ sân bay,,price_attr
50,sol-phu-quoc,2026-10-11,39,Suite Xtra Sol,8731800.00,,,1,1,2.0,4a140b1a,d16e3bf7,1167,3,40,198000308_246462236_2_17_0_78998,198000308,246462236,2,17,78998,,,False,Bao bữa sáng & bữa tối,"Hủy miễn phí trước 10 tháng 10, 2026",Không cần thanh toán trước - thanh toán tại chỗ nghỉ,Bao gồm đưa đón hai chiều từ sân bay,,price_attr
50,sol-phu-quoc,2026-10-11,40,Suite Xtra Sol,10001880.00,,,1,0,2.0,4a140b1a,42ee661d,1166,3,41,198000308_139430543_2_21_0_78998,198000308,139430543,2,21,78998,,,False,"Bao bữa sáng, bữa trưa & bữa tối",Không hoàn tiền,• Thanh toán cho chỗ nghỉ trước khi đến,Bao gồm đưa đón hai chiều từ sân bay,,price_attr
50,sol-phu-quoc,2026-10-11,41,Suite Xtra Sol,11113200.00,,,1,1,2.0,4a140b1a,d16e3bf7,1167,3,42,198000308_246462236_2_21_0_78998,198000308,246462236,2,21,78998,,,False,"Bao bữa sáng, bữa trưa & bữa tối","Hủy miễn phí trước 10 tháng 10, 2026",Không cần thanh toán trước - thanh toán tại chỗ nghỉ,Bao gồm đưa đón hai chiều từ sân bay,,price_attr
52,roma,2026-10-01,0,"Riva, Ocean View, 1 King Bed with Balcony",5203116.00,9635400.00,46.00,1,0,2.0,1e258245,fbb564db,1179,1,1,998285901_429664359_2_1_0_304452,998285901,429664359,2,1,304452,,,False,Bao gồm bữa sáng rất ngon,Linh động đổi ngày khi kế hoạch thay đổi | Phí hủy: Toàn bộ tiền phòng,Không cần thanh toán trước - thanh toán tại chỗ nghỉ,Bao gồm nhận phòng sớm + trả phòng trễ + internet tốc độ cao | • Chúng tôi còn 5 căn,Tiết kiệm 46%,price_attr
52,roma,2026-10-01,1,"Rubia, City View, 1 King Bed with Window",3298482.00,6108300.00,46.00,1,0,2.0,f1314773,fbb564db,1185,1,2,998285904_429664359_2_1_0_304452,998285904,429664359,2,1,304452,,,False,Bao gồm bữa sáng rất ngon,Linh động đổi ngày khi kế hoạch thay đổi | Phí hủy: Toàn bộ tiền phòng,Không cần thanh toán trước - thanh toán tại chỗ nghỉ,Bao gồm nhận phòng sớm + trả phòng trễ + internet tốc độ cao | • Chúng tôi còn 6 căn,Tiết kiệm 46%,price_attr
52,roma,2026-10-01,2,"Felice, City View, 1 Queen Bed with Window",3857382.00,7143300.00,46.00,1,0,2.0,0bc336c4,fbb564db,1178,1,3,998285912_429664359_2_1_0_304452,998285912,429664359,2,1,304452,,,False,Bao gồm bữa sáng rất ngon,Linh động đổi ngày khi kế hoạch thay đổi | Phí hủy: Toàn bộ tiền phòng,Không cần thanh toán trước - thanh toán tại chỗ nghỉ,Bao gồm nhận phòng sớm + trả phòng trễ + internet tốc độ cao | • Chúng tôi còn 5 căn,Tiết kiệm 46%,price_attr
52,roma,2026-10-01,3,"Renata, City View, 2 Twin Beds with Window",4191750.00,7762500.00,46.00,1,0,2.0,c79763c0,fbb564db,1183,1,4,998285905_429664359_2_1_0_304452,998285905,429664359,2,1,304452,,,False,Bao gồm bữa sáng rất ngon,Linh động đổi ngày khi kế hoạch thay đổi | Phí hủy: Toàn bộ tiền phòng,Không cần thanh toán trước - thanh toán tại chỗ nghỉ,Bao gồm nhận phòng sớm + trả phòng trễ + internet tốc độ cao | • Chúng tôi còn 1 căn,Tiết kiệm 46%,price_attr
52,roma,2026-10-01,4,"Signa, Ocean View, 1 Bedroom with Bathtub",6804000.00,12600000.00,46.00,1,0,2.0,768ba844,fbb564db,1180,1,5,998285911_429664359_2_1_0_304452,998285911,429664359,2,1,304452,,,False,Bao gồm bữa sáng rất ngon,Linh động đổi ngày khi kế hoạch thay đổi | Phí hủy: Toàn bộ tiền phòng,Không cần thanh toán trước - thanh toán tại chỗ nghỉ,Bao gồm nhận phòng sớm + trả phòng trễ + internet tốc độ cao | • Chúng tôi còn 1 căn,Tiết kiệm 46%,price_attr
52,roma,2026-10-01,5,"Sabia, Yard View, 2 Queen Beds",6757830.00,12514500.00,46.00,1,0,2.0,874ba614,fbb564db,1181,1,6,998285909_429664359_4_1_0_304452,998285909,429664359,4,1,304452,,,False,Bao gồm bữa sáng rất ngon,Linh động đổi ngày khi kế hoạch thay đổi | Phí hủy: Toàn bộ tiền phòng,Không cần thanh toán trước - thanh toán tại chỗ nghỉ,Bao gồm nhận phòng sớm + trả phòng trễ + internet tốc độ cao | • Chúng tôi còn 1 căn,Tiết kiệm 46%,price_attr
52,roma,2026-10-01,6,"Fratello, City View, 1 Queen Bed & 2 Twin Beds with Window",6757830.00,12514500.00,46.00,1,0,2.0,9d1d3612,fbb564db,1182,1,7,998285914_429664359_4_1_0_304452,998285914,429664359,4,1,304452,,,False,Bao gồm bữa sáng rất ngon,Linh động đổi ngày khi kế hoạch thay đổi | Phí hủy: Toàn bộ tiền phòng,Không cần thanh toán trước - thanh toán tại chỗ nghỉ,Bao gồm nhận phòng sớm + trả phòng trễ + internet tốc độ cao | • Chúng tôi còn 2 căn,Tiết kiệm 46%,price_attr
52,roma,2026-10-01,7,"Saphira, Ocean View, 2 Queen Beds with Balcony",7348320.00,13608000.00,46.00,1,0,2.0,d2c7051e,fbb564db,1184,1,8,998285908_429664359_4_1_0_304452,998285908,429664359,4,1,304452,,,False,Bao gồm bữa sáng rất ngon,Linh động đổi ngày khi kế hoạch thay đổi | Phí hủy: Toàn bộ tiền phòng,Không cần thanh toán trước - thanh toán tại chỗ nghỉ,Bao gồm nhận phòng sớm + trả phòng trễ + internet tốc độ cao | • Chúng tôi còn 2 căn,Tiết kiệm 46%,price_attr
53,roma,2026-10-11,0,"Riva, Ocean View, 1 King Bed with Balcony",5203116.00,9635400.00,46.00,1,1,2.0,1e258245,fd98d839,1187,1,1,998285901_429664359_2_1_0_304452,998285901,429664359,2,1,304452,,,False,Bao gồm bữa sáng rất ngon,"Hủy miễn phí trước 4 tháng 10, 2026",Không cần thanh toán trước - thanh toán tại chỗ nghỉ,Bao gồm nhận phòng sớm + trả phòng trễ + internet tốc độ cao | • Chúng tôi còn 7 căn,Tiết kiệm 46%,price_attr
53,roma,2026-10-11,1,"Fortuna, Ocean View, 1 King Bed with Window / Balcony",4869720.00,9018000.00,46.00,1,1,2.0,b453a5e4,fd98d839,1191,1,2,998285913_429664359_2_1_0_304452,998285913,429664359,2,1,304452,,,False,Bao gồm bữa sáng rất ngon,"Hủy miễn phí trước 4 tháng 10, 2026",Không cần thanh toán trước - thanh toán tại chỗ nghỉ,Bao gồm nhận phòng sớm + trả phòng trễ + internet tốc độ cao | • Chúng tôi còn 6 căn,Tiết kiệm 46%,price_attr
53,roma,2026-10-11,2,"Rubia, City View, 1 King Bed with Window",3298482.00,6108300.00,46.00,1,1,2.0,f1314773,fd98d839,1194,1,3,998285904_429664359_2_1_0_304452,998285904,429664359,2,1,304452,,,False,Bao gồm bữa sáng rất ngon,"Hủy miễn phí trước 4 tháng 10, 2026",Không cần thanh toán trước - thanh toán tại chỗ nghỉ,Bao gồm nhận phòng sớm + trả phòng trễ + internet tốc độ cao | • Chúng tôi còn 7 căn,Tiết kiệm 46%,price_attr
53,roma,2026-10-11,3,"Felice, City View, 1 Queen Bed with Window",3857382.00,7143300.00,46.00,1,1,2.0,0bc336c4,fd98d839,1186,1,4,998285912_429664359_2_1_0_304452,998285912,429664359,2,1,304452,,,False,Bao gồm bữa sáng rất ngon,"Hủy miễn phí trước 4 tháng 10, 2026",Không cần thanh toán trước - thanh toán tại chỗ nghỉ,Bao gồm nhận phòng sớm + trả phòng trễ + internet tốc độ cao,Tiết kiệm 46%,price_attr
53,roma,2026-10-11,4,"Renata, City View, 2 Twin Beds with Window",4191750.00,7762500.00,46.00,1,1,2.0,c79763c0,fd98d839,1192,1,5,998285905_429664359_2_1_0_304452,998285905,429664359,2,1,304452,,,False,Bao gồm bữa sáng rất ngon,"Hủy miễn phí trước 4 tháng 10, 2026",Không cần thanh toán trước - thanh toán tại chỗ nghỉ,Bao gồm nhận phòng sớm + trả phòng trễ + internet tốc độ cao | • Chúng tôi còn 1 căn,Tiết kiệm 46%,price_attr
53,roma,2026-10-11,5,"Rosetta, Ocean View, 2 Twin Beds with Balcony",5750352.00,10648800.00,46.00,1,1,2.0,dcade898,fd98d839,1193,1,6,998285903_429664359_2_1_0_304452,998285903,429664359,2,1,304452,,,False,Bao gồm bữa sáng rất ngon,"Hủy miễn phí trước 4 tháng 10, 2026",Không cần thanh toán trước - thanh toán tại chỗ nghỉ,Bao gồm nhận phòng sớm + trả phòng trễ + internet tốc độ cao | • Chúng tôi còn 4 căn,Tiết kiệm 46%,price_attr
53,roma,2026-10-11,6,"Signa, Ocean View, 1 Bedroom with Bathtub",6804000.00,12600000.00,46.00,1,1,2.0,768ba844,fd98d839,1188,1,7,998285911_429664359_2_1_0_304452,998285911,429664359,2,1,304452,,,False,Bao gồm bữa sáng rất ngon,"Hủy miễn phí trước 4 tháng 10, 2026",Không cần thanh toán trước - thanh toán tại chỗ nghỉ,Bao gồm nhận phòng sớm + trả phòng trễ + internet tốc độ cao | • Chúng tôi còn 1 căn,Tiết kiệm 46%,price_attr
53,roma,2026-10-11,7,"Sabia, Yard View, 2 Queen Beds",6757830.00,12514500.00,46.00,1,1,2.0,874ba614,fd98d839,1189,1,8,998285909_429664359_4_1_0_304452,998285909,429664359,4,1,304452,,,False,Bao gồm bữa sáng rất ngon,"Hủy miễn phí trước 4 tháng 10, 2026",Không cần thanh toán trước - thanh toán tại chỗ nghỉ,Bao gồm nhận phòng sớm + trả phòng trễ + internet tốc độ cao | • Chúng tôi còn 1 căn,Tiết kiệm 46%,price_attr
53,roma,2026-10-11,8,"Fratello, City View, 1 Queen Bed & 2 Twin Beds with Window",6757830.00,12514500.00,46.00,1,1,2.0,9d1d3612,fd98d839,1190,1,9,998285914_429664359_4_1_0_304452,998285914,429664359,4,1,304452,,,False,Bao gồm bữa sáng rất ngon,"Hủy miễn phí trước 4 tháng 10, 2026",Không cần thanh toán trước - thanh toán tại chỗ nghỉ,Bao gồm nhận phòng sớm + trả phòng trễ + internet tốc độ cao | • Chúng tôi còn 2 căn,Tiết kiệm 46%,price_attr
54,roma,2026-11-18,0,"Raya, 1 King Bed without Window",9331200.00,17280000.00,46.00,1,1,2.0,560af1b9,63dac149,1197,1,1,998285910_429664359_2_1_0_304452,998285910,429664359,2,1,304452,,,False,Bao gồm bữa sáng rất ngon,"Hủy miễn phí trước 11 tháng 11, 2026",Không cần thanh toán trước - thanh toán tại chỗ nghỉ,Bao gồm nhận phòng sớm + trả phòng trễ + internet tốc độ cao | • Chúng tôi còn 2 căn,Tiết kiệm 46%,price_attr
54,roma,2026-11-18,1,"Rubia, City View, 1 King Bed with Window",11728800.00,21720000.00,46.00,1,1,2.0,f1314773,63dac149,1205,1,2,998285904_429664359_2_1_0_304452,998285904,429664359,2,1,304452,,,False,Bao gồm bữa sáng rất ngon,"Hủy miễn phí trước 11 tháng 11, 2026",Không cần thanh toán trước - thanh toán tại chỗ nghỉ,Bao gồm nhận phòng sớm + trả phòng trễ + internet tốc độ cao | • Chúng tôi còn 4 căn,Tiết kiệm 46%,price_attr
54,roma,2026-11-18,2,"Felice, City View, 1 Queen Bed with Window",13716000.00,25400000.00,46.00,1,1,2.0,0bc336c4,63dac149,1195,1,3,998285912_429664359_2_1_0_304452,998285912,429664359,2,1,304452,,,False,Bao gồm bữa sáng rất ngon,"Hủy miễn phí trước 11 tháng 11, 2026",Không cần thanh toán trước - thanh toán tại chỗ nghỉ,Bao gồm nhận phòng sớm + trả phòng trễ + internet tốc độ cao,Tiết kiệm 46%,price_attr
54,roma,2026-11-18,3,"Renata, City View, 2 Twin Beds with Window",14904000.00,27600000.00,46.00,1,1,2.0,c79763c0,63dac149,1202,1,4,998285905_429664359_2_1_0_304452,998285905,429664359,2,1,304452,,,False,Bao gồm bữa sáng rất ngon,"Hủy miễn phí trước 11 tháng 11, 2026",Không cần thanh toán trước - thanh toán tại chỗ nghỉ,Bao gồm nhận phòng sớm + trả phòng trễ + internet tốc độ cao | • Chúng tôi còn 1 căn,Tiết kiệm 46%,price_attr
54,roma,2026-11-18,4,"Fortuna, Ocean View, 1 King Bed with Window / Balcony",17314560.00,32064000.00,46.00,1,1,2.0,b453a5e4,63dac149,1201,1,5,998285913_429664359_2_1_0_304452,998285913,429664359,2,1,304452,,,False,Bao gồm bữa sáng rất ngon,"Hủy miễn phí trước 11 tháng 11, 2026",Không cần thanh toán trước - thanh toán tại chỗ nghỉ,Bao gồm nhận phòng sớm + trả phòng trễ + internet tốc độ cao | • Chúng tôi còn 6 căn,Tiết kiệm 46%,price_attr
54,roma,2026-11-18,5,"Riva, Ocean View, 1 King Bed with Balcony",18500400.00,34260000.00,46.00,1,1,2.0,1e258245,63dac149,1196,1,6,998285901_429664359_2_1_0_304452,998285901,429664359,2,1,304452,,,False,Bao gồm bữa sáng rất ngon,"Hủy miễn phí trước 11 tháng 11, 2026",Không cần thanh toán trước - thanh toán tại chỗ nghỉ,Bao gồm nhận phòng sớm + trả phòng trễ + internet tốc độ cao | • Chúng tôi còn 6 căn,Tiết kiệm 46%,price_attr
54,roma,2026-11-18,6,"Rosetta, Ocean View, 2 Twin Beds with Balcony",20446560.00,37864000.00,46.00,1,1,2.0,dcade898,63dac149,1204,1,7,998285903_429664359_2_1_0_304452,998285903,429664359,2,1,304452,,,False,Bao gồm bữa sáng rất ngon,"Hủy miễn phí trước 11 tháng 11, 2026",Không cần thanh toán trước - thanh toán tại chỗ nghỉ,Bao gồm nhận phòng sớm + trả phòng trễ + internet tốc độ cao | • Chúng tôi còn 3 căn,Tiết kiệm 46%,price_attr
54,roma,2026-11-18,7,"Signa, Ocean View, 1 Bedroom with Bathtub",25920000.00,48000000.00,46.00,1,1,2.0,768ba844,63dac149,1198,1,8,998285911_429664359_2_1_0_304452,998285911,429664359,2,1,304452,,,False,Bao gồm bữa sáng rất ngon,"Hủy miễn phí trước 11 tháng 11, 2026",Không cần thanh toán trước - thanh toán tại chỗ nghỉ,Bao gồm nhận phòng sớm + trả phòng trễ + internet tốc độ cao | • Chúng tôi còn 1 căn,Tiết kiệm 46%,price_attr
54,roma,2026-11-18,8,"Sabia, Yard View, 2 Queen Beds",22248000.00,41200000.00,46.00,1,1,2.0,874ba614,63dac149,1199,1,9,998285909_429664359_4_1_0_304452,998285909,429664359,4,1,304452,,,False,Bao gồm bữa sáng rất ngon,"Hủy miễn phí trước 11 tháng 11, 2026",Không cần thanh toán trước - thanh toán tại chỗ nghỉ,Bao gồm nhận phòng sớm + trả phòng trễ + internet tốc độ cao | • Chúng tôi còn 1 căn,Tiết kiệm 46%,price_attr
54,roma,2026-11-18,9,"Fratello, City View, 1 Queen Bed & 2 Twin Beds with Window",22248000.00,41200000.00,46.00,1,1,2.0,9d1d3612,63dac149,1200,1,10,998285914_429664359_4_1_0_304452,998285914,429664359,4,1,304452,,,False,Bao gồm bữa sáng rất ngon,"Hủy miễn phí trước 11 tháng 11, 2026",Không cần thanh toán trước - thanh toán tại chỗ nghỉ,Bao gồm nhận phòng sớm + trả phòng trễ + internet tốc độ cao | • Chúng tôi còn 2 căn,Tiết kiệm 46%,price_attr
54,roma,2026-11-18,10,"Saphira, Ocean View, 2 Queen Beds with Balcony",24192000.00,44800000.00,46.00,1,1,2.0,d2c7051e,63dac149,1203,1,11,998285908_429664359_4_1_0_304452,998285908,429664359,4,1,304452,,,False,Bao gồm bữa sáng rất ngon,"Hủy miễn phí trước 11 tháng 11, 2026",Không cần thanh toán trước - thanh toán tại chỗ nghỉ,Bao gồm nhận phòng sớm + trả phòng trễ + internet tốc độ cao | • Chúng tôi còn 2 căn,Tiết kiệm 46%,price_attr
